ID,Day,Date,Fact,Slot,Month,Title,Category,Evidence,Confidence,Source URL,Subcategory,Source title,Source domain,Verification status
FACT-2027-04-01-S01,1,2027-04-01,Ptolemy defined geography as a representation in pictures of the whole known world and the phenomena contained within it.,1,April,Ptolemy defined geography as a world representation,Geography,“defined geography as ‘a representation in pictures of the whole known world together with the phenomena which are contained therein’”,high,https://www.britannica.com/science/geography,Definitions,"Geography | Definition, Types, History, & Facts | Britannica",www.britannica.com,verified
FACT-2027-04-01-S02,1,2027-04-01,"Primary sources are often incomplete and have little context, so interpreting them may require prior knowledge and multiple resources.",2,April,Primary sources often lack context,History,“Primary sources are often incomplete and have little context. Students must use prior knowledge and work with multiple resources to find patterns and construct knowledge.”,high,https://www.loc.gov/programs/teachers/getting-started-with-primary-sources,Source limitations,Getting Started with Primary Sources | Teachers | Programs | Library of Congress,www.loc.gov,verified
FACT-2027-04-01-S03,1,2027-04-01,"The area was established as a national monument on December 8, 1906, and redesignated as a national park on December 9, 1962.",3,April,Petrified Forest became a national park in 1962,History,"“Originally established as a national monument on December 8, 1906, Petrified Forest was redesignated a national park on December 9, 1962.”",high,https://www.nps.gov/articles/nps-geodiversity-atlas-petrified-forest-national-park.htm,Park History,"NPS Geodiversity Atlas—Petrified Forest National Park, Arizona (U.S. National Park Service)",www.nps.gov,verified
FACT-2027-04-01-S04,1,2027-04-01,Dogs used their keen sense of smell to find wounded soldiers on battlefields and in trenches.,4,April,Dogs located wounded soldiers,Animals,Their keen sense of smell made them perfectly suited to finding wounded soldiers on the battlefield and in the trenches.,high,https://americanhistory.si.edu/explore/stories/how-did-animals-even-slugs-serve-world-war-i,Military dogs,americanhistory.si.edu — how did animals even slugs serve world war i,americanhistory.si.edu,verified
FACT-2027-04-01-S05,1,2027-04-01,"The Ferguson hive was designed to receive surplus honey, allow it to be readily removed, and control the bees.",5,April,Purpose of the Ferguson hive,Inventions,The page quotes the stated object of the hive as providing an attachment for surplus honey that could be readily removed and used to control the bees.,high,https://invention.si.edu/invention-stories/bee-hives-buzzing-invention,Beehive mechanisms,Bee Hives Buzzing with Invention,invention.si.edu,verified
FACT-2027-04-01-S06,1,2027-04-01,The neuron is the primary functional unit of the brain and the rest of the nervous system.,6,April,Neurons are the nervous system’s primary functional units,Human Body,"The brain and the rest of the nervous system are composed of many different types of cells, but the primary functional unit is a cell called the neuron.",high,https://www.ninds.nih.gov/health-information/public-education/brain-basics/brain-basics-know-your-brain,Neurons,Brain Basics: Know Your Brain | National Institute of Neurological Disorders and Stroke,www.ninds.nih.gov,verified
FACT-2027-04-01-S07,1,2027-04-01,"Temperatures and elevation at Phantom Ranch, at the bottom of Grand Canyon, are comparable to those in Phoenix, Arizona.",7,April,Desert life at Phantom Ranch,Nature,"Elevation and temperatures at Phantom Ranch, at the bottom of the canyon, equate to those found in Phoenix, Arizona.",high,https://www.nps.gov/grca/planyourvisit/upload/grca_ecology.pdf,Climate,A Living Canyon: Discovering Life at Grand Canyon,www.nps.gov,verified
FACT-2027-04-01-S08,1,2027-04-01,Buoys used for current measurements may be equipped with Global Positioning System technology or satellite communications to relay data.,8,April,Buoys can use GPS or satellite communications to measure currents,Technology,“The object in the water might be a buoy that is equipped with Global Positioning System technology or satellite communications that relay data and information.”,high,https://oceanservice.noaa.gov/navigation/tidesandcurrents/,Ocean Monitoring,Tides and Currents,oceanservice.noaa.gov,verified
FACT-2027-04-01-S09,1,2027-04-01,Petrified Forest contains one of the largest and most colorful concentrations of mineralized fossil wood in the world.,9,April,The park has one of the world’s largest concentrations of mineralized fossil wood,World Records & Extremes,“The national park contains one of the largest and most colorful concentrations of mineralized fossil wood in the world.”,high,https://www.nps.gov/articles/nps-geodiversity-atlas-petrified-forest-national-park.htm,Fossil Deposits,"NPS Geodiversity Atlas—Petrified Forest National Park, Arizona (U.S. National Park Service)",www.nps.gov,verified
FACT-2027-04-01-S10,1,2027-04-01,"Pleistocene glaciers did not reach the Great Smoky Mountains, although they influenced the region's climate.",10,April,Glaciers did not reach the Smokies,Nature,"Although the glaciers did not reach this far south, their influence on the climate of the Smokies region produced alpine conditions on the higher crests.",high,https://home.nps.gov/grsm/learn/nature/naturalfeaturesandecosystems.htm,Glacial influence,Natural Features & Ecosystems - Great Smoky Mountains National Park (U.S. National Park Service),home.nps.gov,verified
FACT-2027-04-01-S11,1,2027-04-01,"The Big Bone Lick area has three main deposits dating to the Late Pleistocene, the end of the Pleistocene, and the Holocene.",11,April,Big Bone Lick contains three main fossil-bearing deposits,Science,"In the Big Bone Lick area, there are three main deposits.",high,https://nps.gov/articles/paleontology-and-geology-of-big-bone-lick-national-natural-landmark.htm,Geology,Paleontology and Geology of Big Bone Lick National Natural Landmark (U.S. National Park Service),nps.gov,verified
FACT-2027-04-01-S12,1,2027-04-01,Scientific inquiry involves trying to identify connections among phenomena people observe.,12,April,Science seeks connections in observed phenomena,Science,striving to identify connections among the phenomenons we witness,high,https://www.britannica.com/browse/Science,Scientific Inquiry,Science Portal | Britannica,www.britannica.com,verified
FACT-2027-04-01-S13,1,2027-04-01,"Atlas, Daphnis, and Pan are three of Saturn's small ring moons.",13,April,Saturn's small ring moons,Space,"This montage ... shows three of Saturn's small ring moons: Atlas, Daphnis and Pan.",high,https://science.nasa.gov/solar-system/moons/,Saturn's moons,Moons,science.nasa.gov,verified
FACT-2027-04-01-S14,1,2027-04-01,The classification and structure of blood vessels is an anatomy topic.,14,April,Blood vessels have classifications and structures,Human Body,Classification & Structure of Blood Vessels,high,https://www.nlm.nih.gov/medlineplus/anatomy.html,Circulatory system,Anatomy | MedlinePlus,www.nlm.nih.gov,verified
FACT-2027-04-01-S15,1,2027-04-01,"Scientists estimate that the Colorado River, and therefore the canyon through which it flows, is approximately five to six million years old.",15,April,The modern Colorado River is about five to six million years old,Geography,"Scientists have estimated an age for the river, and thus the canyon through which it flows, of 5-6 million years.",high,https://www.nps.gov/grca/learn/nature/grca-geology.htm,River History,Geology - Grand Canyon National Park (U.S. National Park Service),www.nps.gov,verified
FACT-2027-04-01-S16,1,2027-04-01,Reaching the base of Earth's tallest mountain from its base to its peak would require diving almost 4 miles beneath the Pacific Ocean's surface to the seafloor.,16,April,Pacific Ocean depth to the seafloor,Ocean & Marine,You will need to get into a deep ocean submersible and dive almost 4 miles under the surface of the Pacific Ocean to the sea floor.,high,https://www.noaa.gov/education/resource-collections/ocean-coasts,Ocean floor,Ocean and coasts | National Oceanic and Atmospheric Administration,www.noaa.gov,verified
FACT-2027-04-01-S17,1,2027-04-01,Velcro is placed inside space helmets to provide astronauts with a rough surface for scratching itchy noses and chins.,17,April,Velcro is used inside space helmets,Space,NASA uses Velcro® ... on the insides of space helmets so that astronauts have a rough surface to scratch their itchy noses and chins.,high,https://invention.si.edu/invention-stories/george-de-mestral-velcror-inventor,Astronaut equipment,invention.si.edu — george de mestral velcror inventor,invention.si.edu,verified
FACT-2027-04-01-S18,1,2027-04-01,"Shallow-water, reef-building corals have a symbiotic relationship with photosynthetic algae called zooxanthellae that live in their tissues.",18,April,Shallow reef-building corals rely on zooxanthellae,Ocean & Marine,"Shallow water, reef-building corals have a symbiotic relationship with photosynthetic algae called zooxanthellae, which live in their tissues.",high,https://www.noaa.gov/education/resource-collections/marine-life/coral-reef-ecosystems,Coral symbiosis,Coral reef ecosystems | National Oceanic and Atmospheric Administration,www.noaa.gov,verified
FACT-2027-04-01-S19,1,2027-04-01,The USGS has an Induced Seismicity Strategic Vision.,19,April,Induced seismicity strategy,Science,Earthquakes section lists “Induced Seismicity Strategic Vision.”,high,https://www.usgs.gov/hazard-and-national-security-resources,Seismicity,Hazard and National Security Resources | U.S. Geological Survey,www.usgs.gov,verified
FACT-2027-04-01-S20,1,2027-04-01,"When a dog chews through a toy’s outer layer, the toy can become vulnerable to breaking into smaller pieces that the dog may swallow.",20,April,Damaged chew toys can become swallowing hazards,Animals,"The article says that once the dog chews through to the red layer, the toy can be chewed into smaller pieces that a dog can easily swallow.",high,https://invention.si.edu/inventing-mans-best-friend,Pet safety,Inventing for Man's Best Friend | Lemelson,invention.si.edu,verified
FACT-2027-04-02-S01,2,2027-04-02,Saturn has more moons than any other planet.,1,April,Saturn has the most moons among planets,Space,Saturn has more moons than any other planet.,high,https://science.nasa.gov/solar-system/moons/,Saturn,Moons,science.nasa.gov,verified
FACT-2027-04-02-S02,2,2027-04-02,"Ocean currents are driven by tides, wind, the shape of the land, and water temperature.",2,April,Several factors drive ocean currents,Ocean & Marine,"“Tides are one of these. Wind, the shape of the land, and even water temperature are other facts that drive currents.”",high,https://oceanservice.noaa.gov/navigation/tidesandcurrents/,Currents,Tides and Currents,oceanservice.noaa.gov,verified
FACT-2027-04-02-S03,2,2027-04-02,"Four accepted fossil species named from Big Bone Lick specimens are Bison antiquus, Bootherium bombifrons, Cervalces scotti, and Paramylodon harlani.",3,April,Four accepted fossil species were named from Big Bone Lick specimens,Science,"Four accepted fossil species are known to have been named from Big Bone Lick specimens: the extinct bison Bison antiquus, the musk ox Bootherium bombifrons, the stag moose Cervalces scotti, and the ground sloth Paramylodon harlani.",high,https://nps.gov/articles/paleontology-and-geology-of-big-bone-lick-national-natural-landmark.htm,Paleontology,Paleontology and Geology of Big Bone Lick National Natural Landmark (U.S. National Park Service),nps.gov,verified
FACT-2027-04-02-S04,2,2027-04-02,Tides are physical processes associated with ocean and coastal areas.,4,April,Tides are coastal processes,Ocean & Marine,Ocean and coasts topics include tides.,high,https://www.noaa.gov/education/resource-collections,Tides,Resource collections | National Oceanic and Atmospheric Administration,www.noaa.gov,verified
FACT-2027-04-02-S05,2,2027-04-02,"The date of a study can provide insight into how it fits within the larger evidence base because scientific standards, techniques, and practices change over time.",5,April,Study dates help place evidence in context,Science,"“As new information is learned, scientific standards and techniques change, and practices evolve. Looking at the date can provide insight into how the study fits into the larger evidence base.”",high,https://www.nccih.nih.gov/health/tips/10-things-to-know-about-the-science-of-health,Scientific progress,10 Things To Know About the Science of Health | NCCIH,www.nccih.nih.gov,verified
FACT-2027-04-02-S06,2,2027-04-02,Stromatolites are very ancient fossils found in the Navajo Sandstone.,6,April,Stromatolites occur in Navajo Sandstone,Science,Stromatolites are very ancient fossils found in the Navajo Sandstone.,high,https://www.nps.gov/care/learn/nature/naturalfeaturesandecosystems.htm,Fossils,Natural Features & Ecosystems - Capitol Reef National Park (U.S. National Park Service),www.nps.gov,verified
FACT-2027-04-02-S07,2,2027-04-02,The coefficient of variation in cell size shows little systematic change across the full range of human cell sizes.,7,April,Cell-size variation is approximately independent of mean cell size,Human Body,"These distinct data sources all show that across the full suite of cell sizes, CV is approximately independent of mean cell size.",high,https://pmc.ncbi.nlm.nih.gov/articles/PMC10523466/,Cell Size Regulation,The human cell count and size distribution - PMC,pmc.ncbi.nlm.nih.gov,verified
FACT-2027-04-02-S08,2,2027-04-02,Judds Crater is a heavily vegetated crater on eastern Taʻū Island.,8,April,Judds Crater location,Geography,This panorama photo shows the heavily vegetated Judds Crater ... on eastern Taʻū Island.,high,https://www.usgs.gov/observatories/hvo/news/photo-video-chronology-fieldwork-american-samoa,Volcanic landforms,Photo & Video Chronology — Fieldwork in American Samoa | U.S. Geological Survey,www.usgs.gov,verified
FACT-2027-04-02-S09,2,2027-04-02,"Edward Kretchmer began manufacturing bee supplies in 1864 under the name Kretchmer Manufacturing Company in Pleasant Grove, Iowa.",9,April,Kretchmer Manufacturing Company,History,"The page states that Kretchmer began manufacturing bee supplies in 1864 in Pleasant Grove, Iowa.",high,https://invention.si.edu/invention-stories/bee-hives-buzzing-invention,Manufacturing,Bee Hives Buzzing with Invention,invention.si.edu,verified
FACT-2027-04-02-S10,2,2027-04-02,"Park staff, scientists, and historians examined evidence of ecological disturbance in the Kawuneeche Valley to inform park management and interpretation.",10,April,The Kawuneeche Valley has an environmental history,Nature,“The purpose of the trip was to see evidence of ecological disturbance and to discuss how history might help the park manage and interpret the valley.”,high,https://www.nps.gov/articles/parkscience32_2_76-78_fiege_3843.htm,Disturbance ecology,"Nature, history, and environmental history at Rocky Mountain National Park (U.S. National Park Service)",www.nps.gov,verified
FACT-2027-04-02-S11,2,2027-04-02,Stubby detected enemy gas before the soldiers did and alerted them by barking.,11,April,Stubby detected enemy gas,Animals,"His sense of smell allowed him to detect enemy gas before the men, and he would run through the camp barking.",high,https://americanhistory.si.edu/explore/stories/how-did-animals-even-slugs-serve-world-war-i,Military dogs,americanhistory.si.edu — how did animals even slugs serve world war i,americanhistory.si.edu,verified
FACT-2027-04-02-S12,2,2027-04-02,"The headwaters of the Kern, Kings, Kaweah, and San Joaquin Rivers lie within the parks.",12,April,California river headwaters,Geography,"The headwaters of four of California's major rivers (Kern, Kings, Kaweah, San Joaquin) lie within the parks.",high,http://www.nps.gov/seki/learn/news/quick-fact-sheet.htm,Rivers,Quick Fact Sheet - Sequoia & Kings Canyon National Parks (U.S. National Park Service),www.nps.gov,verified
FACT-2027-04-02-S13,2,2027-04-02,"Working with primary sources engages students in asking questions, evaluating information, making inferences, and developing reasoned explanations.",13,April,Primary sources support inquiry,Psychology,"“Interacting with primary sources engages students in asking questions, evaluating information, making inferences, and developing reasoned explanations and interpretations of events and issues.”",high,https://www.loc.gov/programs/teachers/getting-started-with-primary-sources,Inquiry,Getting Started with Primary Sources | Teachers | Programs | Library of Congress,www.loc.gov,verified
FACT-2027-04-02-S14,2,2027-04-02,Some genes alter the average amount of time an organism spends asleep per night.,14,April,Genes can influence sleep duration,Human Body,“Sleep duration refers to the average time spent asleep per night. Genes can affect the duration of both REM and NREM sleep.”,high,https://pubmed.ncbi.nlm.nih.gov/33360546/,Sleep duration,Recent advances in sleep genetics - PubMed,pubmed.ncbi.nlm.nih.gov,verified
FACT-2027-04-02-S15,2,2027-04-02,The Kaibab squirrel lives only on the North Rim of Grand Canyon and nowhere else in the world.,15,April,The Kaibab squirrel is geographically restricted,Animals,The North Rim is the only place in the world where the Kaibab squirrel lives.,high,https://www.nps.gov/grca/planyourvisit/upload/grca_ecology.pdf,Species adaptation,A Living Canyon: Discovering Life at Grand Canyon,www.nps.gov,verified
FACT-2027-04-02-S16,2,2027-04-02,"Grand Canyon contains five distinct biotic communities: mixed conifer forest, ponderosa pine forest, pinyon-juniper woodland, desert scrub, and riparian areas.",16,April,Grand Canyon’s five biotic communities,Nature,Five distinct biotic communities exist ... Mixed Conifer Forest ... Ponderosa Pine Forest ... Pinyon-Juniper Woodland ... Desert Scrub ... Riparian.,high,https://www.nps.gov/grca/planyourvisit/upload/grca_ecology.pdf,Ecosystems,A Living Canyon: Discovering Life at Grand Canyon,www.nps.gov,verified
FACT-2027-04-02-S17,2,2027-04-02,SOS Explorer is available for free as a mobile app or desktop program.,17,April,SOS Explorer is available as an app or desktop program,Technology,SOSx is available for free as a mobile app or desktop program.,high,https://www.noaa.gov/education/resources,Mobile applications,NOAA Sea to Sky: Education resource database | National Oceanic and Atmospheric Administration,www.noaa.gov,verified
FACT-2027-04-02-S18,2,2027-04-02,Cher Ami received a gold medal from the Organized Bodies of American Pigeon Fanciers and the Animals in War and Peace Medal of Bravery in 2019.,18,April,Cher Ami received later recognition for wartime service,History,"“received a gold medal from the Organized Bodies of American Pigeon Fanciers” and “In 2019, Cher Ami received the Animals in War and Peace Medal of Bravery.”",high,https://www.si.edu/object/cher-ami:nmah_425415,Animal Honors,www.si.edu — cher ami:nmah 425415,www.si.edu,verified
FACT-2027-04-02-S19,2,2027-04-02,"In the expression 'Yankee Doodle,' a 'doodle' meant a silly person or country bumpkin.",19,April,Meaning of doodle,Language,A 'doodle' was a silly person or country bumpkin.,high,https://memory.loc.gov/ammem/today/apr19.html,Word origins,Today in History,memory.loc.gov,verified
FACT-2027-04-02-S20,2,2027-04-02,The Psyche spacecraft is scheduled to arrive at a metal-rich asteroid named Psyche in August 2029.,20,April,Psyche mission destination,Space,"In August 2029, Psyche will arrive at a metal-rich asteroid with the same name.",high,https://science.nasa.gov/solar-system/,Asteroid Exploration,Solar System Exploration,science.nasa.gov,verified
FACT-2027-04-03-S01,3,2027-04-03,NOAA studies and protects coral reef areas through its work in national marine sanctuaries.,1,April,Coral reefs are studied through research and monitoring,Ocean & Marine,The background section describes NOAA’s work in studying and protecting these areas.,high,https://sanctuaries.noaa.gov/education/teachers/coral-reef/,Coral reef research,Coral Reef Ecosystems Resource Collection | National Marine Sanctuaries,sanctuaries.noaa.gov,verified
FACT-2027-04-03-S02,3,2027-04-03,"What is now understood as geography was elaborated before the Greeks named the discipline, including in the Arab world and elsewhere.",2,April,Geographical knowledge predates Greek naming,History,"“what is now understood as geography was elaborated before then, in the Arab world and elsewhere”",high,https://www.britannica.com/science/geography,History of Geography,"Geography | Definition, Types, History, & Facts | Britannica",www.britannica.com,verified
FACT-2027-04-03-S03,3,2027-04-03,Sixty-seven circadian preference loci were not significant in any of its constituent indicator GWASs.,3,April,Most circadian preference loci were not significant in component GWASs,Science,The results state that 67 significant loci were not significant in any constituent indicator GWAS.,high,https://pmc.ncbi.nlm.nih.gov/articles/PMC10851865/,Genetics,Multivariate genome-wide association study of sleep health demonstrates unity and diversity,pmc.ncbi.nlm.nih.gov,verified
FACT-2027-04-03-S04,3,2027-04-03,The modern academic discipline of geography is rooted in ancient practice.,4,April,Modern geography has ancient roots,Geography,“The modern academic discipline of geography is rooted in ancient practice”,high,https://www.britannica.com/science/geography,Academic Discipline,"Geography | Definition, Types, History, & Facts | Britannica",www.britannica.com,verified
FACT-2027-04-03-S05,3,2027-04-03,"Mercury possesses a thin exosphere composed mostly of oxygen, sodium, hydrogen, helium, and potassium.",5,April,Mercury has an exosphere instead of a conventional atmosphere,Space,"Instead of an atmosphere, Mercury possesses a thin exosphere... composed mostly of oxygen, sodium, hydrogen, helium, and potassium.",high,https://science.nasa.gov/mercury/facts/,Planetary Atmospheres,Mercury: Facts,science.nasa.gov,verified
FACT-2027-04-03-S06,3,2027-04-03,Horses provided transportation for soldiers and served as integral members of cavalry units during World War I.,6,April,Horses served in cavalry units,Animals,Horses also served as transportation for soldiers and as integral members of cavalry units.,high,https://americanhistory.si.edu/explore/stories/how-did-animals-even-slugs-serve-world-war-i,Military animals,americanhistory.si.edu — how did animals even slugs serve world war i,americanhistory.si.edu,verified
FACT-2027-04-03-S07,3,2027-04-03,Charged particles from the solar wind can become trapped in Earth's magnetic field and cause aurorae near the magnetic poles.,7,April,Earth's magnetic field produces aurorae,Science,"When charged particles from the solar wind become trapped in Earth's magnetic field, they collide with air molecules above our planet's magnetic poles. These air molecules then begin to glow and cause aurorae",high,https://science.nasa.gov/earth/facts/,Magnetosphere,Facts About Earth,science.nasa.gov,verified
FACT-2027-04-03-S08,3,2027-04-03,Corals are suffering from disease and other stressors.,8,April,Corals face disease and stressors,Ocean & Marine,The virtual reality section states that corals are suffering from disease and other stressors.,high,https://sanctuaries.noaa.gov/education/teachers/coral-reef/,Coral reef threats,Coral Reef Ecosystems Resource Collection | National Marine Sanctuaries,sanctuaries.noaa.gov,verified
FACT-2027-04-03-S09,3,2027-04-03,"Amyloid-beta levels in brain interstitial space are normally lowest after sleep, but sleep disruption abolishes this reduction.",9,April,Sleep disruption prevents a normal nighttime reduction in brain amyloid-beta,Human Body,The level of Ab in brain interstitial space is high while awake and lowest upon awakening from a night of sleep; sleep disruption abolishes this Ab reduction.,high,https://doi.org/10.1016/j.conb.2017.02.015,Sleep and Alzheimer's disease,Human genetics and sleep behavior,doi.org,verified
FACT-2027-04-03-S10,3,2027-04-03,"Arbor Day school celebrations encouraged children to view planting a tree as patriotic and pious, as well as economically and aesthetically beneficial.",10,April,Patriotic meaning of tree planting,History,"Schoolchildren were urged to consider the planting of a tree as a patriotic, even pious, act, as well as a sound investment and a contribution to community aesthetics.",high,https://www.loc.gov/item/today-in-history/april-10/,Environmental education,Today in History - April 10  | Library of Congress,www.loc.gov,verified
FACT-2027-04-03-S11,3,2027-04-03,Haumea is one of the fastest rotating large objects in the solar system.,11,April,Haumea rotates rapidly,Space,"It is oval-shaped, and is one of the fastest rotating large objects in our solar system.",high,https://science.nasa.gov/solar-system/planets/,Haumea,About the Planets,science.nasa.gov,verified
FACT-2027-04-03-S12,3,2027-04-03,"After being reintroduced to Arizona in 1996, some California condors began using remote caves in Grand Canyon as nesting sites.",12,April,California condors nest in Grand Canyon,Animals,"In 1996, biologists reintroduced condors to Arizona and now, some condors use remote caves in Grand Canyon as nest sites.",high,https://www.nps.gov/grca/planyourvisit/upload/grca_ecology.pdf,Endangered species,A Living Canyon: Discovering Life at Grand Canyon,www.nps.gov,verified
FACT-2027-04-03-S13,3,2027-04-03,"The Red Sea and Atlantic Ocean are examples of oceans opening, while the Mediterranean Sea is an example of an ocean closing.",13,April,Oceans can open and close over geologic time,Geography,"“Oceans are continually opening (for example, Red Sea, Atlantic Ocean) or closing (for example, Mediterranean Sea).”",high,https://pubs.usgs.gov/imap/2800/,Oceans and seas,Geologic Investigations Map I-2800: This Dynamic Planet,pubs.usgs.gov,verified
FACT-2027-04-03-S14,3,2027-04-03,The pigeon-guided missile prototype influenced later work on animal training.,14,April,Project Pigeon influenced later animal-training work,Psychology,But influenced later work on animal training.,high,https://www.americanhistory.si.edu/collections/object/nmah_690069,Animal training,www.americanhistory.si.edu — nmah 690069,www.americanhistory.si.edu,verified
FACT-2027-04-03-S15,3,2027-04-03,"The Physical Oceanographic Real-Time System provides real-time water levels, current speed and direction, winds, air temperature, and water temperature and salinity.",15,April,PORTS provides real-time maritime conditions,Technology,"“PORTS provides mariners with real-time information such as water levels, current speed and direction, winds, air temperature, and water temperature and salinity.”",high,https://oceanservice.noaa.gov/navigation/tidesandcurrents/,Ocean Monitoring,Tides and Currents,oceanservice.noaa.gov,verified
FACT-2027-04-03-S16,3,2027-04-03,"Earth has four main layers: the inner core, outer core, mantle, and crust.",16,April,Earth's four main layers,Science,"Earth is composed of four main layers, starting with an inner core ... enveloped by the outer core, mantle, and crust.",high,https://science.nasa.gov/earth/facts/,Geology,Facts About Earth,science.nasa.gov,verified
FACT-2027-04-03-S17,3,2027-04-03,"The park's diverse habitats support more than 1,200 plant and animal species.",17,April,"More than 1,200 species live in Capitol Reef",Nature,"These different zones support over 1,200 plant and animal species that have evolved to survive in these diverse habitats.",high,https://www.nps.gov/care/learn/nature/naturalfeaturesandecosystems.htm,Biodiversity,Natural Features & Ecosystems - Capitol Reef National Park (U.S. National Park Service),www.nps.gov,verified
FACT-2027-04-03-S18,3,2027-04-03,"Fishing, diving, and snorkeling on and near reefs add hundreds of millions of dollars to local businesses.",18,April,Reef recreation supports local businesses,Money & Economics,"Fishing, diving, and snorkeling on and near reefs add hundreds of millions of dollars to local businesses.",high,https://www.noaa.gov/education/resource-collections/marine-life/coral-reef-ecosystems,Recreation economy,Coral reef ecosystems | National Oceanic and Atmospheric Administration,www.noaa.gov,verified
FACT-2027-04-03-S19,3,2027-04-03,Anatomy includes descriptions and pictures of human body parts and organ systems from head to toe.,19,April,Anatomy covers the whole body,Human Body,descriptions and pictures of the human body's parts and organ systems from head to toe,high,https://www.nlm.nih.gov/medlineplus/anatomy.html,Body organization,Anatomy | MedlinePlus,www.nlm.nih.gov,verified
FACT-2027-04-03-S20,3,2027-04-03,An interagency operations plan exists for volcanic eruptions on the Island of Hawai’i.,20,April,Hawaiian volcanic eruption operations plan,Nature,Volcanoes section lists “Island of Hawai’i Interagency Operations Plan for Volcanic Eruptions.”,high,https://www.usgs.gov/hazard-and-national-security-resources,Volcanic hazards,Hazard and National Security Resources | U.S. Geological Survey,www.usgs.gov,verified
FACT-2027-04-04-S01,4,2027-04-04,"Earth's temperature allows liquid water to exist for extended periods, helping make life abundant on the planet.",1,April,Liquid water supports life on Earth,Science,Earth has a very hospitable temperature and mix of chemicals that have made life abundant here ... the temperature allows liquid water to exist for extended periods of time.,high,https://science.nasa.gov/earth/facts/,Climate and Life,Facts About Earth,science.nasa.gov,verified
FACT-2027-04-04-S02,4,2027-04-04,Anatomy is the science that studies the structure of the body.,2,April,Definition of anatomy,Human Body,Anatomy is the science that studies the structure of the body.,high,https://www.nlm.nih.gov/medlineplus/anatomy.html,Anatomy,Anatomy | MedlinePlus,www.nlm.nih.gov,verified
FACT-2027-04-04-S03,4,2027-04-04,"Although it did not cross the Atlantic, the America airship broke the record for the longest sustained flight.",3,April,The America set a sustained-flight record,History,"“Despite not making it across the Atlantic, the America did break the record for the longest sustained flight.”",high,https://airandspace.si.edu/stories/editorial/kiddo-cat-reluctant-aviator,Aviation records,"Kiddo the Cat, Reluctant Aviator | National Air and Space Museum",airandspace.si.edu,verified
FACT-2027-04-04-S04,4,2027-04-04,"The term technology combines the Greek words technē, meaning “art” or “craft,” and logos, meaning “word” or “speech.”",4,April,The word technology has Greek roots,Language,"“The term technology, a combination of the Greek technē, ‘art, craft,’ with logos, ‘word, speech’”",high,https://www.britannica.com/technology/history-of-technology,Etymology,"History of technology | Evolution, Ages, & Facts | Britannica",www.britannica.com,verified
FACT-2027-04-04-S05,4,2027-04-04,Hornaday created a six-bison taxidermy diorama to show Americans the animals up close and encourage support for their survival.,5,April,William Temple Hornaday collected bison for conservation education,Animals,"The diorama featured a giant bull, four other bison, and the calf Sandy, and Hornaday hoped it would “shock the country into action.”",high,https://www.si.edu/sidedoor/missing-bison,Conservation,The Missing Bison | Smithsonian Institution,www.si.edu,verified
FACT-2027-04-04-S06,4,2027-04-04,Water ice may exist inside deep craters at Mercury's north and south poles in regions of permanent shadow.,6,April,Mercury may contain polar water ice,Space,"Mercury may have water ice at its north and south poles inside deep craters, but only in regions in permanent shadows.",high,https://science.nasa.gov/mercury/facts/,Planetary Resources,Mercury: Facts,science.nasa.gov,verified
FACT-2027-04-04-S07,4,2027-04-04,Approximately 93% of Sequoia and Kings Canyon National Parks is designated wilderness.,7,April,Wilderness coverage,Nature,About 93% of Sequoia and Kings Canyon National Parks is designated wilderness.,high,http://www.nps.gov/seki/learn/news/quick-fact-sheet.htm,Wilderness,Quick Fact Sheet - Sequoia & Kings Canyon National Parks (U.S. National Park Service),www.nps.gov,verified
FACT-2027-04-04-S08,4,2027-04-04,Science began with the simple observation of important regularities in nature.,8,April,Early science involved observing regularities,Science,beginning with the primitive stage of simply noting important regularities in nature,high,https://www.britannica.com/browse/Science,History of Science,Science Portal | Britannica,www.britannica.com,verified
FACT-2027-04-04-S09,4,2027-04-04,Geography seeks to explain why things are as they are and where they are.,9,April,Geography asks why and where,Geography,"“It seeks to answer the questions of why things are as they are, where they are.”",high,https://www.britannica.com/science/geography,Core Questions,"Geography | Definition, Types, History, & Facts | Britannica",www.britannica.com,verified
FACT-2027-04-04-S10,4,2027-04-04,The object was given to the Smithsonian by B. F. Skinner.,10,April,The object was donated by B. F. Skinner,History,Credit Line: Gift of B. F. Skinner.,high,https://www.americanhistory.si.edu/collections/object/nmah_690069,Provenance,www.americanhistory.si.edu — nmah 690069,www.americanhistory.si.edu,verified
FACT-2027-04-04-S11,4,2027-04-04,"Wildlife in the parks includes 12 amphibian species, 201 bird species, 11 fish species, 72 mammal species, and 21 reptile species.",11,April,Park wildlife species,Animals,"Wildlife in the parks includes 12 species of amphibians, 201 species of birds, 11 species of fish, 72 species of mammals, and 21 species of reptiles.",high,http://www.nps.gov/seki/learn/news/quick-fact-sheet.htm,Wildlife diversity,Quick Fact Sheet - Sequoia & Kings Canyon National Parks (U.S. National Park Service),www.nps.gov,verified
FACT-2027-04-04-S12,4,2027-04-04,Creating more resilient reefs may be an effective strategy for addressing the impacts of climate change.,12,April,Resilient reefs may help address climate impacts,Ocean & Marine,Explore how creating more resilient reefs may be an effective strategy to address the impacts of climate change.,high,https://oceanservice.noaa.gov/ocean/corals/,Coral reef conservation,Coral Reefs,oceanservice.noaa.gov,verified
FACT-2027-04-04-S13,4,2027-04-04,Geologic map information helps people understand water-resource availability.,13,April,Geologic maps support water-resource planning,Geography,This information is essential for ... understanding water resource availability.,high,https://www.usgs.gov/mission-areas/energy-and-minerals/science/geologic-mapping-and-foundational-science,Water resources,Geologic Mapping and Foundational Science | U.S. Geological Survey,www.usgs.gov,verified
FACT-2027-04-04-S14,4,2027-04-04,The fastener consists of durable burr-like nylon hooks and a fabric surface to which the hooks adhere.,14,April,Velcro uses nylon hooks and fabric loops,Inventions,De Mestral eventually learned how to make nearly indestructible burr-like nylon hooks. And the men developed a fabric that the “burr” side would stick to.,high,https://invention.si.edu/invention-stories/george-de-mestral-velcror-inventor,Materials,invention.si.edu — george de mestral velcror inventor,invention.si.edu,verified
FACT-2027-04-04-S15,4,2027-04-04,"Beyond the planets, the solar system includes the Kuiper Belt past Neptune and the distant Oort Cloud.",15,April,The solar system includes the Kuiper Belt and Oort Cloud,Space,The solar system also includes the Kuiper Belt that lies past Neptune's orbit. Beyond the fringes of the Kuiper Belt is the Oort Cloud.,high,https://science.nasa.gov/solar-system/solar-system-facts/,Solar System Structure,Solar System: Facts - NASA Science,science.nasa.gov,verified
FACT-2027-04-04-S16,4,2027-04-04,"A large-caliber, long-range rifle known as the buffalo gun allowed hunters to kill large numbers of bison from a single position.",16,April,The buffalo gun enabled mass bison slaughter,Technology,"The page describes hunters using a “brand new large-caliber, long-range rifle” and says one person could shoot several hundred bison in a day.",high,https://www.si.edu/sidedoor/missing-bison,Weapons,The Missing Bison | Smithsonian Institution,www.si.edu,verified
FACT-2027-04-04-S17,4,2027-04-04,The tuff cone containing Faleāsao harbor formed when hot magma interacted with shallow groundwater or seawater.,17,April,Tuff cone origin,Nature,Formed when hot magma interacted with either shallow groundwater or sea water.,high,https://www.usgs.gov/observatories/hvo/news/photo-video-chronology-fieldwork-american-samoa,Volcanology,Photo & Video Chronology — Fieldwork in American Samoa | U.S. Geological Survey,www.usgs.gov,verified
FACT-2027-04-04-S18,4,2027-04-04,The geology of Petrified Forest National Park primarily consists of the Late Triassic Chinle Formation and the Miocene–Pliocene Bidahochi Formation.,18,April,The park’s geology is dominated by the Chinle Formation,Science,“The geology of Petrified Forest National Park primarily consists of the Late Triassic Chinle Formation ... and the Miocene–Pliocene Bidahochi Formation.”,high,https://www.nps.gov/articles/nps-geodiversity-atlas-petrified-forest-national-park.htm,Rock Formations,"NPS Geodiversity Atlas—Petrified Forest National Park, Arizona (U.S. National Park Service)",www.nps.gov,verified
FACT-2027-04-04-S19,4,2027-04-04,"Researchers have investigated sleep genetics using knockout studies, point mutations, and genome-wide association studies.",19,April,Sleep genetics is studied through multiple genetic approaches,Human Body,"“We highlight the recent advances in sleep genetics from knockout, point mutation, and GWAS studies.”",high,https://pubmed.ncbi.nlm.nih.gov/33360546/,Sleep research,Recent advances in sleep genetics - PubMed,pubmed.ncbi.nlm.nih.gov,verified
FACT-2027-04-04-S20,4,2027-04-04,"NOAA's Coral Reef Information System provides coral reef information and data products, with emphasis on U.S. states, territories, and remote island areas.",20,April,NOAA provides coral reef data,Ocean & Marine,"Access to NOAA coral reef information and data products with emphasis on the U.S. states, territories, and remote island areas.",high,https://oceanservice.noaa.gov/ocean/corals/,Coral reef information,Coral Reefs,oceanservice.noaa.gov,verified
FACT-2027-04-05-S01,5,2027-04-05,Most continental bedrock is far older than the oldest oceanic bedrock.,1,April,Continental bedrock is generally older than oceanic bedrock,Geography,"Most does not sink deep enough to be recycled, and remains largely preserved on land. Consequently, most continental bedrock is far older than the oldest oceanic bedrock.",high,https://www.usgs.gov/maps/dynamic-planet-world-map-volcanoes-earthquakes-impact-craters-and-plate-tectonics,Geologic age,"This dynamic planet: World map of volcanoes, earthquakes, impact craters and plate tectonics | U.S. Geological Survey",www.usgs.gov,verified
FACT-2027-04-05-S02,5,2027-04-05,"Cher Ami died on June 13, 1919, after growing increasingly weaker because of his chest wound.",2,April,Cher Ami died in 1919,Animals,"“Due to his chest wound, Cher Ami grew increasingly weaker and died on June 13.”",high,https://www.si.edu/object/cher-ami:nmah_425415,Animal Lifespan,www.si.edu — cher ami:nmah 425415,www.si.edu,verified
FACT-2027-04-05-S03,5,2027-04-05,Big Bone Lick is one of the most significant sites in the history of North American paleontology.,3,April,Big Bone Lick helped establish American vertebrate paleontology,History,Big Bone Lick is one of the most significant sites in the history of North American paleontology.,high,https://nps.gov/articles/paleontology-and-geology-of-big-bone-lick-national-natural-landmark.htm,Paleontology,Paleontology and Geology of Big Bone Lick National Natural Landmark (U.S. National Park Service),nps.gov,verified
FACT-2027-04-05-S04,5,2027-04-05,"The USGS publication ""This Dynamic Earth"" covers the history of plate tectonic theory, scientific developments that supported it, the mechanics of plate motions, and hotspots.",4,April,Plate tectonics primer,Science,"Topics include a history of the theory, scientific developments that spurred its development, the mechanics of plate motions, and the relationship of hotspots to plate tectonic theory.",high,https://www.usgs.gov/educational-resources/geology-education,Plate Tectonics,Geology Education | U.S. Geological Survey,www.usgs.gov,verified
FACT-2027-04-05-S05,5,2027-04-05,"Ptolemy authored one of the discipline’s first books, Guide to Geography, in the 2nd century CE.",5,April,Ptolemy wrote an early geography book,History,"“Ptolemy, author of one of the discipline’s first books, Guide to Geography (2nd century ce)”",high,https://www.britannica.com/science/geography,Historical Figures,"Geography | Definition, Types, History, & Facts | Britannica",www.britannica.com,verified
FACT-2027-04-05-S06,5,2027-04-05,Observers have criticized broad definitions of technology because distinguishing scientific inquiry from technological activity is increasingly difficult.,6,April,Science and technology can be difficult to distinguish,Science,“the increasing difficulty of distinguishing between scientific inquiry and technological activity”,high,https://www.britannica.com/technology/history-of-technology,Science and Technology,"History of technology | Evolution, Ages, & Facts | Britannica",www.britannica.com,verified
FACT-2027-04-05-S07,5,2027-04-05,"More than 470 confirmed moons were orbiting dwarf planets, asteroids, and trans-Neptunian objects as of March 25, 2025.",7,April,Moons orbiting smaller bodies,Space,"More than 470 moons are orbiting other dwarf planets, asteroids and trans-Neptunian objects (TNOs).",high,https://science.nasa.gov/solar-system/moons/,Moon count,Moons,science.nasa.gov,verified
FACT-2027-04-05-S08,5,2027-04-05,"From oldest to youngest, the Chinle Formation members at Petrified Forest are the Mesa Redondo, Blue Mesa, Sonsela, Petrified Forest, and Owl Rock Members.",8,April,The Chinle Formation has five named members in the park,Science,"“The accepted terminology ... from oldest to youngest: the Mesa Redondo Member, Blue Mesa Member, Sonsela Member, Petrified Forest Member, and Owl Rock Member.”",high,https://www.nps.gov/articles/nps-geodiversity-atlas-petrified-forest-national-park.htm,Stratigraphy,"NPS Geodiversity Atlas—Petrified Forest National Park, Arizona (U.S. National Park Service)",www.nps.gov,verified
FACT-2027-04-05-S09,5,2027-04-05,"Moons orbit planets, dwarf planets, and some asteroids.",9,April,Some asteroids have moons,Space,Our solar system has hundreds of known moons orbiting planets and dwarf planets. Even some asteroids have moons.,high,https://science.nasa.gov/solar-system/moons/,Solar system,Moons,science.nasa.gov,verified
FACT-2027-04-05-S10,5,2027-04-05,Global climate change has destroyed or severely damaged many of the world’s reefs.,10,April,Climate change damages coral reefs,Ocean & Marine,"Many of the world’s reefs have already been destroyed or severely damaged by water pollution, overfishing and destructive fishing practices, disease, global climate change, and ship groundings.",high,https://oceanservice.noaa.gov/facts/coral_species.html,Reef threats,What species live in and around coral reefs?,oceanservice.noaa.gov,verified
FACT-2027-04-05-S11,5,2027-04-05,NREM sleep accounts for approximately 75% to 80% of total sleep.,11,April,NREM sleep occupies most sleep time,Human Body,"NREM constitutes approximately 75% to 80% of total sleep, with REM accounting for the remaining 20% to 25%.",high,https://www.ncbi.nlm.nih.gov/books/NBK482512/,Sleep Architecture,Physiology of Sleep - StatPearls - NCBI Bookshelf,www.ncbi.nlm.nih.gov,verified
FACT-2027-04-05-S12,5,2027-04-05,Corals build the largest structures of biological origin on Earth.,12,April,Coral reefs form the largest biological structures,World Records & Extremes,to build the largest structures of biological origin on Earth.,high,https://oceanservice.noaa.gov/ocean/corals/,Biological structures,Coral Reefs,oceanservice.noaa.gov,verified
FACT-2027-04-05-S13,5,2027-04-05,"The Mineral Resources Program provides national databases of known mineral deposits, mines, mine-waste features, and geochemical and geochronological data.",13,April,Mineral-resource databases include mine-waste data,Nature,"Our Mineral Resources Program provides national databases of known mineral deposits, mine and mine waste features, and geochemical and geochronological data.",high,https://www.usgs.gov/mission-areas/energy-and-minerals/science/geologic-mapping-and-foundational-science,Mineral resources,Geologic Mapping and Foundational Science | U.S. Geological Survey,www.usgs.gov,verified
FACT-2027-04-05-S14,5,2027-04-05,"In the reference male, skeletal myocytes account for about half of approximately 45 kilograms of cellular biomass, leaving about 23.5 kilograms in other cellular components, mostly white adipocytes.",14,April,Most cellular biomass is not muscle or fat,Human Body,"Skeletal myocytes, comprising about half of all 45 kg of cell biomass... Most of the remaining 23.5 kg of cell biomass are white adipocytes.",high,https://pmc.ncbi.nlm.nih.gov/articles/PMC10523466/,Cell Biomass,The human cell count and size distribution - PMC,pmc.ncbi.nlm.nih.gov,verified
FACT-2027-04-05-S15,5,2027-04-05,Earth’s topography is one of the features that illustrates that the planet is dynamic.,15,April,Earth’s topography reflects its dynamic nature,Geography,"“Our Earth is a dynamic planet, as clearly illustrated on the main map by its topography”",high,https://pubs.usgs.gov/imap/2800/,Earth surface,Geologic Investigations Map I-2800: This Dynamic Planet,pubs.usgs.gov,verified
FACT-2027-04-05-S16,5,2027-04-05,Ruth Foster invented the Gentle Leader dog collar in the 1980s.,16,April,Gentle Leader dog collar,Inventions,The article states that Ruth Foster invented the Gentle Leader® dog collar in the 1980s.,high,https://invention.si.edu/inventing-mans-best-friend,Dog collars,Inventing for Man's Best Friend | Lemelson,invention.si.edu,verified
FACT-2027-04-05-S17,5,2027-04-05,"When corals are stressed by changes in temperature, light, or nutrients, they expel their symbiotic algae and turn completely white.",17,April,Stress can cause coral bleaching,Ocean & Marine,"When corals are stressed by changes in conditions such as temperature, light, or nutrients, they expel the symbiotic algae living in their tissues, causing them to turn completely white.",high,https://oceanservice.noaa.gov/ocean/corals/,Coral bleaching,Coral Reefs,oceanservice.noaa.gov,verified
FACT-2027-04-05-S18,5,2027-04-05,The National Index of Borehole Information provides a centralized index of subsurface resources with advanced search and access.,18,April,NIBI indexes subsurface resources,Technology,The National Index of Borehold Information (NIBI) provides advanced search and access to a centralized index of subsurface resources.,high,https://www.usgs.gov/mission-areas/energy-and-minerals/science/geologic-mapping-and-foundational-science,Subsurface data,Geologic Mapping and Foundational Science | U.S. Geological Survey,www.usgs.gov,verified
FACT-2027-04-05-S19,5,2027-04-05,The site preserves the earliest known fossil community that includes representatives of all members of the article’s living tetrapod fauna.,19,April,Thunderstorm Ridge fossils include the earliest known community containing all living tetrapod groups,Animals,The fossils are described as evidence of the earliest known community that includes all members of the ‘living tetrapod fauna’.,high,http://nps.gov/articles/000/tetrapod-evolution-at-petrified-forest.htm,Evolution,NPS Paleontologists Discover Hidden Cradle of Tetrapod Evolution at Petrified Forest National Park: Implications for the Triassic Origins of Living Tetrapod Communities (U.S. National Park Service),nps.gov,verified
FACT-2027-04-05-S20,5,2027-04-05,"Approximately 80% of Yellowstone is covered by forests, while 15% is grassland and 5% is water.",20,April,Forests cover 80% of Yellowstone,Nature,About 5% covered by water; 15% by grassland; and 80% by forests,high,https://www.nps.gov/yell/planyourvisit/parkfacts.htm,Land cover,Park Facts - Yellowstone National Park (U.S. National Park Service),www.nps.gov,verified
FACT-2027-04-06-S01,6,2027-04-06,Human cell size ranges from tiny red blood cells to muscle fibers more than a million-fold larger.,1,April,Human cell sizes span more than seven orders of magnitude,Human Body,"These data emphasize the vast size range of human cells, from a tiny red blood cell to a myocyte, more than a million-fold larger.",high,https://pmc.ncbi.nlm.nih.gov/articles/PMC10523466/,Cell Size,The human cell count and size distribution - PMC,pmc.ncbi.nlm.nih.gov,verified
FACT-2027-04-06-S02,6,2027-04-06,"Petrified Forest National Park encompasses approximately 89,603 hectares (221,416 acres).",2,April,"Petrified Forest covers more than 89,000 hectares",Geography,"“Petrified Forest encompasses approximately 89,603 hectares (221,416 acres).”",high,https://www.nps.gov/articles/nps-geodiversity-atlas-petrified-forest-national-park.htm,Protected Areas,"NPS Geodiversity Atlas—Petrified Forest National Park, Arizona (U.S. National Park Service)",www.nps.gov,verified
FACT-2027-04-06-S03,6,2027-04-06,"The National Geological and Geophysical Data Preservation Program maintains a physical repository containing tens of thousands of geologic samples, including industry-donated borehole cores.",3,April,USGS preserves physical geologic samples,Science,The Program also maintains a physical repository that contains tens of thousands of geologic samples including borehole cores donated by industry.,high,https://www.usgs.gov/mission-areas/energy-and-minerals/science/geologic-mapping-and-foundational-science,Geologic samples,Geologic Mapping and Foundational Science | U.S. Geological Survey,www.usgs.gov,verified
FACT-2027-04-06-S04,6,2027-04-06,"The mapped features include more than 1,500 volcanoes.",4,April,"Earth has more than 1,500 volcanoes",Nature,Over 1500 volcanoes,high,https://www.usgs.gov/maps/dynamic-planet-world-map-volcanoes-earthquakes-impact-craters-and-plate-tectonics,Volcanoes,"This dynamic planet: World map of volcanoes, earthquakes, impact craters and plate tectonics | U.S. Geological Survey",www.usgs.gov,verified
FACT-2027-04-06-S05,6,2027-04-06,Oceanic currents are the movement of water from one location to another.,5,April,Oceanic current definition,Ocean & Marine,Oceanic currents describe the movement of water from one location to another.,high,https://oceanservice.noaa.gov/facts/current.html,Ocean currents,What is a current?,oceanservice.noaa.gov,verified
FACT-2027-04-06-S06,6,2027-04-06,The National Geologic Map Database is the official archive of the nation's geologic maps.,6,April,The National Geologic Map Database archives U.S. geologic maps,Technology,Our National Geologic Map Database is the official archive of geologic maps of the Nation.,high,https://www.usgs.gov/mission-areas/energy-and-minerals/science/geologic-mapping-and-foundational-science,Scientific databases,Geologic Mapping and Foundational Science | U.S. Geological Survey,www.usgs.gov,verified
FACT-2027-04-06-S07,6,2027-04-06,The solar system takes about 230 million years to complete one orbit around the Milky Way’s center.,7,April,A galactic orbit takes 230 million years,Space,It takes about 230 million years to complete one orbit around the galactic center.,high,https://science.nasa.gov/solar-system/solar-system-facts/,Galactic Motion,Solar System: Facts - NASA Science,science.nasa.gov,verified
FACT-2027-04-06-S08,6,2027-04-06,"John Burroughs, John Muir, and Luis Agassiz Fuertes were among the people who produced documentation of the 1899 Harriman Alaska Expedition.",8,April,Participants in the Harriman Expedition documentation,History,"John Burroughs, John Muir, and Luis Agassiz Fuertes ... were among the scientists, naturalists, and artists who produced an album documenting the 1899 Harriman Alaska Expedition.",high,https://www.loc.gov/item/today-in-history/april-22/,Scientific expeditions,Today in History - April 22,www.loc.gov,verified
FACT-2027-04-06-S09,6,2027-04-06,Baseball was experienced by Americans between the end of the Civil War and the beginning of World War II.,9,April,Baseball in American history,History,Primary sources exploring baseball and the various ways it was experienced by Americans between the close of the Civil War and the beginning of WWII.,high,https://www.loc.gov/programs/teachers/classroom-materials/primary-source-sets/,Baseball,Primary Source Sets | Classroom Materials | Teachers | Programs | Library of Congress,www.loc.gov,verified
FACT-2027-04-06-S10,6,2027-04-06,The site contains fossils identified as the oldest caecilian in the global fossil record.,10,April,Thunderstorm Ridge preserves an ancient caecilian,Animals,The article lists the oldest caecilian in the global fossil record among the discoveries.,high,http://nps.gov/articles/000/tetrapod-evolution-at-petrified-forest.htm,Evolution,NPS Paleontologists Discover Hidden Cradle of Tetrapod Evolution at Petrified Forest National Park: Implications for the Triassic Origins of Living Tetrapod Communities (U.S. National Park Service),nps.gov,verified
FACT-2027-04-06-S11,6,2027-04-06,Coral reef ecosystems represented in the collection include Flower Garden Banks in Texas and American Samoa.,11,April,Coral reefs occur in American Samoa and Texas,Ocean & Marine,The videos section identifies Flower Garden Banks in Texas and American Samoa as sanctuary and monument locations.,high,https://sanctuaries.noaa.gov/education/teachers/coral-reef/,Coral reef locations,Coral Reef Ecosystems Resource Collection | National Marine Sanctuaries,sanctuaries.noaa.gov,verified
FACT-2027-04-06-S12,6,2027-04-06,"Petrified Forest National Park protects globally significant fossils, including petrified wood and an extensive record of Late Triassic vertebrate evolution in North America.",12,April,The park contains globally significant fossils,Nature,"“Petrified Forest ... protects globally significant fossils, including petrified wood and one of the most comprehensive records of Late Triassic vertebrate evolution in North America.”",high,https://www.nps.gov/articles/nps-geodiversity-atlas-petrified-forest-national-park.htm,Fossils,"NPS Geodiversity Atlas—Petrified Forest National Park, Arizona (U.S. National Park Service)",www.nps.gov,verified
FACT-2027-04-06-S13,6,2027-04-06,Our solar system has five officially named dwarf planets.,13,April,Five dwarf planets,Space,"Our solar system includes the Sun, eight planets, five officially named dwarf planets, hundreds of moons, and thousands of asteroids and comets.",high,https://science.nasa.gov/solar-system/,Dwarf Planets,Solar System Exploration,science.nasa.gov,verified
FACT-2027-04-06-S14,6,2027-04-06,The common burr naturally operates as a hook-and-loop fastener.,14,April,Burrs function as natural hook-and-loop fasteners,Inventions,The common burr was a natural “hook and loop fastener.”,high,https://invention.si.edu/invention-stories/george-de-mestral-velcror-inventor,Fasteners,invention.si.edu — george de mestral velcror inventor,invention.si.edu,verified
FACT-2027-04-06-S15,6,2027-04-06,The detailed map of the island of Hawai'i shows individual volcanic flows around the Kohala peninsula and Mauna Kea.,15,April,Hawaii's map shows individual lava flows,Science,"A detailed view of the island of Hawai'i highlights the Kohala peninsula and Mauna Kea, showcasing the details of individual flows.",high,https://www.usgs.gov/news/national-news-release/usgs-cooperative-national-geologic-map-now-covers-50-states-us,Geologic features,"USGS Cooperative National Geologic Map Now Covers 50 States, U.S. Territories | U.S. Geological Survey",www.usgs.gov,verified
FACT-2027-04-06-S16,6,2027-04-06,Alaska is described as having abundant energy and mineral resources.,16,April,Alaska has abundant energy and mineral resources,Science,Alaska's geology ... is now searchable ... in a state with incredibly abundant energy and mineral resources.,high,https://www.usgs.gov/news/national-news-release/usgs-cooperative-national-geologic-map-now-covers-50-states-us,Geology,"USGS Cooperative National Geologic Map Now Covers 50 States, U.S. Territories | U.S. Geological Survey",www.usgs.gov,verified
FACT-2027-04-06-S17,6,2027-04-06,Ocean currents affect Earth's climate by moving warm water from the Equator and cold water from the poles around Earth.,17,April,Currents affect Earth's climate,Geography,Currents affect the Earth's climate by driving warm water from the Equator and cold water from the poles around the Earth.,high,https://oceanservice.noaa.gov/facts/current.html,Climate,What is a current?,oceanservice.noaa.gov,verified
FACT-2027-04-06-S18,6,2027-04-06,"The somatosensory cortex receives information about temperature, taste, touch, and movement from the rest of the body.",18,April,The somatosensory cortex receives body sensations,Human Body,"These areas receive information about temperature, taste, touch, and movement from the rest of the body.",high,https://www.ninds.nih.gov/health-information/public-education/brain-basics/brain-basics-know-your-brain,Sensory system,Brain Basics: Know Your Brain | National Institute of Neurological Disorders and Stroke,www.ninds.nih.gov,verified
FACT-2027-04-06-S19,6,2027-04-06,"The Army amputated Cher Ami’s right leg because of his wound, ending his military messaging service.",19,April,Cher Ami lost his right leg,Animals,"“As a result of the wound, the Army had to amputate Cher Ami’s right leg, ending his military messaging services.”",high,https://www.si.edu/object/cher-ami:nmah_425415,Animal Injuries,www.si.edu — cher ami:nmah 425415,www.si.edu,verified
FACT-2027-04-06-S20,6,2027-04-06,"Mount Le Conte rises to 6,593 feet from a base elevation of 1,292 feet.",20,April,"Mount Le Conte rises 5,301 feet from its base",World Records & Extremes,"Mount Le Conte towers to 6,593' from a base of 1,292'.",high,https://home.nps.gov/grsm/learn/nature/naturalfeaturesandecosystems.htm,Mountain peaks,Natural Features & Ecosystems - Great Smoky Mountains National Park (U.S. National Park Service),home.nps.gov,verified
FACT-2027-04-07-S01,7,2027-04-07,Thunderstorm Ridge pulls the known occurrence of communities containing all living tetrapod groups back by more than 80 million years.,1,April,The discovery extends the record of modern-style tetrapod communities by more than 80 million years,Animals,The article says the fossils pull back the occurrence of this community type over 80 million years.,high,http://nps.gov/articles/000/tetrapod-evolution-at-petrified-forest.htm,Evolution,NPS Paleontologists Discover Hidden Cradle of Tetrapod Evolution at Petrified Forest National Park: Implications for the Triassic Origins of Living Tetrapod Communities (U.S. National Park Service),nps.gov,verified
FACT-2027-04-07-S02,7,2027-04-07,Data in the Classroom provides student-directed lessons using historical and real-time NOAA data.,2,April,NOAA’s Data in the Classroom uses historical and real-time data,Nature,"Data in the Classroom has structured, student-directed lesson plans that use historical and real-time NOAA data.",high,https://www.noaa.gov/education/resources,Climate data,NOAA Sea to Sky: Education resource database | National Oceanic and Atmospheric Administration,www.noaa.gov,verified
FACT-2027-04-07-S03,7,2027-04-07,The USGS Earthquake Hazards Program has a Decadal Science Strategy covering 2024–2033.,3,April,Earthquake science strategy,Science,"Earthquakes section lists “U.S. Geological Survey Earthquake Hazards Program Decadal Science Strategy, 2024–33.”",high,https://www.usgs.gov/hazard-and-national-security-resources,Earthquake hazards,Hazard and National Security Resources | U.S. Geological Survey,www.usgs.gov,verified
FACT-2027-04-07-S04,7,2027-04-07,"Skeletal muscle cells account for about half of the body's cellular biomass, while white adipocytes account for approximately 12 kilograms.",4,April,Muscle and fat dominate cellular biomass,Human Body,"Skeletal myocytes, comprising about half of all 45 kg of cell biomass in the body... Most of the remaining 23.5 kg of cell biomass are white adipocytes (≈12 kg).",high,https://pmc.ncbi.nlm.nih.gov/articles/PMC10523466/,Cell Biomass,The human cell count and size distribution - PMC,pmc.ncbi.nlm.nih.gov,verified
FACT-2027-04-07-S05,7,2027-04-07,A 2013 U.S. pet-health report found that cats were living 10 percent longer and dogs 4 percent longer than they had slightly more than a decade earlier.,5,April,Cats and dogs lived longer in 2013 than a decade earlier,Animals,The article reports these specific increases in cat and dog longevity.,high,https://invention.si.edu/inventing-mans-best-friend,Pet longevity,Inventing for Man's Best Friend | Lemelson,invention.si.edu,verified
FACT-2027-04-07-S06,7,2027-04-07,One knot equals 1.85 kilometers per hour or 1.15 miles per hour.,6,April,Knot conversion,Ocean & Marine,1 knot = 1.85 kilometers per hour or 1.15 miles per hour.,high,https://oceanservice.noaa.gov/facts/current.html,Current measurement,What is a current?,oceanservice.noaa.gov,verified
FACT-2027-04-07-S07,7,2027-04-07,Tsunamis are long waves whose effects can be massive because the forces that generate them are large.,7,April,Tsunamis are long waves,Ocean & Marine,"Tsunamis are just long waves — really long waves... In the case of tsunamis, the forces involved are large — and their effects can be correspondingly massive.",high,https://www.noaa.gov/education/resource-collections/ocean-coasts,Tsunamis,Ocean and coasts | National Oceanic and Atmospheric Administration,www.noaa.gov,verified
FACT-2027-04-07-S08,7,2027-04-07,"The solar system has hundreds of moons orbiting planets, dwarf planets, and asteroids.",8,April,The solar system has hundreds of moons,Space,"Our solar system has hundreds of moons orbiting planets, dwarf planets, and asteroids.",high,https://science.nasa.gov/solar-system/solar-system-facts/,Moons,Solar System: Facts - NASA Science,science.nasa.gov,verified
FACT-2027-04-07-S09,7,2027-04-07,"Skinner’s proposed missile nose cone had three compartments, each with a window.",9,April,Three-compartment nose cone design,Technology,"A missile nose cone be supplied with three compartments, each with a window.",high,https://www.americanhistory.si.edu/collections/object/nmah_690069,Military technology,www.americanhistory.si.edu — nmah 690069,www.americanhistory.si.edu,verified
FACT-2027-04-07-S10,7,2027-04-07,Version 1.0 of the National Cooperative Geologic Map was released in August 2025 and covered the Lower 48 states.,10,April,The first national map version covered the Lower 48,History,"The first version of the National Cooperative Geologic Map, released in August 2025, covered the Lower 48 states.",high,https://www.usgs.gov/news/national-news-release/usgs-cooperative-national-geologic-map-now-covers-50-states-us,Scientific history,"USGS Cooperative National Geologic Map Now Covers 50 States, U.S. Territories | U.S. Geological Survey",www.usgs.gov,verified
FACT-2027-04-07-S11,7,2027-04-07,"More than 20,000 patents for beehive structures and related beekeeping implements had been issued in the United States since 1810.",11,April,Large number of beekeeping patents,Inventions,"The page says that since 1810, over 20,000 U.S. patents for beehive structures and beekeeping-related implements were issued.",high,https://invention.si.edu/invention-stories/bee-hives-buzzing-invention,Beekeeping equipment,Bee Hives Buzzing with Invention,invention.si.edu,verified
FACT-2027-04-07-S12,7,2027-04-07,"In 1885, Nebraska changed Arbor Day from April 10 to April 22 in honor of J. Sterling Morton’s birthday.",12,April,Arbor Day date changed in Nebraska,History,"In 1885, thirteen years after Arbor Day was first celebrated, Nebraskans changed the date to April 22nd in honor of Morton’s birthday.",high,https://www.loc.gov/item/today-in-history/april-10/,Nebraska history,Today in History - April 10  | Library of Congress,www.loc.gov,verified
FACT-2027-04-07-S13,7,2027-04-07,The Great Lakes ecoregion is a freshwater topic.,13,April,The Great Lakes form an ecoregion,Geography,Freshwater topics include the Great Lakes ecoregion.,high,https://www.noaa.gov/education/resource-collections,Great Lakes,Resource collections | National Oceanic and Atmospheric Administration,www.noaa.gov,verified
FACT-2027-04-07-S14,7,2027-04-07,"Poor sleep health is associated with diabetes, heart disease, stroke, and psychiatric disorders.",14,April,Poor sleep is associated with major health problems,Science,The introduction lists these negative health outcomes in connection with poor sleep health.,high,https://pmc.ncbi.nlm.nih.gov/articles/PMC10851865/,Health,Multivariate genome-wide association study of sleep health demonstrates unity and diversity,pmc.ncbi.nlm.nih.gov,verified
FACT-2027-04-07-S15,7,2027-04-07,Thomas Jefferson recorded daily weather observations for many years.,15,April,Jefferson kept long-term weather records,Science,"""the pages on which for many years he daily recorded the weather"".",high,https://loc.gov/collections/thomas-jefferson-papers/about-this-collection,Meteorology,"Collection 
            
             Thomas Jefferson Papers, 1606 to 1827",loc.gov,verified
FACT-2027-04-07-S16,7,2027-04-07,The high country of the Great Smokies receives more than 85 inches of rain on average each year.,16,April,The Smokies high country receives heavy rainfall,Nature,"In the Smokies high country, over 85"" of rain falls on average each year.",high,https://home.nps.gov/grsm/learn/nature/naturalfeaturesandecosystems.htm,Climate,Natural Features & Ecosystems - Great Smoky Mountains National Park (U.S. National Park Service),home.nps.gov,verified
FACT-2027-04-07-S17,7,2027-04-07,Geography examines the relations between peoples and their natural environments.,17,April,Geography studies relations between people and environments,Geography,“as well as the relations between the two”,high,https://www.britannica.com/science/geography,Human-Environment Relations,"Geography | Definition, Types, History, & Facts | Britannica",www.britannica.com,verified
FACT-2027-04-07-S18,7,2027-04-07,"Over half a billion people depend on coral reefs for food, income, and protection.",18,April,More than half a billion people depend on reefs,Money & Economics,"Over half a billion people depend on reefs for food, income, and protection.",high,https://www.noaa.gov/education/resource-collections/marine-life/coral-reef-ecosystems,Coral reef economy,Coral reef ecosystems | National Oceanic and Atmospheric Administration,www.noaa.gov,verified
FACT-2027-04-07-S19,7,2027-04-07,Ion channels are among the broad functional categories containing genes known to affect sleep.,19,April,Ion channels are a major functional category of sleep-related genes,Human Body,"“The largest categories are brain-specific genes such as ion channels, neurotransmitter receptors, neuropeptides, and synaptic proteins.”",high,https://pubmed.ncbi.nlm.nih.gov/33360546/,Sleep-related genes,Recent advances in sleep genetics - PubMed,pubmed.ncbi.nlm.nih.gov,verified
FACT-2027-04-07-S20,7,2027-04-07,Neptune's mean temperature is -200 degrees Celsius.,20,April,Neptune has a listed mean temperature of -200 degrees Celsius,Space,"Mean Temperature row, Neptune column: -200",high,https://nssdc.gsfc.nasa.gov/planetary/factsheet/,Planetary Temperatures,Planetary Fact Sheet,nssdc.gsfc.nasa.gov,verified
FACT-2027-04-08-S01,8,2027-04-08,Teaching machines and programmed learning were used in classrooms and arcades.,1,April,Teaching machines and programmed learning,Technology,Teaching machines and programmed learning found a place in classroom and arcade.,high,https://www.americanhistory.si.edu/collections/object/nmah_690069,Educational technology,www.americanhistory.si.edu — nmah 690069,www.americanhistory.si.edu,verified
FACT-2027-04-08-S02,8,2027-04-08,The International Astronomical Union reclassified Pluto as a dwarf planet in 2006.,2,April,Pluto was reclassified in 2006,Space,Pluto was reclassified as a dwarf planet in 2006 by the International Astronomical Union.,high,https://science.nasa.gov/solar-system/planets/,Planet Classification,About the Planets,science.nasa.gov,verified
FACT-2027-04-08-S03,8,2027-04-08,"Polysomnography can include electrocardiography, EEG, electrooculography, electromyography, and oxygen saturation monitoring.",3,April,Polysomnography measures multiple sleep functions,Human Body,"This comprehensive study incorporates multiple physiologic measurements, including electrocardiography, EEG, electrooculography, electromyography, and oxygen saturation monitoring.",high,https://www.ncbi.nlm.nih.gov/books/NBK482512/,Sleep Testing,Physiology of Sleep - StatPearls - NCBI Bookshelf,www.ncbi.nlm.nih.gov,verified
FACT-2027-04-08-S04,8,2027-04-08,Geologic maps show what rocks are present at and below the Earth's surface.,4,April,Geologic maps show rocks beneath the surface,Geography,Geologic maps show what rocks are present at and below the Earth’s surface.,high,https://www.usgs.gov/mission-areas/energy-and-minerals/science/geologic-mapping-and-foundational-science,Geologic mapping,Geologic Mapping and Foundational Science | U.S. Geological Survey,www.usgs.gov,verified
FACT-2027-04-08-S05,8,2027-04-08,The park’s Upper Triassic fossils document diverse terrestrial ecosystems from approximately 223–208 million years ago.,5,April,The park records ecosystems from the dawn of dinosaurs,History,“they document a diverse suite of terrestrial ecosystems during ‘the dawn of dinosaurs’ between 223–208 million years ago.”,high,https://www.nps.gov/articles/nps-geodiversity-atlas-petrified-forest-national-park.htm,Geologic Time,"NPS Geodiversity Atlas—Petrified Forest National Park, Arizona (U.S. National Park Service)",www.nps.gov,verified
FACT-2027-04-08-S06,8,2027-04-08,The U.S. military and others recognized that killing bison could undermine Native American communities because bison were a major food source.,6,April,Bison hunting was used against Native American communities,History,Kirk Johnson says it became clear that “one way to dismantle the Indian communities and cultures was to shoot the bison.”,high,https://www.si.edu/sidedoor/missing-bison,United States history,The Missing Bison | Smithsonian Institution,www.si.edu,verified
FACT-2027-04-08-S07,8,2027-04-08,The parks contain 275 known caves with a cumulative length of 35 miles.,7,April,Cave resources,Nature,The parks are rich in cave resources (275 known caves) with a cumulative length of 35 miles.,high,http://www.nps.gov/seki/learn/news/quick-fact-sheet.htm,Caves,Quick Fact Sheet - Sequoia & Kings Canyon National Parks (U.S. National Park Service),www.nps.gov,verified
FACT-2027-04-08-S08,8,2027-04-08,A pigeon would occupy each compartment and be trained to peck the window when the target appeared.,8,April,Pigeons were trained to identify targets,Animals,"A pigeon would be placed in each section, and trained to peck on the window when the target appeared.",high,https://www.americanhistory.si.edu/collections/object/nmah_690069,Pigeons,www.americanhistory.si.edu — nmah 690069,www.americanhistory.si.edu,verified
FACT-2027-04-08-S09,8,2027-04-08,SSEBop calculates actual evapotranspiration using ET Fraction and Reference ET as two independent components.,9,April,SSEBop uses two ET components,Science,The model calculates actual ET for each Landsat pixel using two independent components: ET Fraction and Reference ET.,high,https://www.usgs.gov/landsat-missions/news/landsat-product-supports-water-management-worldwide,Evapotranspiration modeling,Landsat Product Supports Water Management Worldwide | U.S. Geological Survey,www.usgs.gov,verified
FACT-2027-04-08-S10,8,2027-04-08,William Temple Hornaday became committed to animal conservation after seeing that bison were nearly extinct during an 1886 expedition.,10,April,Hornaday’s bison expedition inspired conservation efforts,Animals,Hornaday was stunned by their near extinction and became committed to animal conservation.,high,https://siarchives.si.edu/history/national-zoological-park,Conservation,siarchives.si.edu — national zoological park,siarchives.si.edu,verified
FACT-2027-04-08-S11,8,2027-04-08,"By the 1770s, the word 'Yankee' referred to English colonists, particularly New Englanders.",11,April,Meaning of Yankee,Language,"By the 1770s it referred to the English colonists, particularly New Englanders.",high,https://memory.loc.gov/ammem/today/apr19.html,Word origins,Today in History,memory.loc.gov,verified
FACT-2027-04-08-S12,8,2027-04-08,"The Langstroth, Warré, and Top Bar Hive are identified as the most commonly used beehives in the United States.",12,April,Common U.S. beehive types,Inventions,"The page names the Langstroth Beehive, Warré Beehive, and Top Bar Hive as the most commonly used U.S. beehives.",high,https://invention.si.edu/invention-stories/bee-hives-buzzing-invention,Beehive designs,Bee Hives Buzzing with Invention,invention.si.edu,verified
FACT-2027-04-08-S13,8,2027-04-08,"Some neurotransmitters make cells more active, while others block or dampen cellular activity.",13,April,Neurotransmitters can excite or inhibit cells,Human Body,Some neurotransmitters make cells more active (called excitatory) while others block or dampen a cell's activity (called inhibitory).,high,https://www.ninds.nih.gov/health-information/public-education/brain-basics/brain-basics-know-your-brain,Neurotransmitters,Brain Basics: Know Your Brain | National Institute of Neurological Disorders and Stroke,www.ninds.nih.gov,verified
FACT-2027-04-08-S14,8,2027-04-08,Coral reefs occur in diverse locations and reef types across differing biogeographic regions.,14,April,Coral reefs occur in different biogeographic regions,Ocean & Marine,The page refers to the diversity of locations and reef types and comparisons across differing biogeographic regions.,high,https://sanctuaries.noaa.gov/education/teachers/coral-reef/,Coral reef geography,Coral Reef Ecosystems Resource Collection | National Marine Sanctuaries,sanctuaries.noaa.gov,verified
FACT-2027-04-08-S15,8,2027-04-08,"When examined under a microscope, cockleburs appeared to be covered with hooks.",15,April,Burrs have hook-covered surfaces,Science,De Mestral observed the burrs under a microscope. He saw that each one was covered with hooks.,high,https://invention.si.edu/invention-stories/george-de-mestral-velcror-inventor,Microscopy,invention.si.edu — george de mestral velcror inventor,invention.si.edu,verified
FACT-2027-04-08-S16,8,2027-04-08,The USGS uses ground-based observatories to provide continuous records of variations in Earth's magnetic field.,16,April,Monitoring Earth's magnetic field,Science,The USGS uses ground-based observatories to provide continuous records of the Earth's magnetic field variations.,high,https://www.usgs.gov/educational-resources/geology-education,Geomagnetism,Geology Education | U.S. Geological Survey,www.usgs.gov,verified
FACT-2027-04-08-S17,8,2027-04-08,Ceres is the only dwarf planet in the inner solar system and lies in the asteroid belt between Mars and Jupiter.,17,April,Ceres is the only inner-system dwarf planet,Space,Ceres is the only dwarf planet in the inner solar system. It's in the main asteroid belt between Mars and Jupiter.,high,https://science.nasa.gov/solar-system/planets/,Ceres,About the Planets,science.nasa.gov,verified
FACT-2027-04-08-S18,8,2027-04-08,"Across roughly 50 miles from the San Francisco Peaks to the bottom of Grand Canyon, elevation changes by 10,000 feet.",18,April,Grand Canyon’s extreme elevation range,Geography,"In 50 short miles ... Merriam encountered 10,000 feet (3,048 m) of elevation change.",high,https://www.nps.gov/grca/planyourvisit/upload/grca_ecology.pdf,Elevation,A Living Canyon: Discovering Life at Grand Canyon,www.nps.gov,verified
FACT-2027-04-08-S19,8,2027-04-08,Millions of species live in and around coral reefs.,19,April,Coral reefs support millions of species,Ocean & Marine,Coral reefs are home to millions of species.,high,https://oceanservice.noaa.gov/facts/coral_species.html,Coral reefs,What species live in and around coral reefs?,oceanservice.noaa.gov,verified
FACT-2027-04-08-S20,8,2027-04-08,"The parks contain approximately 1,552 species and subspecies of vascular plants.",20,April,Vascular plant diversity,Nature,"The parks contain approximately 1,552 species and subspecies of vascular plants.",high,http://www.nps.gov/seki/learn/news/quick-fact-sheet.htm,Plants,Quick Fact Sheet - Sequoia & Kings Canyon National Parks (U.S. National Park Service),www.nps.gov,verified
FACT-2027-04-09-S01,9,2027-04-09,"Continental crust is thicker and less dense than thinner, younger oceanic crust.",1,April,Continental crust is thicker and less dense,Geography,"Because continental crust is thicker and less dense than thinner, younger oceanic crust.",high,https://www.usgs.gov/maps/dynamic-planet-world-map-volcanoes-earthquakes-impact-craters-and-plate-tectonics,Crust,"This dynamic planet: World map of volcanoes, earthquakes, impact craters and plate tectonics | U.S. Geological Survey",www.usgs.gov,verified
FACT-2027-04-09-S02,9,2027-04-09,"Plate tectonic activity uplifted the region between approximately 70 and 30 million years ago, producing the high, relatively flat Colorado Plateau.",2,April,The Colorado Plateau was uplifted between 70 and 30 million years ago,Science,"Between 70 and 30 million years ago, through the action of plate tectonics, the whole region was uplifted.",high,https://www.nps.gov/grca/learn/nature/grca-geology.htm,Plate Tectonics,Geology - Grand Canyon National Park (U.S. National Park Service),www.nps.gov,verified
FACT-2027-04-09-S03,9,2027-04-09,"When the word technology first appeared in English during the 17th century, it referred only to a discussion of the applied arts.",3,April,Technology entered English with a narrower meaning,History,"“When it first appeared in English in the 17th century, it was used to mean a discussion of the applied arts only”",high,https://www.britannica.com/technology/history-of-technology,17th Century,"History of technology | Evolution, Ages, & Facts | Britannica",www.britannica.com,verified
FACT-2027-04-09-S04,9,2027-04-09,Some extraterrestrial impacts that formed Earth’s craters caused catastrophic ecological changes.,4,April,Impact events have caused ecological changes,Science,“some causing catastrophic ecological changes”,high,https://pubs.usgs.gov/imap/2800/,Earth history,Geologic Investigations Map I-2800: This Dynamic Planet,pubs.usgs.gov,verified
FACT-2027-04-09-S05,9,2027-04-09,The varied effects of climate change are changing the ocean and dramatically affecting coral reef ecosystems.,5,April,Climate change affects coral reef ecosystems,Ocean & Marine,The varied effects of climate change are changing the ocean; these changes dramatically affect coral reef ecosystems,high,https://oceanservice.noaa.gov/ocean/corals/,Climate change,Coral Reefs,oceanservice.noaa.gov,verified
FACT-2027-04-09-S06,9,2027-04-09,Ocean pollution and marine debris are related topics in ocean and coastal studies.,6,April,Marine debris is an ocean pollution topic,Ocean & Marine,Ocean and coasts topics include ocean pollution and marine debris.,high,https://www.noaa.gov/education/resource-collections,Marine pollution,Resource collections | National Oceanic and Atmospheric Administration,www.noaa.gov,verified
FACT-2027-04-09-S07,9,2027-04-09,El Niño and La Niña are included among weather and atmosphere topics.,7,April,El Niño and La Niña are weather topics,Nature,Weather and atmosphere topics include El Niño and La Niña.,high,https://www.noaa.gov/education/resource-collections,Weather phenomena,Resource collections | National Oceanic and Atmospheric Administration,www.noaa.gov,verified
FACT-2027-04-09-S08,9,2027-04-09,"In 2016, the American bison became an official national symbol as the National Mammal of the United States.",8,April,The American bison became the U.S. national mammal,Country Facts,The page states that in 2016 the American bison “became the National Mammal.”,high,https://www.si.edu/sidedoor/missing-bison,National symbols,The Missing Bison | Smithsonian Institution,www.si.edu,verified
FACT-2027-04-09-S09,9,2027-04-09,B. F. Skinner was among twentieth-century psychologists who sought to teach new behaviors through rewards.,9,April,Skinner’s work included programmed learning,Psychology,"Twentieth century psychologists, notably B.F. Skinner, sought to teach animals—including people—new behaviors by rewarding desired responses.",high,https://www.americanhistory.si.edu/collections/object/nmah_690069,Teaching machines,www.americanhistory.si.edu — nmah 690069,www.americanhistory.si.edu,verified
FACT-2027-04-09-S10,9,2027-04-09,Some printed materials placed multiple pages of text on one side of a sheet and were folded so the pages appeared in the intended reading order.,10,April,Some ephemera sheets were folded into multi-page documents,Technology,More than one page of text was printed on one side of a sheet. These sheets were then folded before distribution so the different pages of text followed each other in appropriate order.,high,https://www.loc.gov/collections/broadsides-and-other-printed-ephemera/about-this-collection/,Printing and Publishing,About this Collection | Printed Ephemera: Three Centuries of Broadsides and Other Printed Ephemera | Digital Collections | Library of Congress,www.loc.gov,verified
FACT-2027-04-09-S11,9,2027-04-09,The popularity of Hornaday’s live bison helped lead to the founding of the National Zoological Park as part of the Smithsonian in 1888.,11,April,The National Zoological Park was founded in 1888,History,"The live animals proved even more popular, leading to the founding of the National Zoological Park as part of the Smithsonian in 1888.",high,https://siarchives.si.edu/history/featured-topics/stories/william-temple-hornaday-saving-american-bison,National Zoological Park,siarchives.si.edu — william temple hornaday saving american bison,siarchives.si.edu,verified
FACT-2027-04-09-S12,9,2027-04-09,"Mice carrying human DEC2-P384R show reduced rebound NREM, REM, and slow-wave sleep after sleep deprivation, indicating lower sleep need.",12,April,DEC2-P384R reduces sleep need in mice,Human Body,"hDEC2-P384R mice show reduced rebound for both NREM and REM sleep, and also for slow wave sleep, which suggests that the sleep need is lower.",high,https://pmc.ncbi.nlm.nih.gov/articles/PMC6389443/,Sleep Duration,The Molecular Genetics of Human Sleep - PMC,pmc.ncbi.nlm.nih.gov,verified
FACT-2027-04-09-S13,9,2027-04-09,"Cher Ami was a black check cock homing pigeon, and DNA testing in 2021 confirmed that he was male.",13,April,Cher Ami was a male homing pigeon,Animals,“Cher Ami was a black check cock homing pigeon” and “DNA testing which confirmed that Cher Ami is definitively a male pigeon.”,high,https://www.si.edu/object/cher-ami:nmah_425415,Pigeons,www.si.edu — cher ami:nmah 425415,www.si.edu,verified
FACT-2027-04-09-S14,9,2027-04-09,Many boulders in the park's streams originated when freezing and thawing broke rocks from cliffs and ledges.,14,April,Freezing and thawing created stream boulders,Nature,The numerous boulders found in the park's streams today originated during this time as they were broken off cliffs and ledges by freezing and thawing activity.,high,https://home.nps.gov/grsm/learn/nature/naturalfeaturesandecosystems.htm,Geological processes,Natural Features & Ecosystems - Great Smoky Mountains National Park (U.S. National Park Service),home.nps.gov,verified
FACT-2027-04-09-S15,9,2027-04-09,"The National Zoo created its Scientific Research Department in the mid-1960s to study animal behavior, reproduction, and breeding.",15,April,The Scientific Research Department began in the mid-1960s,Science,"The Scientific Research Department was created in the mid-1960s to conduct studies on animal behavior, reproduction, and breeding.",high,https://siarchives.si.edu/history/national-zoological-park,Research,siarchives.si.edu — national zoological park,siarchives.si.edu,verified
FACT-2027-04-09-S16,9,2027-04-09,"The article states that the alpine lake discussed by Jill Baron originated approximately 14,000 years ago.",16,April,"Alpine Lake Louise formed about 14,000 years ago",Geography,"“The birth of the lake some 14,000 years ago.”",high,https://www.nps.gov/articles/parkscience32_2_76-78_fiege_3843.htm,Lakes,"Nature, history, and environmental history at Rocky Mountain National Park (U.S. National Park Service)",www.nps.gov,verified
FACT-2027-04-09-S17,9,2027-04-09,"Mercury, Venus, Earth, and Mars are the four inner planets and have solid surfaces.",17,April,The inner planets are terrestrial,Space,"The first four planets from the Sun are Mercury, Venus, Earth, and Mars. These inner planets also are known as terrestrial planets because they have solid surfaces.",high,https://science.nasa.gov/solar-system/planets/,Inner Planets,About the Planets,science.nasa.gov,verified
FACT-2027-04-09-S18,9,2027-04-09,"Pleistocene animals found at Big Bone Lick include ground sloths, mastodons, mammoths, extinct horses, extinct bison, musk oxen, stag moose, and caribou.",18,April,Big Bone Lick preserves fossils of diverse Ice Age animals,Animals,"The Pleistocene animals of Big Bone Lick include ... ground sloths, mastodons and mammoths, extinct horses, extinct bison, musk oxen, and stag moose. Caribou also lived here.",high,https://nps.gov/articles/paleontology-and-geology-of-big-bone-lick-national-natural-landmark.htm,Ice Age mammals,Paleontology and Geology of Big Bone Lick National Natural Landmark (U.S. National Park Service),nps.gov,verified
FACT-2027-04-09-S19,9,2027-04-09,The page includes resources about how the kidneys work and about the urinary bladder.,19,April,The urinary system includes the kidneys and bladder,Human Body,Your Kidneys and How They Work; Urinary Bladder,high,https://www.nlm.nih.gov/medlineplus/anatomy.html,Urinary system,Anatomy | MedlinePlus,www.nlm.nih.gov,verified
FACT-2027-04-09-S20,9,2027-04-09,Mercury orbits the Sun at 47.4 kilometers per second.,20,April,Mercury has the fastest listed orbital velocity,Space,"Orbital Velocity row, Mercury column: 47.4",high,https://nssdc.gsfc.nasa.gov/planetary/factsheet/,Orbital Characteristics,Planetary Fact Sheet,nssdc.gsfc.nasa.gov,verified
FACT-2027-04-10-S01,10,2027-04-10,The Energy Resources Program provides a national database of orphaned-well locations.,1,April,Energy databases include orphaned-well locations,Nature,Our Energy Resources Program provides national databases of the locations of orphaned wells.,high,https://www.usgs.gov/mission-areas/energy-and-minerals/science/geologic-mapping-and-foundational-science,Energy resources,Geologic Mapping and Foundational Science | U.S. Geological Survey,www.usgs.gov,verified
FACT-2027-04-10-S02,10,2027-04-10,The National Zoo’s Amazonia exhibit opened in 1992.,2,April,Amazonia opened in 1992,History,"In the 1990s, zoo exhibits began to place animals in their natural environments, as seen in the Amazonia exhibit that opened in 1992.",high,https://siarchives.si.edu/history/national-zoological-park,Exhibits,siarchives.si.edu — national zoological park,siarchives.si.edu,verified
FACT-2027-04-10-S03,10,2027-04-10,"Roy Eng, Michael McGuire, and Mark Robinson developed an adjustable pet wheelchair for animals that have lost use of their rear legs through injury or paralysis.",3,April,Adjustable wheelchair for pets,Inventions,The article identifies the three inventors and states that their adjustable wheelchair helps pets with rear-leg loss caused by injury or paralysis.,high,https://invention.si.edu/inventing-mans-best-friend,Assistive devices,Inventing for Man's Best Friend | Lemelson,invention.si.edu,verified
FACT-2027-04-10-S04,10,2027-04-10,"White-tailed antelope ground squirrels can have internal temperatures of 90–107°F (32–42°C), do not sweat, and cool their heads with saliva.",4,April,White-tailed antelope ground squirrels tolerate extreme heat,Animals,"Its adaptions to heat include a higher internal temperature (90-107°F / 32-42° C), conserving moisture by not sweating, and cooling itself by washing its head with saliva.",high,https://www.nps.gov/care/learn/nature/naturalfeaturesandecosystems.htm,Desert Adaptations,Natural Features & Ecosystems - Capitol Reef National Park (U.S. National Park Service),www.nps.gov,verified
FACT-2027-04-10-S05,10,2027-04-10,The invention of agriculture made recognizing the seasons especially important.,5,April,Agriculture increased the importance of seasons,History,"With the invention of agriculture, the seasons became even more crucial.",high,https://www.britannica.com/science/history-of-science,Agriculture,"History of science | Definition, Natural Philosophy, & Development of Science | Britannica",www.britannica.com,verified
FACT-2027-04-10-S06,10,2027-04-10,"In the open ocean, winds drive currents that circulate water for thousands of miles throughout ocean basins.",6,April,Winds circulate ocean water globally,Ocean & Marine,"In the open ocean, winds drive currents that circulate water for thousands of miles throughout the ocean basins.",high,https://oceanservice.noaa.gov/facts/current.html,Global circulation,What is a current?,oceanservice.noaa.gov,verified
FACT-2027-04-10-S07,10,2027-04-10,Earth completes one rotation every 23.9 hours and one orbit around the Sun every 365.25 days.,7,April,Earth's rotation and orbit,Space,It completes one rotation every 23.9 hours. It takes 365.25 days to complete one trip around the Sun.,high,https://science.nasa.gov/earth/facts/,Orbital Mechanics,Facts About Earth,science.nasa.gov,verified
FACT-2027-04-10-S08,10,2027-04-10,North American regional surface processes and continent-scale tectonic events can be represented across three spatial dimensions and geologic time.,8,April,Dimensions of geologic history,Geography,"Regional surface processes as well as continent-scale tectonic events are exposed in the three dimensions of space and the fourth dimension, geologic time.",high,https://www.usgs.gov/educational-resources/geology-education,Geologic History,Geology Education | U.S. Geological Survey,www.usgs.gov,verified
FACT-2027-04-10-S09,10,2027-04-10,Sleep consists of non-rapid eye movement sleep and rapid eye movement sleep.,9,April,Sleep has NREM and REM phases,Human Body,Sleep follows a relatively predictable cyclical pattern consisting of 2 major phases: NREM sleep and REM sleep.,high,https://www.ncbi.nlm.nih.gov/books/NBK482512/,Sleep Architecture,Physiology of Sleep - StatPearls - NCBI Bookshelf,www.ncbi.nlm.nih.gov,verified
FACT-2027-04-10-S10,10,2027-04-10,"Jupiter's largest moons are Io, Europa, Ganymede, and Callisto.",10,April,The Galilean moons,Space,"Jupiter's largest moons, from left to right: Io, Europa, Ganymede, Callisto.",high,https://science.nasa.gov/solar-system/moons/,Jupiter's moons,Moons,science.nasa.gov,verified
FACT-2027-04-10-S11,10,2027-04-10,"Springs and seeps cover only 0.01% of Grand Canyon’s landscape, but species concentrations there may be 500 times higher than in the surrounding desert.",11,April,Grand Canyon springs support concentrated life,Nature,"Springs and seeps make up just 0.01% of Grand Canyon's landscape, but species concentrations may be 500 times that of the surrounding desert.",high,https://www.nps.gov/grca/planyourvisit/upload/grca_ecology.pdf,Springs and seeps,A Living Canyon: Discovering Life at Grand Canyon,www.nps.gov,verified
FACT-2027-04-10-S12,10,2027-04-10,The igneous and metamorphic rocks of the Grand Canyon’s inner gorge formed about two billion years ago.,12,April,Grand Canyon’s oldest rocks are nearly two billion years old,Science,The story begins about 2 billion years ago when igneous and metamorphic rocks were formed.,high,https://www.nps.gov/grca/learn/nature/grca-geology.htm,Rock Formation,Geology - Grand Canyon National Park (U.S. National Park Service),www.nps.gov,verified
FACT-2027-04-10-S13,10,2027-04-10,"Near estuary entrances, narrow straits, and inlets, tidal-current speeds can reach several kilometers per hour.",13,April,Narrow waterways can produce fast tidal currents,Ocean & Marine,"Near estuary entrances, narrow straits and inlets, the speed of tidal currents can reach up to several kilometers per hour.",high,https://oceanservice.noaa.gov/education/tutorial_tides/tides01_intro.html,Coastal Currents,What are Tides - Tides and Water Levels: NOAA's National Ocean Service Education,oceanservice.noaa.gov,verified
FACT-2027-04-10-S14,10,2027-04-10,"Science On a Sphere visualizations show information provided by satellites, ground observations, and computer models.",14,April,Science On a Sphere visualizations use multiple data sources,Technology,"The visualizations show information provided by satellites, ground observations and computer models.",high,https://www.noaa.gov/education/resources,Earth observation,NOAA Sea to Sky: Education resource database | National Oceanic and Atmospheric Administration,www.noaa.gov,verified
FACT-2027-04-10-S15,10,2027-04-10,"Mastodon teeth have two rows of bluntly pointed cusps resembling an egg carton, unlike the washboard-like chewing surfaces of elephant or mammoth teeth.",15,April,Mastodon teeth differ from elephant and mammoth teeth,Animals,"Its teeth are much different: the chewing surface is something like an egg carton, with two rows of bluntly pointed cusps, unlike the washboard-like surface of elephant or mammoth teeth.",high,https://nps.gov/articles/paleontology-and-geology-of-big-bone-lick-national-natural-landmark.htm,Mastodons,Paleontology and Geology of Big Bone Lick National Natural Landmark (U.S. National Park Service),nps.gov,verified
FACT-2027-04-10-S16,10,2027-04-10,"Biologists give all organisms, living or extinct, scientific names to make identification easier across different languages and regions.",16,April,Purpose of binomial names,Language,"All organisms, living or extinct, are given a name by biologists to make identification easier across different languages and regions.",high,https://www.britannica.com/Science-Tech,Scientific nomenclature,Science & Tech | Britannica,www.britannica.com,verified
FACT-2027-04-10-S17,10,2027-04-10,The sizes of cells within a given cell type are generally well described by a lognormal distribution and often span about an order of magnitude.,17,April,Individual cell types usually have lognormal size distributions,Human Body,"The sizes of cells within a given type are usually well described by a lognormal distribution, often ranging over about an order of magnitude.",high,https://pmc.ncbi.nlm.nih.gov/articles/PMC10523466/,Cell Size Distribution,The human cell count and size distribution - PMC,pmc.ncbi.nlm.nih.gov,verified
FACT-2027-04-10-S18,10,2027-04-10,The map includes parts of the Commonwealth of the Northern Mariana Islands and part of American Samoa.,18,April,Northern Mariana Islands and American Samoa partly included,Geography,"Most U.S. territories are included for the first time ... parts of the Commonwealth of the Northern Mariana Islands, and part of American Samoa.",high,https://www.usgs.gov/news/national-news-release/usgs-cooperative-national-geologic-map-now-covers-50-states-us,U.S. territories,"USGS Cooperative National Geologic Map Now Covers 50 States, U.S. Territories | U.S. Geological Survey",www.usgs.gov,verified
FACT-2027-04-10-S19,10,2027-04-10,Big Bone Lick fossils contributed to the development of the concept of extinction around 1800.,19,April,Big Bone Lick fossils helped inspire the concept of extinction,Science,"It would not come into its own until after the concept of extinction was formulated around 1800, a concept that Big Bone Lick fossils helped to inspire.",high,https://nps.gov/articles/paleontology-and-geology-of-big-bone-lick-national-natural-landmark.htm,Extinction,Paleontology and Geology of Big Bone Lick National Natural Landmark (U.S. National Park Service),nps.gov,verified
FACT-2027-04-10-S20,10,2027-04-10,Science defined as knowledge of natural processes has existed since the dawn of human existence.,20,April,Science has existed since human origins,Science,"Science defined simply as knowledge of natural processes is universal among humankind, and it has existed since the dawn of human existence.",high,https://www.britannica.com/science/history-of-science,History,"History of science | Definition, Natural Philosophy, & Development of Science | Britannica",www.britannica.com,verified
FACT-2027-04-11-S01,11,2027-04-11,The first inhabitants of the zoo were 185 animals under William Temple Hornaday’s care.,1,April,The zoo began with 185 animals,Animals,The first inhabitants of the zoo were the 185 animals under the care of William Temple Hornaday.,high,https://siarchives.si.edu/history/national-zoological-park,Zoo History,siarchives.si.edu — national zoological park,siarchives.si.edu,verified
FACT-2027-04-11-S02,11,2027-04-11,Binomial names are also called scientific names.,2,April,Alternative name for binomial names,Language,"These are called scientific, or binomial, names.",high,https://www.britannica.com/Science-Tech,Scientific nomenclature,Science & Tech | Britannica,www.britannica.com,verified
FACT-2027-04-11-S03,11,2027-04-11,Nebraskans planted more than one million trees during the inaugural Arbor Day.,3,April,Trees planted during the inaugural Arbor Day,Nature,Nebraskans celebrated by planting more than one million trees.,high,https://www.loc.gov/item/today-in-history/april-10/,Tree planting,Today in History - April 10  | Library of Congress,www.loc.gov,verified
FACT-2027-04-11-S04,11,2027-04-11,"Bison supplied food, shelter, household goods, weapons, and cultural and spiritual practices for Native American communities.",4,April,Bison were central to many Native American cultures,History,"Jonny Bearcub Stiffarm says bison provided “household goods,” “shelter,” “food,” and “weapons,” and were interwoven with religion, ceremonies, customs, and spirituality.",high,https://www.si.edu/sidedoor/missing-bison,Native American history,The Missing Bison | Smithsonian Institution,www.si.edu,verified
FACT-2027-04-11-S05,11,2027-04-11,"Cher Ami delivered a message that caused U.S. artillery fire to be redirected, helping save almost 200 soldiers of the Lost Battalion.",5,April,Cher Ami saved the Lost Battalion,Animals,He was able to carry on and save the lives of almost 200 men.,high,https://americanhistory.si.edu/explore/stories/how-did-animals-even-slugs-serve-world-war-i,Military animals,americanhistory.si.edu — how did animals even slugs serve world war i,americanhistory.si.edu,verified
FACT-2027-04-11-S06,11,2027-04-11,"The ETa product methodology combines Landsat surface temperature, reference evapotranspiration, vegetation indices, and net radiation.",6,April,Landsat ETa products use multiple environmental inputs,Technology,"The product’s methodology combines Landsat surface temperature, reference ET, vegetation indices, and net radiation.",high,https://www.usgs.gov/landsat-missions/news/landsat-product-supports-water-management-worldwide,Earth observation,Landsat Product Supports Water Management Worldwide | U.S. Geological Survey,www.usgs.gov,verified
FACT-2027-04-11-S07,11,2027-04-11,NASA uses Velcro to keep equipment from floating inside U.S. space shuttles.,7,April,NASA uses Velcro to secure equipment,Space,NASA uses Velcro® to keep equipment from floating about in US space shuttles.,high,https://invention.si.edu/invention-stories/george-de-mestral-velcror-inventor,Spacecraft equipment,invention.si.edu — george de mestral velcror inventor,invention.si.edu,verified
FACT-2027-04-11-S08,11,2027-04-11,Brooke Martin invented a device that lets dog owners communicate with their pets by video and remotely deliver dog treats.,8,April,Remote video communication with dogs,Inventions,The article describes Martin’s invention as using an Internet-enabled smartphone or tablet to let owners talk to dogs via video and deliver treats remotely.,high,https://invention.si.edu/inventing-mans-best-friend,Pet communication,Inventing for Man's Best Friend | Lemelson,invention.si.edu,verified
FACT-2027-04-11-S09,11,2027-04-11,"Exceptionally preserved small, delicate skeletal elements at Thunderstorm Ridge reveal a diversity of small-bodied tetrapod species.",9,April,The fossil community includes small-bodied tetrapods,Science,"The article says fossils of vertebrates with small, delicate skeletal elements are exceptionally preserved and reveal diverse small-bodied tetrapods.",high,http://nps.gov/articles/000/tetrapod-evolution-at-petrified-forest.htm,Paleontology,NPS Paleontologists Discover Hidden Cradle of Tetrapod Evolution at Petrified Forest National Park: Implications for the Triassic Origins of Living Tetrapod Communities (U.S. National Park Service),nps.gov,verified
FACT-2027-04-11-S10,11,2027-04-11,About 60 of Earth's 550 historically active volcanoes are in eruption in an average year.,10,April,About 60 historically active volcanoes erupt yearly,Nature,"On average, about 60 of Earth's 550 historically active volcanoes are in eruption each year.",high,https://www.usgs.gov/maps/dynamic-planet-world-map-volcanoes-earthquakes-impact-craters-and-plate-tectonics,Volcanic activity,"This dynamic planet: World map of volcanoes, earthquakes, impact craters and plate tectonics | U.S. Geological Survey",www.usgs.gov,verified
FACT-2027-04-11-S11,11,2027-04-11,"Downcutting occurs during floods, when large volumes of water carry rocks and boulders that chip away at the riverbed.",11,April,Floods drive downcutting,Science,"Downcutting happens during flooding. These rocks act like chisels, chipping off pieces of the riverbed.",high,https://www.nps.gov/grca/learn/nature/grca-geology.htm,River Erosion,Geology - Grand Canyon National Park (U.S. National Park Service),www.nps.gov,verified
FACT-2027-04-11-S12,11,2027-04-11,"Marine debris can wash onto beaches, sink, be eaten by marine animals, or accumulate in ocean gyres.",12,April,Fates of marine debris,Ocean & Marine,"Some of the debris ends up on our beaches... Some debris sinks, some is eaten by marine animals... and some accumulates in ocean gyres.",high,https://www.noaa.gov/education/resource-collections/ocean-coasts,Marine debris,Ocean and coasts | National Oceanic and Atmospheric Administration,www.noaa.gov,verified
FACT-2027-04-11-S13,11,2027-04-11,"Sculptor Daniel Chester French created the statue The Minute Man, inspired by Lexington and Concord.",13,April,The Minute Man statue,History,Works of American art and literature were inspired by events at Lexington and Concord ... the statue The Minute Man by sculptor Daniel Chester French.,high,https://memory.loc.gov/ammem/today/apr19.html,American art,Today in History,memory.loc.gov,verified
FACT-2027-04-11-S14,11,2027-04-11,National marine sanctuaries are home to coral communities across the United States and its territories.,14,April,National marine sanctuaries contain coral communities,Ocean & Marine,The web stories section states that sanctuaries are home to coral communities across the United States and territories.,high,https://sanctuaries.noaa.gov/education/teachers/coral-reef/,Coral reef distribution,Coral Reef Ecosystems Resource Collection | National Marine Sanctuaries,sanctuaries.noaa.gov,verified
FACT-2027-04-11-S15,11,2027-04-11,Velcro helped hold a human heart together during the first artificial-heart surgery.,15,April,Velcro helped hold a human heart together,Human Body,Velcro helped hold a human heart together during the first artificial-heart surgery.,high,https://invention.si.edu/invention-stories/george-de-mestral-velcror-inventor,Medical technology,invention.si.edu — george de mestral velcror inventor,invention.si.edu,verified
FACT-2027-04-11-S16,11,2027-04-11,"Petrified Forest National Park is located about 160 kilometers (100 miles) east of Flagstaff in Apache and Navajo Counties, Arizona.",16,April,Petrified Forest National Park is in northeastern Arizona,Geography,"“Petrified Forest National Park is located about 160 km (100 mi) east of Flagstaff in Apache and Navajo Counties, Arizona.”",high,https://www.nps.gov/articles/nps-geodiversity-atlas-petrified-forest-national-park.htm,Location,"NPS Geodiversity Atlas—Petrified Forest National Park, Arizona (U.S. National Park Service)",www.nps.gov,verified
FACT-2027-04-11-S17,11,2027-04-11,Earth's crust averages about 19 miles deep on land and extends about 3 miles from the seafloor to the mantle beneath oceans.,17,April,Earth's crust is thinner beneath oceans,Geography,"Earth's crust, goes about 19 miles (30 kilometers) deep on average on land. At the bottom of the ocean, the crust is thinner and extends about 3 miles (5 kilometers)",high,https://science.nasa.gov/earth/facts/,Geology,Facts About Earth,science.nasa.gov,verified
FACT-2027-04-11-S18,11,2027-04-11,The apparent daily motion of the Sun is relatively simple to observe.,18,April,The Sun's daily motion is easy to observe,Space,"Some motions, like the daily “motion” of the Sun, are simple to observe.",high,https://www.britannica.com/science/history-of-science,Solar Motion,"History of science | Definition, Natural Philosophy, & Development of Science | Britannica",www.britannica.com,verified
FACT-2027-04-11-S19,11,2027-04-11,Most adults experience 4 to 5 complete sleep cycles per night.,19,April,Adults typically complete several sleep cycles,Human Body,Most adults experiencing 4 to 5 complete cycles per night.,high,https://www.ncbi.nlm.nih.gov/books/NBK482512/,Sleep Architecture,Physiology of Sleep - StatPearls - NCBI Bookshelf,www.ncbi.nlm.nih.gov,verified
FACT-2027-04-11-S20,11,2027-04-11,"The Kaibab Limestone, the uppermost rock layer at Grand Canyon, was formed at the bottom of the ocean.",20,April,The Kaibab Limestone formed on an ocean floor,Science,"The Kaibab Limestone, the uppermost layer of rock at Grand Canyon, was formed at the bottom of the ocean.",high,https://www.nps.gov/grca/learn/nature/grca-geology.htm,Colorado Plateau,Geology - Grand Canyon National Park (U.S. National Park Service),www.nps.gov,verified
FACT-2027-04-12-S01,12,2027-04-12,"Arbor Day is now officially celebrated worldwide, usually on the last Friday in April.",1,April,Modern Arbor Day date,Nature,"Arbor Day is now officially celebrated worldwide, usually on the last Friday in April.",high,https://www.loc.gov/item/today-in-history/april-10/,Environmental observances,Today in History - April 10  | Library of Congress,www.loc.gov,verified
FACT-2027-04-12-S02,12,2027-04-12,"Moons are generally solid bodies, and a few have atmospheres.",2,April,Moons are generally solid,Space,"They are generally solid bodies, and a few have atmospheres.",high,https://science.nasa.gov/solar-system/moons/,Moons,Moons,science.nasa.gov,verified
FACT-2027-04-12-S03,12,2027-04-12,"Before television and radio, citizens received news through broadsides and other printed ephemera.",3,April,Broadsides once distributed news before broadcast media,Everyday Life,"In the days before television and radio, citizens received news by way of broadsides and printed ephemera.",high,https://www.loc.gov/collections/broadsides-and-other-printed-ephemera/about-this-collection/,Printed Communication,About this Collection | Printed Ephemera: Three Centuries of Broadsides and Other Printed Ephemera | Digital Collections | Library of Congress,www.loc.gov,verified
FACT-2027-04-12-S04,12,2027-04-12,"In 1896, Hornaday was appointed director of a new zoo established by the New York Zoological Society, now known as the Bronx Zoo.",4,April,Hornaday became director of the Bronx Zoo,History,"In 1896, he was appointed director of a new zoo, now known as the ""Bronx Zoo,"" established by the New York Zoological Society.",high,https://siarchives.si.edu/history/featured-topics/stories/william-temple-hornaday-saving-american-bison,Bronx Zoo,siarchives.si.edu — william temple hornaday saving american bison,siarchives.si.edu,verified
FACT-2027-04-12-S05,12,2027-04-12,"Holocene deposits at Big Bone Lick contain bones of modern mammals such as bison, deer, and elk.",5,April,Holocene deposits contain bones of modern mammals,Animals,"The Holocene deposits also have many bones, but these are of modern mammals such as bison, deer, and elk.",high,https://nps.gov/articles/paleontology-and-geology-of-big-bone-lick-national-natural-landmark.htm,Holocene mammals,Paleontology and Geology of Big Bone Lick National Natural Landmark (U.S. National Park Service),nps.gov,verified
FACT-2027-04-12-S06,12,2027-04-12,Tree trunks and animal bones preserved at the bottom of a subalpine bog can provide evidence of a former ecosystem.,6,April,Subalpine bogs preserve traces of lost ecosystems,Nature,“Tree trunks and animal bones at the bottom of a subalpine bog” are described as traces of “a lost world.”,high,https://www.nps.gov/articles/parkscience32_2_76-78_fiege_3843.htm,Paleoecology,"Nature, history, and environmental history at Rocky Mountain National Park (U.S. National Park Service)",www.nps.gov,verified
FACT-2027-04-12-S07,12,2027-04-12,Somnambulism is a state of combined sleep and wakefulness that can lead to sleepwalking.,7,April,Sleepwalking combines sleep and wakefulness,Human Body,A state of combined sleep and wakefulness that leads to sleepwalking.,high,https://www.ncbi.nlm.nih.gov/books/NBK482512/,Sleep Disorders,Physiology of Sleep - StatPearls - NCBI Bookshelf,www.ncbi.nlm.nih.gov,verified
FACT-2027-04-12-S08,12,2027-04-12,"Venus is the hottest planet in the solar system, even though Mercury is closer to the Sun.",8,April,Venus is the hottest planet,Space,"The hottest planet in our solar system is Venus, even though Mercury is closer to the Sun.",high,https://science.nasa.gov/solar-system/solar-system-facts/,Planets,Solar System: Facts - NASA Science,science.nasa.gov,verified
FACT-2027-04-12-S09,12,2027-04-12,The contact between the Chinle and Bidahochi Formations represents a gap of approximately 190 million years in the rock record.,9,April,A major unconformity separates the Chinle and Bidahochi Formations,Science,“The contact between the Chinle Formation and Bidahochi Formation is an unconformity that represents a gap in the rock record of ~190 million years.”,high,https://www.nps.gov/articles/nps-geodiversity-atlas-petrified-forest-national-park.htm,Geologic Time,"NPS Geodiversity Atlas—Petrified Forest National Park, Arizona (U.S. National Park Service)",www.nps.gov,verified
FACT-2027-04-12-S10,12,2027-04-12,The French government awarded Cher Ami the Croix de Guerre with palm for his bravery and service.,10,April,Cher Ami received a French military award,Animals,The French government awarded Cher Ami with the Croix de Guerre with palm.,high,https://americanhistory.si.edu/explore/stories/how-did-animals-even-slugs-serve-world-war-i,Military animals,americanhistory.si.edu — how did animals even slugs serve world war i,americanhistory.si.edu,verified
FACT-2027-04-12-S11,12,2027-04-12,"Earth's average distance from the Sun is about 93 million miles, or 150 million kilometers, which is one astronomical unit.",11,April,Earth is one astronomical unit from the Sun,Geography,"From an average distance of 93 million miles (150 million kilometers), Earth is exactly one astronomical unit away from the Sun",high,https://science.nasa.gov/earth/facts/,Planetary Distance,Facts About Earth,science.nasa.gov,verified
FACT-2027-04-12-S12,12,2027-04-12,The Industrial Revolution took place from 1750 to 1900.,12,April,Dates of the Industrial Revolution,History,The Industrial Revolution (1750–1900),high,https://www.britannica.com/Science-Tech,Industrial Revolution,Science & Tech | Britannica,www.britannica.com,verified
FACT-2027-04-12-S13,12,2027-04-12,Analyzing primary sources can prompt curiosity and improve critical thinking and analysis skills.,13,April,Analyzing primary sources builds critical thinking,Psychology,“Helping students analyze primary sources can also prompt curiosity and improve critical thinking and analysis skills.”,high,https://www.loc.gov/programs/teachers/getting-started-with-primary-sources,Critical thinking,Getting Started with Primary Sources | Teachers | Programs | Library of Congress,www.loc.gov,verified
FACT-2027-04-12-S14,12,2027-04-12,Technology is the development over time of systematic techniques for making and doing things.,14,April,Technology concerns systematic techniques,Technology,"“history of technology, the development over time of systematic techniques for making and doing things”",high,https://www.britannica.com/technology/history-of-technology,Definition,"History of technology | Evolution, Ages, & Facts | Britannica",www.britannica.com,verified
FACT-2027-04-12-S15,12,2027-04-12,Two SNPs in the NOS1 gene have been reported to be associated with restless legs syndrome in the German population.,15,April,NOS1 variants are associated with restless legs syndrome,Human Body,"Two SNPs, one in intron 1 and one in intron 3 of NOS1, are reported to be associated with RLS in the German population.",high,https://pmc.ncbi.nlm.nih.gov/articles/PMC6389443/,Restless Legs Syndrome,The Molecular Genetics of Human Sleep - PMC,pmc.ncbi.nlm.nih.gov,verified
FACT-2027-04-12-S16,12,2027-04-12,"Detailed foundational geologic mapping of Hawaii supports volcanic-hazard monitoring, groundwater characterization, and land-use planning.",16,April,Hawaii's geologic map supports hazard monitoring,Science,"Providing this information as a foundational map supports hazard monitoring, groundwater characterization, and land-use planning.",high,https://www.usgs.gov/news/national-news-release/usgs-cooperative-national-geologic-map-now-covers-50-states-us,Volcanology,"USGS Cooperative National Geologic Map Now Covers 50 States, U.S. Territories | U.S. Geological Survey",www.usgs.gov,verified
FACT-2027-04-12-S17,12,2027-04-12,"The USGS has published a fact sheet addressing the solar cycle, geology, and geoelectric hazards for power grids.",17,April,Solar cycle and power grids,Science,"The page lists “The Solar Cycle, Geology, and Geoelectric Hazards for Power Grids.”",high,https://www.usgs.gov/hazard-and-national-security-resources,Geoelectric hazards,Hazard and National Security Resources | U.S. Geological Survey,www.usgs.gov,verified
FACT-2027-04-12-S18,12,2027-04-12,Capitol Reef National Park experiences all four seasons.,18,April,Capitol Reef experiences four seasons,Geography,Capitol Reef experiences all four seasons.,high,https://www.nps.gov/care/learn/nature/naturalfeaturesandecosystems.htm,Climate,Natural Features & Ecosystems - Capitol Reef National Park (U.S. National Park Service),www.nps.gov,verified
FACT-2027-04-12-S19,12,2027-04-12,Sponges are among the organisms that rely on coral reefs for survival.,19,April,Sponges rely on coral reefs,Ocean & Marine,"Fish, corals, lobsters, clams, seahorses, sponges, and sea turtles are only a few of the thousands of creatures that rely on reefs for their survival.",high,https://oceanservice.noaa.gov/facts/coral_species.html,Reef biodiversity,What species live in and around coral reefs?,oceanservice.noaa.gov,verified
FACT-2027-04-12-S20,12,2027-04-12,The strongest flood and ebb currents usually occur before or near the times of high and low tides.,20,April,Strongest tidal currents occur near tide changes,Ocean & Marine,The strongest flood and ebb currents usually occur before or near the time of the high and low tides.,high,https://oceanservice.noaa.gov/education/tutorial_tides/tides01_intro.html,Tidal Currents,What are Tides - Tides and Water Levels: NOAA's National Ocean Service Education,oceanservice.noaa.gov,verified
FACT-2027-04-13-S01,13,2027-04-13,Jupiter is one of the celestial bodies listed for comparison on the page.,1,April,Jupiter is included in the planet comparison,Space,Jupiter,high,https://solarsystem.nasa.gov/planet-compare/,Planets,Planet Compare – NASA Solar System Exploration,solarsystem.nasa.gov,verified
FACT-2027-04-13-S02,13,2027-04-13,"Tides involve water moving up and down, while currents involve water moving back and forth.",2,April,Currents move water horizontally,Ocean & Marine,“Tides involve water moving up and down; currents involve the movement of water back and forth.”,high,https://oceanservice.noaa.gov/navigation/tidesandcurrents/,Currents,Tides and Currents,oceanservice.noaa.gov,verified
FACT-2027-04-13-S03,13,2027-04-13,Dogs were used by both Allied and Central Powers as ground messengers because they could navigate trenches and battlefields more subtly than soldiers.,3,April,World War I dogs served as messengers,Animals,Allied and Central Powers used dogs as messengers during World War I.,high,https://americanhistory.si.edu/explore/stories/how-did-animals-even-slugs-serve-world-war-i,Military dogs,americanhistory.si.edu — how did animals even slugs serve world war i,americanhistory.si.edu,verified
FACT-2027-04-13-S04,13,2027-04-13,"Individuals with the DEC2 P384R mutation reported averaging 6.25 hours of sleep per day, compared with 8.06 hours among non-carrier controls.",4,April,Natural short sleepers may sleep about six hours per day,World Records & Extremes,Habitual self-reported total sleep time averaged 6.25 hours for affected individuals and 8.06 hours for non-carrier controls.,high,https://doi.org/10.1016/j.conb.2017.02.015,Human sleep extremes,Human genetics and sleep behavior,doi.org,verified
FACT-2027-04-13-S05,13,2027-04-13,"The ""This Dynamic Planet"" map shows the locations of plate boundaries, volcanoes, earthquakes, and impact craters.",5,April,Global tectonic features,Geography,"Showing the locations of plate boundaries, volcanoes, earthquakes, and impact craters.",high,https://www.usgs.gov/educational-resources/geology-education,Plate Tectonics,Geology Education | U.S. Geological Survey,www.usgs.gov,verified
FACT-2027-04-13-S06,13,2027-04-13,Jefferson used excerpts from the New Testament in four languages to create a compilation of what he considered Jesus’ most authentic actions and teachings.,6,April,Jefferson compiled the Life and Morals of Jesus of Nazareth,History,"""Jefferson used excerpts from the New Testaments in four languages to create a compilation of what he considered to be Jesus' most authentic actions and teachings.""",high,https://loc.gov/collections/thomas-jefferson-papers/about-this-collection,Religious history,"Collection 
            
             Thomas Jefferson Papers, 1606 to 1827",loc.gov,verified
FACT-2027-04-13-S07,13,2027-04-13,Myelin insulates axons and helps nerve signals travel faster and farther.,7,April,Myelin speeds nerve signals,Human Body,Myelin is a fatty molecule which provides insulation for the axon and helps nerve signals travel faster and farther.,high,https://www.ninds.nih.gov/health-information/public-education/brain-basics/brain-basics-know-your-brain,Neurons,Brain Basics: Know Your Brain | National Institute of Neurological Disorders and Stroke,www.ninds.nih.gov,verified
FACT-2027-04-13-S08,13,2027-04-13,The weakest tidal currents occur between flood and ebb currents and are called slack water or slack current.,8,April,Slack water is the weakest tidal-current phase,Ocean & Marine,"The weakest currents occur between the flood and ebb currents and are called ""slack water"" or ""slack current"".",high,https://oceanservice.noaa.gov/education/tutorial_tides/tides01_intro.html,Slack Water,What are Tides - Tides and Water Levels: NOAA's National Ocean Service Education,oceanservice.noaa.gov,verified
FACT-2027-04-13-S09,13,2027-04-13,"The article reports that Imperiled Promise and Revisiting Leopold argue that the traditional distinction between nature and culture, and between natural and cultural resources, has outlived its usefulness.",9,April,The nature-culture distinction is described as outdated,History,"“Both assert that the agency’s traditional distinction between nature and culture, and natural and cultural resources, has outlived its usefulness.”",high,https://www.nps.gov/articles/parkscience32_2_76-78_fiege_3843.htm,Conservation history,"Nature, history, and environmental history at Rocky Mountain National Park (U.S. National Park Service)",www.nps.gov,verified
FACT-2027-04-13-S10,13,2027-04-13,"The Sea Level Rise Learning Module addresses sea level rise, its causes, and its impacts.",10,April,Sea level rise has multiple causes and impacts,Nature,"It informs about sea level rise, its causes, and impacts; and challenges students to think about what they can do in response.",high,https://www.noaa.gov/education/resources,Sea level rise,NOAA Sea to Sky: Education resource database | National Oceanic and Atmospheric Administration,www.noaa.gov,verified
FACT-2027-04-13-S11,13,2027-04-13,"Useful observation questions include asking where the viewer’s eye goes first, what is unexpected, and what powerful words or ideas are expressed.",11,April,Observation questions for sources,Psychology,“Where does your eye go first?”; “What do you see that you didn’t expect?”; “What powerful words and ideas are expressed?”,high,https://www.loc.gov/programs/teachers/getting-started-with-primary-sources,Observation,Getting Started with Primary Sources | Teachers | Programs | Library of Congress,www.loc.gov,verified
FACT-2027-04-13-S12,13,2027-04-13,The Sun and the Moon periodically repeat their movements.,12,April,The Sun and Moon repeat their movements,Space,The Sun and the Moon periodically repeat their movements.,high,https://www.britannica.com/science/history-of-science,Celestial Motions,"History of science | Definition, Natural Philosophy, & Development of Science | Britannica",www.britannica.com,verified
FACT-2027-04-13-S13,13,2027-04-13,Earth MRI focuses on collecting data in areas with potential critical-mineral resources.,13,April,Earth MRI focuses on potential critical-mineral areas,Nature,Earth MRI focuses on collecting data in areas with potential critical mineral resources.,high,https://www.usgs.gov/mission-areas/energy-and-minerals/science/geologic-mapping-and-foundational-science,Critical minerals,Geologic Mapping and Foundational Science | U.S. Geological Survey,www.usgs.gov,verified
FACT-2027-04-13-S14,13,2027-04-13,"USGS geologic databases can include data collected or analyzed by USGS and by State, Tribal, industry, academic, and other partners.",14,April,USGS databases combine data from many partners,Technology,"Our databases ... often include data collected or analyzed by USGS, as well as by a wide network of State, Tribal, industry, academic and other partners.",high,https://www.usgs.gov/mission-areas/energy-and-minerals/science/geologic-mapping-and-foundational-science,Scientific databases,Geologic Mapping and Foundational Science | U.S. Geological Survey,www.usgs.gov,verified
FACT-2027-04-13-S15,13,2027-04-13,Actual evapotranspiration is the movement of water from the land surface and plants into the atmosphere.,15,April,Actual evapotranspiration measures water movement,Science,"The product estimates Actual Evapotranspiration, or ETa, defined as the movement of water from the land surface and plants into the atmosphere.",high,https://www.usgs.gov/landsat-missions/news/landsat-product-supports-water-management-worldwide,Evapotranspiration,Landsat Product Supports Water Management Worldwide | U.S. Geological Survey,www.usgs.gov,verified
FACT-2027-04-13-S16,13,2027-04-13,"The Painted Desert includes multicolored badland hills, flat-topped mesas, and buttes primarily composed of Chinle Formation sandstones, conglomerates, and mudstones.",16,April,"The Painted Desert contains badlands, mesas, and buttes",Science,"“Multi-hued badland hills, flat-topped mesas, and buttes of the Painted Desert are primarily composed of sandstones, conglomerates, and mudstones of the Chinle Formation.”",high,https://www.nps.gov/articles/nps-geodiversity-atlas-petrified-forest-national-park.htm,Landforms,"NPS Geodiversity Atlas—Petrified Forest National Park, Arizona (U.S. National Park Service)",www.nps.gov,verified
FACT-2027-04-13-S17,13,2027-04-13,"Earth’s geologic history spans approximately 4,500 million years.",17,April,Earth is about 4.5 billion years old,Science,"“Earth's 4,500-million-year history”",high,https://pubs.usgs.gov/imap/2800/,Earth history,Geologic Investigations Map I-2800: This Dynamic Planet,pubs.usgs.gov,verified
FACT-2027-04-13-S18,13,2027-04-13,"The bull from Hornaday’s diorama appeared on the 1901 ten-dollar bill, a 1923 stamp, and the 1937 seal of the Department of the Interior.",18,April,The iconic bison bull appeared on U.S. currency and government symbols,Animals,Kirk Johnson identifies these three appearances for the bull.,high,https://www.si.edu/sidedoor/missing-bison,American bison,The Missing Bison | Smithsonian Institution,www.si.edu,verified
FACT-2027-04-13-S19,13,2027-04-13,"Water shapes Capitol Reef's landscape, supports plants and animals, and influences where people live and prosper.",19,April,Water shapes Capitol Reef's landscape,Geography,"Water shapes the landscape, gives life to plants and animals, and determines where people live and prosper.",high,https://www.nps.gov/care/learn/nature/naturalfeaturesandecosystems.htm,Waterpocket Fold,Natural Features & Ecosystems - Capitol Reef National Park (U.S. National Park Service),www.nps.gov,verified
FACT-2027-04-13-S20,13,2027-04-13,"Compared with PER3 4/4 individuals, PER3 5/5 carriers show increased NREM slow-wave activity, greater theta and alpha activity during wakefulness, and increased REM sleep.",20,April,The PER3 5/5 genotype affects sleep-related brain activity,Human Body,"EEG slow wave activity in NREM sleep, theta and alpha activity during wakefulness, and REM sleep were all increased in PER3 5/5 compared with PER3 4/4 individuals.",high,https://doi.org/10.1016/j.conb.2017.02.015,Sleep EEG,Human genetics and sleep behavior,doi.org,verified
FACT-2027-04-14-S01,14,2027-04-14,Both the Allied and Central Powers used tens of thousands of homing pigeons to send messages between military detachments during World War I.,1,April,Pigeons served as World War I messengers,Animals,Both the Allied and the Central Powers used tens of thousands of homing pigeons to send messages between military detachments.,high,https://americanhistory.si.edu/explore/stories/how-did-animals-even-slugs-serve-world-war-i,Military animals,americanhistory.si.edu — how did animals even slugs serve world war i,americanhistory.si.edu,verified
FACT-2027-04-14-S02,14,2027-04-14,The page includes information on how the lungs work and how the body controls breathing.,2,April,The lungs and breathing are anatomy topics,Human Body,How the Lungs Work; How Your Body Controls Breathing,high,https://www.nlm.nih.gov/medlineplus/anatomy.html,Respiratory system,Anatomy | MedlinePlus,www.nlm.nih.gov,verified
FACT-2027-04-14-S03,14,2027-04-14,The FAGA seismic station is located on eastern Taʻū Island in American Samoa.,3,April,FAGA seismic station,Technology,"A USGS Hawaiian Volcano Observatory seismologist services the FAGA seismic station on eastern Taʻū Island, American Samoa.",high,https://www.usgs.gov/observatories/hvo/news/photo-video-chronology-fieldwork-american-samoa,Monitoring infrastructure,Photo & Video Chronology — Fieldwork in American Samoa | U.S. Geological Survey,www.usgs.gov,verified
FACT-2027-04-14-S04,14,2027-04-14,Petrified Forest National Park is part of the Colorado Plateaus Province.,4,April,Petrified Forest lies in the Colorado Plateaus Province,Geography,“Petrified Forest National Park is a part of the Colorado Plateaus Province.”,high,https://www.nps.gov/articles/nps-geodiversity-atlas-petrified-forest-national-park.htm,Physiographic Regions,"NPS Geodiversity Atlas—Petrified Forest National Park, Arizona (U.S. National Park Service)",www.nps.gov,verified
FACT-2027-04-14-S05,14,2027-04-14,The Landsat 4–9 record provides observations from 1982 to the present.,5,April,Landsat provides more than four decades of observations,History,The Landsat 4-9 record from 1982 to the present allows ETa products to deliver historical and ongoing views.,high,https://www.usgs.gov/landsat-missions/news/landsat-product-supports-water-management-worldwide,Earth observation records,Landsat Product Supports Water Management Worldwide | U.S. Geological Survey,www.usgs.gov,verified
FACT-2027-04-14-S06,14,2027-04-14,The Thunderstorm Ridge fossil deposit contains skeletal remains from at least 55 vertebrate species.,6,April,At least 55 vertebrate species accumulated at Thunderstorm Ridge,Science,The article states that skeletal remains of at least 55 vertebrate species accumulated at the site.,high,http://nps.gov/articles/000/tetrapod-evolution-at-petrified-forest.htm,Paleontology,NPS Paleontologists Discover Hidden Cradle of Tetrapod Evolution at Petrified Forest National Park: Implications for the Triassic Origins of Living Tetrapod Communities (U.S. National Park Service),nps.gov,verified
FACT-2027-04-14-S07,14,2027-04-14,"The five officially recognized dwarf planets are Ceres, Pluto, Haumea, Makemake, and Eris.",7,April,Five officially recognized dwarf planets,Space,"There are five officially recognized dwarf planets in our solar system: Ceres, Pluto, Haumea, Makemake, and Eris.",high,https://science.nasa.gov/solar-system/planets/,Dwarf Planets,About the Planets,science.nasa.gov,verified
FACT-2027-04-14-S08,14,2027-04-14,A tidal current is the horizontal movement of water that often accompanies the rising and falling of the tide.,8,April,Tidal currents are horizontal water movements,Ocean & Marine,A horizontal movement of water often accompanies the rising and falling of the tide. This is called the tidal current.,high,https://oceanservice.noaa.gov/education/tutorial_tides/tides01_intro.html,Tidal Currents,What are Tides - Tides and Water Levels: NOAA's National Ocean Service Education,oceanservice.noaa.gov,verified
FACT-2027-04-14-S09,14,2027-04-14,"Hornaday acquired live bison specimens and brought them to Washington, DC, where they were displayed behind the Smithsonian Castle.",9,April,Hornaday brought live bison to Washington,Animals,"He also acquired live specimens which he brought to Washington, DC, and placed on display behind the Smithsonian Castle.",high,https://siarchives.si.edu/history/featured-topics/stories/william-temple-hornaday-saving-american-bison,American Bison,siarchives.si.edu — william temple hornaday saving american bison,siarchives.si.edu,verified
FACT-2027-04-14-S10,14,2027-04-14,"A belt of folded and faulted rocks extends more than 2,000 miles from present-day Maine to Georgia.",10,April,The Appalachians extend from Maine to Georgia,Geography,"An entire belt of folded and faulted rocks extends over 2,000 miles from what is now Maine to Georgia.",high,https://home.nps.gov/grsm/learn/nature/naturalfeaturesandecosystems.htm,Appalachian Mountains,Natural Features & Ecosystems - Great Smoky Mountains National Park (U.S. National Park Service),home.nps.gov,verified
FACT-2027-04-14-S11,14,2027-04-14,"In the past, influenza was sometimes known as the grippe.",11,April,Influenza was sometimes called the grippe,Language,“In the past the flu was sometimes known as the grippe.”,high,https://www.loc.gov/programs/teachers/getting-started-with-primary-sources/finding/,Historical terminology,Finding Primary Sources | Getting Started with Primary Sources | Teachers | Programs | Library of Congress,www.loc.gov,verified
FACT-2027-04-14-S12,14,2027-04-14,The U.S. History Primary Sources Timeline uses Library of Congress historical primary sources to explore important topics and moments in U.S. history.,12,April,The U.S. History Primary Sources Timeline covers important topics,History,“Explore important topics and moments in U.S. history through historical primary sources from the Library’s collections.”,high,https://www.loc.gov/programs/teachers/getting-started-with-primary-sources/finding/,U.S. history,Finding Primary Sources | Getting Started with Primary Sources | Teachers | Programs | Library of Congress,www.loc.gov,verified
FACT-2027-04-14-S13,14,2027-04-14,PER3 5/5 individuals develop higher sleep pressure after sleep deprivation and experience a greater detrimental impact from it.,13,April,PER3 5/5 carriers experience greater effects of sleep deprivation,Human Body,Sleep-deprived PER3 5/5 individuals had elevated sleep homeostatic pressure and showed a greater detrimental impact of sleep deprivation.,high,https://doi.org/10.1016/j.conb.2017.02.015,Sleep homeostasis,Human genetics and sleep behavior,doi.org,verified
FACT-2027-04-14-S14,14,2027-04-14,"Confidence that a health news story is correct increases when it comes from a nonadvocacy media outlet, is written by a trained science or health reporter, and quotes experts unconnected to the study.",14,April,Several features increase confidence in health news,Science,"“The likelihood that the story is correct increases if it comes from a media outlet that isn’t promoting a point of view or cause, was written by a trained science or health reporter, and includes quotes from experts not connected to the study.”",high,https://www.nccih.nih.gov/health/tips/10-things-to-know-about-the-science-of-health,Health journalism,10 Things To Know About the Science of Health | NCCIH,www.nccih.nih.gov,verified
FACT-2027-04-14-S15,14,2027-04-14,"Beginning about 630,000 years ago, lava from volcanoes near the western Grand Canyon dammed the Colorado River at least 13 times.",15,April,Lava dams repeatedly blocked the Colorado River,Science,"Beginning about 630,000 years ago, lava cascaded over the canyon’s North Rim ... damming the river at least 13 times.",high,https://www.nps.gov/grca/learn/nature/grca-geology.htm,Volcanism,Geology - Grand Canyon National Park (U.S. National Park Service),www.nps.gov,verified
FACT-2027-04-14-S16,14,2027-04-14,Thermohaline circulation is driven by water-density differences caused by temperature and salinity variations.,16,April,Density drives thermohaline circulation,Ocean & Marine,This is a process driven by density differences in water due to temperature (thermo) and salinity (haline) variations.,high,https://oceanservice.noaa.gov/facts/current.html,Thermohaline circulation,What is a current?,oceanservice.noaa.gov,verified
FACT-2027-04-14-S17,14,2027-04-14,Annual precipitation ranges from 10 inches at the north boundary to 80 inches in the southwest corner.,17,April,Yellowstone’s precipitation varies widely,Nature,Annual precipitation ranges from 10 inches (26 cm) at the north boundary to 80 inches (205 cm) in the southwest corner.,high,https://www.nps.gov/yell/planyourvisit/parkfacts.htm,Climate,Park Facts - Yellowstone National Park (U.S. National Park Service),www.nps.gov,verified
FACT-2027-04-14-S18,14,2027-04-14,"Naturally occurring, low-intensity fires clear ponderosa pine forests, add nutrients to the soil, and reduce competition among trees.",18,April,Ponderosa pine forests depend on natural fire,Nature,"Naturally occurring, low-intensity fires clear the forest and add crucial nutrients to the soil. These fires reduce competition.",high,https://www.nps.gov/grca/planyourvisit/upload/grca_ecology.pdf,Fire ecology,A Living Canyon: Discovering Life at Grand Canyon,www.nps.gov,verified
FACT-2027-04-14-S19,14,2027-04-14,"The solar system orbits the center of the Milky Way at about 515,000 mph (828,000 kph).",19,April,The solar system orbits the Milky Way,Space,"Our solar system orbits the center of the galaxy at about 515,000 mph (828,000 kph).",high,https://science.nasa.gov/solar-system/solar-system-facts/,Solar System,Solar System: Facts - NASA Science,science.nasa.gov,verified
FACT-2027-04-14-S20,14,2027-04-14,"Charlotte Cramer Sachs developed the Watch Dog, a dog collar with a built-in watch, in the 1950s.",20,April,Watch Dog collar,Inventions,"The article states that Sachs developed her own line of dog accessories in the 1950s, including the Watch Dog collar.",high,https://invention.si.edu/inventing-mans-best-friend,Dog accessories,Inventing for Man's Best Friend | Lemelson,invention.si.edu,verified
FACT-2027-04-15-S01,15,2027-04-15,Five forest types within Great Smoky Mountains National Park support its diverse plant life.,1,April,The park contains five forest types,Nature,"Five forest types within the park support over 1,500 species of flowering plants and at least 4,000 non-flowering varieties.",high,https://home.nps.gov/grsm/learn/nature/naturalfeaturesandecosystems.htm,Forest ecosystems,Natural Features & Ecosystems - Great Smoky Mountains National Park (U.S. National Park Service),home.nps.gov,verified
FACT-2027-04-15-S02,15,2027-04-15,Smart collars can track a dog’s location and activity level and sync the data to the owner’s smartphone.,2,April,Smart collars track canine activity,Technology,"The article states that owners can use smart collars to track location and activity, with the data synced to a smartphone.",high,https://invention.si.edu/inventing-mans-best-friend,Wearable technology,Inventing for Man's Best Friend | Lemelson,invention.si.edu,verified
FACT-2027-04-15-S03,15,2027-04-15,Failure to recognize the proper planting time could lead to starvation.,3,April,Planting at the wrong time could cause starvation,History,Failure to recognize the proper time for planting could lead to starvation.,high,https://www.britannica.com/science/history-of-science,Agriculture,"History of science | Definition, Natural Philosophy, & Development of Science | Britannica",www.britannica.com,verified
FACT-2027-04-15-S04,15,2027-04-15,"Oil spills can harm sea creatures, damage beaches, and make seafood unsafe to eat.",4,April,Effects of ocean oil spills,Ocean & Marine,"Oil spills can harm sea creatures, ruin a day at the beach, and make seafood unsafe to eat.",high,https://www.noaa.gov/education/resource-collections/ocean-coasts,Oil spills,Ocean and coasts | National Oceanic and Atmospheric Administration,www.noaa.gov,verified
FACT-2027-04-15-S05,15,2027-04-15,"Cher Ami’s aluminum leg band was stamped “NURP 18 EAD 615,” identifying him as a pigeon born in 1918 and registered under loft code EAD.",5,April,Cher Ami’s identification band recorded his origin,Animals,“His aluminum identification band on his left leg is stamped ‘NURP 18 EAD 615’ ... born 1918 ... bird number 615.”,high,https://www.si.edu/object/cher-ami:nmah_425415,Animal Identification,www.si.edu — cher ami:nmah 425415,www.si.edu,verified
FACT-2027-04-15-S06,15,2027-04-15,"The American Red Star Animal Relief created a veterinary corps, supplied medical resources to Army camps, and distributed more than 80,000 horse first-aid booklets.",6,April,The Red Star Animal Relief supported army animals,History,"The organization created and distributed over 80,000 booklets to American soldiers that detailed first aid for horses, and it supplied veterinary ambulances and medical supplies to Army camps.",high,https://americanhistory.si.edu/explore/stories/how-did-animals-even-slugs-serve-world-war-i,Animal welfare,americanhistory.si.edu — how did animals even slugs serve world war i,americanhistory.si.edu,verified
FACT-2027-04-15-S07,15,2027-04-15,Mercury's orbit brings it as close as 29 million miles (47 million kilometers) and as far as 43 million miles (70 million kilometers) from the Sun.,7,April,Mercury has an eccentric orbit,Space,"Mercury's highly eccentric, egg-shaped orbit takes the planet as close as 29 million miles and as far as 43 million miles from the Sun.",high,https://science.nasa.gov/mercury/facts/,Orbit,Mercury: Facts,science.nasa.gov,verified
FACT-2027-04-15-S08,15,2027-04-15,Version 2.0 of the Cooperative National Geologic Map provides standardized geologic data for all 50 U.S. states.,8,April,National geologic map reaches all 50 states,Geography,This version is the first digital map to provide standardized geologic data for all 50 states and most territories.,high,https://www.usgs.gov/news/national-news-release/usgs-cooperative-national-geologic-map-now-covers-50-states-us,Geologic mapping,"USGS Cooperative National Geologic Map Now Covers 50 States, U.S. Territories | U.S. Geological Survey",www.usgs.gov,verified
FACT-2027-04-15-S09,15,2027-04-15,The site yielded eight new species of sphenodontians and stem lizards.,9,April,Thunderstorm Ridge contains eight new sphenodontian and stem-lizard species,Animals,The article specifically reports eight new species of sphenodontians and stem lizards.,high,http://nps.gov/articles/000/tetrapod-evolution-at-petrified-forest.htm,Reptiles,NPS Paleontologists Discover Hidden Cradle of Tetrapod Evolution at Petrified Forest National Park: Implications for the Triassic Origins of Living Tetrapod Communities (U.S. National Park Service),nps.gov,verified
FACT-2027-04-15-S10,15,2027-04-15,Larger studies can increase the accuracy of findings and reduce the probability that an observed effect was due to chance.,10,April,Larger studies can reduce chance findings,Science,“Larger studies can increase the accuracy of the study findings and reduce the probability that any effect observed in the study was due to chance.”,high,https://www.nccih.nih.gov/health/tips/10-things-to-know-about-the-science-of-health,Study design,10 Things To Know About the Science of Health | NCCIH,www.nccih.nih.gov,verified
FACT-2027-04-15-S11,15,2027-04-15,"A 1792 paint advertisement listed more colors than a modern reader might expect, offering clues about colors used in the homes of the nation's founders.",11,April,A 1792 paint advertisement listed many colors,Everyday Life,The list of colors (more than one might expect) gives clues about the shades and hues that adorned the homes of the nation's founders.,high,https://www.loc.gov/collections/broadsides-and-other-printed-ephemera/about-this-collection/,Consumer Goods,About this Collection | Printed Ephemera: Three Centuries of Broadsides and Other Printed Ephemera | Digital Collections | Library of Congress,www.loc.gov,verified
FACT-2027-04-15-S12,15,2027-04-15,The USGS has published a quantitative assessment of earthquake disruption risk to global copper and rhenium supply.,12,April,Copper and rhenium supply risk,Science,The page lists “Quantitative Risk of Earthquake Disruption to global copper and rhenium supply.”,high,https://www.usgs.gov/hazard-and-national-security-resources,Mineral supply,Hazard and National Security Resources | U.S. Geological Survey,www.usgs.gov,verified
FACT-2027-04-15-S13,15,2027-04-15,University of Minnesota psychologist B. F. Skinner suggested using pigeons to guide missiles.,13,April,B. F. Skinner proposed pigeon-guided missiles,Psychology,University of Minnesota psychologist B. F. Skinner suggested that a missile nose cone be supplied with three compartments.,high,https://www.americanhistory.si.edu/collections/object/nmah_690069,Behavioral conditioning,www.americanhistory.si.edu — nmah 690069,www.americanhistory.si.edu,verified
FACT-2027-04-15-S14,15,2027-04-15,Watersheds are studied as part of freshwater environments.,14,April,Watersheds are freshwater systems,Geography,"Freshwater topics include watersheds, flooding, and pollution.",high,https://www.noaa.gov/education/resource-collections,Water systems,Resource collections | National Oceanic and Atmospheric Administration,www.noaa.gov,verified
FACT-2027-04-15-S15,15,2027-04-15,"Global actual evapotranspiration is one of the essential climate variables needed to understand and manage relationships among food, energy, and water resources.",15,April,Global actual evapotranspiration is an essential climate variable,Science,"Global actual evapotranspiration (ET) is one of the essential climate variables needed to understand and manage the relationships among food, energy, and water resources.",high,https://www.usgs.gov/landsat-missions/news/landsat-product-supports-water-management-worldwide,Climate variables,Landsat Product Supports Water Management Worldwide | U.S. Geological Survey,www.usgs.gov,verified
FACT-2027-04-15-S16,15,2027-04-15,Earth is the only place where life has been found in our solar system so far.,16,April,Known life in the solar system,Space,"So far, Earth is the only place we've found life in our solar system.",high,https://science.nasa.gov/solar-system/,Life,Solar System Exploration,science.nasa.gov,verified
FACT-2027-04-15-S17,15,2027-04-15,"The Exploring Ocean Mysteries collection contains 17 lessons designed to teach Ocean Literacy Principles while meeting NGSS, Common Core, and Climate Literacy standards.",17,April,Ocean literacy lessons can align with science standards,Ocean & Marine,"This collection of 17 lessons that makes it easy to teach the Ocean Literacy Principles while meeting NGSS, Common Core, and Climate Literacy standards.",high,https://www.noaa.gov/education/resources,Ocean education,NOAA Sea to Sky: Education resource database | National Oceanic and Atmospheric Administration,www.noaa.gov,verified
FACT-2027-04-15-S18,15,2027-04-15,"The cerebrum is the source of conscious thoughts and actions and supports memory, planning, imagination, and thinking.",18,April,The cerebrum supports conscious thought,Human Body,"The cerebrum ... is the source of conscious thoughts and actions. It holds your memories and allows you to plan, imagine, and think.",high,https://www.ninds.nih.gov/health-information/public-education/brain-basics/brain-basics-know-your-brain,Cerebrum,Brain Basics: Know Your Brain | National Institute of Neurological Disorders and Stroke,www.ninds.nih.gov,verified
FACT-2027-04-15-S19,15,2027-04-15,Some genes affect an organism’s ability to respond to sleep deprivation.,19,April,Genes can influence recovery from sleep deprivation,Human Body,“Genes that affect this component lead to alterations in an organism’s ability to respond to sleep deprivation.”,high,https://pubmed.ncbi.nlm.nih.gov/33360546/,Sleep homeostasis,Recent advances in sleep genetics - PubMed,pubmed.ncbi.nlm.nih.gov,verified
FACT-2027-04-15-S20,15,2027-04-15,"The oldest bristlecone pines in Capitol Reef are up to 5,000 years old.",20,April,"Some Capitol Reef bristlecone pines are 5,000 years old",Nature,"They grow extremely slowly; the oldest of these are up to 5,000 years old.",high,https://www.nps.gov/care/learn/nature/naturalfeaturesandecosystems.htm,Bristlecone Pines,Natural Features & Ecosystems - Capitol Reef National Park (U.S. National Park Service),www.nps.gov,verified
FACT-2027-04-16-S01,16,2027-04-16,Mercury completes one rotation on its axis every 59 Earth days.,1,April,Mercury's rotation period,Space,Mercury spins slowly on its axis and completes one rotation every 59 Earth days.,high,https://science.nasa.gov/mercury/facts/,Rotation,Mercury: Facts,science.nasa.gov,verified
FACT-2027-04-16-S02,16,2027-04-16,"Great Smoky Mountains National Park contains more than 1,500 species of flowering plants.",2,April,"The park has more than 1,500 flowering plant species",Nature,"Five forest types within the park support over 1,500 species of flowering plants.",high,https://home.nps.gov/grsm/learn/nature/naturalfeaturesandecosystems.htm,Biodiversity,Natural Features & Ecosystems - Great Smoky Mountains National Park (U.S. National Park Service),home.nps.gov,verified
FACT-2027-04-16-S03,16,2027-04-16,Tide-station data are recorded electronically and transmitted via satellite every six minutes.,3,April,Water-level data are transmitted by satellite every six minutes,Technology,"“All data are recorded electronically, transmitted via satellite every six minutes, and made available online.”",high,https://oceanservice.noaa.gov/navigation/tidesandcurrents/,Ocean Monitoring,Tides and Currents,oceanservice.noaa.gov,verified
FACT-2027-04-16-S04,16,2027-04-16,"Porcupines in higher elevations eat fresh evergreen needles, mistletoe, and tree bark.",4,April,Porcupines eat evergreen vegetation and tree bark,Animals,"You might spot a porcupine gnawing on fresh evergreen needles or a clump of mistletoe. Typically found in higher elevations, porcupines also eat tree bark.",high,https://www.nps.gov/care/learn/nature/naturalfeaturesandecosystems.htm,Porcupines,Natural Features & Ecosystems - Capitol Reef National Park (U.S. National Park Service),www.nps.gov,verified
FACT-2027-04-16-S05,16,2027-04-16,Corals rely on a relationship with plant-like algae to build large biological structures.,5,April,Corals rely on symbiotic algae,Ocean & Marine,Coral ... relies on its relationship with plant-like algae to build the largest structures of biological origin on Earth.,high,https://oceanservice.noaa.gov/ocean/corals/,Coral biology,Coral Reefs,oceanservice.noaa.gov,verified
FACT-2027-04-16-S06,16,2027-04-16,The site contains possible salamander fossils described as the oldest known from North America.,6,April,Possible salamanders from Thunderstorm Ridge are the oldest known in North America,Animals,The article identifies the fossils as those of the oldest possible salamanders known from North America.,high,http://nps.gov/articles/000/tetrapod-evolution-at-petrified-forest.htm,Evolution,NPS Paleontologists Discover Hidden Cradle of Tetrapod Evolution at Petrified Forest National Park: Implications for the Triassic Origins of Living Tetrapod Communities (U.S. National Park Service),nps.gov,verified
FACT-2027-04-16-S07,16,2027-04-16,Saturn has a density of 687 kilograms per cubic meter.,7,April,Saturn has the lowest listed density,Space,"Density row, Saturn column: 687",high,https://nssdc.gsfc.nasa.gov/planetary/factsheet/,Planetary Measurements,Planetary Fact Sheet,nssdc.gsfc.nasa.gov,verified
FACT-2027-04-16-S08,16,2027-04-16,Countless numbers of creatures rely on coral reefs for survival.,8,April,Many creatures depend on coral reefs,Ocean & Marine,Countless numbers of creatures rely on coral reefs for their survival.,high,https://oceanservice.noaa.gov/ocean/corals/,Coral reef ecosystems,Coral Reefs,oceanservice.noaa.gov,verified
FACT-2027-04-16-S09,16,2027-04-16,The size difference between red blood cells and some large cells called myocytes is about one million-fold.,9,April,Some human cell types differ in size by a million-fold,Human Body,That's the size difference between red blood cells—not even the smallest cells in our bodies—and some of our largest cells called myocytes.,high,https://nigms.nih.gov/biobeat/2024/09/cells-by-the-numbers-2,Cell size,Cells by the Numbers | National Institute of General Medical Sciences,nigms.nih.gov,verified
FACT-2027-04-16-S10,16,2027-04-16,"Yellowstone has more than 500 active geysers, representing more than half of the world’s geysers.",10,April,Yellowstone has more than half the world’s geysers,World Records & Extremes,More than 500 active geysers (more than half the world's geysers),high,https://www.nps.gov/yell/planyourvisit/parkfacts.htm,Geysers,Park Facts - Yellowstone National Park (U.S. National Park Service),www.nps.gov,verified
FACT-2027-04-16-S11,16,2027-04-16,Researchers conducted the first multivariate GWAS of sleep and circadian health using genomic structural equation modeling.,11,April,The study used multivariate genome-wide association analysis,Science,The abstract describes the study as the first multivariate GWAS using genomic structural equation modeling.,high,https://pmc.ncbi.nlm.nih.gov/articles/PMC10851865/,Genetics,Multivariate genome-wide association study of sleep health demonstrates unity and diversity,pmc.ncbi.nlm.nih.gov,verified
FACT-2027-04-16-S12,16,2027-04-16,The strongest evidence about a treatment’s usefulness and safety comes from results of several studies conducted by different investigators.,12,April,Multiple studies provide stronger evidence,Science,“The strongest evidence about whether a treatment is useful and safe consists of results from several studies by different investigators.”,high,https://www.nccih.nih.gov/health/tips/10-things-to-know-about-the-science-of-health,Evidence evaluation,10 Things To Know About the Science of Health | NCCIH,www.nccih.nih.gov,verified
FACT-2027-04-16-S13,16,2027-04-16,"A canyon is a type of erosional valley with extremely steep sides, often forming vertical or nearly vertical cliffs.",13,April,Grand Canyon is an erosional valley,Geography,A canyon is a type of erosional valley with extremely steep sides.,high,https://www.nps.gov/grca/learn/nature/grca-geology.htm,Landforms,Geology - Grand Canyon National Park (U.S. National Park Service),www.nps.gov,verified
FACT-2027-04-16-S14,16,2027-04-16,"Slow-wave activity below 4.5 Hz is used as a marker of sleep intensity and sleep need, with greater slow-wave activity indicating deeper sleep and higher sleep need.",14,April,Slow-wave activity reflects sleep intensity,Human Body,SWA is believed to be a marker of sleep intensity and to reflect sleep need; greater SWA indicates a deeper sleep and a higher sleep need.,high,https://pmc.ncbi.nlm.nih.gov/articles/PMC6389443/,Sleep Measurement,The Molecular Genetics of Human Sleep - PMC,pmc.ncbi.nlm.nih.gov,verified
FACT-2027-04-16-S15,16,2027-04-16,The Library of Congress’s online collections are strongest in the nineteenth and early part of the twentieth century.,15,April,Library collections are strongest in the nineteenth and early twentieth centuries,History,"“The Library’s online collections are extensive, but they do have limits, and are strongest in the nineteenth and early part of the twentieth century.”",high,https://www.loc.gov/programs/teachers/getting-started-with-primary-sources/finding/,Archival collections,Finding Primary Sources | Getting Started with Primary Sources | Teachers | Programs | Library of Congress,www.loc.gov,verified
FACT-2027-04-16-S16,16,2027-04-16,"Arbor Day Leaves, published in 1893, included a brief history of Arbor Day and a sample school program.",16,April,Arbor Day Leaves,History,"Arbor Day Leaves, published in 1893, provides a brief history of Arbor Day, an overview of Arbor Day observances, and a sample Arbor Day program.",high,https://www.loc.gov/item/today-in-history/april-10/,Arbor Day publications,Today in History - April 10  | Library of Congress,www.loc.gov,verified
FACT-2027-04-16-S17,16,2027-04-16,"Velcro is used in sneakers, backpacks, jackets, wallets, watchbands, and children's toys.",17,April,Velcro is used in many everyday items,Everyday Life,"It’s used in sneakers, backpacks, jackets, wallets, watchbands, and children’s toys.",high,https://invention.si.edu/invention-stories/george-de-mestral-velcror-inventor,Consumer products,invention.si.edu — george de mestral velcror inventor,invention.si.edu,verified
FACT-2027-04-16-S18,16,2027-04-16,"Much of the genetic architecture of sleep domains differed across loci, mapped genes, and enriched biological pathways.",18,April,Sleep domains have diverse genetic architecture,Science,"The abstract states that loci, mapped genes, and enriched pathways were diverse among sleep domains.",high,https://pmc.ncbi.nlm.nih.gov/articles/PMC10851865/,Genetics,Multivariate genome-wide association study of sleep health demonstrates unity and diversity,pmc.ncbi.nlm.nih.gov,verified
FACT-2027-04-16-S19,16,2027-04-16,The Appalachian Mountains are among the oldest mountain ranges in the world.,19,April,The Appalachian Mountains are among the oldest mountains,Geography,The Appalachian Mountains are among the oldest mountains in the world.,high,https://home.nps.gov/grsm/learn/nature/naturalfeaturesandecosystems.htm,Mountain ranges,Natural Features & Ecosystems - Great Smoky Mountains National Park (U.S. National Park Service),home.nps.gov,verified
FACT-2027-04-16-S20,16,2027-04-16,"The map shows 44,000 earthquakes.",20,April,"The map includes 44,000 earthquakes",Nature,"Over 1500 volcanoes, 44,000 earthquakes, and 170 impact craters.",high,https://www.usgs.gov/maps/dynamic-planet-world-map-volcanoes-earthquakes-impact-craters-and-plate-tectonics,Earthquakes,"This dynamic planet: World map of volcanoes, earthquakes, impact craters and plate tectonics | U.S. Geological Survey",www.usgs.gov,verified
FACT-2027-04-17-S01,17,2027-04-17,"Over its 277-mile journey through Grand Canyon, the Colorado River descends approximately 2,000 feet.",1,April,"The Colorado River descends about 2,000 feet through Grand Canyon",Geography,"On its 277 mile (446 km) journey through Grand Canyon, the Colorado River descends about 2,000 feet.",high,https://www.nps.gov/grca/learn/nature/grca-geology.htm,Colorado River,Geology - Grand Canyon National Park (U.S. National Park Service),www.nps.gov,verified
FACT-2027-04-17-S02,17,2027-04-17,"Environmental historians can help formulate research questions, provide documentary evidence, explain scientific findings, and narrate how park landscapes changed over time.",2,April,Environmental history can support park management,Nature,“They can assist scientists in the formulation of research questions. They can provide documentary evidence… They can narrate the great story of how the park landscape… changed over time.”,high,https://www.nps.gov/articles/parkscience32_2_76-78_fiege_3843.htm,Resource management,"Nature, history, and environmental history at Rocky Mountain National Park (U.S. National Park Service)",www.nps.gov,verified
FACT-2027-04-17-S03,17,2027-04-17,The suprachiasmatic nucleus of the hypothalamus controls the body’s circadian rhythm.,3,April,The suprachiasmatic nucleus regulates circadian timing,Human Body,This rhythm is controlled by the hypothalamus through the suprachiasmatic nucleus.,high,https://www.ncbi.nlm.nih.gov/books/NBK482512/,Circadian Rhythm,Physiology of Sleep - StatPearls - NCBI Bookshelf,www.ncbi.nlm.nih.gov,verified
FACT-2027-04-17-S04,17,2027-04-17,A study of climbing on Longs Peak connected changes in mountaineering with changing environmental conditions and produced knowledge useful for managing crowds in designated wilderness.,4,April,Longs Peak climbing history informs wilderness management,History,“A study of climbing on Longs Peak explains changes in mountaineering in relationship to shifting environmental conditions.”,high,https://www.nps.gov/articles/parkscience32_2_76-78_fiege_3843.htm,Mountaineering,"Nature, history, and environmental history at Rocky Mountain National Park (U.S. National Park Service)",www.nps.gov,verified
FACT-2027-04-17-S05,17,2027-04-17,"An 1840 poster from Alton, Illinois, indicates that people in the nineteenth century could feel strongly about their pets.",5,April,An 1840 lost-dog poster reveals nineteenth-century attitudes toward pets,Everyday Life,"An 1840 poster for a lost dog, printed in Alton, Illinois, shows that people felt as strongly about their pets in the nineteenth century as today.",high,https://www.loc.gov/collections/broadsides-and-other-printed-ephemera/about-this-collection/,Pets,About this Collection | Printed Ephemera: Three Centuries of Broadsides and Other Printed Ephemera | Digital Collections | Library of Congress,www.loc.gov,verified
FACT-2027-04-17-S06,17,2027-04-17,"Transcription factors, kinases, metabolism-related factors, and cell-signaling factors have also been implicated in sleep.",6,April,Several additional biological processes are implicated in sleep,Human Body,"“An increasing number of transcription factors, kinases, metabolism, and cell-signaling factors have also been implicated.”",high,https://pubmed.ncbi.nlm.nih.gov/33360546/,Sleep-related genes,Recent advances in sleep genetics - PubMed,pubmed.ncbi.nlm.nih.gov,verified
FACT-2027-04-17-S07,17,2027-04-17,"In 1975, more than 3,000 acres in Front Royal, Virginia, were transferred to the Smithsonian to establish the zoo’s Conservation and Research Center.",7,April,The zoo’s conservation center was established in Front Royal,Science,"In 1975, the General Services Administration transferred over three thousand acres of land in Front Royal, Virginia, to the Smithsonian Institution to establish the zoo's Conservation and Research Center.",high,https://siarchives.si.edu/history/national-zoological-park,Conservation Biology,siarchives.si.edu — national zoological park,siarchives.si.edu,verified
FACT-2027-04-17-S08,17,2027-04-17,"The Langstroth Beehive is associated with Lorenzo Langstroth and US Patent 9,300, issued in 1852.",8,April,Langstroth beehive patent,Inventions,"The page describes the Langstroth Beehive as being by Lorenzo Langstroth and cites US Patent 9,300, 1852.",high,https://invention.si.edu/invention-stories/bee-hives-buzzing-invention,Beehive designs,Bee Hives Buzzing with Invention,invention.si.edu,verified
FACT-2027-04-17-S09,17,2027-04-17,The solar system formed about 4.6 billion years ago from a dense cloud of interstellar gas and dust.,9,April,The solar system formed 4.6 billion years ago,Space,Our solar system formed about 4.6 billion years ago from a dense cloud of interstellar gas and dust.,high,https://science.nasa.gov/solar-system/solar-system-facts/,Solar System Formation,Solar System: Facts - NASA Science,science.nasa.gov,verified
FACT-2027-04-17-S10,17,2027-04-17,"During the 2014–2017 coral bleaching event, unusually warm waters affected 70% of coral reef ecosystems worldwide.",10,April,The 2014–2017 bleaching event affected most reef ecosystems,Ocean & Marine,"During the 2014-2017 coral bleaching event, unusually warm waters ... affected 70% of coral reef ecosystems worldwide.",high,https://www.noaa.gov/education/resource-collections/marine-life/coral-reef-ecosystems,Coral bleaching,Coral reef ecosystems | National Oceanic and Atmospheric Administration,www.noaa.gov,verified
FACT-2027-04-17-S11,17,2027-04-17,Alaska's complex geologic history is associated with a wide range of geologic hazards and resources.,11,April,Alaska's geology includes diverse hazards,Science,"Alaska has a complex geologic history, and as a result, a rich tapestry of geologic hazards and endowed resources.",high,https://www.usgs.gov/news/national-news-release/usgs-cooperative-national-geologic-map-now-covers-50-states-us,Geologic hazards,"USGS Cooperative National Geologic Map Now Covers 50 States, U.S. Territories | U.S. Geological Survey",www.usgs.gov,verified
FACT-2027-04-17-S12,17,2027-04-17,Humankind's interest in the world beyond Earth has led to landmark moments in history.,12,April,Interest in space produced historical milestones,Space,Humankind's fascination with the world beyond Earth has led to many landmark moments in history,high,https://www.britannica.com/browse/Science,Space Exploration,Science Portal | Britannica,www.britannica.com,verified
FACT-2027-04-17-S13,17,2027-04-17,"According to navigator Murray Simon, Kiddo preferred the sea-faring portion of the journey.",13,April,Kiddo preferred the sea-faring part of the journey,Animals,"“According to the airship’s navigator, Murray Simon, Kiddo preferred the sea-faring portion of the journey”",high,https://airandspace.si.edu/stories/editorial/kiddo-cat-reluctant-aviator,Animal behavior,"Kiddo the Cat, Reluctant Aviator | National Air and Space Museum",airandspace.si.edu,verified
FACT-2027-04-17-S14,17,2027-04-17,Coral reefs reflect thousands of years of history.,14,April,Coral reefs preserve history,Ocean & Marine,Coral reefs are also living museums and reflect thousands of years of history.,high,https://oceanservice.noaa.gov/facts/coral_species.html,Coral reef history,What species live in and around coral reefs?,oceanservice.noaa.gov,verified
FACT-2027-04-17-S15,17,2027-04-17,"Yellowstone has more than 1,000 species of native flowering plants, including three endemic species.",15,April,"Yellowstone has more than 1,000 native flowering species",Nature,"1,000+ species of native flowering species (3 endemic)",high,https://www.nps.gov/yell/planyourvisit/parkfacts.htm,Vegetation,Park Facts - Yellowstone National Park (U.S. National Park Service),www.nps.gov,verified
FACT-2027-04-17-S16,17,2027-04-17,"Speeches, correspondence, campaign materials, and a map of the free and slave states in 1856 document Abraham Lincoln's rise to national prominence.",16,April,Abraham Lincoln's rise to prominence,History,"Speeches, correspondence, campaign materials and a map documenting the free and slave states in 1856 chronicle Lincoln’s rise to national prominence",high,https://www.loc.gov/programs/teachers/classroom-materials/primary-source-sets/,U.S. history,Primary Source Sets | Classroom Materials | Teachers | Programs | Library of Congress,www.loc.gov,verified
FACT-2027-04-17-S17,17,2027-04-17,The bison population fell from millions to only a few hundred between the 1870s and 1880s.,17,April,Bison were nearly exterminated in the 1800s,Animals,"The page states that in roughly a decade, bison went “from millions and millions” to “just a few hundred.”",high,https://www.si.edu/sidedoor/missing-bison,American bison,The Missing Bison | Smithsonian Institution,www.si.edu,verified
FACT-2027-04-17-S18,17,2027-04-17,A 1928 railroad leaflet included one of the earliest references to air travel and depicted the industry as being in an early developmental state.,18,April,A 1928 railroad leaflet referenced early air travel,Technology,"A 1928 railroad leaflet includes one of the earliest references to air travel, and shows the industry in a nascent, and interesting, state.",high,https://www.loc.gov/collections/broadsides-and-other-printed-ephemera/about-this-collection/,Transportation,About this Collection | Printed Ephemera: Three Centuries of Broadsides and Other Printed Ephemera | Digital Collections | Library of Congress,www.loc.gov,verified
FACT-2027-04-17-S19,17,2027-04-17,"Geography is concerned with the characteristics of places, especially their natural environments and peoples.",19,April,Geography examines characteristics of places,Geography,"“concerned with the characteristics of places, in particular their natural environments and peoples”",high,https://www.britannica.com/science/geography,Subject Matter,"Geography | Definition, Types, History, & Facts | Britannica",www.britannica.com,verified
FACT-2027-04-17-S20,17,2027-04-17,"When assessing an online health site or app, useful questions include who created it, whether its claims seem too good to be true, whether it is current, where its information comes from, why it exists, and whether it sells something.",20,April,Health websites should be evaluated critically,Science,“Who runs or created the site or app? Do its claims seem too good to be true? Is it up-to-date? Where does the information come from? Why does the site or app exist? Is it selling something?”,high,https://www.nccih.nih.gov/health/tips/10-things-to-know-about-the-science-of-health,Health information,10 Things To Know About the Science of Health | NCCIH,www.nccih.nih.gov,verified
FACT-2027-04-18-S01,18,2027-04-18,Documenting the spread of invasive exotic plants and the results of control efforts helps park staff protect native species.,1,April,Invasive plant histories support conservation decisions,Nature,“Histories of invasive exotic plants document their spread and the results of efforts to control them.”,high,https://www.nps.gov/articles/parkscience32_2_76-78_fiege_3843.htm,Invasive species,"Nature, history, and environmental history at Rocky Mountain National Park (U.S. National Park Service)",www.nps.gov,verified
FACT-2027-04-18-S02,18,2027-04-18,"The Colorado River in Grand Canyon provides refuge for endangered humpback chub and razorback sucker, among other native fish.",2,April,The Colorado River supports endangered native fish,Ocean & Marine,"The river ... still exists as a safe haven for several native species of fish, including the endangered humpback chub ... and razorback sucker.",high,https://www.nps.gov/grca/planyourvisit/upload/grca_ecology.pdf,Freshwater ecosystems,A Living Canyon: Discovering Life at Grand Canyon,www.nps.gov,verified
FACT-2027-04-18-S03,18,2027-04-18,Ringtails may seek shade and wait until the cooler nighttime hours to move about and forage for food.,3,April,Ringtails move and forage during cooler hours,Animals,"Because of the heat, you might seek shade and wait until the cooler hours of night to move about and forage for food. That is what some animals, like ringtails, do.",high,https://www.nps.gov/care/learn/nature/naturalfeaturesandecosystems.htm,Nocturnal Animals,Natural Features & Ecosystems - Capitol Reef National Park (U.S. National Park Service),www.nps.gov,verified
FACT-2027-04-18-S04,18,2027-04-18,"The New Ferguson Bee Hive received US Patent 452,366 in 1891.",4,April,Ferguson Patent Hive,Inventions,"The page identifies the New Ferguson Bee Hive as US Patent 452,366, of 1891.",high,https://invention.si.edu/invention-stories/bee-hives-buzzing-invention,Beehive designs,Bee Hives Buzzing with Invention,invention.si.edu,verified
FACT-2027-04-18-S05,18,2027-04-18,"Martha Wayles Skelton Jefferson kept household accounts for Monticello from February 10, 1772, until April 29, 1782.",5,April,Martha Jefferson kept Monticello household accounts,Everyday Life,"""These accounts start on February 10, 1772, and conclude with an entry on April 29, 1782"".",high,https://loc.gov/collections/thomas-jefferson-papers/about-this-collection,Household records,"Collection 
            
             Thomas Jefferson Papers, 1606 to 1827",loc.gov,verified
FACT-2027-04-18-S06,18,2027-04-18,French was the National Zoo’s first lion and arrived in 1891.,6,April,French was the zoo’s first lion,Animals,"In 1891, Dunk and Gold Dust, the zoo's first elephants, and French, the first lion, arrived.",high,https://siarchives.si.edu/history/national-zoological-park,Zoo History,siarchives.si.edu — national zoological park,siarchives.si.edu,verified
FACT-2027-04-18-S07,18,2027-04-18,"The Printed Ephemera Collection contains primary sources relating to events including the Revolutionary War, slavery, the Western land rush, the Civil War, women's suffrage, and the Industrial Revolution.",7,April,Printed ephemera documents major American events,History,"The Printed Ephemera Collection ... comprises primary sources relating to the key events of American history, including the Revolutionary War, slavery, the Western land rush, the Civil War, women's suffrage, and the Industrial Revolution.",high,https://www.loc.gov/collections/broadsides-and-other-printed-ephemera/about-this-collection/,Historical Sources,About this Collection | Printed Ephemera: Three Centuries of Broadsides and Other Printed Ephemera | Digital Collections | Library of Congress,www.loc.gov,verified
FACT-2027-04-18-S08,18,2027-04-18,"Most new crust forms at ocean ridge crests, moves slowly away with tectonic plates, and is eventually recycled deep into Earth.",8,April,Most new crust forms at ocean ridges,Geography,"Most new crust forms at ocean ridge crests, is carried slowly away by plate movement, and is ultimately recycled deep into the earth.",high,https://www.usgs.gov/maps/dynamic-planet-world-map-volcanoes-earthquakes-impact-craters-and-plate-tectonics,Tectonic plates,"This dynamic planet: World map of volcanoes, earthquakes, impact craters and plate tectonics | U.S. Geological Survey",www.usgs.gov,verified
FACT-2027-04-18-S09,18,2027-04-18,The Deep Ocean Education Project website launched in 2021.,9,April,Deep Ocean Education Project launched in 2021,Ocean & Marine,The Deep Ocean Education Project website – launched in 2021 – is built around themes that are easily searchable.,high,https://www.noaa.gov/education/resources,Ocean exploration,NOAA Sea to Sky: Education resource database | National Oceanic and Atmospheric Administration,www.noaa.gov,verified
FACT-2027-04-18-S10,18,2027-04-18,Oceanic crust is carried away from ocean ridges by plate movement and ultimately recycled deep into Earth.,10,April,Oceanic crust is recycled into Earth,Science,"“is carried slowly away by plate movement, and is ultimately recycled deep into the Earth”",high,https://pubs.usgs.gov/imap/2800/,Plate tectonics,Geologic Investigations Map I-2800: This Dynamic Planet,pubs.usgs.gov,verified
FACT-2027-04-18-S11,18,2027-04-18,The first radio communication from an aircraft in flight concerned Kiddo.,11,April,Kiddo was the subject of the first radio communication from an aircraft,Technology,“Kiddo has the distinction of being the subject of the first ever radio communication from an aircraft in flight”,high,https://airandspace.si.edu/stories/editorial/kiddo-cat-reluctant-aviator,Radio communication,"Kiddo the Cat, Reluctant Aviator | National Air and Space Museum",airandspace.si.edu,verified
FACT-2027-04-18-S12,18,2027-04-18,"The term “natural” has no official definition for medicine, and natural products are not necessarily safe or better for health.",12,April,Natural does not always mean safe,Human Body,“There is no official definition for use of the term natural. And it’s important to know that ‘natural’ does not always mean ‘safe.’”,high,https://www.nccih.nih.gov/health/tips/10-things-to-know-about-the-science-of-health,Natural products,10 Things To Know About the Science of Health | NCCIH,www.nccih.nih.gov,verified
FACT-2027-04-18-S13,18,2027-04-18,"During the 1870s, Hornaday undertook scientific expeditions to Florida, Cuba, the Bahamas, South America, India, Sri Lanka, the Malay Peninsula, and Borneo.",13,April,Hornaday explored multiple regions in the 1870s,Geography,"Hornaday undertook a series of scientific expeditions to Florida, Cuba, the Bahamas, South America, India, Sri Lanka, the Malay Peninsula, and Borneo in the 1870s.",high,https://siarchives.si.edu/history/featured-topics/stories/william-temple-hornaday-saving-american-bison,Scientific Expeditions,siarchives.si.edu — william temple hornaday saving american bison,siarchives.si.edu,verified
FACT-2027-04-18-S14,18,2027-04-18,Geologic map information is used to identify natural hazards such as earthquakes.,14,April,Geologic maps help identify earthquake hazards,Nature,This information is essential for ... identifying natural hazards like earthquakes.,high,https://www.usgs.gov/mission-areas/energy-and-minerals/science/geologic-mapping-and-foundational-science,Natural hazards,Geologic Mapping and Foundational Science | U.S. Geological Survey,www.usgs.gov,verified
FACT-2027-04-18-S15,18,2027-04-18,Heat flow and convection in Earth are processes associated with what drives tectonic plates.,15,April,Heat flow and plate motion,Science,This page ... addresses the processes associated with heat flow and convection in the Earth.,high,https://www.usgs.gov/educational-resources/geology-education,Earth Processes,Geology Education | U.S. Geological Survey,www.usgs.gov,verified
FACT-2027-04-18-S16,18,2027-04-18,The DEC2 P384R mutation is associated with a familial natural short-sleep phenotype.,16,April,A DEC2 mutation is associated with natural short sleep,Human Body,The authors identified a P384R mutation in the BHLHE41 or DEC2 gene associated with a human familial natural short sleep phenotype.,high,https://doi.org/10.1016/j.conb.2017.02.015,Sleep duration,Human genetics and sleep behavior,doi.org,verified
FACT-2027-04-18-S17,18,2027-04-18,Naturally formed bodies that orbit planets are called moons or planetary satellites.,17,April,What moons are,Space,"Naturally-formed bodies that orbit planets are called moons, or planetary satellites.",high,https://science.nasa.gov/solar-system/moons/,Moons,Moons,science.nasa.gov,verified
FACT-2027-04-18-S18,18,2027-04-18,"The Moon can appear fully illuminated, as a thin crescent, or to disappear from view; these changes are called moon phases.",18,April,Moon phases change its visible illumination,Space,Sometimes the entire face of the Moon glows brightly. Other times we see only a thin crescent of light. Sometimes the Moon seems to disappear. These shifts are called moon phases.,high,https://science.nasa.gov/solar-system/moons/,Moon phases,Moons,science.nasa.gov,verified
FACT-2027-04-18-S19,18,2027-04-18,"Primary sources are incomplete snippets of history, and each one can be explored further by finding additional evidence.",19,April,Primary sources are incomplete evidence,History,"“Because primary sources are incomplete snippets of history, each one represents a mystery that students can only explore further by finding new pieces of evidence.”",high,https://www.loc.gov/programs/teachers/getting-started-with-primary-sources,Historical evidence,Getting Started with Primary Sources | Teachers | Programs | Library of Congress,www.loc.gov,verified
FACT-2027-04-18-S20,18,2027-04-18,"Knowing how much water is consumed can help farmers and water managers make decisions about irrigation, water allocation, and conservation.",20,April,Evapotranspiration data supports water decisions,Science,"Knowing how much water is being consumed can help farmers and water managers make decisions about irrigation, water allocation and conservation.",high,https://www.usgs.gov/landsat-missions/news/landsat-product-supports-water-management-worldwide,Water management,Landsat Product Supports Water Management Worldwide | U.S. Geological Survey,www.usgs.gov,verified
FACT-2027-04-19-S01,19,2027-04-19,The sinking of the U.S.S. Maine in Havana Harbor helped precipitate U.S. engagement in the Spanish-American War.,1,April,The sinking of the USS Maine helped precipitate U.S. involvement,History,"The Monroe Doctrine ... coupled with the sinking of the U.S.S. Maine in Havana Harbor, precipitated U.S. engagement.",high,https://www.loc.gov/item/today-in-history/april-25/,Wars and diplomacy,Today in History - April 25,www.loc.gov,verified
FACT-2027-04-19-S02,19,2027-04-19,Thunder is caused by the rapid expansion of air heated by a lightning discharge.,2,April,Cause of thunder,Nature,Thunder is caused by the rapid expansion of air heated by a lightning discharge.,high,https://www.britannica.com/Science-Tech,Thunder and lightning,Science & Tech | Britannica,www.britannica.com,verified
FACT-2027-04-19-S03,19,2027-04-19,The CRY1 c.1657+3A>C variation is associated with delayed sleep phase disorder and produces defective splicing that skips exon 11.,3,April,CRY1 variation is linked to delayed sleep phase disorder,Human Body,"A variation in CRY1, c.1657+3A>C, was reported to be associated with delayed sleep phase disorder; the variant results in defective splicing and skipping of exon 11.",high,https://pmc.ncbi.nlm.nih.gov/articles/PMC6389443/,Sleep Phase Disorders,The Molecular Genetics of Human Sleep - PMC,pmc.ncbi.nlm.nih.gov,verified
FACT-2027-04-19-S04,19,2027-04-19,"Genetic ablation of orexin neurons in mice results in narcolepsy, along with hypophagia and obesity.",4,April,Loss of orexin neurons can produce narcolepsy in mice,Animals,"“Genetic ablation of orexin neurons in mice results in narcolepsy, hypophagia, and obesity.”",high,https://pubmed.ncbi.nlm.nih.gov/33360546/,Narcolepsy,Recent advances in sleep genetics - PubMed,pubmed.ncbi.nlm.nih.gov,verified
FACT-2027-04-19-S05,19,2027-04-19,Cliffrose has a bitter taste that discourages animals from eating it.,5,April,Cliffrose uses bitterness as a defense,Nature,Cliffrose also has a bitter taste that discourages animals from eating it.,high,https://www.nps.gov/care/learn/nature/naturalfeaturesandecosystems.htm,Plant Defenses,Natural Features & Ecosystems - Capitol Reef National Park (U.S. National Park Service),www.nps.gov,verified
FACT-2027-04-19-S06,19,2027-04-19,The Asaga bridge connects Ofu and Olosega islands and was built in 1970.,6,April,Asaga bridge,Geography,The Asaga bridge was built in 1970; this single-lane bridge connects the two islands.,high,https://www.usgs.gov/observatories/hvo/news/photo-video-chronology-fieldwork-american-samoa,Infrastructure,Photo & Video Chronology — Fieldwork in American Samoa | U.S. Geological Survey,www.usgs.gov,verified
FACT-2027-04-19-S07,19,2027-04-19,"Tides originate in the oceans and progress toward coastlines, where they appear as the regular rise and fall of the sea surface.",7,April,Tides originate in the oceans,Ocean & Marine,Tides originate in the oceans and progress toward the coastlines where they appear as the regular rise and fall of the sea surface.,high,https://oceanservice.noaa.gov/education/tutorial_tides/tides01_intro.html,Tides,What are Tides - Tides and Water Levels: NOAA's National Ocean Service Education,oceanservice.noaa.gov,verified
FACT-2027-04-19-S08,19,2027-04-19,The pathology of fatal familial insomnia includes atrophy of the anterior ventral and mediodorsal thalamic nuclei.,8,April,Fatal familial insomnia involves thalamic atrophy,Human Body,"The underlying pathology is atrophy of the anterior ventral and mediodorsal thalamic nuclei, as well as some other regions of the brain.",high,https://pmc.ncbi.nlm.nih.gov/articles/PMC6389443/,Sleep Disorders,The Molecular Genetics of Human Sleep - PMC,pmc.ncbi.nlm.nih.gov,verified
FACT-2027-04-19-S09,19,2027-04-19,"An adjustable pet wheelchair can be purchased off the shelf and fitted by owners, unlike traditionally custom-built pet wheelchairs.",9,April,Adjustable pet wheelchairs reduce customization barriers,Inventions,"The article contrasts traditional custom-built wheelchairs, which involved long waits and high prices, with the adjustable model that owners can buy and adjust themselves.",high,https://invention.si.edu/inventing-mans-best-friend,Animal mobility,Inventing for Man's Best Friend | Lemelson,invention.si.edu,verified
FACT-2027-04-19-S10,19,2027-04-19,The Operational Simplified Surface Energy Balance model computes actual evapotranspiration for each pixel in a Landsat scene.,10,April,SSEBop computes ET for Landsat pixels,Science,"Scientists use the USGS-created Operational Simplified Surface Energy Balance (SSEBop) model, which computes actual ET for each pixel in a scene.",high,https://www.usgs.gov/landsat-missions/news/landsat-product-supports-water-management-worldwide,Energy-balance modeling,Landsat Product Supports Water Management Worldwide | U.S. Geological Survey,www.usgs.gov,verified
FACT-2027-04-19-S11,19,2027-04-19,The deep sea is characterized on the page as part of the last great unexplored area on Earth.,11,April,The deep ocean is described as largely unexplored,Ocean & Marine,"What do world-traveling plastic toys, biodiversity in the deep sea, climate change and the last great unexplored area on Earth have in common?",high,https://www.noaa.gov/education/resources,Ocean exploration,NOAA Sea to Sky: Education resource database | National Oceanic and Atmospheric Administration,www.noaa.gov,verified
FACT-2027-04-19-S12,19,2027-04-19,The ocean provides 20% of the animal protein and 5% of the total protein in the human diet.,12,April,Ocean contribution to dietary protein,Food,The ocean helps sustain human life above the water by providing 20% of the animal protein and 5% of the total protein in the human diet.,high,https://www.noaa.gov/education/resource-collections/ocean-coasts,Nutrition,Ocean and coasts | National Oceanic and Atmospheric Administration,www.noaa.gov,verified
FACT-2027-04-19-S13,19,2027-04-19,One complete day-night cycle on Mercury lasts 176 Earth days.,13,April,A Mercury solar day lasts 176 Earth days,Space,One Mercury solar day (one full day-night cycle) equals 176 Earth days.,high,https://science.nasa.gov/mercury/facts/,Rotation,Mercury: Facts,science.nasa.gov,verified
FACT-2027-04-19-S14,19,2027-04-19,Circadian preference showed the weakest genetic correlations with the other sleep health factors.,14,April,Circadian preference is the least genetically connected sleep domain,Science,The abstract and introduction identify circadian preference as the least genetically correlated domain.,high,https://pmc.ncbi.nlm.nih.gov/articles/PMC10851865/,Genetics,Multivariate genome-wide association study of sleep health demonstrates unity and diversity,pmc.ncbi.nlm.nih.gov,verified
FACT-2027-04-19-S15,19,2027-04-19,"By the time Hornaday reached Montana in 1886, the large bison herds he had previously seen had disappeared and only a few animals survived.",15,April,Bison populations had sharply declined by 1886,Animals,Hornaday was shocked to see that the large herds he had seen years earlier had vanished and only a few animals survived.,high,https://siarchives.si.edu/history/featured-topics/stories/william-temple-hornaday-saving-american-bison,American Bison,siarchives.si.edu — william temple hornaday saving american bison,siarchives.si.edu,verified
FACT-2027-04-19-S16,19,2027-04-19,A business card apparently printed by Abraham Lincoln was actually published and distributed by his opposition during the 1864 presidential election.,16,April,An anti-Lincoln business card circulated during the 1864 election,History,A business card which appears to have been printed by Abraham Lincoln was actually published and distributed by his opposition in the 1864 presidential election.,high,https://www.loc.gov/collections/broadsides-and-other-printed-ephemera/about-this-collection/,Presidential Elections,About this Collection | Printed Ephemera: Three Centuries of Broadsides and Other Printed Ephemera | Digital Collections | Library of Congress,www.loc.gov,verified
FACT-2027-04-19-S17,19,2027-04-19,Walter Wellman’s America was the first airship to have radio equipment.,17,April,The America was the first airship equipped with radio,Technology,“The America was the first airship to have radio equipment.”,high,https://airandspace.si.edu/stories/editorial/kiddo-cat-reluctant-aviator,Airships,"Kiddo the Cat, Reluctant Aviator | National Air and Space Museum",airandspace.si.edu,verified
FACT-2027-04-19-S18,19,2027-04-19,"Judds Crater is more than 1,000 feet above sea level and more than 1,000 feet across.",18,April,Judds Crater elevation and size,Geography,"Although the crater is at over 1,000 feet (300 meters) elevation ... The crater is over 1,000 feet across.",high,https://www.usgs.gov/observatories/hvo/news/photo-video-chronology-fieldwork-american-samoa,Volcanic landforms,Photo & Video Chronology — Fieldwork in American Samoa | U.S. Geological Survey,www.usgs.gov,verified
FACT-2027-04-19-S19,19,2027-04-19,The Milky Way is a barred spiral galaxy.,19,April,The Milky Way’s galaxy type,Space,The Milky Way is a barred spiral galaxy.,high,https://science.nasa.gov/solar-system/,Galaxies,Solar System Exploration,science.nasa.gov,verified
FACT-2027-04-19-S20,19,2027-04-19,Prokaryotic cells do not have distinct nuclei; their nuclear material is spread throughout the cytoplasm.,20,April,Prokaryotic cells lack distinct nuclei,Science,"Prokaryotic cells ... don’t have distinct nuclei. Instead, their nuclear material is spread throughout the cytoplasm.",high,https://nigms.nih.gov/biobeat/2024/09/cells-by-the-numbers-2,Cell biology,Cells by the Numbers | National Institute of General Medical Sciences,nigms.nih.gov,verified
FACT-2027-04-20-S01,20,2027-04-20,Earthquakes and volcanism occur along boundaries between moving tectonic plates.,1,April,Plate boundaries generate earthquakes and volcanism,Geography,Causing earthquakes and volcanism along the boundaries between moving tectonic plates.,high,https://www.usgs.gov/maps/dynamic-planet-world-map-volcanoes-earthquakes-impact-craters-and-plate-tectonics,Plate boundaries,"This dynamic planet: World map of volcanoes, earthquakes, impact craters and plate tectonics | U.S. Geological Survey",www.usgs.gov,verified
FACT-2027-04-20-S02,20,2027-04-20,Modern-day science includes a vast range of fields.,2,April,Modern science spans many fields,Science,The modern-day sciences cover a vast range of fields,high,https://www.britannica.com/browse/Science,Scientific Disciplines,Science Portal | Britannica,www.britannica.com,verified
FACT-2027-04-20-S03,20,2027-04-20,"Horses and mules were used as beasts of burden to pull artillery, supply trains, and other materials during World War I.",3,April,Horses and mules transported military supplies,Animals,"They were used as beasts of burden to pull pieces of artillery, supply trains, and other materials.",high,https://americanhistory.si.edu/explore/stories/how-did-animals-even-slugs-serve-world-war-i,Military animals,americanhistory.si.edu — how did animals even slugs serve world war i,americanhistory.si.edu,verified
FACT-2027-04-20-S04,20,2027-04-20,"By the early 20th century, technology encompassed tools, machines, means, processes, and ideas.",4,April,The meaning of technology expanded by the early 20th century,History,"“By the early 20th century the term embraced a growing range of means, processes, and ideas in addition to tools and machines”",high,https://www.britannica.com/technology/history-of-technology,20th Century,"History of technology | Evolution, Ages, & Facts | Britannica",www.britannica.com,verified
FACT-2027-04-20-S05,20,2027-04-20,"The name Velcro is derived from the French words velours, meaning velvet, and crochet, meaning hook.",5,April,The name Velcro combines French words,Language,Velcro’s® name is derived from the French velours (velvet) and crochet (hook).,high,https://invention.si.edu/invention-stories/george-de-mestral-velcror-inventor,Etymology,invention.si.edu — george de mestral velcror inventor,invention.si.edu,verified
FACT-2027-04-20-S06,20,2027-04-20,White-tailed antelope ground squirrels obtain most of the water they need from the plant and animal material they eat.,6,April,Ground squirrels obtain most water from food,Animals,The white-tailed antelope ground squirrel obtains most of the water it requires from the plant and animal material it eats.,high,https://www.nps.gov/care/learn/nature/naturalfeaturesandecosystems.htm,Desert Adaptations,Natural Features & Ecosystems - Capitol Reef National Park (U.S. National Park Service),www.nps.gov,verified
FACT-2027-04-20-S07,20,2027-04-20,Jupiter has a mass of 1898 × 10^24 kilograms.,7,April,Jupiter is the most massive listed planet,Space,"Mass row, Jupiter column: 1898",high,https://nssdc.gsfc.nasa.gov/planetary/factsheet/,Planetary Measurements,Planetary Fact Sheet,nssdc.gsfc.nasa.gov,verified
FACT-2027-04-20-S08,20,2027-04-20,Earth formed about 4.5 billion years ago as gravity pulled together swirling gas and dust.,8,April,Earth formed about 4.5 billion years ago,Science,Earth formed when gravity pulled swirling gas and dust in to become the third planet from the Sun.,high,https://science.nasa.gov/earth/facts/,Planetary Formation,Facts About Earth,science.nasa.gov,verified
FACT-2027-04-20-S09,20,2027-04-20,"Sleep is associated with muscle repair, tissue growth, protein synthesis, and hormone release.",9,April,Sleep supports tissue repair,Human Body,"During sleep, many essential biological processes occur, including muscle repair, tissue growth, protein synthesis, and the release of several hormones.",high,https://www.ncbi.nlm.nih.gov/books/NBK482512/,Sleep Function,Physiology of Sleep - StatPearls - NCBI Bookshelf,www.ncbi.nlm.nih.gov,verified
FACT-2027-04-20-S10,20,2027-04-20,The nose cone measures 64 centimeters by 57 centimeters by 58.5 centimeters.,10,April,Nose cone measurements,Technology,Measurements: overall: 64 cm x 57 cm x 58.5 cm.,high,https://www.americanhistory.si.edu/collections/object/nmah_690069,Physical dimensions,www.americanhistory.si.edu — nmah 690069,www.americanhistory.si.edu,verified
FACT-2027-04-20-S11,20,2027-04-20,"Over geologic time, plate movements, erosion, and redeposition can mask or obliterate traces of earlier tectonic and impact processes.",11,April,Erosion and redeposition obscure older geologic evidence,Nature,"Continuing plate movements, together with relentless erosion and redeposition of material, mask or obliterate traces of earlier plate-tectonic or impact processes.",high,https://www.usgs.gov/maps/dynamic-planet-world-map-volcanoes-earthquakes-impact-craters-and-plate-tectonics,Geologic processes,"This dynamic planet: World map of volcanoes, earthquakes, impact craters and plate tectonics | U.S. Geological Survey",www.usgs.gov,verified
FACT-2027-04-20-S12,20,2027-04-20,Climate change has an impact on coral reefs.,12,April,Climate change affects coral reefs,Ocean & Marine,The webinar collection includes materials on the impact of climate change on reefs.,high,https://sanctuaries.noaa.gov/education/teachers/coral-reef/,Climate change,Coral Reef Ecosystems Resource Collection | National Marine Sanctuaries,sanctuaries.noaa.gov,verified
FACT-2027-04-20-S13,20,2027-04-20,Research discussed in the review suggests that PER3 has a role in both sleep regulation and mood regulation.,13,April,PER3 variation may connect sleep regulation with mood,Psychology,Recent studies suggested a possible role for PER3 in mood regulation and described it as a potential nexus for sleep and mood regulation.,high,https://doi.org/10.1016/j.conb.2017.02.015,Sleep and mood,Human genetics and sleep behavior,doi.org,verified
FACT-2027-04-20-S14,20,2027-04-20,The National Minerals Information Center has more than 100 years of data on U.S. mineral production and trade.,14,April,U.S. mineral production data span more than a century,History,Our National Minerals Information Center has over 100 years of data on U.S. mineral production and trade.,high,https://www.usgs.gov/mission-areas/energy-and-minerals/science/geologic-mapping-and-foundational-science,U.S. mineral industry,Geologic Mapping and Foundational Science | U.S. Geological Survey,www.usgs.gov,verified
FACT-2027-04-20-S15,20,2027-04-20,Waterfalls occur throughout the park's waterways because the Smokies have abundant water and elevation gradients.,15,April,Waterfalls are widespread in the park,Nature,The park abounds with the two ingredients essential for waterfalls—water and an elevation gradient. Waterfalls dot the waterways throughout the park.,high,https://home.nps.gov/grsm/learn/nature/naturalfeaturesandecosystems.htm,Waterfalls,Natural Features & Ecosystems - Great Smoky Mountains National Park (U.S. National Park Service),home.nps.gov,verified
FACT-2027-04-20-S16,20,2027-04-20,"Near coastal areas, winds can drive localized currents and result in coastal upwelling.",16,April,Wind and coastal upwelling,Ocean & Marine,Near coastal areas winds tend to drive currents on a localized scale and can result in phenomena like coastal upwelling.,high,https://oceanservice.noaa.gov/facts/current.html,Coastal processes,What is a current?,oceanservice.noaa.gov,verified
FACT-2027-04-20-S17,20,2027-04-20,The hippocampus sends memories to appropriate parts of the cerebral hemisphere for long-term storage and retrieves them when necessary.,17,April,The hippocampus helps store and retrieve memories,Human Body,This tiny nub acts as a memory indexer—sending memories out to the appropriate part of the cerebral hemisphere for long-term storage and retrieving them when necessary.,high,https://www.ninds.nih.gov/health-information/public-education/brain-basics/brain-basics-know-your-brain,Memory,Brain Basics: Know Your Brain | National Institute of Neurological Disorders and Stroke,www.ninds.nih.gov,verified
FACT-2027-04-20-S18,20,2027-04-20,"The map depicts over 1,500 volcanoes on Earth.",18,April,"Earth has more than 1,500 volcanoes",Science,"“over 1,500 volcanoes”",high,https://pubs.usgs.gov/imap/2800/,Earth science,Geologic Investigations Map I-2800: This Dynamic Planet,pubs.usgs.gov,verified
FACT-2027-04-20-S19,20,2027-04-20,"Eagle Peak is Yellowstone’s highest point at 11,358 feet (3,462 meters).",19,April,Eagle Peak is Yellowstone’s highest point,Geography,"Highest Point: 11,358 feet (3,462 m; Eagle Peak)",high,https://www.nps.gov/yell/planyourvisit/parkfacts.htm,Elevation,Park Facts - Yellowstone National Park (U.S. National Park Service),www.nps.gov,verified
FACT-2027-04-20-S20,20,2027-04-20,"The eight planets are Mercury, Venus, Earth, Mars, Jupiter, Saturn, Uranus, and Neptune.",20,April,The solar system has eight planets,Space,"Our solar system has eight planets: Mercury, Venus, Earth, Mars, Jupiter, Saturn, Uranus, and Neptune.",high,https://science.nasa.gov/solar-system/planets/,Solar System,About the Planets,science.nasa.gov,verified
FACT-2027-04-21-S01,21,2027-04-21,Fossil evidence and other clues can be used to reconstruct the continents before the supercontinent Pangaea drifted apart.,1,April,Pangaea and continental drift,Science,Students use fossil evidence and other clues to piece together the continents before the supercontinent Pangaea drifted apart.,high,https://www.usgs.gov/educational-resources/geology-education,Plate Tectonics,Geology Education | U.S. Geological Survey,www.usgs.gov,verified
FACT-2027-04-21-S02,21,2027-04-21,Knowing the speed and direction of currents can help the U.S. Coast Guard conduct search and rescue operations more accurately.,2,April,Current information supports maritime search and rescue,Ocean & Marine,“Knowing the speed and direction of currents can help the U.S. Coast Guard conduct search and rescue operations with greater accuracy.”,high,https://oceanservice.noaa.gov/navigation/tidesandcurrents/,Search and Rescue,Tides and Currents,oceanservice.noaa.gov,verified
FACT-2027-04-21-S03,21,2027-04-21,The page includes topics on the lymphatic system and lymph nodes.,3,April,The lymphatic system includes lymph nodes,Human Body,Introduction to the Lymphatic System; Lymph Nodes,high,https://www.nlm.nih.gov/medlineplus/anatomy.html,Lymphatic system,Anatomy | MedlinePlus,www.nlm.nih.gov,verified
FACT-2027-04-21-S04,21,2027-04-21,"Six federally endangered species are known to live in the parks, including the Sierra Nevada bighorn sheep and California condor.",4,April,Federally endangered species,Animals,"Six federally endangered species are known to live in the parks: the Sierra Nevada bighorn sheep, the mountain yellow-legged frog, the Sierra Nevada yellow-legged frog, the fisher, the Sierra Nevada red fox, and the California condor.",high,http://www.nps.gov/seki/learn/news/quick-fact-sheet.htm,Endangered species,Quick Fact Sheet - Sequoia & Kings Canyon National Parks (U.S. National Park Service),www.nps.gov,verified
FACT-2027-04-21-S05,21,2027-04-21,"The American conservation movement contributed to the designation of national parks including Mount Rainier, Yosemite, Acadia, and the Grand Canyon.",5,April,Early protected American landscapes,Geography,"These efforts include the designation of ... Mt. Rainier, Yosemite, Acadia, and the Grand Canyon.",high,https://www.loc.gov/item/today-in-history/april-22/,National parks,Today in History - April 22,www.loc.gov,verified
FACT-2027-04-21-S06,21,2027-04-21,Earth's Moon makes Earth more livable by moderating its wobble.,6,April,The Moon moderates Earth's wobble,Space,The Moon makes Earth more livable by moderating its wobble.,high,https://science.nasa.gov/solar-system/moons/,Earth's Moon,Moons,science.nasa.gov,verified
FACT-2027-04-21-S07,21,2027-04-21,Dunk and Gold Dust became the National Zoo’s first elephants in 1891.,7,April,Dunk and Gold Dust were the zoo’s first elephants,Animals,"In 1891, Dunk and Gold Dust, the zoo's first elephants, and French, the first lion, arrived.",high,https://siarchives.si.edu/history/national-zoological-park,Zoo History,siarchives.si.edu — national zoological park,siarchives.si.edu,verified
FACT-2027-04-21-S08,21,2027-04-21,Amy Rockwood created a patent-pending dog toy with a green outer layer and red inner layer to indicate when the toy is no longer safe.,8,April,Chew Toy Safety Indicator,Inventions,"The article states that Rockwood’s toy is green on the outside and red on the inside, and that seeing red means the toy is no longer safe for the pet.",high,https://invention.si.edu/inventing-mans-best-friend,Pet products,Inventing for Man's Best Friend | Lemelson,invention.si.edu,verified
FACT-2027-04-21-S09,21,2027-04-21,"Kiddo was aboard Walter Wellman’s America airship when it prepared to take off from Atlantic City, New Jersey.",9,April,Kiddo flew aboard the America airship,History,"“When aeronaut Walter Wellman’s America airship was preparing for take-off from Atlantic City, New Jersey, Kiddo was found in the airship’s lifeboat.”",high,https://airandspace.si.edu/stories/editorial/kiddo-cat-reluctant-aviator,Aviation history,"Kiddo the Cat, Reluctant Aviator | National Air and Space Museum",airandspace.si.edu,verified
FACT-2027-04-21-S10,21,2027-04-21,The Industrial Revolution forever changed the way,10,April,Impact of the Industrial Revolution,History,The Industrial Revolution (1750–1900) forever changed the way,high,https://www.britannica.com/Science-Tech,Industrial Revolution,Science & Tech | Britannica,www.britannica.com,verified
FACT-2027-04-21-S11,21,2027-04-21,There are about 200 different types of cells in the human body.,11,April,The human body has about 200 cell types,Human Body,That's how many different types of cells that are in the human body.,high,https://nigms.nih.gov/biobeat/2024/09/cells-by-the-numbers-2,Cell types,Cells by the Numbers | National Institute of General Medical Sciences,nigms.nih.gov,verified
FACT-2027-04-21-S12,21,2027-04-21,A USGS Landsat science product estimates actual evapotranspiration at the scale of individual fields around the world.,12,April,Landsat provides field-scale ETa information,Technology,A USGS Landsat science product helps to provide that information at the scale of individual fields around the world.,high,https://www.usgs.gov/landsat-missions/news/landsat-product-supports-water-management-worldwide,Remote sensing,Landsat Product Supports Water Management Worldwide | U.S. Geological Survey,www.usgs.gov,verified
FACT-2027-04-21-S13,21,2027-04-21,"Layers of sedimentary rock lie above the older basement rocks, with each layer recording part of the environmental history of the Grand Canyon region.",13,April,Grand Canyon’s sedimentary layers record environmental history,Science,"Above these old rocks lie layer upon layer of sedimentary rock, each telling a unique part of the environmental history.",high,https://www.nps.gov/grca/learn/nature/grca-geology.htm,Stratigraphy,Geology - Grand Canyon National Park (U.S. National Park Service),www.nps.gov,verified
FACT-2027-04-21-S14,21,2027-04-21,"The United States recognizes five named ocean basins: Arctic, Atlantic, Indian, Pacific, and Southern.",14,April,Five named ocean basins,Ocean & Marine,"The United States recognizes five named ocean basins: Arctic, Atlantic, Indian, Pacific, and Southern.",high,https://www.noaa.gov/education/resource-collections/ocean-coasts,Ocean geography,Ocean and coasts | National Oceanic and Atmospheric Administration,www.noaa.gov,verified
FACT-2027-04-21-S15,21,2027-04-21,"A giant, evolving, 10-sided atmospheric wave encircles Saturn's south pole.",15,April,Saturn has a southern-polar decagon,Space,"Recent observations with NASA’s Hubble Space Telescope have revealed a giant, evolving, 10-sided atmospheric wave encircling Saturn's south pole.",high,https://science.nasa.gov/solar-system/planets/,Saturn,About the Planets,science.nasa.gov,verified
FACT-2027-04-21-S16,21,2027-04-21,"More than 2,100 miles of streams and rivers flow through Great Smoky Mountains National Park.",16,April,"The park has more than 2,100 stream miles",Nature,"Over 2,100 miles of streams and rivers flow through Great Smoky Mountains National Park.",high,https://home.nps.gov/grsm/learn/nature/naturalfeaturesandecosystems.htm,Freshwater ecosystems,Natural Features & Ecosystems - Great Smoky Mountains National Park (U.S. National Park Service),home.nps.gov,verified
FACT-2027-04-21-S17,21,2027-04-21,"Eukaryotic cells are cells with nuclei and include the cells of humans, animals, plants, and fungi.",17,April,Eukaryotic cells have nuclei,Science,"Eukaryotic cells—or cells with nuclei—make up humans, animals, plants, and fungi.",high,https://nigms.nih.gov/biobeat/2024/09/cells-by-the-numbers-2,Cell biology,Cells by the Numbers | National Institute of General Medical Sciences,nigms.nih.gov,verified
FACT-2027-04-21-S18,21,2027-04-21,"Bristlecone pines in Capitol Reef now occur only on exposed, rocky ridges and slopes at higher elevations.",18,April,Bristlecone pines survive on high exposed ridges,Nature,"Bristlecone pines were more common during that glacial time period, but now exist only on exposed, rocky ridges and slopes at higher elevations.",high,https://www.nps.gov/care/learn/nature/naturalfeaturesandecosystems.htm,Bristlecone Pines,Natural Features & Ecosystems - Capitol Reef National Park (U.S. National Park Service),www.nps.gov,verified
FACT-2027-04-21-S19,21,2027-04-21,A binomial name has two parts.,19,April,Structure of a binomial name,Language,A binomial name has two parts.,high,https://www.britannica.com/Science-Tech,Scientific nomenclature,Science & Tech | Britannica,www.britannica.com,verified
FACT-2027-04-21-S20,21,2027-04-21,"The map includes detailed geology of Hawaii, including basalt flows, rift zones, and volcanic hazard areas.",20,April,Hawaii added in detailed geologic form,Geography,"Hawaii's geology from Ni'ihau to the Big Island was mapped in detail by the USGS, including basalt flows, rift zones, and volcanic hazard areas.",high,https://www.usgs.gov/news/national-news-release/usgs-cooperative-national-geologic-map-now-covers-50-states-us,Geologic mapping,"USGS Cooperative National Geologic Map Now Covers 50 States, U.S. Territories | U.S. Geological Survey",www.usgs.gov,verified
FACT-2027-04-22-S01,22,2027-04-22,Senator Gaylord Nelson promoted Earth Day and called on students to oppose environmental degradation.,1,April,Gaylord Nelson and Earth Day,History,"Senator Gaylord Nelson promoted Earth Day, calling upon students to fight for environmental causes and oppose environmental degradation.",high,https://www.loc.gov/item/today-in-history/april-22/,Environmental activism,Today in History - April 22,www.loc.gov,verified
FACT-2027-04-22-S02,22,2027-04-22,Currents driven by thermohaline circulation occur at both deep and shallow ocean levels.,2,April,Depths of thermohaline currents,Ocean & Marine,Currents driven by thermohaline circulation occur at both deep and shallow ocean levels.,high,https://oceanservice.noaa.gov/facts/current.html,Thermohaline circulation,What is a current?,oceanservice.noaa.gov,verified
FACT-2027-04-22-S03,22,2027-04-22,Conflict between abolition and slavery marked the 1850s before the election of 1860 and the attack on Fort Sumter.,3,April,Conflict before the Civil War,History,"Conflict between abolition and slavery marked the 1850s, preceding the election of 1860 and the attack on Fort Sumter that started the Civil War.",high,https://www.loc.gov/programs/teachers/classroom-materials/primary-source-sets/,Civil War causes,Primary Source Sets | Classroom Materials | Teachers | Programs | Library of Congress,www.loc.gov,verified
FACT-2027-04-22-S04,22,2027-04-22,"At a synapse, neurotransmitters cross the synaptic cleft and attach to receptors on a neighboring cell.",4,April,Neurotransmitters carry signals across synapses,Human Body,These vesicles release chemicals known as neurotransmitters into the synaptic cleft. The neurotransmitters cross the synapse and attach to receptors on the neighboring cell.,high,https://www.ninds.nih.gov/health-information/public-education/brain-basics/brain-basics-know-your-brain,Synapses,Brain Basics: Know Your Brain | National Institute of Neurological Disorders and Stroke,www.ninds.nih.gov,verified
FACT-2027-04-22-S05,22,2027-04-22,"Earth's axis is tilted 23.4 degrees relative to the plane of its orbit, causing the yearly cycle of seasons.",5,April,Earth's axial tilt causes the seasons,Science,Earth's axis of rotation is tilted 23.4 degrees ... This tilt causes our yearly cycle of seasons.,high,https://science.nasa.gov/earth/facts/,Seasons,Facts About Earth,science.nasa.gov,verified
FACT-2027-04-22-S06,22,2027-04-22,The Greek terms geo and graphein were combined to mean “earth writing” or “earth description.”,6,April,The word geography means Earth description,Language,“whose geo and graphein were combined to mean ‘earth writing’ or ‘earth description’”,high,https://www.britannica.com/science/geography,Word Origins,"Geography | Definition, Types, History, & Facts | Britannica",www.britannica.com,verified
FACT-2027-04-22-S07,22,2027-04-22,"Beekeeping inventions of the nineteenth and early twentieth centuries included smokers, frames, combs, veils, honey knives, extractors, and hive designs.",7,April,Beekeeping appliances,Inventions,The page lists these items as examples of patented beekeeping appliances and designs.,high,https://invention.si.edu/invention-stories/bee-hives-buzzing-invention,Beekeeping equipment,Bee Hives Buzzing with Invention,invention.si.edu,verified
FACT-2027-04-22-S08,22,2027-04-22,Ofu and Olosega islands form the exposed top of the mostly underwater Ofu-Olosega volcano.,8,April,Ofu-Olosega volcano,Geography,"Together, they make up the top of Ofu-Olosega volcano, most of which is underwater.",high,https://www.usgs.gov/observatories/hvo/news/photo-video-chronology-fieldwork-american-samoa,Volcanic islands,Photo & Video Chronology — Fieldwork in American Samoa | U.S. Geological Survey,www.usgs.gov,verified
FACT-2027-04-22-S09,22,2027-04-22,"Jefferson’s weather record includes his description of the September 17, 1811, solar eclipse.",9,April,Jefferson recorded a solar eclipse,Science,"""his description of the September 17, 1811, solar eclipse"".",high,https://loc.gov/collections/thomas-jefferson-papers/about-this-collection,Astronomy,"Collection 
            
             Thomas Jefferson Papers, 1606 to 1827",loc.gov,verified
FACT-2027-04-22-S10,22,2027-04-22,"The oldest main deposit at Big Bone Lick was deposited during the Late Pleistocene, approximately 25,000 to 19,000 years ago.",10,April,"The oldest Big Bone Lick deposit is about 25,000 to 19,000 years old",Science,"The oldest was deposited in the Late Pleistocene, about 25,000 to 19,000 years ago.",high,https://nps.gov/articles/paleontology-and-geology-of-big-bone-lick-national-natural-landmark.htm,Geology,Paleontology and Geology of Big Bone Lick National Natural Landmark (U.S. National Park Service),nps.gov,verified
FACT-2027-04-22-S11,22,2027-04-22,"Zooxanthellae provide coral with carbohydrates and oxygen, while coral provides the algae with a protected environment and compounds needed for photosynthesis.",11,April,Coral-algae mutualism benefits both partners,Ocean & Marine,"The algae produce carbohydrates that the coral uses for food, as well as oxygen; the coral provides a protected environment and the compounds zooxanthellae need for photosynthesis.",high,https://www.noaa.gov/education/resource-collections/marine-life/coral-reef-ecosystems,Coral symbiosis,Coral reef ecosystems | National Oceanic and Atmospheric Administration,www.noaa.gov,verified
FACT-2027-04-22-S12,22,2027-04-22,"During the sea-faring portion of the journey, Kiddo was described as perched on the lifeboat’s sail and washing his face in the sun.",12,April,Kiddo perched on the lifeboat’s sail,Animals,"“he described Kiddo as perched on the lifeboat’s sail, ‘washing his face in the Sun’”",high,https://airandspace.si.edu/stories/editorial/kiddo-cat-reluctant-aviator,Animal behavior,"Kiddo the Cat, Reluctant Aviator | National Air and Space Museum",airandspace.si.edu,verified
FACT-2027-04-22-S13,22,2027-04-22,"The collection documents the building of Washington, D.C., as the national capital.",13,April,Jefferson’s papers document the creation of the national capital,Geography,"""The building of Washington, D.C. as the national capital ... [is] documented here.""",high,https://loc.gov/collections/thomas-jefferson-papers/about-this-collection,"Washington, D.C.","Collection 
            
             Thomas Jefferson Papers, 1606 to 1827",loc.gov,verified
FACT-2027-04-22-S14,22,2027-04-22,Karst aquifers are a vital groundwater resource in the United States.,14,April,Karst aquifers as water resources,Nature,"Information about USGS research on karst aquifers, which are a vital ground-water resource in the United States.",high,https://www.usgs.gov/educational-resources/geology-education,Karst Systems,Geology Education | U.S. Geological Survey,www.usgs.gov,verified
FACT-2027-04-22-S15,22,2027-04-22,Predators such as mountain lions help maintain a healthy balance with prey populations.,15,April,Predators help maintain ecosystem balance,Animals,We now understand the essential role predators play in maintaining a healthy balance with their prey.,high,https://www.nps.gov/grca/planyourvisit/upload/grca_ecology.pdf,Predator-prey relationships,A Living Canyon: Discovering Life at Grand Canyon,www.nps.gov,verified
FACT-2027-04-22-S16,22,2027-04-22,High-frequency radar systems are used to develop maps of surface currents.,16,April,High-frequency radar maps surface currents,Technology,“The Integrated Ocean Observing System uses high frequency radar systems to develop maps of surface currents”,high,https://oceanservice.noaa.gov/navigation/tidesandcurrents/,Ocean Observation,Tides and Currents,oceanservice.noaa.gov,verified
FACT-2027-04-22-S17,22,2027-04-22,"The page includes separate topics on muscles of the head and neck, trunk, upper extremity, and lower extremity.",17,April,Muscles are studied by body region,Human Body,Muscles of the Head and Neck; Muscles of the Lower Extremity; Muscles of the Trunk; Muscles of the Upper Extremity,high,https://www.nlm.nih.gov/medlineplus/anatomy.html,Musculoskeletal system,Anatomy | MedlinePlus,www.nlm.nih.gov,verified
FACT-2027-04-22-S18,22,2027-04-22,The Energy Resources Program provides national databases containing the geochemistry of waters produced during petroleum and geothermal energy production.,18,April,Energy databases include produced-water geochemistry,Nature,Our Energy Resources Program provides national databases of ... the geochemistry of waters produced during petroleum and geothermal energy production.,high,https://www.usgs.gov/mission-areas/energy-and-minerals/science/geologic-mapping-and-foundational-science,Energy resources,Geologic Mapping and Foundational Science | U.S. Geological Survey,www.usgs.gov,verified
FACT-2027-04-22-S19,22,2027-04-22,Mercury's surface resembles Earth's Moon and contains many impact craters caused by meteoroids and comets.,19,April,Mercury's surface is heavily cratered,Space,"Mercury's surface resembles that of Earth's Moon, scarred by many impact craters resulting from collisions with meteoroids and comets.",high,https://science.nasa.gov/mercury/facts/,Surface,Mercury: Facts,science.nasa.gov,verified
FACT-2027-04-22-S20,22,2027-04-22,Mercury and Venus are the only two planets in the solar system without moons.,20,April,Mercury and Venus have no moons,Space,"Of the eight planets, Mercury and Venus are the only ones with no moons.",high,https://science.nasa.gov/solar-system/solar-system-facts/,Moons,Solar System: Facts - NASA Science,science.nasa.gov,verified
FACT-2027-04-23-S01,23,2027-04-23,Pineal melatonin levels are typically highest at night and lowest during the day.,1,April,Melatonin is usually highest at night,Human Body,"Melatonin, secreted by the pineal gland, varies in concentration with light exposure, with levels typically highest at night and lowest during the day.",high,https://www.ncbi.nlm.nih.gov/books/NBK482512/,Hormones,Physiology of Sleep - StatPearls - NCBI Bookshelf,www.ncbi.nlm.nih.gov,verified
FACT-2027-04-23-S02,23,2027-04-23,"After Cher Ami died, the U.S. Army Signal Corps donated his remains to the Smithsonian Institution, where Nelson R. Wood mounted him for display.",2,April,Cher Ami’s remains were donated to the Smithsonian,History,“The U.S. Army Signal Corps donated Cher Ami’s remains to the Smithsonian Institution where taxidermist Nelson R. Wood mounted the bird for display.”,high,https://www.si.edu/object/cher-ami:nmah_425415,Memorials and Collections,www.si.edu — cher ami:nmah 425415,www.si.edu,verified
FACT-2027-04-23-S03,23,2027-04-23,Previously studied sleep traits showed reported heritability estimates ranging from 0.5% to 13.7%.,3,April,Sleep traits have measurable heritability,Science,The introduction gives a heritability range of 0.5% to 13.7% for several sleep traits.,high,https://pmc.ncbi.nlm.nih.gov/articles/PMC10851865/,Genetics,Multivariate genome-wide association study of sleep health demonstrates unity and diversity,pmc.ncbi.nlm.nih.gov,verified
FACT-2027-04-23-S04,23,2027-04-23,"Big Bone Lick has little evidence of large predatory mammals, and no fossils of large carnivores were found in the bone beds.",4,April,Large predatory mammals are poorly represented at Big Bone Lick,Animals,"Interestingly, there is little evidence for large predatory mammals.",high,https://nps.gov/articles/paleontology-and-geology-of-big-bone-lick-national-natural-landmark.htm,Predators,Paleontology and Geology of Big Bone Lick National Natural Landmark (U.S. National Park Service),nps.gov,verified
FACT-2027-04-23-S05,23,2027-04-23,The proposed weapon would be released if all three pigeons pecked at their windows.,5,April,Consensus-based missile release,Technology,"If all three pigeons pecked, the weapon would be released.",high,https://www.americanhistory.si.edu/collections/object/nmah_690069,Guidance systems,www.americanhistory.si.edu — nmah 690069,www.americanhistory.si.edu,verified
FACT-2027-04-23-S06,23,2027-04-23,"Landsat ETa products provide consistent, field-scale evapotranspiration information for regions around the world.",6,April,Landsat ETa provides global field-scale information,Technology,"Landsat ETa products provide access to consistent, field-scale evapotranspiration information globally.",high,https://www.usgs.gov/landsat-missions/news/landsat-product-supports-water-management-worldwide,Satellite data applications,Landsat Product Supports Water Management Worldwide | U.S. Geological Survey,www.usgs.gov,verified
FACT-2027-04-23-S07,23,2027-04-23,"Groundwater dissolves salt from buried ancient marine bedrock and brings it to the surface at Big Bone Lick, forming a natural salt lick.",7,April,Big Bone Lick is a natural salt lick,Geography,"Salt has been dissolved from buried ancient marine bedrock and brought to the surface by groundwater, forming a natural salt lick.",high,https://nps.gov/articles/paleontology-and-geology-of-big-bone-lick-national-natural-landmark.htm,Natural features,Paleontology and Geology of Big Bone Lick National Natural Landmark (U.S. National Park Service),nps.gov,verified
FACT-2027-04-23-S08,23,2027-04-23,Scientists at the Conservation and Research Center participated in creating Species Survival Plans after the Endangered Species Act was passed in 1966.,8,April,Scientists helped create Species Survival Plans,Science,Scientists there participated in the creation of Species Survival Plans after passage of the Endangered Species Act in 1966.,high,https://siarchives.si.edu/history/national-zoological-park,Conservation Biology,siarchives.si.edu — national zoological park,siarchives.si.edu,verified
FACT-2027-04-23-S09,23,2027-04-23,"The NOAA resource collection covers marine ecosystems involving fish, invertebrates, marine mammals, plankton, seabirds, algae, and aquatic plants.",9,April,Ocean ecosystems include diverse forms of life,Ocean & Marine,"Marine life ... Fish ... Invertebrates ... Marine mammals ... Plankton ... Seabirds ... Seaweed, algae, and aquatic plants.",high,https://www.noaa.gov/education/resources,Marine ecosystems,NOAA Sea to Sky: Education resource database | National Oceanic and Atmospheric Administration,www.noaa.gov,verified
FACT-2027-04-23-S10,23,2027-04-23,Mercury's surface temperatures can reach 800°F (430°C) during the day and fall to −290°F (−180°C) at night.,10,April,Mercury has extreme surface temperatures,Space,Day temperatures can reach highs of 800°F (430°C); temperatures can dip as low as −290°F (−180°C).,high,https://science.nasa.gov/mercury/facts/,Planetary Facts,Mercury: Facts,science.nasa.gov,verified
FACT-2027-04-23-S11,23,2027-04-23,"Elevations within Great Smoky Mountains National Park range from about 875 feet to 6,643 feet.",11,April,"Great Smoky Mountains elevations span nearly 5,800 feet",World Records & Extremes,"Within the park, elevations range from about 875' to 6,643'.",high,https://home.nps.gov/grsm/learn/nature/naturalfeaturesandecosystems.htm,Mountain elevations,Natural Features & Ecosystems - Great Smoky Mountains National Park (U.S. National Park Service),home.nps.gov,verified
FACT-2027-04-23-S12,23,2027-04-23,"Yellowstone has 67 species of mammals, including seven species of native ungulates and two species of bear.",12,April,Yellowstone has 67 mammal species,Animals,"67 species of mammals, including seven species of native ungulates and two species of bear",high,https://www.nps.gov/yell/planyourvisit/parkfacts.htm,Mammals,Park Facts - Yellowstone National Park (U.S. National Park Service),www.nps.gov,verified
FACT-2027-04-23-S13,23,2027-04-23,The inverse relationship between cell size and count means that each logarithmic cell-size class contributes a roughly similar fraction of total body cellular biomass.,13,April,Cellular biomass is broadly distributed across size classes,Human Body,Such an inverse relation implies that a roughly similar fraction of total body mass is present in each logarithmic cell-size class.,high,https://pmc.ncbi.nlm.nih.gov/articles/PMC10523466/,Cell Biomass,The human cell count and size distribution - PMC,pmc.ncbi.nlm.nih.gov,verified
FACT-2027-04-23-S14,23,2027-04-23,"Capitol Reef National Park encompasses seven primary life zones, ranging from cool evergreen peaks to riparian zones and hot desert.",14,April,Capitol Reef has seven primary life zones,Nature,"Capitol Reef National Park encompasses seven primary life zones, ranging from high, cool peaks with evergreens, to riparian zones filled with water-loving plants, to the dry, hot desert.",high,https://www.nps.gov/care/learn/nature/naturalfeaturesandecosystems.htm,Ecology,Natural Features & Ecosystems - Capitol Reef National Park (U.S. National Park Service),www.nps.gov,verified
FACT-2027-04-23-S15,23,2027-04-23,Ocean acidification is a process associated with ocean and coastal areas.,15,April,Ocean acidification is an ocean topic,Ocean & Marine,Ocean and coasts topics include ocean acidification.,high,https://www.noaa.gov/education/resource-collections,Ocean processes,Resource collections | National Oceanic and Atmospheric Administration,www.noaa.gov,verified
FACT-2027-04-23-S16,23,2027-04-23,William M. Mann became the zoo’s director in 1926 and held the position until retiring in 1956.,16,April,William M. Mann directed the zoo until 1956,History,"The title of the zoo head administrator was changed in 1926 to that of director, and Mann held that position until his retirement in 1956.",high,https://siarchives.si.edu/history/national-zoological-park,Leadership,siarchives.si.edu — national zoological park,siarchives.si.edu,verified
FACT-2027-04-23-S17,23,2027-04-23,"Neptune's orbital period is 59,800 days.",17,April,"Neptune has a 59,800-day orbital period",Space,"Orbital Period row, Neptune column: 59,800",high,https://nssdc.gsfc.nasa.gov/planetary/factsheet/,Orbital Characteristics,Planetary Fact Sheet,nssdc.gsfc.nasa.gov,verified
FACT-2027-04-23-S18,23,2027-04-23,"The Triassic fossil record includes the earliest members of all living tetrapod groups, including caecilians, salamanders, frogs, lizards, sphenodontians, turtles, crocodile relatives, and dinosaurs.",18,April,Tetrapod groups first arose during a major Triassic evolutionary transition,Science,The article states that Triassic fossils represent the earliest members of all living tetrapod groups and lists these groups.,high,http://nps.gov/articles/000/tetrapod-evolution-at-petrified-forest.htm,Evolution,NPS Paleontologists Discover Hidden Cradle of Tetrapod Evolution at Petrified Forest National Park: Implications for the Triassic Origins of Living Tetrapod Communities (U.S. National Park Service),nps.gov,verified
FACT-2027-04-23-S19,23,2027-04-23,"The intense heat from lightning causes air to expand rapidly, creating a shock wave that travels outward.",19,April,Lightning-generated shock wave,Nature,"This intense heat causes the air to expand rapidly, creating a shock wave that travels outward.",high,https://www.britannica.com/Science-Tech,Thunder and lightning,Science & Tech | Britannica,www.britannica.com,verified
FACT-2027-04-23-S20,23,2027-04-23,The USGS provides resources for assessing landslide risks in Prince William Sound.,20,April,Prince William Sound landslide risks,Geography,Landslides section lists “Assessing landslide risks in Prince William Sound.”,high,https://www.usgs.gov/hazard-and-national-security-resources,Landslide hazards,Hazard and National Security Resources | U.S. Geological Survey,www.usgs.gov,verified
FACT-2027-04-24-S01,24,2027-04-24,"By 1917, Kretchmer had retired from the bee business and sold most of his company stock to Amos Ives Root of the A. I. Root Company.",1,April,Kretchmer's retirement from the bee business,History,The page states that Kretchmer retired by 1917 and sold the majority of his stock to Amos Ives Root.,high,https://invention.si.edu/invention-stories/bee-hives-buzzing-invention,Business history,Bee Hives Buzzing with Invention,invention.si.edu,verified
FACT-2027-04-24-S02,24,2027-04-24,The FAGA seismic station is part of American Samoa’s volcano monitoring network and is also used by the USGS National Earthquake Information Center and NOAA Pacific Tsunami Warning Center.,2,April,Uses of the FAGA station,Technology,"This station is part of the volcano monitoring network of American Samoa, and is also used by the USGS National Earthquake Information Center (NEIC) and by the NOAA Pacific Tsunami Warning Center (PTWC).",high,https://www.usgs.gov/observatories/hvo/news/photo-video-chronology-fieldwork-american-samoa,Earthquake and tsunami monitoring,Photo & Video Chronology — Fieldwork in American Samoa | U.S. Geological Survey,www.usgs.gov,verified
FACT-2027-04-24-S03,24,2027-04-24,Science has developed over many centuries.,3,April,Science developed over many centuries,Science,The field of science has developed over many centuries,high,https://www.britannica.com/browse/Science,History of Science,Science Portal | Britannica,www.britannica.com,verified
FACT-2027-04-24-S04,24,2027-04-24,"The rocks in Great Smoky Mountains National Park are mostly sedimentary and formed from deposited soil, silt, sand, and gravel.",4,April,Sedimentary rocks dominate the Smokies,Geography,"The rocks in this area are mostly of a sedimentary type... formed by accumulations of soil, silt, sand, and gravel deposited into a huge shallow sea.",high,https://home.nps.gov/grsm/learn/nature/naturalfeaturesandecosystems.htm,Geology,Natural Features & Ecosystems - Great Smoky Mountains National Park (U.S. National Park Service),home.nps.gov,verified
FACT-2027-04-24-S05,24,2027-04-24,Yellowstone is the world’s first national park.,5,April,Yellowstone was the first national park,History,Yellowstone is the world’s first national park.,high,https://www.nps.gov/yell/planyourvisit/parkfacts.htm,National parks,Park Facts - Yellowstone National Park (U.S. National Park Service),www.nps.gov,verified
FACT-2027-04-24-S06,24,2027-04-24,"Near the surface, Earth's atmosphere consists of 78% nitrogen, 21% oxygen, and 1% other gases.",6,April,Earth's atmospheric composition,Science,"Earth has an atmosphere that consists of 78% nitrogen, 21% oxygen, and 1% other gases",high,https://science.nasa.gov/earth/facts/,Atmosphere,Facts About Earth,science.nasa.gov,verified
FACT-2027-04-24-S07,24,2027-04-24,"John Sweet received the first United States beehive patent, US Patent X001267, on April 11, 1810.",7,April,The first U.S. beehive patent,Inventions,"The page states that the first U.S. beehive patent was John Sweet's US Patent X001267, issued April 11, 1810.",high,https://invention.si.edu/invention-stories/bee-hives-buzzing-invention,Beekeeping equipment,Bee Hives Buzzing with Invention,invention.si.edu,verified
FACT-2027-04-24-S08,24,2027-04-24,Thunderstorm Ridge at Petrified Forest National Park is a fossil site dating to approximately 220 million years ago in the Late Triassic.,8,April,Thunderstorm Ridge preserves a Late Triassic vertebrate community,Science,Fieldwork identified Thunderstorm Ridge (PFV 456) as a Late Triassic fossil site approximately 220 million years old.,high,http://nps.gov/articles/000/tetrapod-evolution-at-petrified-forest.htm,Paleontology,NPS Paleontologists Discover Hidden Cradle of Tetrapod Evolution at Petrified Forest National Park: Implications for the Triassic Origins of Living Tetrapod Communities (U.S. National Park Service),nps.gov,verified
FACT-2027-04-24-S09,24,2027-04-24,Slugs could detect mustard gas before humans could during World War I.,9,April,Slugs detected mustard gas,Animals,Dr. Paul Bartsch ... discovered that slugs could detect mustard gas well before humans could.,high,https://americanhistory.si.edu/explore/stories/how-did-animals-even-slugs-serve-world-war-i,Mollusks,americanhistory.si.edu — how did animals even slugs serve world war i,americanhistory.si.edu,verified
FACT-2027-04-24-S10,24,2027-04-24,"On October 15, 1910, Kiddo became the first cat to attempt to cross the Atlantic Ocean by airship.",10,April,Kiddo was the first cat to attempt an Atlantic airship crossing,Animals,"“On October 15, 1910, Kiddo the cat became the first of his kind to attempt to cross the Atlantic Ocean by airship”",high,https://airandspace.si.edu/stories/editorial/kiddo-cat-reluctant-aviator,Animal history,"Kiddo the Cat, Reluctant Aviator | National Air and Space Museum",airandspace.si.edu,verified
FACT-2027-04-24-S11,24,2027-04-24,"In some locations, strong tidal currents can travel at speeds of eight knots or more.",11,April,Strong tidal current speeds,World Records & Extremes,"In some locations, strong tidal currents can travel at speeds of eight knots or more.",high,https://oceanservice.noaa.gov/facts/current.html,Ocean current speeds,What is a current?,oceanservice.noaa.gov,verified
FACT-2027-04-24-S12,24,2027-04-24,Yellowstone Lake has an average depth of 138 feet and a maximum depth of 430 feet.,12,April,Yellowstone Lake reaches 430 feet deep,Geography,Average depth: 138 feet (42 m); Maximum depth: 430 feet (131 m),high,https://www.nps.gov/yell/planyourvisit/parkfacts.htm,Lakes,Park Facts - Yellowstone National Park (U.S. National Park Service),www.nps.gov,verified
FACT-2027-04-24-S13,24,2027-04-24,"The four basic tissue types are connective, epithelial, muscle, and nervous tissue.",13,April,The body has four basic tissue types,Human Body,"That's how many basic types of tissue that cells form in the body: connective, epithelial, muscle, and nervous.",high,https://nigms.nih.gov/biobeat/2024/09/cells-by-the-numbers-2,Tissues,Cells by the Numbers | National Institute of General Medical Sciences,nigms.nih.gov,verified
FACT-2027-04-24-S14,24,2027-04-24,Tides are very long-period waves that move through the oceans in response to forces exerted by the moon and sun.,14,April,Tides are long-period ocean waves,Ocean & Marine,"Basically, tides are very long-period waves that move through the oceans in response to the forces exerted by the moon and sun.",high,https://oceanservice.noaa.gov/education/tutorial_tides/tides01_intro.html,Tides,What are Tides - Tides and Water Levels: NOAA's National Ocean Service Education,oceanservice.noaa.gov,verified
FACT-2027-04-24-S15,24,2027-04-24,"An axon can be up to 1,000 millimeters long, or one meter.",15,April,Some nerve-cell axons can be one meter long,Human Body,"In millimeters, that's how long an axon, a part of a nerve cell, can be. That's a meter long.",high,https://nigms.nih.gov/biobeat/2024/09/cells-by-the-numbers-2,Nervous system,Cells by the Numbers | National Institute of General Medical Sciences,nigms.nih.gov,verified
FACT-2027-04-24-S16,24,2027-04-24,Hantavirus caused one of the more recent disease outbreaks on a cruise ship.,16,April,Hantavirus outbreak on a cruise ship,Ocean & Marine,Hantavirus caused one of the more recent disease outbreaks on a cruise ship.,high,https://www.britannica.com/Science-Tech,Cruise ships,Science & Tech | Britannica,www.britannica.com,verified
FACT-2027-04-24-S17,24,2027-04-24,The USGS has published recommended capabilities and instrumentation for volcano monitoring in the United States.,17,April,U.S. volcano monitoring capabilities,Nature,Volcanoes section lists “Recommended capabilities and instrumentation for volcano monitoring in the U.S.”,high,https://www.usgs.gov/hazard-and-national-security-resources,Volcano monitoring,Hazard and National Security Resources | U.S. Geological Survey,www.usgs.gov,verified
FACT-2027-04-24-S18,24,2027-04-24,Earth is listed as having a global magnetic field.,18,April,Earth has a global magnetic field,Space,"Global Magnetic Field row, Earth column: Yes",high,https://nssdc.gsfc.nasa.gov/planetary/factsheet/,Planetary Magnetism,Planetary Fact Sheet,nssdc.gsfc.nasa.gov,verified
FACT-2027-04-24-S19,24,2027-04-24,"Our solar system orbits the center of the galaxy at about 515,000 miles per hour.",19,April,Solar system orbital speed,Space,"Our solar system orbits the center of the galaxy at about 515,000 mph (828,000 kph).",high,https://science.nasa.gov/solar-system/,Galactic Speed,Solar System Exploration,science.nasa.gov,verified
FACT-2027-04-24-S20,24,2027-04-24,"Environmental historians examine how human history shaped forests, streams, and wildlife, as well as how people’s experiences of landscapes shaped their history.",20,April,Environmental history studies human effects on nature,Nature,"“How did human history shape forests, streams, and wildlife? How did people’s experience of the landscape shape their history?”",high,https://www.nps.gov/articles/parkscience32_2_76-78_fiege_3843.htm,Climate and ecosystems,"Nature, history, and environmental history at Rocky Mountain National Park (U.S. National Park Service)",www.nps.gov,verified
FACT-2027-04-25-S01,25,2027-04-25,"James Hemings, a member of the Hemings family of Monticello, trained as a French chef in Paris.",1,April,James Hemings trained as a French chef,Food,"""James Hemings (1765-1821) ... trained as a French chef in Paris"".",high,https://loc.gov/collections/thomas-jefferson-papers/about-this-collection,Culinary history,"Collection 
            
             Thomas Jefferson Papers, 1606 to 1827",loc.gov,verified
FACT-2027-04-25-S02,25,2027-04-25,Science can be defined simply as knowledge of the world of nature.,2,April,Science is knowledge of the natural world,Science,"On the simplest level, science is knowledge of the world of nature.",high,https://www.britannica.com/science/history-of-science,Definition,"History of science | Definition, Natural Philosophy, & Development of Science | Britannica",www.britannica.com,verified
FACT-2027-04-25-S03,25,2027-04-25,Students can use primary and secondary sources to test their assumptions about the past.,3,April,Evidence can test assumptions about the past,Psychology,“Ask students to test their assumptions about the past.”,high,https://www.loc.gov/programs/teachers/getting-started-with-primary-sources,Assumptions,Getting Started with Primary Sources | Teachers | Programs | Library of Congress,www.loc.gov,verified
FACT-2027-04-25-S04,25,2027-04-25,"When exposed to mustard gas, slugs indicated discomfort by closing their breathing pores and compressing their bodies.",4,April,Slugs showed visible signs of gas exposure,Science,The slugs would visibly indicate their discomfort by closing their breathing pores and compressing their bodies.,high,https://americanhistory.si.edu/explore/stories/how-did-animals-even-slugs-serve-world-war-i,Animal physiology,americanhistory.si.edu — how did animals even slugs serve world war i,americanhistory.si.edu,verified
FACT-2027-04-25-S05,25,2027-04-25,"Mean high water, the average of all observed high-water levels, is used to represent shoreline on charts.",5,April,Mean high water represents shorelines on charts,Ocean & Marine,"“Mean high water, or the average of all observed high-water levels, is the datum used to represent shoreline on charts.”",high,https://oceanservice.noaa.gov/navigation/tidesandcurrents/,Tidal Datums,Tides and Currents,oceanservice.noaa.gov,verified
FACT-2027-04-25-S06,25,2027-04-25,The map shows 170 impact craters formed by extraterrestrial objects.,6,April,The map includes 170 impact craters,Nature,"Over 1500 volcanoes, 44,000 earthquakes, and 170 impact craters.",high,https://www.usgs.gov/maps/dynamic-planet-world-map-volcanoes-earthquakes-impact-craters-and-plate-tectonics,Impact craters,"This dynamic planet: World map of volcanoes, earthquakes, impact craters and plate tectonics | U.S. Geological Survey",www.usgs.gov,verified
FACT-2027-04-25-S07,25,2027-04-25,De Mestral developed the idea for Velcro during a walk in the woods in 1948.,7,April,The Velcro idea began in 1948,History,"During a walk in the woods in 1948, Swiss engineer and outdoorsman de Mestral caught hundreds of burrs.",high,https://invention.si.edu/invention-stories/george-de-mestral-velcror-inventor,Invention history,invention.si.edu — george de mestral velcror inventor,invention.si.edu,verified
FACT-2027-04-25-S08,25,2027-04-25,Several tuff cones are located within the northwest corner of Taʻū Island.,8,April,Tuff cones of northwest Taʻū,Geography,There are several tuff cones located within the northwest corner of Taʻū island.,high,https://www.usgs.gov/observatories/hvo/news/photo-video-chronology-fieldwork-american-samoa,Volcanic landforms,Photo & Video Chronology — Fieldwork in American Samoa | U.S. Geological Survey,www.usgs.gov,verified
FACT-2027-04-25-S09,25,2027-04-25,"The ETa products use a resampled spatial scale of 30 by 30 meters per pixel, which is just less than one-quarter of an acre.",9,April,Landsat ETa has 30-meter pixel scale,Technology,The record allows ETa products to deliver ... observations at a resampled spatial scale of 30 × 30 meters (equating to just less than ¼ of an acre) per pixel.,high,https://www.usgs.gov/landsat-missions/news/landsat-product-supports-water-management-worldwide,Satellite imaging,Landsat Product Supports Water Management Worldwide | U.S. Geological Survey,www.usgs.gov,verified
FACT-2027-04-25-S10,25,2027-04-25,Large clinical trials are usually conducted only after smaller preliminary studies suggest that a treatment may be helpful.,10,April,Preliminary studies often precede clinical trials,Science,“They’re usually done only after smaller preliminary studies have shown some promise that the treatment may be helpful.”,high,https://www.nccih.nih.gov/health/tips/10-things-to-know-about-the-science-of-health,Health research,10 Things To Know About the Science of Health | NCCIH,www.nccih.nih.gov,verified
FACT-2027-04-25-S11,25,2027-04-25,Sea turtles are included among organisms studied in marine-life education.,11,April,Sea turtles are marine-life subjects,Animals,Marine life topics include sea turtles.,high,https://www.noaa.gov/education/resource-collections,Marine animals,Resource collections | National Oceanic and Atmospheric Administration,www.noaa.gov,verified
FACT-2027-04-25-S12,25,2027-04-25,"After Glen Canyon Dam eliminated spring floods and created steadier flows, invasive tamarisk came to dominate beaches throughout Grand Canyon.",12,April,Tamarisk dominates Grand Canyon beaches,Nature,"The Glen Canyon Dam introduced a steadier flow regime and eliminated spring floods, tamarisk ... dominates beaches throughout Grand Canyon.",high,https://www.nps.gov/grca/planyourvisit/upload/grca_ecology.pdf,Invasive species,A Living Canyon: Discovering Life at Grand Canyon,www.nps.gov,verified
FACT-2027-04-25-S13,25,2027-04-25,"The Oort Cloud extends from about 5,000 to 100,000 astronomical units and may reach as far as 1.6 light-years from the Sun.",13,April,The Oort Cloud extends far beyond the planets,Space,"It has icy pieces ... orbiting our Sun as far as 1.6 light-years away. This shell ... extends from 5,000 astronomical units to 100,000 astronomical units.",high,https://science.nasa.gov/solar-system/solar-system-facts/,Oort Cloud,Solar System: Facts - NASA Science,science.nasa.gov,verified
FACT-2027-04-25-S14,25,2027-04-25,At least 35 million bison may have lived in North America into the early or late 1700s.,14,April,Bison populations once reached tens of millions,Animals,"Siobhan Starrs says, “We think at one point all the way into the early 1700s, maybe even late 1700s, there were at least 35 million bison in North America.”",high,https://www.si.edu/sidedoor/missing-bison,American bison,The Missing Bison | Smithsonian Institution,www.si.edu,verified
FACT-2027-04-25-S15,25,2027-04-25,A person carrying the DEC2 Y362H mutation slept one hour less and showed greater resistance to sleep deprivation than a mutation-negative fraternal twin.,15,April,Some natural short sleepers show greater resistance to sleep deprivation,Human Body,The Y362H mutation occurred in one twin who slept one hour less and showed more resistance to sleep deprivation than his mutation-negative twin.,high,https://doi.org/10.1016/j.conb.2017.02.015,Sleep deprivation,Human genetics and sleep behavior,doi.org,verified
FACT-2027-04-25-S16,25,2027-04-25,"Geography is the study of the diverse environments, places, and spaces on Earth’s surface and their interactions.",16,April,Geography studies Earth’s environments and places,Geography,"“geography, the study of the diverse environments, places, and spaces of Earth’s surface and their interactions”",high,https://www.britannica.com/science/geography,Definition,"Geography | Definition, Types, History, & Facts | Britannica",www.britannica.com,verified
FACT-2027-04-25-S17,25,2027-04-25,"Ella Fitzgerald’s recordings demonstrate her mastery of scat, a style involving improvised nonsense syllables that imitate a musical instrument.",17,April,Ella Fitzgerald was known for scat singing,History,"Fitzgerald’s mastery of “scat”, in which the singer improvises nonsense syllables to imitate a musical instrument, is heard throughout her recordings.",high,https://www.loc.gov/item/today-in-history/april-25/,Music history,Today in History - April 25,www.loc.gov,verified
FACT-2027-04-25-S18,25,2027-04-25,"Individuals homozygous for the five-repeat PER3 allele show greater slow-wave sleep and slow-wave activity than individuals homozygous for the four-repeat allele, particularly during recovery from sleep deprivation.",18,April,PER3 repeat number affects responses to sleep deprivation,Human Body,"PER3 5/5 individuals exhibit increased time spent in SWS and elevated SWA, and increased SWS and SWA are observed in subsequent recovery sleep.",high,https://pmc.ncbi.nlm.nih.gov/articles/PMC6389443/,Sleep Need,The Molecular Genetics of Human Sleep - PMC,pmc.ncbi.nlm.nih.gov,verified
FACT-2027-04-25-S19,25,2027-04-25,Scientists are testing coral restoration methods that grow coral in nurseries and transplant it to damaged areas.,19,April,Nursery-grown corals can be transplanted,Ocean & Marine,"Scientists are also testing new ways to help coral reef ecosystems, such as growing coral in a nursery and then transplanting it to damaged areas.",high,https://www.noaa.gov/education/resource-collections/marine-life/coral-reef-ecosystems,Coral conservation,Coral reef ecosystems | National Oceanic and Atmospheric Administration,www.noaa.gov,verified
FACT-2027-04-25-S20,25,2027-04-25,"Our solar system is located in a small, partial arm of the Milky Way called the Orion Arm or Orion Spur.",20,April,The Orion Spur,Space,"Our Sun is in a small, partial arm of the Milky Way called the Orion Arm, or Orion Spur.",high,https://science.nasa.gov/solar-system/,Galactic Location,Solar System Exploration,science.nasa.gov,verified
FACT-2027-04-26-S01,26,2027-04-26,"Sixteen peaks within Great Smoky Mountains National Park rise above 5,000 feet.",1,April,"Sixteen Smokies peaks exceed 5,000 feet",World Records & Extremes,"With sixteen peaks rising more than 5,000 feet.",high,https://home.nps.gov/grsm/learn/nature/naturalfeaturesandecosystems.htm,Mountain peaks,Natural Features & Ecosystems - Great Smoky Mountains National Park (U.S. National Park Service),home.nps.gov,verified
FACT-2027-04-26-S02,26,2027-04-26,Neurotransmitter receptors are among the brain-specific gene categories implicated in sleep.,2,April,Neurotransmitter receptors are linked to sleep regulation,Human Body,"“The largest categories are brain-specific genes such as ion channels, neurotransmitter receptors, neuropeptides, and synaptic proteins.”",high,https://pubmed.ncbi.nlm.nih.gov/33360546/,Sleep-related genes,Recent advances in sleep genetics - PubMed,pubmed.ncbi.nlm.nih.gov,verified
FACT-2027-04-26-S03,26,2027-04-26,"Tide predictions help people navigate coastal waterways, construct bridges, and choose times for fishing, surfing, or tidepooling.",3,April,Uses of tide predictions,Ocean & Marine,"This knowledge helps us navigate through coastal waterways, construct bridges, and even decide when it’s the best time to go fishing, surfing, or tidepooling.",high,https://www.noaa.gov/education/resource-collections/ocean-coasts,Tides,Ocean and coasts | National Oceanic and Atmospheric Administration,www.noaa.gov,verified
FACT-2027-04-26-S04,26,2027-04-26,"Approximately 220 million years ago, the area now occupied by Petrified Forest National Park lay in the humid tropical lowlands of central Pangaea.",4,April,Petrified Forest was in tropical Pangaea during the Late Triassic,Geography,The article says that 220 million years ago PEFO was located in the animal- and plant-rich humid tropical lowlands of central Pangaea.,high,http://nps.gov/articles/000/tetrapod-evolution-at-petrified-forest.htm,Paleogeography,NPS Paleontologists Discover Hidden Cradle of Tetrapod Evolution at Petrified Forest National Park: Implications for the Triassic Origins of Living Tetrapod Communities (U.S. National Park Service),nps.gov,verified
FACT-2027-04-26-S05,26,2027-04-26,More than 80% of Yellowstone’s forest is lodgepole pine.,5,April,Lodgepole pine dominates Yellowstone’s forests,Nature,Nine species of conifers (more than 80% of forest is lodgepole pine),high,https://www.nps.gov/yell/planyourvisit/parkfacts.htm,Forests,Park Facts - Yellowstone National Park (U.S. National Park Service),www.nps.gov,verified
FACT-2027-04-26-S06,26,2027-04-26,Knowledge of natural processes is universal among humankind.,6,April,Knowledge of natural processes is universal among humans,Science,Science defined simply as knowledge of natural processes is universal among humankind.,high,https://www.britannica.com/science/history-of-science,Universality,"History of science | Definition, Natural Philosophy, & Development of Science | Britannica",www.britannica.com,verified
FACT-2027-04-26-S07,26,2027-04-26,A pair of giant pandas from the People’s Republic of China arrived at the National Zoo in 1972.,7,April,Giant pandas arrived at the zoo in 1972,Animals,The arrival of a pair of giant pandas from the People's Republic of China in 1972.,high,https://siarchives.si.edu/history/national-zoological-park,Pandas,siarchives.si.edu — national zoological park,siarchives.si.edu,verified
FACT-2027-04-26-S08,26,2027-04-26,"Pollution, sedimentation, unsustainable fishing practices, and climate change threaten coral reef ecosystems.",8,April,Human activities threaten coral reefs,Ocean & Marine,"Other threats are caused by people, including pollution, sedimentation, unsustainable fishing practices, and climate change.",high,https://www.noaa.gov/education/resource-collections/marine-life/coral-reef-ecosystems,Coral reef threats,Coral reef ecosystems | National Oceanic and Atmospheric Administration,www.noaa.gov,verified
FACT-2027-04-26-S09,26,2027-04-26,"As a law student, Jefferson took notes from William Salkeld’s reports of King's Bench cases to study precedents and practices useful in his legal work.",9,April,Jefferson studied English legal precedents,History,"""Jefferson took notes from Salkeld's Reports on the King's Bench cases, looking for precedents and practices that he would find useful in his own case work.""",high,https://loc.gov/collections/thomas-jefferson-papers/about-this-collection,Legal education,"Collection 
            
             Thomas Jefferson Papers, 1606 to 1827",loc.gov,verified
FACT-2027-04-26-S10,26,2027-04-26,The solar system contains many worlds with many types of atmospheres.,10,April,Diverse atmospheres,Space,Our solar system has many worlds with many types of atmospheres.,high,https://science.nasa.gov/solar-system/,Atmospheres,Solar System Exploration,science.nasa.gov,verified
FACT-2027-04-26-S11,26,2027-04-26,Jefferson’s records include notes on scientific experiments and plants grown on his estate.,11,April,Jefferson recorded experiments and plants,Science,"""notes on scientific experiments and on plants grown on his estate"".",high,https://loc.gov/collections/thomas-jefferson-papers/about-this-collection,Scientific observation,"Collection 
            
             Thomas Jefferson Papers, 1606 to 1827",loc.gov,verified
FACT-2027-04-26-S12,26,2027-04-26,"The ReSciColl digital catalogue contains more than 5 million entries for geologic samples, photographs, maps, and other data.",12,April,ReSciColl catalogs millions of geologic records,Technology,"Our ReSciColl digital catalogue of geologic samples, photographs, maps and other data contains over 5 million entries.",high,https://www.usgs.gov/mission-areas/energy-and-minerals/science/geologic-mapping-and-foundational-science,Data preservation,Geologic Mapping and Foundational Science | U.S. Geological Survey,www.usgs.gov,verified
FACT-2027-04-26-S13,26,2027-04-26,"The United States has over 95,000 miles of shoreline.",13,April,United States shoreline,Geography,"In the United States alone, there are over 95,000 miles of shoreline.",high,https://www.noaa.gov/education/resource-collections/ocean-coasts,Coasts,Ocean and coasts | National Oceanic and Atmospheric Administration,www.noaa.gov,verified
FACT-2027-04-26-S14,26,2027-04-26,A fossil collection and preparation method developed by Petrified Forest paleontologists revealed 26 species new to science.,14,April,Twenty-six species from Thunderstorm Ridge are new to science,Science,"The article states that the methodology revealed a diversity of small-bodied tetrapods, including 26 species new to science.",high,http://nps.gov/articles/000/tetrapod-evolution-at-petrified-forest.htm,Paleontology,NPS Paleontologists Discover Hidden Cradle of Tetrapod Evolution at Petrified Forest National Park: Implications for the Triassic Origins of Living Tetrapod Communities (U.S. National Park Service),nps.gov,verified
FACT-2027-04-26-S15,26,2027-04-26,Earth is the third planet from the Sun and the fifth-largest planet in the solar system.,15,April,Earth's position in the solar system,Space,"Earth is the third planet from the Sun, and the fifth largest planet.",high,https://science.nasa.gov/earth/facts/,Planetary Facts,Facts About Earth,science.nasa.gov,verified
FACT-2027-04-26-S16,26,2027-04-26,"Although 'Yankee Doodle' was known before Lexington and Concord, American militia appropriated it after those battles.",16,April,Yankee Doodle's Revolutionary association,History,"'Yankee Doodle' was a well-known song ... before the battles of Lexington and Concord, but only after the skirmishes there was it appropriated by the American militia.",high,https://memory.loc.gov/ammem/today/apr19.html,Patriotic music,Today in History,memory.loc.gov,verified
FACT-2027-04-26-S17,26,2027-04-26,The Nr3a gene has been identified as a gene associated with short sleep in mammals.,17,April,Nr3a is identified as a short-sleeper gene,Animals,“Mammalian reverse genetics without crossing reveals Nr3a as a short-sleeper gene.”,high,https://pubmed.ncbi.nlm.nih.gov/33360546/,Sleep duration,Recent advances in sleep genetics - PubMed,pubmed.ncbi.nlm.nih.gov,verified
FACT-2027-04-26-S18,26,2027-04-26,Taking a prescription drug and a dietary supplement together may increase the drug’s effects and unwanted side effects.,18,April,Drug and supplement combinations can intensify effects,Human Body,"“Sometimes taking a prescription drug and dietary supplement together may increase the drug’s effects. The drug’s effects may become too strong, and unwanted side effects may increase.”",high,https://www.nccih.nih.gov/health/tips/10-things-to-know-about-the-science-of-health,Medications and supplements,10 Things To Know About the Science of Health | NCCIH,www.nccih.nih.gov,verified
FACT-2027-04-26-S19,26,2027-04-26,The Smithsonian classifies Skinner’s nose cone as a psychological apparatus.,19,April,The object is classified as a psychological apparatus,Psychology,Object Type: psychological apparatus; Object Name: psychological apparatus.,high,https://www.americanhistory.si.edu/collections/object/nmah_690069,Psychological apparatus,www.americanhistory.si.edu — nmah 690069,www.americanhistory.si.edu,verified
FACT-2027-04-26-S20,26,2027-04-26,"Lightning can heat the air in its path to temperatures as high as 30,000 °C (54,000 °F).",20,April,Temperature of lightning-heated air,Nature,"When lightning strikes, it heats the air in its path to temperatures as high as 30,000 °C (54,000 °F).",high,https://www.britannica.com/Science-Tech,Thunder and lightning,Science & Tech | Britannica,www.britannica.com,verified
FACT-2027-04-27-S01,27,2027-04-27,"In most areas, chart datum is mean lower low water, the average of all observed lower low waters.",1,April,Mean lower low water is chart datum in most areas,Ocean & Marine,"“Mean lower low water, or the average of all observed lower low waters ... is known as chart datum in most areas.”",high,https://oceanservice.noaa.gov/navigation/tidesandcurrents/,Tidal Datums,Tides and Currents,oceanservice.noaa.gov,verified
FACT-2027-04-27-S02,27,2027-04-27,An intronic variant in ABCC9 was reported to explain approximately 5% of the variation in sleep duration in a European population.,2,April,ABCC9 variation contributes to sleep-duration differences,Human Body,A genome-wide association study in a European population revealed an intronic variant in ABCC9 that can explain ~5% of the variation in sleep duration.,high,https://pmc.ncbi.nlm.nih.gov/articles/PMC6389443/,Sleep Genetics,The Molecular Genetics of Human Sleep - PMC,pmc.ncbi.nlm.nih.gov,verified
FACT-2027-04-27-S03,27,2027-04-27,"The dataset covers approximately 400 major cell types organized into 1,264 cell groups across 60 tissues.",3,April,The body includes about 400 major cell types,Human Body,"Such partitioning yields 1,264 separate cell groups, comprising the 400 major cell types across 60 tissues.",high,https://pmc.ncbi.nlm.nih.gov/articles/PMC10523466/,Cell Types,The human cell count and size distribution - PMC,pmc.ncbi.nlm.nih.gov,verified
FACT-2027-04-27-S04,27,2027-04-27,"Yellowstone National Park was established on March 1, 1872.",4,April,Yellowstone was established in 1872,History,"Yellowstone National Park was established on March 1, 1872.",high,https://www.nps.gov/yell/planyourvisit/parkfacts.htm,National parks,Park Facts - Yellowstone National Park (U.S. National Park Service),www.nps.gov,verified
FACT-2027-04-27-S05,27,2027-04-27,Better preventive care and higher spay-and-neuter rates were cited as reasons for increased cat and dog life expectancy.,5,April,Preventive care contributed to increased pet longevity,Animals,The article says the 2013 study cited better preventive care and higher spay and neuter rates among the reasons pets were living longer.,high,https://invention.si.edu/inventing-mans-best-friend,Preventive care,Inventing for Man's Best Friend | Lemelson,invention.si.edu,verified
FACT-2027-04-27-S06,27,2027-04-27,"Mutations in CK1D, PER2, PER3, and CRY2 have been identified in people with familial advanced sleep phase.",6,April,Several clock-gene mutations are linked to advanced sleep phase,Science,"The review identifies CK1d T44A and H46R, PER2 S662G, PER3 P415A/H417R, and CRY2 A260T in subjects affected by FASP.",high,https://doi.org/10.1016/j.conb.2017.02.015,Human genetics,Human genetics and sleep behavior,doi.org,verified
FACT-2027-04-27-S07,27,2027-04-27,"Corals can recover from bleaching if conditions improve before they die, although ecosystems may take many years to fully heal.",7,April,Corals can recover from bleaching,Ocean & Marine,"Corals are able to recover from bleaching events if conditions improve before they die, though it can take many years for the ecosystems to fully heal.",high,https://www.noaa.gov/education/resource-collections/marine-life/coral-reef-ecosystems,Coral recovery,Coral reef ecosystems | National Oceanic and Atmospheric Administration,www.noaa.gov,verified
FACT-2027-04-27-S08,27,2027-04-27,"The North America Tapestry of Time and Terrain presents the continent's geologic history through the relationship of rock type, topography, and time.",8,April,North American geologic history,Geography,"Reveals the geologic history of North America through the interrelation of rock type, topography, and time.",high,https://www.usgs.gov/educational-resources/geology-education,Geologic History,Geology Education | U.S. Geological Survey,www.usgs.gov,verified
FACT-2027-04-27-S09,27,2027-04-27,Kiddo and the rest of the crew spent 71 hours in flight aboard the America.,9,April,The crew spent 71 hours in flight,World Records & Extremes,“The 71 hours that Kiddo and the rest of the crew spent in flight”,high,https://airandspace.si.edu/stories/editorial/kiddo-cat-reluctant-aviator,Long-duration travel,"Kiddo the Cat, Reluctant Aviator | National Air and Space Museum",airandspace.si.edu,verified
FACT-2027-04-27-S10,27,2027-04-27,"Phreatomagmatic volcanic activity occurs when rising magma interacts with groundwater or nearshore environments, producing a series of explosions.",10,April,Phreatomagmatic activity,Nature,"Morphology suggests that formed through phreatomagmatic volcanic activity, caused when rising magma interacts with groundwater (or nearshore environments), causing a series of explosions.",high,https://www.usgs.gov/observatories/hvo/news/photo-video-chronology-fieldwork-american-samoa,Volcanology,Photo & Video Chronology — Fieldwork in American Samoa | U.S. Geological Survey,www.usgs.gov,verified
FACT-2027-04-27-S11,27,2027-04-27,De Mestral spent nearly a decade testing and refining a fastener that could cling as effectively as burrs.,11,April,Velcro took nearly a decade to develop,Inventions,It took de Mestral nearly a decade of trial and error to create a fastener that would cling as well as the burrs.,high,https://invention.si.edu/invention-stories/george-de-mestral-velcror-inventor,Development,invention.si.edu — george de mestral velcror inventor,invention.si.edu,verified
FACT-2027-04-27-S12,27,2027-04-27,The small leaves of cliffrose reduce heat-absorbing surface area and limit moisture loss through transpiration.,12,April,Small leaves help cliffrose conserve moisture,Nature,"Small leaves, like those of cliffrose, reduce the surface area that absorbs heat from the sun and limits moisture lost through transpiration.",high,https://www.nps.gov/care/learn/nature/naturalfeaturesandecosystems.htm,Plant Adaptations,Natural Features & Ecosystems - Capitol Reef National Park (U.S. National Park Service),www.nps.gov,verified
FACT-2027-04-27-S13,27,2027-04-27,"The Ofu-Olosega volcano is estimated to be 440,000 years old.",13,April,Age of Ofu-Olosega volcano,History,"This volcanic island is part of Ofu-Olosega volcano, which is estimated to be 440,000 years old.",high,https://www.usgs.gov/observatories/hvo/news/photo-video-chronology-fieldwork-american-samoa,Geologic history,Photo & Video Chronology — Fieldwork in American Samoa | U.S. Geological Survey,www.usgs.gov,verified
FACT-2027-04-27-S14,27,2027-04-27,"The Map Viewer application in NIBI allows users to explore, filter, and query borehole data on a map.",14,April,NIBI includes a borehole-data map viewer,Technology,"The Map Viewer application in NIBI allows for an interactive way to explore, filter and query NGGDPP borehole data on a map.",high,https://www.usgs.gov/mission-areas/energy-and-minerals/science/geologic-mapping-and-foundational-science,Interactive mapping,Geologic Mapping and Foundational Science | U.S. Geological Survey,www.usgs.gov,verified
FACT-2027-04-27-S15,27,2027-04-27,There are 13 full moons in 2026.,15,April,Full moons in 2026,Space,There are 13 full moons in 2026.,high,https://www.britannica.com/Science-Tech,Moon,Science & Tech | Britannica,www.britannica.com,verified
FACT-2027-04-27-S16,27,2027-04-27,"The Geologic Map Schema, or GeMS, is a standardized digital map format published by the USGS and the Association of American State Geologists.",16,April,GeMS standardizes digital geologic maps,Technology,"In 2020, the USGS and the Association of American State Geologists published a standardized digital map format, the Geologic Map Schema, or GeMS.",high,https://www.usgs.gov/news/national-news-release/usgs-cooperative-national-geologic-map-now-covers-50-states-us,Data standards,"USGS Cooperative National Geologic Map Now Covers 50 States, U.S. Territories | U.S. Geological Survey",www.usgs.gov,verified
FACT-2027-04-27-S17,27,2027-04-27,"Pinyon jays spread and bury pinyon pine seeds, and seeds left uneaten can grow into new trees.",17,April,Pinyon jays help regenerate pinyon pines,Animals,They eat and spread massive amounts of pine nuts ... storing them in soil miles away ... giving birth to a new generation of trees.,high,https://www.nps.gov/grca/planyourvisit/upload/grca_ecology.pdf,Ecological relationships,A Living Canyon: Discovering Life at Grand Canyon,www.nps.gov,verified
FACT-2027-04-27-S18,27,2027-04-27,The celestial sphere above Earth is described as having twinkling lights.,18,April,The celestial sphere contains twinkling lights,Space,"the celestial sphere above, whose twinkling lights",high,https://www.britannica.com/browse/Science,Celestial Objects,Science Portal | Britannica,www.britannica.com,verified
FACT-2027-04-27-S19,27,2027-04-27,Science is a field developed to study and understand the world in which humans live.,19,April,Science studies the natural world,Science,The field of science has developed ... as a way of studying and understanding the world,high,https://www.britannica.com/browse/Science,Scientific Method,Science Portal | Britannica,www.britannica.com,verified
FACT-2027-04-27-S20,27,2027-04-27,"The America traveled just over 1,300 miles from its launch point before sending a distress signal.",20,April,"The America traveled more than 1,300 miles",Geography,"“After traveling just over 1,300 miles from their launch point, the America sent out a distress signal.”",high,https://airandspace.si.edu/stories/editorial/kiddo-cat-reluctant-aviator,Distance traveled,"Kiddo the Cat, Reluctant Aviator | National Air and Space Museum",airandspace.si.edu,verified
FACT-2027-04-28-S01,28,2027-04-28,"In 1886, Hornaday traveled to Montana to collect American bison specimens for a National Museum display.",1,April,Hornaday traveled to Montana to collect bison specimens,Animals,"In 1886, Hornaday traveled to Montana to collect specimens of American bison for a display at the National Museum.",high,https://siarchives.si.edu/history/featured-topics/stories/william-temple-hornaday-saving-american-bison,American Bison,siarchives.si.edu — william temple hornaday saving american bison,siarchives.si.edu,verified
FACT-2027-04-28-S02,28,2027-04-28,"Europa Clipper launched on October 14, 2024, to investigate Jupiter’s moon Europa.",2,April,Europa Clipper mission,Space,"Europa Clipper launched Oct. 14, 2024, to conduct a detailed investigation of Jupiter's moon Europa.",high,https://science.nasa.gov/solar-system/,Planetary Exploration,Solar System Exploration,science.nasa.gov,verified
FACT-2027-04-28-S03,28,2027-04-28,"Sequoia and General Grant National Parks were established to protect giant sequoia trees, the largest living trees by volume on Earth.",3,April,Protection of giant sequoias,Nature,"Sequoia National Park and General Grant National Park were established to protect giant sequoia trees, the largest living trees by volume on Earth.",high,http://www.nps.gov/seki/learn/news/quick-fact-sheet.htm,Giant sequoias,Quick Fact Sheet - Sequoia & Kings Canyon National Parks (U.S. National Park Service),www.nps.gov,verified
FACT-2027-04-28-S04,28,2027-04-28,"Version 2.0 includes Alaska's geology, covering areas from the Aleutian Islands to the North Slope.",4,April,Alaska added to the national geologic map,Geography,"Alaska's geology, from the Aleutians to the North Slope, is now searchable by age, material, and rock type.",high,https://www.usgs.gov/news/national-news-release/usgs-cooperative-national-geologic-map-now-covers-50-states-us,Geologic mapping,"USGS Cooperative National Geologic Map Now Covers 50 States, U.S. Territories | U.S. Geological Survey",www.usgs.gov,verified
FACT-2027-04-28-S05,28,2027-04-28,"People with familial advanced sleep phase syndrome fall asleep and wake up significantly earlier than usual, with mutation carriers waking around 4:00 a.m.",5,April,Familial advanced sleep phase causes unusually early sleep,Human Body,Sleep onset and offset times are significantly advanced in individuals with FASP; mutation carriers wake up around 4:00 o'clock in the morning.,high,https://doi.org/10.1016/j.conb.2017.02.015,Sleep timing,Human genetics and sleep behavior,doi.org,verified
FACT-2027-04-28-S06,28,2027-04-28,About 68 percent of the body is made of human cells.,6,April,Human cells make up about 68 percent of body mass,Human Body,That's the percentage of our bodies actually made of human cells.,high,https://nigms.nih.gov/biobeat/2024/09/cells-by-the-numbers-2,Body composition,Cells by the Numbers | National Institute of General Medical Sciences,nigms.nih.gov,verified
FACT-2027-04-28-S07,28,2027-04-28,"UNESCO designated Sequoia and Kings Canyon National Parks as an International Biosphere Reserve on October 26, 1976.",7,April,UNESCO biosphere designation,Nature,"On October 26, 1976, the United Nations Organization for Education, Science and Culture (UNESCO) designated Sequoia and Kings Canyon National Parks as an International Biosphere Reserve.",high,http://www.nps.gov/seki/learn/news/quick-fact-sheet.htm,Biosphere reserves,Quick Fact Sheet - Sequoia & Kings Canyon National Parks (U.S. National Park Service),www.nps.gov,verified
FACT-2027-04-28-S08,28,2027-04-28,Marine mammals are organisms that live in aquatic environments.,8,April,Marine mammals live in aquatic environments,Animals,"Marine life is defined as biology, habitats, and threats to organisms that live in aquatic environments; marine mammals are listed as a topic.",high,https://www.noaa.gov/education/resource-collections,Marine animals,Resource collections | National Oceanic and Atmospheric Administration,www.noaa.gov,verified
FACT-2027-04-28-S09,28,2027-04-28,NOAA uses microwave air-gap sensors mounted on bridges to measure the position of the water surface and determine clearance beneath bridges.,9,April,Microwave sensors measure bridge clearance,Technology,“The sensor sends microwave signals downward to measure the position of the water's surface”,high,https://oceanservice.noaa.gov/navigation/tidesandcurrents/,Navigation Systems,Tides and Currents,oceanservice.noaa.gov,verified
FACT-2027-04-28-S10,28,2027-04-28,"During World War II, the U.S. military sought accurate methods for guiding missiles to their targets.",10,April,Project Pigeon missile guidance,History,"During World War II, the U.S. military needed to find accurate ways to guide missiles to their targets.",high,https://www.americanhistory.si.edu/collections/object/nmah_690069,World War II,www.americanhistory.si.edu — nmah 690069,www.americanhistory.si.edu,verified
FACT-2027-04-28-S11,28,2027-04-28,The ocean's surface layer contains photosynthetic plankton that produce more oxygen than the largest redwood trees.,11,April,Photosynthetic plankton produce abundant oxygen,Ocean & Marine,The surface layer of the ocean is teeming with photosynthetic plankton; they produce more oxygen than the largest redwood trees.,high,https://www.noaa.gov/education/resource-collections,Ocean biology,Resource collections | National Oceanic and Atmospheric Administration,www.noaa.gov,verified
FACT-2027-04-28-S12,28,2027-04-28,Landsat ETa data can be used to estimate consumptive water use at field scale and support agricultural and water-resource applications.,12,April,ETa data supports field-scale water-use estimates,Technology,The resulting data can be used to estimate consumptive water use at field scale and support a wide range of agricultural and water-resource applications.,high,https://www.usgs.gov/landsat-missions/news/landsat-product-supports-water-management-worldwide,Agricultural applications,Landsat Product Supports Water Management Worldwide | U.S. Geological Survey,www.usgs.gov,verified
FACT-2027-04-28-S13,28,2027-04-28,"Mount Whitney, located within the parks, rises to 14,494 feet (4,417.8 meters) and is the highest point in the contiguous United States.",13,April,Mount Whitney elevation,Geography,"Mt. Whitney, the highest point in the contiguous United States at 14,494 feet (4,417.8 meters) (NAVD88), is located within the parks.",high,http://www.nps.gov/seki/learn/news/quick-fact-sheet.htm,Mountains,Quick Fact Sheet - Sequoia & Kings Canyon National Parks (U.S. National Park Service),www.nps.gov,verified
FACT-2027-04-28-S14,28,2027-04-28,George de Mestral got the idea for Velcro after cockleburs became attached to his clothes and his dog's fur.,14,April,Velcro was inspired by cockleburs,Inventions,George De Mestral got the idea for Velcro® from cockleburs caught in his clothes and his dog’s fur.,high,https://invention.si.edu/invention-stories/george-de-mestral-velcror-inventor,Origins,invention.si.edu — george de mestral velcror inventor,invention.si.edu,verified
FACT-2027-04-28-S15,28,2027-04-28,Accurate tide and current data help ships enter and leave ports safely and help determine safe bridge clearance.,15,April,Tide and current data support maritime navigation,Ocean & Marine,“We need accurate tide and current data to aid in navigation” and “getting cargo ships safely into and out of ports”,high,https://oceanservice.noaa.gov/navigation/tidesandcurrents/,Navigation,Tides and Currents,oceanservice.noaa.gov,verified
FACT-2027-04-28-S16,28,2027-04-28,"Fossils from the site represent freshwater sharks, lungfish, coelacanths, bony fish, amphibians, mammal relatives, and diverse reptiles.",16,April,The Thunderstorm Ridge fauna includes aquatic and terrestrial vertebrates,Science,The article lists these groups among the vertebrate fossils found at Thunderstorm Ridge.,high,http://nps.gov/articles/000/tetrapod-evolution-at-petrified-forest.htm,Paleontology,NPS Paleontologists Discover Hidden Cradle of Tetrapod Evolution at Petrified Forest National Park: Implications for the Triassic Origins of Living Tetrapod Communities (U.S. National Park Service),nps.gov,verified
FACT-2027-04-28-S17,28,2027-04-28,Meriwether Lewis collected fossils at Big Bone Lick in October 1803 while traveling to meet William Clark for the expedition to the Pacific.,17,April,Meriwether Lewis collected fossils at Big Bone Lick,History,In October 1803 ... Meriwether Lewis collected fossils from the site and sent them to Jefferson.,high,https://nps.gov/articles/paleontology-and-geology-of-big-bone-lick-national-natural-landmark.htm,Lewis and Clark,Paleontology and Geology of Big Bone Lick National Natural Landmark (U.S. National Park Service),nps.gov,verified
FACT-2027-04-28-S18,28,2027-04-28,Pluto's orbital eccentricity is 0.244.,18,April,Pluto has the greatest listed orbital eccentricity,Space,"Orbital Eccentricity row, Pluto column: 0.244",high,https://nssdc.gsfc.nasa.gov/planetary/factsheet/,Orbital Characteristics,Planetary Fact Sheet,nssdc.gsfc.nasa.gov,verified
FACT-2027-04-28-S19,28,2027-04-28,Phenomena created by Earth's magnetic field can be monitored and studied using images and time-lapse animation.,19,April,Observable magnetic-field phenomena,Science,This simplified description uses images and a time-lapse animation to explain phenomena created by the magnetic field that can be easily monitored and studied.,high,https://www.usgs.gov/educational-resources/geology-education,Geomagnetism,Geology Education | U.S. Geological Survey,www.usgs.gov,verified
FACT-2027-04-28-S20,28,2027-04-28,Kuwohi is the highest summit in Great Smoky Mountains National Park and the third-tallest peak east of the Mississippi River.,20,April,Kuwohi is the park's highest summit,World Records & Extremes,"The park's highest summit, Kuwohi, is the third tallest peak east of the Mississippi River.",high,https://home.nps.gov/grsm/learn/nature/naturalfeaturesandecosystems.htm,Mountain peaks,Natural Features & Ecosystems - Great Smoky Mountains National Park (U.S. National Park Service),home.nps.gov,verified
FACT-2027-04-29-S01,29,2027-04-29,"NOAA’s Ocean Acidification Program collection includes background, classroom-ready, regional, and species-specific educational resources.",1,April,NOAA provides ocean acidification educational resources,Ocean & Marine,"Dive into the NOAA Ocean Acidification Program's curated collection of background, classroom ready, regional, and species-specific educational resources.",high,https://www.noaa.gov/education/resources,Ocean acidification,NOAA Sea to Sky: Education resource database | National Oceanic and Atmospheric Administration,www.noaa.gov,verified
FACT-2027-04-29-S02,29,2027-04-29,"Approximately 330 bird species occur in Yellowstone, with 150 species nesting there.",2,April,Yellowstone has approximately 330 bird species,Animals,Approx. 330 species of birds (150 nesting),high,https://www.nps.gov/yell/planyourvisit/parkfacts.htm,Birds,Park Facts - Yellowstone National Park (U.S. National Park Service),www.nps.gov,verified
FACT-2027-04-29-S03,29,2027-04-29,"The right cerebral hemisphere primarily controls the left side of the body, while the left hemisphere primarily controls the right side.",3,April,Brain hemispheres primarily control opposite body sides,Human Body,"The right cerebral hemisphere primarily controls the left side of the body, and the left hemisphere primarily controls the right side.",high,https://www.ninds.nih.gov/health-information/public-education/brain-basics/brain-basics-know-your-brain,Brain hemispheres,Brain Basics: Know Your Brain | National Institute of Neurological Disorders and Stroke,www.ninds.nih.gov,verified
FACT-2027-04-29-S04,29,2027-04-29,"The National Zoo was established in the valley of Rock Creek in northwest Washington, DC.",4,April,The zoo occupies land in Rock Creek Valley,Geography,"In the valley of Rock Creek, located in northwest Washington, DC, 166 acres were eventually purchased for the park.",high,https://siarchives.si.edu/history/national-zoological-park,Parks,siarchives.si.edu — national zoological park,siarchives.si.edu,verified
FACT-2027-04-29-S05,29,2027-04-29,"Sequoia National Park was established on September 25, 1890, making it America’s second-oldest national park.",5,April,Sequoia National Park establishment,History,"Sequoia National Park, America’s second-oldest national park was established on September 25, 1890.",high,http://www.nps.gov/seki/learn/news/quick-fact-sheet.htm,National parks,Quick Fact Sheet - Sequoia & Kings Canyon National Parks (U.S. National Park Service),www.nps.gov,verified
FACT-2027-04-29-S06,29,2027-04-29,Genes involving neuropeptides and synaptic proteins are among the categories known to affect sleep.,6,April,Neuropeptides and synaptic proteins are implicated in sleep,Human Body,"“The largest categories are brain-specific genes such as ion channels, neurotransmitter receptors, neuropeptides, and synaptic proteins.”",high,https://pubmed.ncbi.nlm.nih.gov/33360546/,Sleep-related genes,Recent advances in sleep genetics - PubMed,pubmed.ncbi.nlm.nih.gov,verified
FACT-2027-04-29-S07,29,2027-04-29,"Jupiter, Saturn, Uranus, and Neptune are each listed as having ring systems.",7,April,The four outer giant planets have ring systems,Space,"Ring System row: Yes under Jupiter, Saturn, Uranus, and Neptune",high,https://nssdc.gsfc.nasa.gov/planetary/factsheet/,Planetary Systems,Planetary Fact Sheet,nssdc.gsfc.nasa.gov,verified
FACT-2027-04-29-S08,29,2027-04-29,The map depicts 170 impact craters.,8,April,Earth has 170 mapped impact craters,Science,“170 impact craters”,high,https://pubs.usgs.gov/imap/2800/,Impact craters,Geologic Investigations Map I-2800: This Dynamic Planet,pubs.usgs.gov,verified
FACT-2027-04-29-S09,29,2027-04-29,Primary sources can trigger feelings and thoughts and raise questions in the viewer.,9,April,Sources can prompt emotional reflection,Psychology,“What feelings and thoughts does the primary source trigger in you?”; “What questions does it raise?”,high,https://www.loc.gov/programs/teachers/getting-started-with-primary-sources,Emotional response,Getting Started with Primary Sources | Teachers | Programs | Library of Congress,www.loc.gov,verified
FACT-2027-04-29-S10,29,2027-04-29,USGS mineral resource articles address how specific minerals are used in the United States and how much of them is produced.,10,April,Mineral production data,Money & Economics,How is a specific mineral used in the United States? How much of that mineral is produced?,high,https://www.usgs.gov/educational-resources/geology-education,Mineral Production,Geology Education | U.S. Geological Survey,www.usgs.gov,verified
FACT-2027-04-29-S11,29,2027-04-29,"Burr hooks attach to looped materials such as clothing fibers, animal fur, and human hair.",11,April,Burr hooks attach to loops,Nature,"These hooks grabbed onto anything that had a loop--clothing fiber, animal fur, or human hair.",high,https://invention.si.edu/invention-stories/george-de-mestral-velcror-inventor,Plant adaptations,invention.si.edu — george de mestral velcror inventor,invention.si.edu,verified
FACT-2027-04-29-S12,29,2027-04-29,The nose cone is made of metal and wood.,12,April,Nose cone materials,Technology,"Physical Description: metal (overall material), wood (overall material).",high,https://www.americanhistory.si.edu/collections/object/nmah_690069,Physical construction,www.americanhistory.si.edu — nmah 690069,www.americanhistory.si.edu,verified
FACT-2027-04-29-S13,29,2027-04-29,"By the mid-20th century, technology was defined as the means or activity by which humans seek to change or manipulate their environment.",13,April,Technology has been defined as environmental manipulation,Technology,“By mid-century technology was defined by such phrases as ‘the means or activity by which man seeks to change or manipulate his environment’”,high,https://www.britannica.com/technology/history-of-technology,Definitions,"History of technology | Evolution, Ages, & Facts | Britannica",www.britannica.com,verified
FACT-2027-04-29-S14,29,2027-04-29,"A tuff cone can form when magma and water interact at shallow depths, causing localized explosions.",14,April,Tuff cone formation,Nature,"A tuff cone can form when magma and water interact at shallow depths, causing localized explosions.",high,https://www.usgs.gov/observatories/hvo/news/photo-video-chronology-fieldwork-american-samoa,Volcanology,Photo & Video Chronology — Fieldwork in American Samoa | U.S. Geological Survey,www.usgs.gov,verified
FACT-2027-04-29-S15,29,2027-04-29,Some coral reefs are older than old-growth redwood forests.,15,April,Some reefs are older than redwood forests,Ocean & Marine,Some reefs are even older than our old-growth redwood forests.,high,https://oceanservice.noaa.gov/facts/coral_species.html,Coral reef history,What species live in and around coral reefs?,oceanservice.noaa.gov,verified
FACT-2027-04-29-S16,29,2027-04-29,"Kretchmer moved his factory from Pleasant Grove to Council Bluffs, Iowa, to obtain better shipping facilities and closer access to railroads.",16,April,Factory relocation to Council Bluffs,Geography,The page explicitly gives better shipping facilities and proximity to railroad lines as the reasons for the relocation.,high,https://invention.si.edu/invention-stories/bee-hives-buzzing-invention,Transportation and industry,Bee Hives Buzzing with Invention,invention.si.edu,verified
FACT-2027-04-29-S17,29,2027-04-29,"The USGS provides the Mineral Resources Online Spatial Data Access Tool, also called MRDATA.",17,April,MRDATA,Science,National Security and Minerals section lists “Mineral Resources Online Spatial Data Access Tool(MRDATA).”,high,https://www.usgs.gov/hazard-and-national-security-resources,Mineral resources,Hazard and National Security Resources | U.S. Geological Survey,www.usgs.gov,verified
FACT-2027-04-29-S18,29,2027-04-29,"While directing the Bronx Zoo, Hornaday emphasized the importance of saving American native wildlife.",18,April,Hornaday promoted conservation of native wildlife,Animals,Continuing to emphasize the importance of saving American native wildlife.,high,https://siarchives.si.edu/history/featured-topics/stories/william-temple-hornaday-saving-american-bison,Wildlife Conservation,siarchives.si.edu — william temple hornaday saving american bison,siarchives.si.edu,verified
FACT-2027-04-29-S19,29,2027-04-29,Twenty-three sites and historic districts in the parks are listed on the National Register of Historic Places.,19,April,National Register listings,History,Twenty-three sites and historic districts representing the history of the Sierra Nevada from pre-Colombian times to the Mission 66-era are listed on the National Register of Historic Places.,high,http://www.nps.gov/seki/learn/news/quick-fact-sheet.htm,Historic sites,Quick Fact Sheet - Sequoia & Kings Canyon National Parks (U.S. National Park Service),www.nps.gov,verified
FACT-2027-04-29-S20,29,2027-04-29,"Mercury's metallic core has a radius of about 1,289 miles (2,074 kilometers), roughly 85% of the planet's radius.",20,April,Mercury has a large metallic core,Space,"It has a large metallic core with a radius of about 1,289 miles (2,074 kilometers), about 85% of the planet's radius.",high,https://science.nasa.gov/mercury/facts/,Planetary Structure,Mercury: Facts,science.nasa.gov,verified
FACT-2027-04-30-S01,30,2027-04-30,Coral reef ecosystems are a type of marine-life topic.,1,April,Coral reefs are marine ecosystems,Ocean & Marine,Marine life topics include coral reef ecosystems.,high,https://www.noaa.gov/education/resource-collections,Marine ecosystems,Resource collections | National Oceanic and Atmospheric Administration,www.noaa.gov,verified
FACT-2027-04-30-S02,30,2027-04-30,"The eruption that formed Nuʻutele Island is thought to have occurred during the Holocene, within the last 12,000 years.",2,April,Nuʻutele Island eruption age,History,"The age of the eruption which formed Nuʻutele Island is thought to be Holocene (erupted within the last 12,000 years).",high,https://www.usgs.gov/observatories/hvo/news/photo-video-chronology-fieldwork-american-samoa,Geologic history,Photo & Video Chronology — Fieldwork in American Samoa | U.S. Geological Survey,www.usgs.gov,verified
FACT-2027-04-30-S03,30,2027-04-30,"Construction of Glen Canyon Dam in 1963 changed the Colorado River’s temperature, sediment, flooding, beaches, and vegetation in Grand Canyon.",3,April,Glen Canyon Dam changed the Colorado River,History,Construction of Glen Canyon Dam in 1963 brought about a series of changes to the river and its ecosystem.,high,https://www.nps.gov/grca/planyourvisit/upload/grca_ecology.pdf,Environmental change,A Living Canyon: Discovering Life at Grand Canyon,www.nps.gov,verified
FACT-2027-04-30-S04,30,2027-04-30,Many U.S. coral reefs were alive and thriving centuries before European colonization of nearby shores.,4,April,Some U.S. reefs predate European colonization,Ocean & Marine,Many U.S. coral reefs were alive and thriving centuries before the European colonization of the nearby shores.,high,https://oceanservice.noaa.gov/facts/coral_species.html,Coral reef history,What species live in and around coral reefs?,oceanservice.noaa.gov,verified
FACT-2027-04-30-S05,30,2027-04-30,"USGS mineral commodity fact sheets explain where important minerals come from, how they are used, and why they are important.",5,April,Mineral commodity information,Science,"Learn where each mineral comes from, how it's used, and why it's important.",high,https://www.usgs.gov/educational-resources/geology-education,Mineral Resources,Geology Education | U.S. Geological Survey,www.usgs.gov,verified
FACT-2027-04-30-S06,30,2027-04-30,Information from smart collars can help owners assess a dog’s health and fitness and share the information with veterinarians.,6,April,Smart collars support pet health monitoring,Animals,The article says collar data allows owners to assess their dog’s health and fitness and share the information with veterinarians.,high,https://invention.si.edu/inventing-mans-best-friend,Pet health,Inventing for Man's Best Friend | Lemelson,invention.si.edu,verified
FACT-2027-04-30-S07,30,2027-04-30,Makemake is slightly smaller than Pluto and is the second-brightest object in the Kuiper Belt.,7,April,Makemake is smaller than Pluto,Space,"Makemake is slightly smaller than Pluto, and is the second-brightest object in the Kuiper Belt, while Pluto is the brightest.",high,https://science.nasa.gov/solar-system/planets/,Makemake,About the Planets,science.nasa.gov,verified
FACT-2027-04-30-S08,30,2027-04-30,"In 2004, more than 160 earthquakes had a magnitude of 6.0 or higher.",8,April,More than 160 magnitude-6 earthquakes occurred in 2004,Nature,"In 2004 alone, over 160 earthquakes were magnitude 6.0 or above.",high,https://www.usgs.gov/maps/dynamic-planet-world-map-volcanoes-earthquakes-impact-craters-and-plate-tectonics,Earthquakes,"This dynamic planet: World map of volcanoes, earthquakes, impact craters and plate tectonics | U.S. Geological Survey",www.usgs.gov,verified
FACT-2027-04-30-S09,30,2027-04-30,The American Pet Products Association estimated that Americans would spend more than $55 billion on their pets in 2013.,9,April,Americans spend billions on pets,Money & Economics,The article states that the APPA estimated Americans would spend more than $55 billion on their pets that year.,high,https://invention.si.edu/inventing-mans-best-friend,Pet industry,Inventing for Man's Best Friend | Lemelson,invention.si.edu,verified
FACT-2027-04-30-S10,30,2027-04-30,"The warm Gulf Stream brings milder winter weather to Bergen, Norway, than to New York.",10,April,The Gulf Stream moderates Bergen winters,Geography,"The warm Gulf Stream, for instance, brings milder winter weather to Bergen, Norway, than to New York.",high,https://oceanservice.noaa.gov/facts/current.html,Gulf Stream,What is a current?,oceanservice.noaa.gov,verified
FACT-2027-04-30-S11,30,2027-04-30,"Edward Kretchmer received three patents for hives: US Patent 59,614 in 1866, US Patent 67,123 in 1867, and US Patent 138,661 in 1873.",11,April,Kretchmer's hive patents,Inventions,The page lists these three Kretchmer patents as being related to hives.,high,https://invention.si.edu/invention-stories/bee-hives-buzzing-invention,Beekeeping equipment,Bee Hives Buzzing with Invention,invention.si.edu,verified
FACT-2027-04-30-S12,30,2027-04-30,"Lower Falls of the Yellowstone River is the tallest waterfall near a road in the park, at 308 feet.",12,April,Lower Falls is Yellowstone’s tallest waterfall near a road,Nature,Tallest waterfall near a road: Lower Falls of the Yellowstone River at 308 feet (94 m),high,https://www.nps.gov/yell/planyourvisit/parkfacts.htm,Waterfalls,Park Facts - Yellowstone National Park (U.S. National Park Service),www.nps.gov,verified
FACT-2027-04-30-S13,30,2027-04-30,The Earth Mapping Resources Initiative collects data to map the surface and subsurface of the United States.,13,April,Earth MRI maps surface and subsurface data,Technology,Earth MRI collects a suite of data to map the surface and subsurface of the Nation.,high,https://www.usgs.gov/mission-areas/energy-and-minerals/science/geologic-mapping-and-foundational-science,Geospatial data,Geologic Mapping and Foundational Science | U.S. Geological Survey,www.usgs.gov,verified
FACT-2027-04-30-S14,30,2027-04-30,The PER2-S662G mutation is associated with familial advanced sleep phase and causes hypophosphorylation of PER2 by casein kinase I.,14,April,PER2-S662G causes familial advanced sleep phase,Human Body,"Affected individuals carried a serine to glycine mutation in the CKI-binding region of PER2, resulting in hypophosphorylation of PER2 by CKI in vitro.",high,https://pmc.ncbi.nlm.nih.gov/articles/PMC6389443/,Sleep Genetics,The Molecular Genetics of Human Sleep - PMC,pmc.ncbi.nlm.nih.gov,verified
FACT-2027-04-30-S15,30,2027-04-30,"Jupiter and Saturn are gas giants, while Uranus and Neptune are ice giants.",15,April,The outer planets include gas and ice giants,Space,"That is where we find gas giants Jupiter and Saturn, and the ice giants Uranus and Neptune.",high,https://science.nasa.gov/solar-system/solar-system-facts/,Planet Classification,Solar System: Facts - NASA Science,science.nasa.gov,verified
FACT-2027-04-30-S16,30,2027-04-30,The Cooperative National Geologic Map can be viewed and explored through an interactive web map interface.,16,April,The map can be explored through a web interface,Technology,Anyone can view and interact with the map data ... A highly innovative Web map interface was developed.,high,https://www.usgs.gov/news/national-news-release/usgs-cooperative-national-geologic-map-now-covers-50-states-us,Digital mapping,"USGS Cooperative National Geologic Map Now Covers 50 States, U.S. Territories | U.S. Geological Survey",www.usgs.gov,verified
FACT-2027-04-30-S17,30,2027-04-30,The Colorado River began cutting downward through the region approximately five to six million years ago.,17,April,The Colorado River began carving the canyon five to six million years ago,Geography,"Finally, beginning just 5-6 million years ago, the Colorado River began to carve its way downward.",high,https://www.nps.gov/grca/learn/nature/grca-geology.htm,Rivers,Geology - Grand Canyon National Park (U.S. National Park Service),www.nps.gov,verified
FACT-2027-04-30-S18,30,2027-04-30,Calcium-dependent hyperpolarization contributes to the regulation of sleep duration in mammals.,18,April,Ca2+-dependent hyperpolarization is involved in mammalian sleep duration,Animals,“Involvement of Ca2+-dependent hyperpolarization in sleep duration in mammals.”,high,https://pubmed.ncbi.nlm.nih.gov/33360546/,Sleep duration,Recent advances in sleep genetics - PubMed,pubmed.ncbi.nlm.nih.gov,verified
FACT-2027-04-30-S19,30,2027-04-30,"Cell size is described as being suited to the function of the cell, and abnormalities in size can indicate disease or malignancy.",19,April,Cell size is associated with cellular function,Human Body,The body’s cells are the “right size” to best perform their function... Irregularities in cell size are often a pathological sign of disease or a marker of malignancy.,high,https://pmc.ncbi.nlm.nih.gov/articles/PMC10523466/,Cell Biology,The human cell count and size distribution - PMC,pmc.ncbi.nlm.nih.gov,verified
FACT-2027-04-30-S20,30,2027-04-30,The USGS provides an Earth MRI Acquisitions Viewer as a national security and minerals resource.,20,April,Earth MRI Acquisitions Viewer,Science,National Security and Minerals section lists “Earth MRI Acquisitions Viewer.”,high,https://www.usgs.gov/hazard-and-national-security-resources,Mineral resources,Hazard and National Security Resources | U.S. Geological Survey,www.usgs.gov,verified