ID,Day,Date,Fact,Slot,Month,Title,Category,Evidence,Confidence,Source URL,Subcategory,Source title,Source domain,Verification status
FACT-2027-08-01-S01,1,2027-08-01,The ocean covers about 70 percent of Earth’s surface.,1,August,The ocean covers most of Earth,Science,The source states that the ocean covers seventy percent of Earth’s surface.,high,https://www.noaa.gov/know-your-ocean,Oceanography,Know Your Ocean,noaa.gov,verified
FACT-2027-08-01-S02,1,2027-08-01,"The solar system contains Mercury, Venus, Earth, Mars, Jupiter, Saturn, Uranus, and Neptune.",2,August,The solar system has eight planets,Space,NASA explicitly lists the solar system’s eight planets.,high,https://science.nasa.gov/solar-system/planets/,Structure,About the Planets - NASA Science,science.nasa.gov,verified
FACT-2027-08-01-S03,1,2027-08-01,Anatomy is the science that studies the structure of the body.,3,August,Anatomy studies body structure,Human Body,The supplied excerpt defines anatomy as the science that studies body structure.,high,https://www.nlm.nih.gov/medlineplus/anatomy.html,Anatomy,Anatomy | MedlinePlus,nlm.nih.gov,verified
FACT-2027-08-01-S04,1,2027-08-01,Psychologists use empirical methods to collect and interpret research data.,4,August,Psychology Uses Empirical Methods,Psychology,The source states that psychologists use empirical methods to collect and interpret research data.,high,https://www.apa.org/education-career/guide/science,Scientific Method,Science of Psychology,apa.org,verified
FACT-2027-08-01-S05,1,2027-08-01,"Horseshoe crabs are more closely related to arachnids, such as spiders and scorpions, than to true crabs.",5,August,Not a true crab,Animals,"Though it’s called a crab, horseshoe crabs are more closely related to arachnids, such as spiders and scorpions.",high,https://www.nationalzoo.si.edu/index%2ephp/animals/horseshoe-crab,Classification,Horseshoe crab | Smithsonian's National Zoo and Conservation Biology Institute,nationalzoo.si.edu,verified
FACT-2027-08-01-S06,1,2027-08-01,The ocean commonly appears blue because water molecules scatter blue light more than other visible colors.,6,August,Water scattering makes oceans appear blue,Geography,The excerpt explains that sunlight is scattered by water molecules and that blue light is scattered most.,high,https://www.noaa.gov/know-your-ocean,Oceanography,Know Your Ocean,noaa.gov,verified
FACT-2027-08-01-S07,1,2027-08-01,"Congress established Yellowstone National Park on March 1, 1872, when President Ulysses S. Grant signed the Yellowstone National Park Protection Act.",7,August,Yellowstone Established in 1872,History,"The excerpt states that Grant signed the act on March 1, 1872, creating the world's first national park.",high,https://www.nps.gov/yell/learn/historyculture/yellowstoneestablishment.htm,National Parks,Birth of a National Park - Yellowstone National Park (U.S. National Park Service),nps.gov,verified
FACT-2027-08-01-S08,1,2027-08-01,"Energy innovation advances energy production, consumption and distribution while supporting secure, affordable and sustainable energy systems.",8,August,Energy innovation supports sustainability,Technology,"The IEA states that energy innovation shapes how energy is produced, consumed and distributed and underpins a secure, affordable and sustainable energy future.",high,https://www.iea.org/topics/energy-innovation,Energy innovation,Energy Innovation – Topics - IEA,iea.org,verified
FACT-2027-08-01-S09,1,2027-08-01,"The Smithsonian Institution was established by an Act of Congress signed by President James K. Polk on August 10, 1846.",9,August,Smithsonian Founded in 1846,Mystery & Unexplained,"The source states that an Act of Congress signed by President James K. Polk on August 10, 1846, established the Smithsonian Institution.",high,https://www.si.edu/newsdesk/factsheets/brief-history-smithsonian-institution,Institutional History,A Brief History of the Smithsonian Institution,si.edu,verified
FACT-2027-08-01-S10,1,2027-08-01,"The Metropolitan Museum of Art’s Heilbrunn Timeline presents thematic, chronological, and geographical explorations of global art history through the Museum’s collection.",10,August,The Heilbrunn Timeline Covers Global Art History,Ancient Civilizations,"The supplied excerpt describes the Timeline as a thematic, chronological, and geographical exploration of global art history through The Met collection.",high,https://metmuseum.org/essays/timeline-of-art-history,Historical Resources,Heilbrunn Timeline of Art History - The Metropolitan Museum of Art,metmuseum.org,verified
FACT-2027-08-01-S11,1,2027-08-01,The blue whale is the largest animal overall.,11,August,Largest animal,World Records & Extremes,The source identifies the average full-grown blue whale as the world's largest mammal and largest animal overall.,high,https://www.guinnessworldrecords.com/news/2022/3/19-world-record-facts-that-will-help-you-in-a-quiz-694927,Animals,19 world record facts that will help you in a quiz,guinnessworldrecords.com,verified
FACT-2027-08-01-S12,1,2027-08-01,Blue light penetrates seawater more deeply than red light.,12,August,Blue light penetrates deepest,Nature,NOAA explains that water absorbs longer wavelengths such as red before shorter wavelengths such as blue.,high,https://oceanexplorer.noaa.gov/explainers/marine-life/,Oceanography,Wild and Bizarre Marine Life - NOAA Ocean Exploration,oceanexplorer.noaa.gov,verified
FACT-2027-08-01-S13,1,2027-08-01,"Food provides chemical energy and building materials that support metabolism, cellular processes, and growth.",13,August,Food supplies chemical energy,Food,"Britannica states that nutrients from foods function as sources of chemical energy and building materials supporting metabolism, cellular processes, and growth.",high,https://www.britannica.com/topic/food,Food,"Definition, Nutrition, Ecosystems, Food Chain, Globalization, & Facts",britannica.com,verified
FACT-2027-08-01-S14,1,2027-08-01,"Article I, Section 8, Clause 8 of the U.S. Constitution authorizes Congress to secure limited exclusive rights to authors and inventors.",14,August,Constitutional Intellectual Property Clause,Inventions,"The source identifies Article I, Section 8, Clause 8 as the constitutional foundation of the American intellectual property system and quotes its patent and copyright language.",high,https://www.uspto.gov/about-us/history/freedom250/americas-innovative-history,Patent Law,America's innovative history | USPTO,uspto.gov,verified
FACT-2027-08-01-S15,1,2027-08-01,The World Bank provides free and open access to global development data.,15,August,World Bank data is openly accessible,Country Facts,The source describes World Bank Open Data as offering free and open access to global development data.,high,https://data.worldbank.org/,Data access,World Bank Open Data | Data,data.worldbank.org,verified
FACT-2027-08-01-S16,1,2027-08-01,James Smithson’s will directed that his estate should help found an institution in Washington dedicated to increasing and diffusing knowledge.,16,August,Smithson Left His Estate to the United States,Mythology & Legends,The excerpt quotes Smithson’s will as directing his estate to the United States to found an establishment for “the increase and diffusion of knowledge among men.”,high,https://www.si.edu/newsdesk/factsheets/brief-history-smithsonian-institution,Institutional History,A Brief History of the Smithsonian Institution,si.edu,verified
FACT-2027-08-01-S17,1,2027-08-01,The dissolved material called salt in seawater consists of minerals supplied partly by surface runoff.,17,August,Seawater salt includes dissolved minerals,Ocean & Marine,The supplied excerpt says seawater's salt is made of dissolved minerals from surface runoff.,high,https://www.noaa.gov/know-your-ocean,Seawater,Know Your Ocean,noaa.gov,verified
FACT-2027-08-01-S18,1,2027-08-01,"Persian belongs to the Indo-European family, specifically the Iranian branch.",18,August,Persian is an Indo-European language,Language,The source explicitly places Persian in the Indo-European family and Iranian branch.,high,https://www.loc.gov/exhibits/thousand-years-of-the-persian-book/persian-language.html,Language Families,The Persian Language - A Thousand Years of the Persian Book | Exhibitions (Library of Congress),loc.gov,verified
FACT-2027-08-01-S19,1,2027-08-01,World Development Indicators provides internationally comparable development statistics.,19,August,WDI compares economies,Money & Economics,The source describes WDI as the World Bank’s compilation of cross-country comparable development data.,high,https://datatopics.worldbank.org/world-development-indicators/,Development Data,WDI - Home,datatopics.worldbank.org,verified
FACT-2027-08-01-S20,1,2027-08-01,"The Smithsonian Institution was established by an act of Congress signed on August 10, 1846.",20,August,Smithsonian founding date,Everyday Life,"The source states that an act signed by President James K. Polk on August 10, 1846, established the Smithsonian Institution.",high,https://www.si.edu/about/history,Museums,Smithsonian Institution History,si.edu,verified
FACT-2027-08-02-S01,2,2027-08-02,Earth’s named oceans are connected parts of one global ocean system.,1,August,Earth has one global ocean,Science,The source states that the oceans are connected and part of one global ocean system.,high,https://www.noaa.gov/know-your-ocean,Oceanography,Know Your Ocean,noaa.gov,verified
FACT-2027-08-02-S02,2,2027-08-02,"The five officially recognized dwarf planets are Ceres, Pluto, Haumea, Makemake, and Eris.",2,August,Five officially recognized dwarf planets,Space,NASA explicitly names these five dwarf planets.,high,https://science.nasa.gov/solar-system/planets/,Dwarf Planets,About the Planets - NASA Science,science.nasa.gov,verified
FACT-2027-08-02-S03,2,2027-08-02,Cells are the basic organizational units of life.,3,August,Cells are life’s basic units,Human Body,The supplied excerpt identifies the cell as the basic organizational unit of life.,high,https://www.ncbi.nlm.nih.gov/books/NBK554382/,Cells,"Histology, Cell - StatPearls - NCBI Bookshelf",ncbi.nlm.nih.gov,verified
FACT-2027-08-02-S04,2,2027-08-02,Psychologists use laboratory or field experiments to test hypotheses.,4,August,Psychologists Test Hypotheses,Psychology,The source states that psychologists construct laboratory or field experiments to test hypotheses.,high,https://www.apa.org/education-career/guide/science,Scientific Method,Science of Psychology,apa.org,verified
FACT-2027-08-02-S05,2,2027-08-02,Horseshoe crabs have existed for around 450 million years.,5,August,Ancient lineage,Animals,"Living fossils older than the dinosaurs, horseshoe crabs have been on Earth for around 450 million years.",high,https://www.nationalzoo.si.edu/index%2ephp/animals/horseshoe-crab,Evolution,Horseshoe crab | Smithsonian's National Zoo and Conservation Biology Institute,nationalzoo.si.edu,verified
FACT-2027-08-02-S06,2,2027-08-02,"The seafloor includes canyons, plains, and mountain ranges.",6,August,The seafloor has varied landforms,Geography,"The excerpt directly lists canyons, plains, and mountain ranges as seafloor features.",high,https://www.noaa.gov/know-your-ocean,Seafloor Geography,Know Your Ocean,noaa.gov,verified
FACT-2027-08-02-S07,2,2027-08-02,Yellowstone became the world's first national park in 1872.,7,August,Yellowstone Was the First National Park,History,The excerpt explicitly describes Yellowstone as the world's first national park.,high,https://www.nps.gov/yell/learn/historyculture/yellowstoneestablishment.htm,National Parks,Birth of a National Park - Yellowstone National Park (U.S. National Park Service),nps.gov,verified
FACT-2027-08-02-S08,2,2027-08-02,Technology innovation extends from generating ideas and developing products or processes to their mainstream market diffusion.,8,August,Innovation includes market diffusion,Technology,The IEA defines technology innovation as guiding ideas from the laboratory to mainstream market diffusion.,high,https://www.iea.org/reports/clean-energy-innovation/clean-energy-technology-innovation-and-the-vital-role-of-governments,Energy innovation,Clean energy technology innovation and the vital role of governments,iea.org,verified
FACT-2027-08-02-S09,2,2027-08-02,James Smithson left his estate to the United States to establish an institution dedicated to the increase and diffusion of knowledge.,9,August,Smithson’s Bequest Established the Institution,Mystery & Unexplained,The source quotes Smithson’s will directing his estate to the United States to found an establishment for the increase and diffusion of knowledge among men.,high,https://www.si.edu/newsdesk/factsheets/brief-history-smithsonian-institution,Institutional History,A Brief History of the Smithsonian Institution,si.edu,verified
FACT-2027-08-02-S10,2,2027-08-02,"The Heilbrunn Timeline comprises more than 1,000 essays and 300 chronologies.",10,August,The Timeline Contains Essays And Chronologies,Ancient Civilizations,"The supplied excerpt states that the Timeline comprises more than 1,000 essays and 300 chronologies.",high,https://metmuseum.org/essays/timeline-of-art-history,Historical Resources,Heilbrunn Timeline of Art History - The Metropolitan Museum of Art,metmuseum.org,verified
FACT-2027-08-02-S11,2,2027-08-02,The heaviest recorded whale weighed 190 tonnes.,11,August,Heaviest whale recorded,World Records & Extremes,The source records a female blue whale caught in 1947 as weighing 190 tonnes.,high,https://www.guinnessworldrecords.com/news/2022/3/19-world-record-facts-that-will-help-you-in-a-quiz-694927,Animals,19 world record facts that will help you in a quiz,guinnessworldrecords.com,verified
FACT-2027-08-02-S12,2,2027-08-02,"The salt in seawater consists of dissolved minerals, including material carried from land by runoff.",12,August,Seawater contains dissolved minerals,Nature,NOAA describes seawater’s salt as dissolved minerals from surface runoff.,high,https://www.noaa.gov/know-your-ocean,Oceanography,Know Your Ocean,noaa.gov,verified
FACT-2027-08-02-S13,2,2027-08-02,"Food contains macronutrients including proteins, carbohydrates, and fats.",13,August,Food contains macronutrients,Food,"The supplied excerpt identifies proteins, carbohydrates, and fats as the primary macronutrients in food.",high,https://www.britannica.com/topic/food,Food,"Definition, Nutrition, Ecosystems, Food Chain, Globalization, & Facts",britannica.com,verified
FACT-2027-08-02-S14,2,2027-08-02,"Samuel Hopkins received the first U.S. patent on July 31, 1790, for improvements in making potash and pearl ash.",14,August,First U.S. Patent,Inventions,"The source states that the first patent was granted to Samuel Hopkins on July 31, 1790, for improvements in making potash and pearl ash.",high,https://www.uspto.gov/about-us/history/freedom250/americas-innovative-history,Patent History,America's innovative history | USPTO,uspto.gov,verified
FACT-2027-08-02-S15,2,2027-08-02,The World Development Indicators provide internationally comparable statistics about global development.,15,August,WDI provides comparable statistics,Country Facts,"The source describes WDI as a compilation of relevant, high-quality, and internationally comparable statistics about global development.",high,https://datatopics.worldbank.org/world-development-indicators/,Development indicators,WDI - Home,datatopics.worldbank.org,verified
FACT-2027-08-02-S16,2,2027-08-02,"The United States Congress accepted James Smithson’s bequest on July 1, 1836.",16,August,Congress Accepted the Smithson Bequest,Mythology & Legends,"The excerpt states that Congress accepted the Smithson bequest on July 1, 1836.",high,https://www.si.edu/about/history,Institutional History,Smithsonian Institution History,si.edu,verified
FACT-2027-08-02-S17,2,2027-08-02,Melting sea ice does not directly raise sea level because its volume is already part of the ocean system.,17,August,Sea ice melt does not directly raise sea level,Ocean & Marine,The supplied excerpt says sea ice is frozen seawater whose volume is already accounted for in the ocean.,high,https://www.noaa.gov/know-your-ocean,Sea Level,Know Your Ocean,noaa.gov,verified
FACT-2027-08-02-S18,2,2027-08-02,Spanish is a member of the Indo-European language family.,18,August,Spanish is Indo-European,Language,The source explicitly describes Spanish as a member of the Indo-European family.,high,https://catdir.loc.gov/catdir/samples/cam033/2002025671.pdf,Language Families,A History of the Spanish Language,catdir.loc.gov,verified
FACT-2027-08-02-S19,2,2027-08-02,The World Development Indicators database contains data for 217 economies.,19,August,WDI covers 217 economies,Money & Economics,"The source states that WDI contains 1,400 time-series indicators for 217 economies.",high,https://datatopics.worldbank.org/world-development-indicators/,Development Data,WDI - Home,datatopics.worldbank.org,verified
FACT-2027-08-02-S20,2,2027-08-02,James Smithson’s bequest directed the United States to establish an institution in Washington for the increase and diffusion of knowledge.,20,August,Smithson’s bequest,Everyday Life,The source quotes Smithson’s direction to found an institution in Washington for the increase and diffusion of knowledge.,high,https://www.si.edu/about/history,Museums,Smithsonian Institution History,si.edu,verified
FACT-2027-08-03-S01,3,2027-08-03,The ocean appears blue because water scatters blue light more strongly than other visible colors.,1,August,Water scatters blue light,Science,The source explains that blue light is scattered most when sunlight enters ocean water.,high,https://www.noaa.gov/know-your-ocean,Oceanography,Know Your Ocean,noaa.gov,verified
FACT-2027-08-03-S02,3,2027-08-03,"The solar system lies in the Milky Way’s Orion Spur, also called the Orion Arm.",2,August,The solar system is in the Orion Spur,Space,NASA identifies the Sun’s location as the Orion Arm or Orion Spur.,high,https://science.nasa.gov/solar-system/solar-system-facts/,Galactic Location,Solar System: Facts - NASA Science,science.nasa.gov,verified
FACT-2027-08-03-S03,3,2027-08-03,Human cells are eukaryotic cells with well-defined nuclei.,3,August,Human cells are eukaryotic,Human Body,The supplied excerpt states that eukaryotic cells possess well-defined nuclei and are found in humans.,high,https://www.ncbi.nlm.nih.gov/books/NBK554382/,Cells,"Histology, Cell - StatPearls - NCBI Bookshelf",ncbi.nlm.nih.gov,verified
FACT-2027-08-03-S04,3,2027-08-03,Psychologists conduct both basic and applied research.,4,August,Psychology Includes Basic And Applied Research,Psychology,The source describes psychology as a field involving both basic and applied research.,high,https://www.apa.org/education-career/guide/science,Research,Science of Psychology,apa.org,verified
FACT-2027-08-03-S05,3,2027-08-03,Horseshoe crabs have hard exoskeletons called carapaces.,5,August,Hard exoskeleton,Animals,"Like those animals, horseshoe crabs have hard exoskeletons called carapaces.",high,https://www.nationalzoo.si.edu/index%2ephp/animals/horseshoe-crab,Anatomy,Horseshoe crab | Smithsonian's National Zoo and Conservation Biology Institute,nationalzoo.si.edu,verified
FACT-2027-08-03-S06,3,2027-08-03,"The seabed can include muddy clay, sand, rocky boulders, and other textures.",6,August,Seafloor textures vary,Geography,The excerpt describes a wide range of seabed textures and gives these examples.,high,https://oceanexplorer.noaa.gov/ocean-facts/,Seafloor Geography,Ocean Exploration Facts,oceanexplorer.noaa.gov,verified
FACT-2027-08-03-S07,3,2027-08-03,"Hot Springs, Arkansas, was set aside as a national reservation in 1832 and became a national park in 1921.",7,August,Hot Springs Was an Earlier Reservation,History,The excerpt distinguishes Hot Springs's 1832 reservation from its 1921 establishment as a national park.,high,https://www.nps.gov/yell/learn/historyculture/yellowstoneestablishment.htm,National Parks,Birth of a National Park - Yellowstone National Park (U.S. National Park Service),nps.gov,verified
FACT-2027-08-03-S08,3,2027-08-03,Only a minority of products progress through development to mass-market deployment.,8,August,Few products reach mass markets,Technology,"The IEA attributes the limited progression of products to funding, technical and market risks.",high,https://www.iea.org/reports/clean-energy-innovation/clean-energy-technology-innovation-and-the-vital-role-of-governments,Energy innovation,Clean energy technology innovation and the vital role of governments,iea.org,verified
FACT-2027-08-03-S09,3,2027-08-03,"James Smithson died in Genoa, Italy, in 1829.",9,August,Smithson Died in Genoa,Mystery & Unexplained,"The source states that Smithson died in Genoa, Italy, in 1829.",high,https://www.si.edu/newsdesk/factsheets/brief-history-smithsonian-institution,Institutional History,A Brief History of the Smithsonian Institution,si.edu,verified
FACT-2027-08-03-S10,3,2027-08-03,The Heilbrunn Timeline is regularly updated with new scholarship and insights on The Met collection.,10,August,The Timeline Is Regularly Updated,Ancient Civilizations,The supplied excerpt says the Timeline is regularly updated and enriched with new scholarship and insights.,high,https://metmuseum.org/essays/timeline-of-art-history,Historical Resources,Heilbrunn Timeline of Art History - The Metropolitan Museum of Art,metmuseum.org,verified
FACT-2027-08-03-S11,3,2027-08-03,The longest whale ever landed was documented at 33.57 metres.,11,August,Longest whale landed,World Records & Extremes,The source converts the documented measurement of 107 Norwegian feet for a 1909 whale to 33.57 metres.,high,https://www.guinnessworldrecords.com/news/2022/3/19-world-record-facts-that-will-help-you-in-a-quiz-694927,Animals,19 world record facts that will help you in a quiz,guinnessworldrecords.com,verified
FACT-2027-08-03-S12,3,2027-08-03,Ice melting from land and entering the ocean can raise sea level.,12,August,Land ice contributes to sea-level rise,Nature,NOAA states that sea levels can rise when ice melts from land into the ocean.,high,https://www.noaa.gov/know-your-ocean,Sea-level science,Know Your Ocean,noaa.gov,verified
FACT-2027-08-03-S13,3,2027-08-03,Proteins are macronutrients that provide energy and serve as building materials for the body.,13,August,Proteins build body tissues,Food,Britannica states that proteins are macronutrients providing energy and serving as building materials for the body.,high,https://www.britannica.com/topic/food,Food,"Definition, Nutrition, Ecosystems, Food Chain, Globalization, & Facts",britannica.com,verified
FACT-2027-08-03-S14,3,2027-08-03,President George Washington signed the first U.S. patent.,14,August,Washington Signed First Patent,Inventions,The 1790 milestone states that President George Washington signed the first patent.,high,https://www.uspto.gov/patents/milestones,Patent History,Milestones in U.S. patenting | USPTO,uspto.gov,verified
FACT-2027-08-03-S15,3,2027-08-03,Many World Development Indicators extend back more than 50 years.,15,August,WDI includes long historical series,Country Facts,The source states that many indicators have data going back more than 50 years.,high,https://datatopics.worldbank.org/world-development-indicators/,Development indicators,WDI - Home,datatopics.worldbank.org,verified
FACT-2027-08-03-S16,3,2027-08-03,James Smithson was a British scientist whose work included chemistry and mineralogy.,16,August,Smithson Was a British Scientist,Mythology & Legends,The excerpt identifies Smithson as a British scientist and describes him as a well-regarded chemist and mineralogist.,high,https://www.si.edu/newsdesk/factsheets/brief-history-smithsonian-institution,Institutional History,A Brief History of the Smithsonian Institution,si.edu,verified
FACT-2027-08-03-S17,3,2027-08-03,Ice melting from land can raise sea level when the meltwater enters the ocean.,17,August,Land ice melt can raise sea level,Ocean & Marine,The supplied excerpt states that sea levels can rise from ice melting off land and entering the ocean.,high,https://www.noaa.gov/know-your-ocean,Sea Level,Know Your Ocean,noaa.gov,verified
FACT-2027-08-03-S18,3,2027-08-03,Spanish developed historically through Latin and the Romance language group.,18,August,Spanish is a Romance language,Language,"The source includes a section titled “Indo-European, Latin and Romance” in its history of Spanish.",high,https://catdir.loc.gov/catdir/samples/cam033/2002025671.pdf,Language Families,A History of the Spanish Language,catdir.loc.gov,verified
FACT-2027-08-03-S19,3,2027-08-03,The World Development Indicators database includes data for more than 40 country groups.,19,August,WDI includes country groups,Money & Economics,The source states that WDI covers more than 40 country groups.,high,https://datatopics.worldbank.org/world-development-indicators/,Development Data,WDI - Home,datatopics.worldbank.org,verified
FACT-2027-08-03-S20,3,2027-08-03,The Smithsonian Institution is administered as a trust by a Board of Regents and a Secretary.,20,August,Smithsonian governance,Everyday Life,The source states that the 1846 act established the Smithsonian as a trust administered by a Board of Regents and a Secretary.,high,https://www.si.edu/about/history,Museums,Smithsonian Institution History,si.edu,verified
FACT-2027-08-04-S01,4,2027-08-04,"Floating plants and sediments can make ocean water appear green, yellow, or red.",1,August,Ocean color can vary,Science,The source attributes these color variations to floating plants and sediments.,high,https://www.noaa.gov/know-your-ocean,Oceanography,Know Your Ocean,noaa.gov,verified
FACT-2027-08-04-S02,4,2027-08-04,The solar system orbits the center of the Milky Way galaxy.,2,August,The solar system orbits the galactic center,Space,NASA states that the solar system orbits the galactic center.,high,https://science.nasa.gov/solar-system/solar-system-facts/,Galactic Motion,Solar System: Facts - NASA Science,science.nasa.gov,verified
FACT-2027-08-04-S03,4,2027-08-04,Cells with similar structures and functions assemble to form tissues.,3,August,Similar cells form tissues,Human Body,The supplied excerpt explicitly describes similar cells assembling to form tissue.,high,https://www.ncbi.nlm.nih.gov/books/NBK554382/,Cells,"Histology, Cell - StatPearls - NCBI Bookshelf",ncbi.nlm.nih.gov,verified
FACT-2027-08-04-S04,4,2027-08-04,Some psychologists serve as consultants to communities and organizations.,4,August,Psychologists Serve As Consultants,Psychology,The source lists serving as consultants to communities and organizations among psychologists’ activities.,high,https://www.apa.org/education-career/guide/science,Professional Practice,Science of Psychology,apa.org,verified
FACT-2027-08-04-S05,4,2027-08-04,The hoof shape of a horseshoe crab’s body gives the animal its common name.,5,August,Hoof-shaped body,Animals,The hoof shape of their bodies is where they get their name.,high,https://www.nationalzoo.si.edu/index%2ephp/animals/horseshoe-crab,Anatomy,Horseshoe crab | Smithsonian's National Zoo and Conservation Biology Institute,nationalzoo.si.edu,verified
FACT-2027-08-04-S06,4,2027-08-04,Earthquakes can change the behavior of a volcano's magma plumbing system even when they do not produce an eruption.,6,August,Earthquakes and magma-system changes,Geography,"“More commonly, large earthquakes simply goose the magma plumbing system, producing earthquake swarms or changing the behavior of the magma plumbing system, but not triggering an eruption.”",medium,https://www.usgs.gov/observatories/hvo/news/volcano-watch-can-earthquakes-trigger-volcanic-eruptions,Seismology,Volcano Watch — Can earthquakes trigger volcanic eruptions? | U.S. Geological Survey,usgs.gov,verified
FACT-2027-08-04-S07,4,2027-08-04,Nathaniel P. Langford was appointed Yellowstone's first superintendent to an unpaid position.,7,August,Langford Was Yellowstone's First Superintendent,History,The excerpt identifies Langford as the superintendent appointed to the unpaid post.,high,https://www.nps.gov/yell/learn/historyculture/yellowstoneestablishment.htm,Yellowstone Administration,Birth of a National Park - Yellowstone National Park (U.S. National Park Service),nps.gov,verified
FACT-2027-08-04-S08,4,2027-08-04,"Technologies commonly improve through learning-by-researching, learning-by-doing and economies of scale.",8,August,Experience improves technologies,Technology,The IEA identifies these three mechanisms as the main ways technologies evolve with experience.,high,https://www.iea.org/reports/clean-energy-innovation/clean-energy-technology-innovation-and-the-vital-role-of-governments,Technology development,Clean energy technology innovation and the vital role of governments,iea.org,verified
FACT-2027-08-04-S09,4,2027-08-04,James Smithson’s remains were brought from Italy and reinterred in the original Smithsonian building in 1904.,9,August,Smithson’s Remains Were Reinterred in Washington,Mystery & Unexplained,"The source states that the Smithsonian Board of Regents voted in 1904 to bring Smithson’s tomb and remains to the institution, where they were reinterred.",high,https://www.si.edu/newsdesk/factsheets/brief-history-smithsonian-institution,Institutional History,A Brief History of the Smithsonian Institution,si.edu,verified
FACT-2027-08-04-S10,4,2027-08-04,The Met’s chronology includes Ancient Greece from 1000 B.C. to 1 A.D.,10,August,The Met Lists An Ancient Greece Chronology,Ancient Civilizations,"The supplied chronology lists “Ancient Greece, 1000 B.C.–1 A.D.”",high,https://metmuseum.org/toah/chronology/,Ancient Greece,Chronology | Heilbrunn Timeline of Art History | The Metropolitan Museum of Art,metmuseum.org,verified
FACT-2027-08-04-S11,4,2027-08-04,"Jyoti Amge is the shortest living woman who is mobile, measuring 62.8 centimetres.",11,August,Shortest living woman,World Records & Extremes,The source identifies Jyoti Amge as the shortest living mobile woman at 62.8 centimetres.,high,https://www.guinnessworldrecords.com/news/2022/3/19-world-record-facts-that-will-help-you-in-a-quiz-694927,Human records,19 world record facts that will help you in a quiz,guinnessworldrecords.com,verified
FACT-2027-08-04-S12,4,2027-08-04,"Below about 200 meters, sunlight is absent from the deep ocean.",12,August,Sunlight is absent below 200 meters,Nature,NOAA describes depths below 200 meters as lacking sunlight.,high,https://oceanexplorer.noaa.gov/explainers/marine-life/,Deep ocean,Wild and Bizarre Marine Life - NOAA Ocean Exploration,oceanexplorer.noaa.gov,verified
FACT-2027-08-04-S13,4,2027-08-04,Food contains micronutrients in addition to macronutrients.,13,August,Food also contains micronutrients,Food,The supplied excerpt states that the main components of food are macronutrients and micronutrients.,high,https://www.britannica.com/topic/food,Food,"Definition, Nutrition, Ecosystems, Food Chain, Globalization, & Facts",britannica.com,verified
FACT-2027-08-04-S14,4,2027-08-04,"The first U.S. Patent Board consisted of Thomas Jefferson, Henry Knox, and Edmund Randolph.",14,August,First Patent Board,Inventions,"The 1790 milestone identifies the first Patent Board as the secretaries of state and war and the attorney general: Thomas Jefferson, Henry Knox, and Edmund Randolph.",high,https://www.uspto.gov/patents/milestones,Patent Administration,Milestones in U.S. patenting | USPTO,uspto.gov,verified
FACT-2027-08-04-S15,4,2027-08-04,"Population, total is listed among DataBank’s popular indicators.",15,August,Population totals are available in DataBank,Country Facts,"The source lists “Population, total” under What’s Popular.",high,https://databank.worldbank.org/,Economic indicators,DataBank | The World Bank,databank.worldbank.org,verified
FACT-2027-08-04-S16,4,2027-08-04,A fire destroyed the top floor of the Smithsonian’s first building in 1865.,16,August,The Smithsonian Castle Suffered a Fire,Mythology & Legends,The excerpt states that the top floor of the Castle was destroyed by fire in 1865.,high,https://www.si.edu/newsdesk/factsheets/brief-history-smithsonian-institution,Institutional History,A Brief History of the Smithsonian Institution,si.edu,verified
FACT-2027-08-04-S17,4,2027-08-04,"Below about 200 meters, sunlight is absent and the only light comes from organisms.",17,August,Sunlight is absent below the deep-ocean zone,Ocean & Marine,The supplied excerpt describes depths below 200 meters as lacking sunlight and says the only light comes from organisms.,high,https://oceanexplorer.noaa.gov/explainers/marine-life/,Deep Ocean,Wild and Bizarre Marine Life - NOAA Ocean Exploration,oceanexplorer.noaa.gov,verified
FACT-2027-08-04-S18,4,2027-08-04,Urdu and Hindi share an Indo-Aryan linguistic base.,18,August,Urdu and Hindi share an Indo-Aryan base,Language,The source explicitly states that Urdu and Hindi share an Indo-Aryan base.,high,https://www.loc.gov/item/2021666209/,Language Families,The History of the Urdu Language  | Library of Congress,loc.gov,verified
FACT-2027-08-04-S19,4,2027-08-04,"WDI includes themes covering climate change, energy, biodiversity, and water.",19,August,WDI covers environmental topics,Money & Economics,"The source lists climate change, energy, biodiversity, and water among its environmental topics.",high,https://datatopics.worldbank.org/world-development-indicators/,Development Data,WDI - Home,datatopics.worldbank.org,verified
FACT-2027-08-04-S20,4,2027-08-04,James Smithson was a chemist and mineralogist who analyzed minerals and published research reports.,20,August,Smithson’s scientific work,Everyday Life,The source describes Smithson as a well-regarded chemist and mineralogist who analyzed minerals and published research.,high,https://www.si.edu/newsdesk/factsheets/brief-history-smithsonian-institution,Museums,A Brief History of the Smithsonian Institution,si.edu,verified
FACT-2027-08-05-S01,5,2027-08-05,"The seafloor contains canyons, plains, and mountain ranges.",1,August,The seafloor is not flat,Science,"The source states that the seafloor has canyons, plains, and mountain ranges.",high,https://www.noaa.gov/know-your-ocean,Seafloor,Know Your Ocean,noaa.gov,verified
FACT-2027-08-05-S02,5,2027-08-05,The solar system takes about 230 million years to complete one orbit around the Milky Way’s center.,2,August,A galactic orbit takes about 230 million years,Space,NASA gives the solar system’s galactic orbital period as about 230 million years.,high,https://science.nasa.gov/solar-system/solar-system-facts/,Galactic Motion,Solar System: Facts - NASA Science,science.nasa.gov,verified
FACT-2027-08-05-S03,5,2027-08-05,"The four primary tissue types are epithelial, connective, muscular, and nervous tissue.",3,August,Four primary tissue types,Human Body,"The supplied excerpt lists epithelial, connective, muscular, and nervous tissues as the four primary types.",high,https://www.ncbi.nlm.nih.gov/books/NBK554382/,Tissues,"Histology, Cell - StatPearls - NCBI Bookshelf",ncbi.nlm.nih.gov,verified
FACT-2027-08-05-S04,5,2027-08-05,Psychologists may assess intelligence and personality.,4,August,Psychologists Test Intelligence And Personality,Psychology,The source states that psychologists test intelligence and personality.,high,https://www.apa.org/education-career/guide/science,Assessment,Science of Psychology,apa.org,verified
FACT-2027-08-05-S05,5,2027-08-05,Horseshoe crabs have dome-shaped bodies.,5,August,Dome-shaped body,Animals,Their dome-shaped bodies sport two eyes on their tops.,high,https://www.nationalzoo.si.edu/index%2ephp/animals/horseshoe-crab,Anatomy,Horseshoe crab | Smithsonian's National Zoo and Conservation Biology Institute,nationalzoo.si.edu,verified
FACT-2027-08-05-S06,5,2027-08-05,Melting floating sea ice does not directly raise sea level because its volume is already accounted for in the ocean.,6,August,Melting floating sea ice does not directly raise sea level,Geography,The excerpt explains that floating sea ice is frozen seawater whose volume is already accounted for in the ocean.,high,https://www.noaa.gov/know-your-ocean,Sea Level,Know Your Ocean,noaa.gov,verified
FACT-2027-08-05-S07,5,2027-08-05,Philetus W. Norris became Yellowstone's second superintendent in 1877 after Langford's removal.,7,August,Norris Succeeded Langford,History,The excerpt states that Langford was removed in 1877 and Norris was appointed the second superintendent.,high,https://www.nps.gov/yell/learn/historyculture/yellowstoneestablishment.htm,Yellowstone Administration,Birth of a National Park - Yellowstone National Park (U.S. National Park Service),nps.gov,verified
FACT-2027-08-05-S08,5,2027-08-05,Government support can steer technology development from research and development through the expansion of demand.,8,August,Government support can accelerate development,Technology,The IEA says solar PV illustrates how government action can steer and accelerate development while scaling demand.,high,https://www.iea.org/reports/clean-energy-innovation/clean-energy-technology-innovation-and-the-vital-role-of-governments,Public policy,Clean energy technology innovation and the vital role of governments,iea.org,verified
FACT-2027-08-05-S09,5,2027-08-05,"A fire destroyed the top floor of the Smithsonian’s first building in 1865, including Smithson’s diaries and papers.",9,August,A Fire Destroyed Smithson Papers,Mystery & Unexplained,The source states that the Castle’s top floor was destroyed by fire in 1865 and that Smithson’s diaries and papers were among the losses.,high,https://www.si.edu/newsdesk/factsheets/brief-history-smithsonian-institution,Institutional History,A Brief History of the Smithsonian Institution,si.edu,verified
FACT-2027-08-05-S10,5,2027-08-05,"The Met’s chronology includes Egypt in periods spanning 8000–2000 B.C., 2000–1000 B.C., and 1000 B.C.–1 A.D.",10,August,The Met Lists Early Egyptian Chronologies,Ancient Civilizations,The supplied chronology lists all three Egyptian periods.,high,https://metmuseum.org/toah/chronology/,Ancient Egypt,Chronology | Heilbrunn Timeline of Art History | The Metropolitan Museum of Art,metmuseum.org,verified
FACT-2027-08-05-S11,5,2027-08-05,"The Nile is identified as the world's longest river, measuring 6,695 kilometres.",11,August,Longest river,World Records & Extremes,"The source states that the Nile measures 6,695 kilometres from its farthest stream in Burundi to its mouth.",high,https://www.guinnessworldrecords.com/news/2022/3/19-world-record-facts-that-will-help-you-in-a-quiz-694927,Geography,19 world record facts that will help you in a quiz,guinnessworldrecords.com,verified
FACT-2027-08-05-S12,5,2027-08-05,"Below about 200 meters, ocean water averages about 4°C.",12,August,Deep ocean water is cold,Nature,NOAA gives an average temperature of 4°C for water below about 200 meters.,high,https://oceanexplorer.noaa.gov/explainers/marine-life/,Deep ocean,Wild and Bizarre Marine Life - NOAA Ocean Exploration,oceanexplorer.noaa.gov,verified
FACT-2027-08-05-S13,5,2027-08-05,Meat is the flesh or other edible parts of animals used for food.,13,August,Meat is animal flesh,Food,Britannica defines meat as the flesh or other edible parts of animals used for food.,high,https://www.britannica.com/topic/meat,Food,"Meat | Definition, Types, & Facts | Britannica",britannica.com,verified
FACT-2027-08-05-S14,5,2027-08-05,The U.S. Patent Office was established in 1802.,14,August,Patent Office Established,Inventions,The 1802 milestone explicitly states that the Patent Office was established.,high,https://www.uspto.gov/patents/milestones,Patent Administration,Milestones in U.S. patenting | USPTO,uspto.gov,verified
FACT-2027-08-05-S15,5,2027-08-05,"The World Development Indicators database contains 1,400 time-series indicators.",15,August,"WDI contains 1,400 time series",Country Facts,"The source explicitly states that the database contains 1,400 time-series indicators.",high,https://datatopics.worldbank.org/world-development-indicators/,Development indicators,WDI - Home,datatopics.worldbank.org,verified
FACT-2027-08-05-S16,5,2027-08-05,"Smithsonian collections include historical artifacts, works of art, natural-science specimens, photographs, documents, and audiovisual materials.",16,August,Smithsonian Collections Span Many Disciplines,Mythology & Legends,"The excerpt lists historical artifacts, works of art, natural-science specimens, photographs, documents and paper records, and audiovisual media among the collections.",high,https://www.si.edu/newsdesk/factsheets/smithsonian-collections,Collections,Smithsonian Collections,si.edu,verified
FACT-2027-08-05-S17,5,2027-08-05,"Almost 2,000 new marine species are accepted by the scientific community annually.",17,August,"Nearly 2,000 ocean species are accepted each year",Ocean & Marine,"Each year, almost 2,000 new species are accepted by the scientific community.",high,https://oceanexplorer.noaa.gov/explainers/marine-life/,Marine Biodiversity,Wild and Bizarre Marine Life - NOAA Ocean Exploration,oceanexplorer.noaa.gov,verified
FACT-2027-08-05-S18,5,2027-08-05,Urdu is associated with the Nastaliq style of Persian calligraphy.,18,August,Urdu uses Nastaliq,Language,The source explicitly associates Urdu with the Nastaliq script style of Persian calligraphy.,high,https://www.loc.gov/item/2021666209/,Writing Systems,The History of the Urdu Language  | Library of Congress,loc.gov,verified
FACT-2027-08-05-S19,5,2027-08-05,Labor productivity is among the economic topics covered by WDI.,19,August,WDI includes labor productivity,Money & Economics,The source lists labor productivity among WDI’s economy-related topics.,high,https://datatopics.worldbank.org/world-development-indicators/,Development Data,WDI - Home,datatopics.worldbank.org,verified
FACT-2027-08-05-S20,5,2027-08-05,"The Smithsonian’s collections contain approximately 155 million artifacts, works of art, and natural-science specimens.",20,August,Smithsonian collection scale,Everyday Life,"The source gives the approximate total of Smithsonian artifacts, works of art, and natural-science specimens as 155 million.",high,https://www.si.edu/newsdesk/factsheets/smithsonian-collections,Museums,Smithsonian Collections,si.edu,verified
FACT-2027-08-06-S01,6,2027-08-06,"Abyssal plains are wide, flat areas of the deep seafloor.",1,August,Abyssal plains are broad and flat,Science,"The source defines abyssal plains as wide, flat areas of the deep seafloor.",high,https://oceanexplorer.noaa.gov/ocean-facts/,Seafloor,Ocean Exploration Facts,oceanexplorer.noaa.gov,verified
FACT-2027-08-06-S02,6,2027-08-06,The solar system formed about 4.6 billion years ago from a dense cloud of interstellar gas and dust.,2,August,The solar system formed from gas and dust,Space,NASA describes the solar system’s formation from a collapsing cloud of gas and dust.,high,https://science.nasa.gov/solar-system/solar-system-facts/,Formation,Solar System: Facts - NASA Science,science.nasa.gov,verified
FACT-2027-08-06-S03,6,2027-08-06,Organs consist of combinations of tissues.,3,August,Organs combine tissues,Human Body,The supplied excerpt states that organs consist of combinations of tissues.,high,https://www.ncbi.nlm.nih.gov/books/NBK554382/,Organs,"Histology, Cell - StatPearls - NCBI Bookshelf",ncbi.nlm.nih.gov,verified
FACT-2027-08-06-S04,6,2027-08-06,Many psychologists working in health care assess behavioral and mental function and well-being.,4,August,Psychologists Assess Behavioral Function,Psychology,The source states that many psychologists work as health care providers and assess behavioral and mental function and well-being.,high,https://www.apa.org/education-career/guide/science,Health Psychology,Science of Psychology,apa.org,verified
FACT-2027-08-06-S05,6,2027-08-06,Horseshoe crabs use their primary legs to move.,5,August,Primary legs,Animals,Their primary legs help them move.,high,https://www.nationalzoo.si.edu/index%2ephp/animals/horseshoe-crab,Anatomy,Horseshoe crab | Smithsonian's National Zoo and Conservation Biology Institute,nationalzoo.si.edu,verified
FACT-2027-08-06-S06,6,2027-08-06,Ice that melts from land and enters the ocean can contribute to sea-level rise.,6,August,Melting land ice can raise sea level,Geography,The excerpt states that sea levels can rise from ice melting off land into the ocean.,high,https://www.noaa.gov/know-your-ocean,Sea Level,Know Your Ocean,noaa.gov,verified
FACT-2027-08-06-S07,6,2027-08-06,"The U.S. Army assumed management of Yellowstone on August 20, 1886.",7,August,The Army Took Charge in 1886,History,"The excerpt gives August 20, 1886, as the date the Army took charge of Yellowstone.",high,https://www.nps.gov/yell/learn/historyculture/yellowstoneestablishment.htm,Yellowstone Administration,Birth of a National Park - Yellowstone National Park (U.S. National Park Service),nps.gov,verified
FACT-2027-08-06-S08,6,2027-08-06,The IEA identifies the market undersupply of new ideas and technologies as a justification for public intervention.,8,August,Markets may undersupply innovation,Technology,The IEA describes this undersupply as a public-goods market failure.,high,https://www.iea.org/reports/clean-energy-innovation/clean-energy-technology-innovation-and-the-vital-role-of-governments,Public policy,Clean energy technology innovation and the vital role of governments,iea.org,verified
FACT-2027-08-06-S09,6,2027-08-06,The mineral smithsonite is named after James Smithson.,9,August,Smithsonite Honors James Smithson,Mystery & Unexplained,The source identifies smithsonite as a zinc carbonate mineral named for Smithson.,high,https://www.si.edu/newsdesk/factsheets/brief-history-smithsonian-institution,Institutional History,A Brief History of the Smithsonian Institution,si.edu,verified
FACT-2027-08-06-S10,6,2027-08-06,The Met’s chronology includes China from 8000 B.C. through 500 A.D. in successive periods.,10,August,The Met Lists Multiple Early Chinese Periods,Ancient Civilizations,"The supplied chronology lists Chinese periods from 8000–2000 B.C., 2000–1000 B.C., 1000 B.C.–1 A.D., and 1–500 A.D.",high,https://metmuseum.org/toah/chronology/,Ancient China,Chronology | Heilbrunn Timeline of Art History | The Metropolitan Museum of Art,metmuseum.org,verified
FACT-2027-08-06-S11,6,2027-08-06,The Burj Khalifa is the world's tallest building at 828 metres.,11,August,Tallest building,World Records & Extremes,The source identifies Dubai's Burj Khalifa as the world's tallest building and gives its height as 828 metres.,high,https://www.guinnessworldrecords.com/news/2022/3/19-world-record-facts-that-will-help-you-in-a-quiz-694927,Structures,19 world record facts that will help you in a quiz,guinnessworldrecords.com,verified
FACT-2027-08-06-S12,6,2027-08-06,The deep ocean generally has limited food because sunlight-driven photosynthesis cannot occur there.,12,August,The deep ocean has scarce food,Nature,NOAA links the absence of sunlight and photosynthesis with a general scarcity of food in the deep ocean.,high,https://oceanexplorer.noaa.gov/explainers/marine-life/,Deep ocean,Wild and Bizarre Marine Life - NOAA Ocean Exploration,oceanexplorer.noaa.gov,verified
FACT-2027-08-06-S13,6,2027-08-06,Meat includes animal muscles and fat as well as tendons and ligaments.,13,August,Meat includes muscles and fat,Food,"The supplied excerpt says meat includes muscles, fat, tendons, and ligaments.",high,https://www.britannica.com/topic/meat,Food,"Meat | Definition, Types, & Facts | Britannica",britannica.com,verified
FACT-2027-08-06-S14,6,2027-08-06,William Thornton became the first government employee to grant patents full time in 1802.,14,August,First Full-Time Patent Official,Inventions,"The source states that William Thornton was appointed on June 1, 1802, as the first government employee to grant patents on a full-time basis.",high,https://www.uspto.gov/patents/milestones,Patent Administration,Milestones in U.S. patenting | USPTO,uspto.gov,verified
FACT-2027-08-06-S15,6,2027-08-06,Poverty and inequality are data themes covered by the World Development Indicators.,15,August,WDI covers poverty and inequality,Country Facts,The source lists Poverty and Inequality among WDI data themes.,high,https://datatopics.worldbank.org/world-development-indicators/,Development themes,WDI - Home,datatopics.worldbank.org,verified
FACT-2027-08-06-S16,6,2027-08-06,"Smithsonian collections include aviation and space artifacts such as spacecraft, satellites, space suits, and the space shuttle Discovery.",16,August,Smithsonian Collections Include Spacecraft,Mythology & Legends,"The excerpt describes collections containing spacecraft, satellites, space suits, and the space shuttle Discovery.",high,https://www.si.edu/newsdesk/factsheets/smithsonian-collections,Collections,Smithsonian Collections,si.edu,verified
FACT-2027-08-06-S17,6,2027-08-06,The absence of sunlight in the deep ocean prevents photosynthesis there.,17,August,Photosynthesis cannot occur without sunlight,Ocean & Marine,The supplied excerpt states that photosynthesis is not possible without sunlight.,high,https://oceanexplorer.noaa.gov/explainers/marine-life/,Deep Ocean,Wild and Bizarre Marine Life - NOAA Ocean Exploration,oceanexplorer.noaa.gov,verified
FACT-2027-08-06-S18,6,2027-08-06,Urdu reads from right to left.,18,August,Urdu is written right to left,Language,The source contrasts Urdu’s right-to-left direction with Hindi’s left-to-right direction.,high,https://www.loc.gov/item/2021666209/,Writing Systems,The History of the Urdu Language  | Library of Congress,loc.gov,verified
FACT-2027-08-06-S19,6,2027-08-06,Migration is among the global-links topics covered by WDI.,19,August,WDI includes migration data,Money & Economics,The source lists migration among WDI’s global-links topics.,high,https://datatopics.worldbank.org/world-development-indicators/,Development Data,WDI - Home,datatopics.worldbank.org,verified
FACT-2027-08-06-S20,6,2027-08-06,Smithsonian Libraries holds more than 2.1 million library volumes.,20,August,Library holdings,Everyday Life,The source states that Smithsonian Libraries has more than 2.1 million volumes.,high,https://www.si.edu/newsdesk/factsheets/smithsonian-collections,Libraries,Smithsonian Collections,si.edu,verified
FACT-2027-08-07-S01,7,2027-08-07,"The ocean has recognized connections to human health, a relationship addressed in NOAA’s ocean-basics materials.",1,August,The Ocean and Human Health,Science,NOAA’s resource list includes “What does the ocean have to do with human health?” as an ocean-basics topic.,high,https://oceanservice.noaa.gov/facts/oceanfacts-basics.html,Oceanography,Ocean Facts Category - NOAA's National Ocean Service,oceanservice.noaa.gov,verified
FACT-2027-08-07-S02,7,2027-08-07,The collapsing material that formed the solar system became a spinning disk called a solar nebula.,2,August,A solar nebula preceded the planets,Space,"NASA describes the collapsed cloud as forming a spinning, swirling solar nebula.",high,https://solarsystem.nasa.gov/solar-system/our-solar-system/in-depth.amp,Formation,In Depth | Our Solar System – NASA Solar System Exploration,solarsystem.nasa.gov,verified
FACT-2027-08-07-S03,7,2027-08-07,"The number, type, size, and shape of cells collectively influence an organism’s size, structure, and function.",3,August,Cell characteristics shape organisms,Human Body,"The supplied excerpt directly links these cellular characteristics to organismal size, structure, and function.",high,https://www.ncbi.nlm.nih.gov/books/NBK554382/,Cells,"Histology, Cell - StatPearls - NCBI Bookshelf",ncbi.nlm.nih.gov,verified
FACT-2027-08-07-S04,7,2027-08-07,"Psychological science helps educators understand how children think, process information, and remember.",4,August,Psychology Informs Teaching Methods,Psychology,"The source connects psychological science with understanding how children think, process, and remember and with designing effective teaching methods.",high,https://www.apa.org/education-career/guide/science,Education,Science of Psychology,apa.org,verified
FACT-2027-08-07-S05,7,2027-08-07,A pair of legs near the mouth acts like pincers for picking up and crushing food.,5,August,Pincer-like legs,Animals,"Another pair of legs close to their mouth acts like pincers, used to pick up and crush food.",high,https://www.nationalzoo.si.edu/index%2ephp/animals/horseshoe-crab,Feeding,Horseshoe crab | Smithsonian's National Zoo and Conservation Biology Institute,nationalzoo.si.edu,verified
FACT-2027-08-07-S06,7,2027-08-07,Human understanding of the ocean remains incomplete and includes misconceptions.,6,August,Ocean knowledge remains incomplete,Geography,The excerpt says understanding of the ocean is often incomplete or full of misconceptions.,high,https://www.noaa.gov/know-your-ocean,Ocean Exploration,Know Your Ocean,noaa.gov,verified
FACT-2027-08-07-S07,7,2027-08-07,The 1894 National Park Protection Act increased federal authority to protect Yellowstone's wildlife and other park treasures.,7,August,The Lacey Act Protected Yellowstone Wildlife,History,The excerpt identifies the 1894 act as the first law known as the Lacey Act and says it increased the Army's protective authority.,high,https://www.nps.gov/yell/learn/historyculture/yellowstoneestablishment.htm,Conservation Law,Birth of a National Park - Yellowstone National Park (U.S. National Park Service),nps.gov,verified
FACT-2027-08-07-S08,7,2027-08-07,Governments in several countries helped move solar photovoltaic technology from laboratories into markets.,8,August,Several governments supported solar PV,Technology,"The IEA discusses important roles played by governments in the United States, Germany, China and other countries.",high,https://www.iea.org/reports/clean-energy-innovation/clean-energy-technology-innovation-and-the-vital-role-of-governments,Solar energy,Clean energy technology innovation and the vital role of governments,iea.org,verified
FACT-2027-08-07-S09,7,2027-08-07,"Smithsonian collections include insects, meteorites, locomotives, and spacecraft.",9,August,Smithsonian Collections Span Many Fields,Mystery & Unexplained,"The source explicitly lists insects, meteorites, locomotives, and spacecraft among Smithsonian collection objects.",high,https://www.si.edu/newsdesk/factsheets/smithsonian-collections,Collections,Smithsonian Collections,si.edu,verified
FACT-2027-08-07-S10,7,2027-08-07,The Met’s chronology includes Mesopotamia from 8000 to 2000 B.C.,10,August,The Met Lists Mesopotamia From 8000 B.C.,Ancient Civilizations,"The supplied chronology lists “Mesopotamia, 8000–2000 B.C.”",high,https://metmuseum.org/toah/chronology/,Ancient Mesopotamia,Chronology | Heilbrunn Timeline of Art History | The Metropolitan Museum of Art,metmuseum.org,verified
FACT-2027-08-07-S11,7,2027-08-07,Jeffrey Preston Bezos was the first person whose personal wealth exceeded 100 billion dollars.,11,August,First centibillionaire,World Records & Extremes,The source identifies Bezos as the world's first centibillionaire.,high,https://www.guinnessworldrecords.com/news/2022/3/19-world-record-facts-that-will-help-you-in-a-quiz-694927,Wealth,19 world record facts that will help you in a quiz,guinnessworldrecords.com,verified
FACT-2027-08-07-S12,7,2027-08-07,Sinking marine snow is a primary food source for organisms in the deep ocean.,12,August,Marine snow feeds the deep ocean,Nature,"NOAA identifies sinking dead plants, animals, plankton, and other material as primary deep-ocean food sources.",high,https://oceanexplorer.noaa.gov/explainers/marine-life/,Marine ecology,Wild and Bizarre Marine Life - NOAA Ocean Exploration,oceanexplorer.noaa.gov,verified
FACT-2027-08-07-S13,7,2027-08-07,Meat is valued as a complete protein food containing all amino acids necessary for the human body.,13,August,Meat is a complete protein food,Food,Britannica describes meat as a complete protein food containing all amino acids necessary for the human body.,high,https://www.britannica.com/topic/meat,Food,"Meat | Definition, Types, & Facts | Britannica",britannica.com,verified
FACT-2027-08-07-S14,7,2027-08-07,The Patent Act of 1836 required examination before patents were granted and established professional patent examiners.,14,August,Patent Act of 1836,Inventions,The 1836 milestone states that the act required examination before granting patents and established a corps of professional examiners.,high,https://www.uspto.gov/patents/milestones,Patent Law,Milestones in U.S. patenting | USPTO,uspto.gov,verified
FACT-2027-08-07-S15,7,2027-08-07,The World Development Indicators are intended to provide internationally comparable development statistics.,15,August,WDI compares development across economies,Country Facts,"The source calls WDI the World Bank’s compilation of “high-quality, and internationally comparable statistics about global development.”",high,https://datatopics.worldbank.org/world-development-indicators/,Development indicators,WDI - Home,datatopics.worldbank.org,verified
FACT-2027-08-07-S16,7,2027-08-07,The Star-Spangled Banner is among the national icons in Smithsonian collections.,16,August,Smithsonian Holds the Star-Spangled Banner,Mythology & Legends,The excerpt specifically names the Star-Spangled Banner among Smithsonian collection objects.,high,https://www.si.edu/newsdesk/factsheets/smithsonian-collections,Collections,Smithsonian Collections,si.edu,verified
FACT-2027-08-07-S17,7,2027-08-07,The deep ocean generally has scarce food and a lower overall density of animals.,17,August,Deep ocean food is relatively scarce,Ocean & Marine,The supplied excerpt links the absence of sunlight and photosynthesis to food scarcity and lower animal density.,high,https://oceanexplorer.noaa.gov/explainers/marine-life/,Deep Ocean,Wild and Bizarre Marine Life - NOAA Ocean Exploration,oceanexplorer.noaa.gov,verified
FACT-2027-08-07-S18,7,2027-08-07,Hindi reads from left to right.,18,August,Hindi is written left to right,Language,The source explicitly states that Hindi reads left to right.,high,https://www.loc.gov/item/2021666209/,Writing Systems,The History of the Urdu Language  | Library of Congress,loc.gov,verified
FACT-2027-08-07-S19,7,2027-08-07,"DataBank can generate tables, charts, and maps from time-series data.",19,August,DataBank produces visualizations,Money & Economics,"The source says DataBank can generate tables, charts, and maps.",high,https://databank.worldbank.org/,Economic Data,DataBank | The World Bank,databank.worldbank.org,verified
FACT-2027-08-07-S20,7,2027-08-07,Smithsonian Libraries houses its holdings in 21 specialized research libraries.,20,August,Specialized research libraries,Everyday Life,The source states that the Libraries’ materials are housed in 21 specialized research libraries.,high,https://www.si.edu/newsdesk/factsheets/smithsonian-collections,Libraries,Smithsonian Collections,si.edu,verified
FACT-2027-08-08-S01,8,2027-08-08,Ocean salinity varies by location and season.,1,August,Ocean salinity varies,Science,The source directly states that salinity varies by location and season.,high,https://www.noaa.gov/know-your-ocean,Marine Chemistry,Know Your Ocean,noaa.gov,verified
FACT-2027-08-08-S02,8,2027-08-08,"Mercury, Venus, Earth, and Mars are terrestrial planets with solid, rocky surfaces.",2,August,The four inner planets are terrestrial,Space,NASA identifies the first four planets as terrestrial and describes their solid surfaces.,high,https://science.nasa.gov/solar-system/planets/,Planet Types,About the Planets - NASA Science,science.nasa.gov,verified
FACT-2027-08-08-S03,8,2027-08-08,The plasma membrane separates a cell’s internal contents from its external environment and acts as a selective barrier.,3,August,Cell membranes are selective barriers,Human Body,The supplied excerpt describes the plasma membrane as separating internal contents and functioning as a selective barrier.,high,https://www.ncbi.nlm.nih.gov/books/NBK554382/,Cell biology,"Histology, Cell - StatPearls - NCBI Bookshelf",ncbi.nlm.nih.gov,verified
FACT-2027-08-08-S04,8,2027-08-08,Psychologists working in education study how people learn and retain knowledge.,4,August,Psychologists Study Learning,Psychology,The source states that psychologists working in education study learning and knowledge retention.,high,https://www.apa.org/education-career/guide/science,Education,Science of Psychology,apa.org,verified
FACT-2027-08-08-S05,8,2027-08-08,"Horseshoe crabs have several sets of eyes, including smaller eyes toward the front of the carapace.",5,August,Multiple sets of eyes,Animals,They also have smaller sets of eyes located towards the front of their carapace.,high,https://www.nationalzoo.si.edu/index%2ephp/animals/horseshoe-crab,Senses,Horseshoe crab | Smithsonian's National Zoo and Conservation Biology Institute,nationalzoo.si.edu,verified
FACT-2027-08-08-S06,8,2027-08-08,Ocean ecosystems are recognized as a subject of ocean science and public information.,6,August,Ocean ecosystems are a field of study,Geography,The source organizes ocean information under an Ocean Ecosystems category.,medium,https://oceanservice.noaa.gov/facts/,Ocean Biology,Ocean Facts - NOAA's National Ocean Service,oceanservice.noaa.gov,verified
FACT-2027-08-08-S07,8,2027-08-08,"The National Park Service Organic Act was passed by Congress and approved by President Woodrow Wilson on August 25, 1916.",7,August,The Organic Act Passed in 1916,History,"The excerpt gives August 25, 1916, as the date Wilson signed the Organic Act.",high,https://www.nps.gov/articles/npshistory-creation.htm,National Park Service,Creation of the National Park Service (U.S. National Park Service),nps.gov,verified
FACT-2027-08-08-S08,8,2027-08-08,Bell Labs made the first demonstrations of photovoltaic cells in the United States during the 1950s.,8,August,Bell Labs demonstrated early PV cells,Technology,The IEA states that Bell Labs made the first demonstrations of PV cells in the United States in the 1950s.,high,https://www.iea.org/reports/clean-energy-innovation/clean-energy-technology-innovation-and-the-vital-role-of-governments,Solar energy,Clean energy technology innovation and the vital role of governments,iea.org,verified
FACT-2027-08-08-S09,8,2027-08-08,Less than one percent of Smithsonian collections is estimated to be on display at any given time.,9,August,Most Collections Are Not on Display,Mystery & Unexplained,The source estimates that less than one percent of Smithsonian collections is on display in museums at any given time.,high,https://www.si.edu/newsdesk/factsheets/smithsonian-collections,Collections,Smithsonian Collections,si.edu,verified
FACT-2027-08-08-S10,8,2027-08-08,The Met’s chronology includes the Maya Area from 1000 B.C. to 1 A.D.,10,August,The Met Lists Early Maya Chronology,Ancient Civilizations,"The supplied chronology lists “Maya Area, 1000 B.C.–1 A.D.”",high,https://metmuseum.org/toah/chronology/,Ancient Mesoamerica,Chronology | Heilbrunn Timeline of Art History | The Metropolitan Museum of Art,metmuseum.org,verified
FACT-2027-08-08-S11,8,2027-08-08,The Lion King was the highest-grossing Broadway musical as of 1 March 2020.,11,August,Highest-grossing Broadway musical,World Records & Extremes,The source identifies Disney's The Lion King as the most successful Broadway musical as of the week ending 1 March 2020.,high,https://www.guinnessworldrecords.com/news/2022/3/19-world-record-facts-that-will-help-you-in-a-quiz-694927,Music and theatre,19 world record facts that will help you in a quiz,guinnessworldrecords.com,verified
FACT-2027-08-08-S12,8,2027-08-08,"Chemosynthesis uses chemical energy from sulfides, methane, and other inorganic compounds to produce food.",12,August,Chemosynthesis uses chemical energy,Nature,"NOAA describes organisms using chemical energy from sulfides, methane, and other inorganic compounds to produce food.",high,https://oceanexplorer.noaa.gov/explainers/marine-life/,Marine ecology,Wild and Bizarre Marine Life - NOAA Ocean Exploration,oceanexplorer.noaa.gov,verified
FACT-2027-08-08-S13,8,2027-08-08,"The fat in meat is a source of energy and influences flavor, juiciness, and tenderness.",13,August,Meat fat supplies energy,Food,"The supplied excerpt states that meat fat is a valuable energy source and influences flavor, juiciness, and tenderness.",high,https://www.britannica.com/topic/meat,Food,"Meat | Definition, Types, & Facts | Britannica",britannica.com,verified
FACT-2027-08-08-S14,8,2027-08-08,Charles M. Keller became the first person to hold the official title of patent examiner in 1836.,14,August,First Official Patent Examiner,Inventions,"The source states that Charles M. Keller became the first official patent examiner on July 5, 1836.",high,https://www.uspto.gov/patents/milestones,Patent Administration,Milestones in U.S. patenting | USPTO,uspto.gov,verified
FACT-2027-08-08-S15,8,2027-08-08,"Economic structure, income and savings, trade, and labor productivity are included among WDI topics.",15,August,WDI covers economic structure,Country Facts,The source lists these subjects within the Economy theme.,high,https://datatopics.worldbank.org/world-development-indicators/,Development themes,WDI - Home,datatopics.worldbank.org,verified
FACT-2027-08-08-S16,8,2027-08-08,Moon rocks are among the objects in the Smithsonian’s natural-history collections.,16,August,Smithsonian Collections Include Moon Rocks,Mythology & Legends,The excerpt lists Moon rocks among the specimens and artifacts in the National Museum of Natural History collection.,high,https://www.si.edu/newsdesk/factsheets/smithsonian-collections,Collections,Smithsonian Collections,si.edu,verified
FACT-2027-08-08-S17,8,2027-08-08,"Marine snow, including sinking dead organisms and other material, is a primary food source in the deep ocean.",17,August,Marine snow feeds deep-sea life,Ocean & Marine,The supplied excerpt identifies marine snow as a primary food source in dark deep-ocean environments.,high,https://oceanexplorer.noaa.gov/explainers/marine-life/,Marine Food Webs,Wild and Bizarre Marine Life - NOAA Ocean Exploration,oceanexplorer.noaa.gov,verified
FACT-2027-08-08-S18,8,2027-08-08,"Persian is called Farsi in Iran, Dari in Afghanistan, and Tajiki in Tajikistan and Uzbekistan.",18,August,Persian has regional names,Language,"The source lists Farsi, Dari, and Tajiki as regional names for Persian.",high,https://www.loc.gov/exhibits/thousand-years-of-the-persian-book/persian-language.html,Language Geography,The Persian Language - A Thousand Years of the Persian Book | Exhibitions (Library of Congress),loc.gov,verified
FACT-2027-08-08-S19,8,2027-08-08,"DataBank allows users to save, embed, and share analyses.",19,August,DataBank supports data sharing,Money & Economics,"The source explicitly lists saving, embedding, and sharing as DataBank functions.",high,https://databank.worldbank.org/,Economic Data,DataBank | The World Bank,databank.worldbank.org,verified
FACT-2027-08-08-S20,8,2027-08-08,The Smithsonian’s largest single collection is the National Museum of Natural History’s invertebrate zoology collection.,20,August,Largest Smithsonian collection,Everyday Life,The source identifies the invertebrate zoology collection as the largest single collection.,high,https://www.si.edu/newsdesk/factsheets/smithsonian-collections,Natural History,Smithsonian Collections,si.edu,verified
FACT-2027-08-09-S01,9,2027-08-09,Melting floating sea ice does not substantially raise sea level because its volume is already displaced in the ocean.,1,August,Floating sea ice has limited direct effect on sea level,Science,The source states that sea ice volume is already accounted for in the ocean.,high,https://www.noaa.gov/know-your-ocean,Sea Level,Know Your Ocean,noaa.gov,verified
FACT-2027-08-09-S02,9,2027-08-09,Jupiter and Saturn are classified as gas giants.,2,August,Jupiter and Saturn are gas giants,Space,NASA explicitly classifies Jupiter and Saturn as gas giants.,high,https://science.nasa.gov/solar-system/planets/,Planet Types,About the Planets - NASA Science,science.nasa.gov,verified
FACT-2027-08-09-S03,9,2027-08-09,"Mitochondria generate energy required for cellular functions such as movement, division, contraction, and secretion.",3,August,Mitochondria supply cellular energy,Human Body,The supplied excerpt describes mitochondria as generating energy for these cellular functions.,high,https://www.ncbi.nlm.nih.gov/books/NBK554382/,Cell biology,"Histology, Cell - StatPearls - NCBI Bookshelf",ncbi.nlm.nih.gov,verified
FACT-2027-08-09-S04,9,2027-08-09,Advances in educational assessment can help students with learning disabilities.,4,August,Educational Assessment Can Aid Students With Learning Disabilities,Psychology,The source states that advances in educational assessment are helping students with learning disabilities.,high,https://www.apa.org/education-career/guide/science,Disability Support,Science of Psychology,apa.org,verified
FACT-2027-08-09-S05,9,2027-08-09,Horseshoe crabs have light-sensing ability on their tails.,5,August,Tail light sensing,Animals,They also have smaller sets of eyes located towards the front of their carapace as well as light sensing ability on their tails.,high,https://www.nationalzoo.si.edu/index%2ephp/animals/horseshoe-crab,Senses,Horseshoe crab | Smithsonian's National Zoo and Conservation Biology Institute,nationalzoo.si.edu,verified
FACT-2027-08-09-S06,9,2027-08-09,Deep-ocean sea cucumbers in the genus Enypniastes are commonly called headless chicken monsters and are also nicknamed Spanish dancers.,6,August,Some deep-sea cucumbers are called headless chicken monsters,Geography,The excerpt gives both nicknames and identifies the genus Enypniastes.,high,https://oceanexplorer.noaa.gov/ocean-facts/,Marine Biology,Ocean Exploration Facts,oceanexplorer.noaa.gov,verified
FACT-2027-08-09-S07,9,2027-08-09,The National Park Service Organic Act created a unified system for managing the national parks.,7,August,The Organic Act Created Unified Management,History,The excerpt states that the act established a unified system of park management.,high,https://www.nps.gov/articles/npshistory-creation.htm,National Park Service,Creation of the National Park Service (U.S. National Park Service),nps.gov,verified
FACT-2027-08-09-S08,9,2027-08-09,NASA funding and early use of photovoltaic technology in satellites and shuttles helped sustain United States PV leadership during the 1970s.,8,August,NASA supported early PV development,Technology,The IEA links United States leadership during the 1970s to NASA’s public research funds and use of PV in satellites and shuttles.,high,https://www.iea.org/reports/clean-energy-innovation/clean-energy-technology-innovation-and-the-vital-role-of-governments,Solar energy,Clean energy technology innovation and the vital role of governments,iea.org,verified
FACT-2027-08-09-S09,9,2027-08-09,Many Smithsonian collection items are acquired primarily for research rather than exhibition.,9,August,Collections Support Research,Mystery & Unexplained,The source states that many collections are acquired and used solely for research by scientists and scholars.,high,https://www.si.edu/newsdesk/factsheets/smithsonian-collections,Collections,Smithsonian Collections,si.edu,verified
FACT-2027-08-09-S10,9,2027-08-09,The Met’s chronology includes Central America from 1000 B.C. to 1 A.D. and from 1 to 500 A.D.,10,August,The Met Lists Early Central American Periods,Ancient Civilizations,The supplied chronology lists both Central American ranges.,high,https://metmuseum.org/toah/chronology/,Ancient Mesoamerica,Chronology | Heilbrunn Timeline of Art History | The Metropolitan Museum of Art,metmuseum.org,verified
FACT-2027-08-09-S11,9,2027-08-09,Louis XIV reigned over France for 72 years and 110 days.,11,August,Longest-reigning monarch,World Records & Extremes,The source identifies Louis XIV as the longest-reigning monarch ever and gives his reign as 72 years and 110 days.,high,https://www.guinnessworldrecords.com/news/2022/3/19-world-record-facts-that-will-help-you-in-a-quiz-694927,Monarchy,19 world record facts that will help you in a quiz,guinnessworldrecords.com,verified
FACT-2027-08-09-S12,9,2027-08-09,Chemosynthetic bacteria form the foundation of food chains around hydrothermal vents.,12,August,Vents support chemosynthetic communities,Nature,NOAA states that chemosynthetic bacteria form the basis of food chains around hydrothermal vents.,high,https://oceanexplorer.noaa.gov/explainers/marine-life/,Marine ecology,Wild and Bizarre Marine Life - NOAA Ocean Exploration,oceanexplorer.noaa.gov,verified
FACT-2027-08-09-S13,9,2027-08-09,"Livers, kidneys, hearts, and other organ meats can provide vitamins and essential minerals.",13,August,Organ meats provide vitamins,Food,"Britannica identifies livers, kidneys, hearts, and other portions as sources of vitamins and essential minerals.",high,https://www.britannica.com/topic/meat,Food,"Meat | Definition, Types, & Facts | Britannica",britannica.com,verified
FACT-2027-08-09-S14,9,2027-08-09,"A fire on December 15, 1836, destroyed the Patent Office and many patent documents and models.",14,August,Patent Office Fire,Inventions,The 1836 milestone describes a catastrophic fire that destroyed the Patent Office and many patent documents and models.,high,https://www.uspto.gov/patents/milestones,Patent History,Milestones in U.S. patenting | USPTO,uspto.gov,verified
FACT-2027-08-09-S15,9,2027-08-09,States and Markets is one of the World Development Indicators’ data themes.,15,August,WDI covers states and markets,Country Facts,The source lists States and Markets among WDI data themes.,high,https://datatopics.worldbank.org/world-development-indicators/,Development themes,WDI - Home,datatopics.worldbank.org,verified
FACT-2027-08-09-S16,9,2027-08-09,Many Smithsonian collection items are acquired primarily for research and are used by scientists and scholars.,16,August,Smithsonian Collections Support Research,Mythology & Legends,The excerpt states that many collections are acquired and used solely for research by scientists and scholars.,high,https://www.si.edu/newsdesk/factsheets/smithsonian-collections,Collections,Smithsonian Collections,si.edu,verified
FACT-2027-08-09-S17,9,2027-08-09,"A siphonophore is a colony of attached individuals called zooids, with different members performing functions such as feeding, defense, reproduction, or swimming.",17,August,Siphonophores are colonies of specialized zooids,Ocean & Marine,"A siphonophore is actually a colony of many individual hydrozoans (called zooids) working together. Each individual zooid is specialized for different functions such as swimming, feeding, reproduction, or defense.",high,https://oceanexplorer.noaa.gov/explainers/marine-life/,Marine Invertebrates,Wild and Bizarre Marine Life - NOAA Ocean Exploration,oceanexplorer.noaa.gov,verified
FACT-2027-08-09-S18,9,2027-08-09,"Persian is spoken in Iran, Afghanistan, Tajikistan, and Uzbekistan and has also been used extensively throughout South Asia.",18,August,Persian is spoken across Central and South Asia,Language,The source identifies these countries and describes extensive Persian use in South Asia.,high,https://www.loc.gov/exhibits/thousand-years-of-the-persian-book/persian-language.html,Language Geography,The Persian Language - A Thousand Years of the Persian Book | Exhibitions (Library of Congress),loc.gov,verified
FACT-2027-08-09-S19,9,2027-08-09,GDP is one of the indicators available through World Bank DataBank.,19,August,GDP is a WDI indicator,Money & Economics,The source lists GDP among DataBank’s popular indicators.,high,https://databank.worldbank.org/,Economic Data,DataBank | The World Bank,databank.worldbank.org,verified
FACT-2027-08-09-S20,9,2027-08-09,"The David H. Koch Hall of Fossils—Deep Time is a 31,000-square-foot exhibition.",20,August,Deep Time exhibition size,Everyday Life,"The source describes Deep Time as a 31,000-square-foot exhibition.",high,https://www.si.edu/newsdesk/factsheets/david-h-koch-hall-fossils-deep-time,Natural History,The David H. Koch Hall of Fossils–Deep Time | Smithsonian Institution,si.edu,verified
FACT-2027-08-10-S01,10,2027-08-10,Sea level can rise when ice on land melts and flows into the ocean.,1,August,Land ice can raise sea level,Science,The source contrasts melting land ice with melting sea ice as a cause of sea-level rise.,high,https://www.noaa.gov/know-your-ocean,Sea Level,Know Your Ocean,noaa.gov,verified
FACT-2027-08-10-S02,10,2027-08-10,Uranus and Neptune are classified as ice giants.,2,August,Uranus and Neptune are ice giants,Space,NASA explicitly classifies Uranus and Neptune as ice giants.,high,https://science.nasa.gov/solar-system/planets/,Planet Types,About the Planets - NASA Science,science.nasa.gov,verified
FACT-2027-08-10-S03,10,2027-08-10,"Mitochondrial energy production forms adenosine triphosphate, the primary fuel for energy-dependent cellular processes.",3,August,ATP fuels cellular processes,Human Body,The supplied excerpt identifies ATP as the primary fuel produced through mitochondrial energy generation.,high,https://www.ncbi.nlm.nih.gov/books/NBK554382/,Cell biology,"Histology, Cell - StatPearls - NCBI Bookshelf",ncbi.nlm.nih.gov,verified
FACT-2027-08-10-S04,10,2027-08-10,Psychological science can help courts understand criminal minds and the limits of evidence or testimony.,4,August,Psychological Science Contributes To Justice,Psychology,"The source says psychological science contributes to justice by helping courts understand criminals’ minds, evidence, and limits of certain evidence or testimony.",high,https://www.apa.org/education-career/guide/science,Law And Psychology,Science of Psychology,apa.org,verified
FACT-2027-08-10-S05,10,2027-08-10,"The horseshoe crab’s tail, called a telson, is not venomous.",5,August,Nonvenomous tail,Animals,"Their tails, called telsons, are neither spiked like stingray tails, nor are they venomous.",high,https://www.nationalzoo.si.edu/index%2ephp/animals/horseshoe-crab,Anatomy,Horseshoe crab | Smithsonian's National Zoo and Conservation Biology Institute,nationalzoo.si.edu,verified
FACT-2027-08-10-S06,10,2027-08-10,"The fangtooth's maximum body length is about 7 inches, or 17 centimeters.",6,August,Fangtooth fish remain small,Geography,"The excerpt gives the fangtooth's maximum body size as 7 inches, or 17 centimeters.",high,https://oceanexplorer.noaa.gov/ocean-facts/,Marine Biology,Ocean Exploration Facts,oceanexplorer.noaa.gov,verified
FACT-2027-08-10-S07,10,2027-08-10,The Organic Act directed the National Park Service to conserve natural and historic resources while allowing public enjoyment without impairing them for future generations.,7,August,The Organic Act Balanced Preservation and Use,History,The excerpt quotes the act's requirements to conserve resources and provide for enjoyment without impairment.,high,https://www.nps.gov/articles/npshistory-creation.htm,National Park Service,Creation of the National Park Service (U.S. National Park Service),nps.gov,verified
FACT-2027-08-10-S08,10,2027-08-10,Government feed-in tariff programs helped create markets for grid-connected photovoltaic systems.,8,August,Feed-in tariffs created PV markets,Technology,The IEA identifies feed-in tariff programs as important for creating markets and scaling supply chains.,high,https://www.iea.org/reports/clean-energy-innovation/clean-energy-technology-innovation-and-the-vital-role-of-governments,Solar energy,Clean energy technology innovation and the vital role of governments,iea.org,verified
FACT-2027-08-10-S09,10,2027-08-10,"Smithsonian collections include materials from extraterrestrial sources, including Moon rocks.",9,August,Collections Include Extraterrestrial Materials,Mystery & Unexplained,The source describes extraterrestrial acquisitions and lists Moon rocks among National Museum of Natural History holdings.,high,https://www.si.edu/newsdesk/factsheets/smithsonian-collections,Collections,Smithsonian Collections,si.edu,verified
FACT-2027-08-10-S10,10,2027-08-10,The Met’s chronology includes the Central and Southern Andes from 1000 B.C. to 1 A.D. and from 1 to 500 A.D.,10,August,The Met Lists Early Andean Periods,Ancient Civilizations,The supplied chronology lists both Central and Southern Andes ranges.,high,https://metmuseum.org/toah/chronology/,Ancient Andes,Chronology | Heilbrunn Timeline of Art History | The Metropolitan Museum of Art,metmuseum.org,verified
FACT-2027-08-10-S11,10,2027-08-10,Bangladesh had the worst air pollution in the IQAir 2020 World Air Quality Report.,11,August,Worst air pollution in 2020,World Records & Extremes,The source attributes Bangladesh's ranking to the IQAir 2020 World Air Quality Report.,high,https://www.guinnessworldrecords.com/news/2022/3/19-world-record-facts-that-will-help-you-in-a-quiz-694927,Environment,19 world record facts that will help you in a quiz,guinnessworldrecords.com,verified
FACT-2027-08-10-S12,10,2027-08-10,Daily vertical movements by midwater animals transfer organic matter from surface waters toward the deep ocean.,12,August,The biological pump moves carbon,Nature,"NOAA describes animals feeding near the surface at night and swimming downward during the day, carrying organic matter to depth.",high,https://oceanexplorer.noaa.gov/ocean-fact/water-column/,Marine ecology,Why do we explore the water column? - NOAA Ocean Exploration,oceanexplorer.noaa.gov,verified
FACT-2027-08-10-S13,10,2027-08-10,Meat digests somewhat slowly compared with many other foods.,13,August,Meat digests relatively slowly,Food,The supplied excerpt states that meat digests somewhat slowly.,high,https://www.britannica.com/topic/meat,Food,"Meat | Definition, Types, & Facts | Britannica",britannica.com,verified
FACT-2027-08-10-S14,10,2027-08-10,Patents issued before the 1836 numbering system are known as X-patents.,14,August,X-Patent Designation,Inventions,The source states that patents issued before the new numbering system are known as the X-patents.,high,https://www.uspto.gov/patents/milestones,Patent Records,Milestones in U.S. patenting | USPTO,uspto.gov,verified
FACT-2027-08-10-S15,10,2027-08-10,Global Links is one of the World Development Indicators’ data themes.,15,August,WDI covers global links,Country Facts,The source lists Global Links among WDI data themes.,high,https://datatopics.worldbank.org/world-development-indicators/,Development themes,WDI - Home,datatopics.worldbank.org,verified
FACT-2027-08-10-S16,10,2027-08-10,"The National Museum of Natural History’s collections include fossils, plants, animals, minerals, meteorites, and human artifacts.",16,August,Natural History Holds Extensive Specimens,Mythology & Legends,"The excerpt describes the museum’s collections as ranging from fossilized pollen and dinosaur bones to plants, animals, minerals, meteorites, and ancient artifacts.",high,https://www.si.edu/newsdesk/factsheets/smithsonian-collections,Natural History,Smithsonian Collections,si.edu,verified
FACT-2027-08-10-S17,10,2027-08-10,Chemosynthetic bacteria form the base of food webs around hydrothermal vents and cold seeps.,17,August,Bacteria support vent communities,Ocean & Marine,The supplied excerpt says these bacteria form the basis of food chains around hydrothermal vents and cold seeps.,high,https://oceanexplorer.noaa.gov/explainers/marine-life/,Chemosynthesis,Wild and Bizarre Marine Life - NOAA Ocean Exploration,oceanexplorer.noaa.gov,verified
FACT-2027-08-10-S18,10,2027-08-10,Modern Urdu is the national language of Pakistan.,18,August,Urdu is Pakistan’s national language,Language,The source explicitly describes modern Urdu as Pakistan’s national language.,high,https://www.loc.gov/item/2021666209/,Language Geography,The History of the Urdu Language  | Library of Congress,loc.gov,verified
FACT-2027-08-10-S19,10,2027-08-10,Consumer-price inflation is one of the indicators available through World Bank DataBank.,19,August,Inflation is a WDI indicator,Money & Economics,"The source lists inflation, consumer prices, annual percentage among popular indicators.",high,https://databank.worldbank.org/,Economic Data,DataBank | The World Bank,databank.worldbank.org,verified
FACT-2027-08-10-S20,10,2027-08-10,The Deep Time exhibition presents approximately 700 fossil specimens.,20,August,Deep Time fossil specimens,Everyday Life,The source states that approximately 700 fossil specimens are presented in the exhibition.,high,https://www.si.edu/newsdesk/factsheets/david-h-koch-hall-fossils-deep-time,Natural History,The David H. Koch Hall of Fossils–Deep Time | Smithsonian Institution,si.edu,verified
FACT-2027-08-11-S01,11,2027-08-11,Plankton are organisms addressed in NOAA’s ocean-facts resources.,1,August,Plankton are ocean organisms,Science,The source lists “What are plankton?” among its ocean facts.,high,https://oceanservice.noaa.gov/facts/,Marine Biology,Ocean Facts - NOAA's National Ocean Service,oceanservice.noaa.gov,verified
FACT-2027-08-11-S02,11,2027-08-11,Jupiter is the largest planet in the solar system.,2,August,Jupiter is the largest planet,Space,NASA explicitly identifies Jupiter as the largest planet.,high,https://science.nasa.gov/solar-system/solar-system-facts/,Planet Records,Solar System: Facts - NASA Science,science.nasa.gov,verified
FACT-2027-08-11-S03,11,2027-08-11,Stem cells can give rise to new cell types through cell division.,3,August,Stem cells produce new cell types,Human Body,The supplied excerpt states that stem cells allow growth by developing into new cell types through cell division.,high,https://nigms.nih.gov/biobeat/2024/09/cells-by-the-numbers-2,Stem cells,Cells by the Numbers | National Institute of General Medical Sciences,nigms.nih.gov,verified
FACT-2027-08-11-S04,11,2027-08-11,"Cognitive psychologists study how the human mind thinks, remembers, and learns.",4,August,Cognitive Psychology Studies Memory,Psychology,"The source states that cognitive psychologists study how the human mind thinks, remembers, and learns.",high,https://www.apa.org/education-career/guide/science,Cognitive Psychology,Science of Psychology,apa.org,verified
FACT-2027-08-11-S05,11,2027-08-11,Horseshoe crabs use their telsons to turn themselves right-side up when flipped onto their backs.,5,August,Righting with the telson,Animals,They use their telsons to flip themselves right-side up in case they get flipped on their backs.,high,https://nationalzoo.si.edu/animals/horseshoe-crab,Movement,Horseshoe crab | Smithsonian's National Zoo and Conservation Biology Institute,nationalzoo.si.edu,verified
FACT-2027-08-11-S06,11,2027-08-11,The Atlantic Ocean is treated as an ocean basin in NOAA's ocean-basics materials.,6,August,The Atlantic is an ocean basin,Geography,The excerpt includes facts about the Atlantic Ocean and the largest ocean basin on Earth.,medium,https://oceanservice.noaa.gov/facts/oceanfacts-basics.html,Ocean Geography,Ocean Facts Category - NOAA's National Ocean Service,oceanservice.noaa.gov,verified
FACT-2027-08-11-S07,11,2027-08-11,Stephen Mather became the National Park Service's first director.,7,August,Mather Was the First NPS Director,History,The excerpt identifies Mather as the agency's first director.,high,https://www.nps.gov/articles/npshistory-creation.htm,National Park Service,Creation of the National Park Service (U.S. National Park Service),nps.gov,verified
FACT-2027-08-11-S08,11,2027-08-11,"Solar PV, lithium-ion batteries and LEDs took approximately 10 to 30 years from first prototype to commercialization.",8,August,Clean energy commercialization takes years,Technology,The IEA gives a 10-to-30-year prototype-to-commercialization range for these examples.,high,https://www.iea.org/reports/clean-energy-innovation/innovation-needs-in-the-sustainable-development-scenario,Energy technology timelines,Innovation needs in the Sustainable Development Scenario - IEA,iea.org,verified
FACT-2027-08-11-S09,11,2027-08-11,The National Museum of Natural History contains more than 145.8 million specimens and objects.,9,August,Natural History Holds Most Smithsonian Objects,Mystery & Unexplained,The source identifies more than 145.8 million objects and specimens in the National Museum of Natural History collections.,high,https://www.si.edu/newsdesk/factsheets/smithsonian-collections,Natural History,Smithsonian Collections,si.edu,verified
FACT-2027-08-11-S10,11,2027-08-11,The Met’s Ancient Near East resource covers a region extending from Turkey to the Indus Valley and from the Caucasus to the Arabian Peninsula.,10,August,The Ancient Near East Resource Covers A Vast Region,Ancient Civilizations,The supplied excerpt gives these geographic boundaries for the ancient Near East.,high,https://www.metmuseum.org/en/met-publications/art-of-the-ancient-near-east-a-resource-for-educators,Ancient Near East,Art of the Ancient Near East: A Resource for Educators - The Metropolitan Museum of Art,metmuseum.org,verified
FACT-2027-08-11-S11,11,2027-08-11,Pinkfong's Baby Shark Dance was the first YouTube video to reach 10 billion views.,11,August,First video to reach 10 billion views,World Records & Extremes,The source states that Baby Shark Dance reached 10 billion views on 13 January 2022.,high,https://www.guinnessworldrecords.com/news/2022/3/19-world-record-facts-that-will-help-you-in-a-quiz-694927,Online video,19 world record facts that will help you in a quiz,guinnessworldrecords.com,verified
FACT-2027-08-11-S12,11,2027-08-11,Organisms living in the water column are an essential link in marine ecosystems.,12,August,Midwater animals link ocean habitats,Nature,NOAA calls water-column organisms an essential link in the marine ecosystem.,high,https://oceanexplorer.noaa.gov/ocean-fact/water-column/,Marine ecology,Why do we explore the water column? - NOAA Ocean Exploration,oceanexplorer.noaa.gov,verified
FACT-2027-08-11-S13,11,2027-08-11,The supplied Britannica excerpt reports that 95 percent of meat protein is digested.,13,August,Most meat protein is digested,Food,Britannica states that 95 percent of meat protein is digested.,high,https://www.britannica.com/topic/meat,Food,"Meat | Definition, Types, & Facts | Britannica",britannica.com,verified
FACT-2027-08-11-S14,11,2027-08-11,"The first purpose-built Patent Office opened in Washington, D.C., in 1840.",14,August,First Purpose-Built Patent Office,Inventions,"The 1840 milestone states that the first purpose-built Patent Office opened for business in Washington, D.C.",high,https://www.uspto.gov/patents/milestones,Patent Museums,Milestones in U.S. patenting | USPTO,uspto.gov,verified
FACT-2027-08-11-S15,11,2027-08-11,World Bank DataBank allows users to create their own data queries.,15,August,DataBank supports custom queries,Country Facts,The source says users can create their own queries in DataBank.,high,https://databank.worldbank.org/,Data analysis,DataBank | The World Bank,databank.worldbank.org,verified
FACT-2027-08-11-S16,11,2027-08-11,The Smithsonian’s largest single collection is its invertebrate-zoology collection.,16,August,Invertebrate Zoology Is a Major Collection,Mythology & Legends,The excerpt identifies Natural History’s invertebrate-zoology collection as the largest single collection.,high,https://www.si.edu/newsdesk/factsheets/smithsonian-collections,Natural History,Smithsonian Collections,si.edu,verified
FACT-2027-08-11-S17,11,2027-08-11,Some chemosynthetic bacteria support larger animals by living in their tissues.,17,August,Some bacteria live symbiotically,Ocean & Marine,The supplied excerpt describes chemosynthetic bacteria living directly in the tissues of larger animals.,high,https://oceanexplorer.noaa.gov/explainers/marine-life/,Chemosynthesis,Wild and Bizarre Marine Life - NOAA Ocean Exploration,oceanexplorer.noaa.gov,verified
FACT-2027-08-11-S18,11,2027-08-11,Urdu is spoken by many millions of people in India.,18,August,Urdu is spoken in India,Language,The source explicitly states that Urdu is spoken by many millions in India.,high,https://www.loc.gov/item/2021666209/,Language Geography,The History of the Urdu Language  | Library of Congress,loc.gov,verified
FACT-2027-08-11-S19,11,2027-08-11,Total population is one of the indicators available through World Bank DataBank.,19,August,Population is a WDI indicator,Money & Economics,The source lists total population among popular indicators.,high,https://databank.worldbank.org/,Economic Data,DataBank | The World Bank,databank.worldbank.org,verified
FACT-2027-08-11-S20,11,2027-08-11,The Deep Time exhibition presents a history of Earth and life spanning about 3.7 billion years.,20,August,Fossil history span,Everyday Life,The source describes the exhibition as presenting Earth’s 3.7-billion-year history of life.,high,https://www.si.edu/newsdesk/factsheets/david-h-koch-hall-fossils-deep-time,Natural History,The David H. Koch Hall of Fossils–Deep Time | Smithsonian Institution,si.edu,verified
FACT-2027-08-12-S01,12,2027-08-12,The longevity of Greenland sharks is addressed in NOAA’s ocean-facts resources.,1,August,Greenland sharks are a marine-facts topic,Science,The source lists “How long do Greenland sharks live?” among its recent ocean facts.,medium,https://oceanservice.noaa.gov/facts/,Marine Biology,Ocean Facts - NOAA's National Ocean Service,oceanservice.noaa.gov,verified
FACT-2027-08-12-S02,12,2027-08-12,Mercury is the smallest planet in the solar system.,2,August,Mercury is the smallest planet,Space,NASA explicitly identifies Mercury as the smallest planet.,high,https://science.nasa.gov/mercury/,Planet Records,Mercury,science.nasa.gov,verified
FACT-2027-08-12-S03,12,2027-08-12,Muscle tissue includes striated muscle that moves the skeleton and smooth muscle found around organs such as the stomach.,3,August,Muscle tissue has subdivisions,Human Body,The supplied excerpt distinguishes striated skeletal-moving muscle from smooth muscle around the stomach.,high,https://nigms.nih.gov/biobeat/2024/09/cells-by-the-numbers-2,Muscles,Cells by the Numbers | National Institute of General Medical Sciences,nigms.nih.gov,verified
FACT-2027-08-12-S04,12,2027-08-12,Psychological science is used to study how people make decisions and perceive the world.,4,August,Cognitive Psychology Studies Decision-Making,Psychology,The source states that psychological science is applied to understand decision-making and perception.,high,https://www.apa.org/education-career/guide/science,Cognitive Psychology,Science of Psychology,apa.org,verified
FACT-2027-08-12-S05,12,2027-08-12,"Horseshoe crabs can reach up to 2 feet, or 60 centimeters, including the tail.",5,August,Maximum length,Animals,"Their maximum size is up to 2 feet (60 centimeters), including their tail.",high,https://nationalzoo.si.edu/animals/horseshoe-crab,Size,Horseshoe crab | Smithsonian's National Zoo and Conservation Biology Institute,nationalzoo.si.edu,verified
FACT-2027-08-12-S06,12,2027-08-12,The origin of the Pacific Ocean's name is documented as a geographic topic in NOAA materials.,6,August,The Pacific Ocean has a named origin,Geography,The excerpt explicitly lists a fact about how the Pacific Ocean got its name.,medium,https://oceanservice.noaa.gov/facts/oceanfacts-basics.html,Ocean Geography,Ocean Facts Category - NOAA's National Ocean Service,oceanservice.noaa.gov,verified
FACT-2027-08-12-S07,12,2027-08-12,"Stephen Mather promoted national parks as tourist attractions and sought support from railroads, conservation groups, and political leaders.",7,August,Mather Promoted Park Tourism,History,"The excerpt describes Mather's public-relations campaign and alliances with railroads, nature groups, and civic leaders.",high,https://www.nps.gov/articles/npshistory-creation.htm,National Park Service,Creation of the National Park Service (U.S. National Park Service),nps.gov,verified
FACT-2027-08-12-S08,12,2027-08-12,Historical energy technologies took between 20 and almost 70 years to move from first prototype to materiality in a national market.,8,August,Energy technologies can take decades to mature,Technology,The IEA defines materiality as reaching a 1% share of a national market and gives this historical range.,high,https://www.iea.org/reports/clean-energy-innovation/innovation-needs-in-the-sustainable-development-scenario,Energy technology timelines,Innovation needs in the Sustainable Development Scenario - IEA,iea.org,verified
FACT-2027-08-12-S09,12,2027-08-12,Research summarized in The Evolutionary Emergence of Language argues that children develop internal language by being exposed to utterance–meaning pairs in everyday social conversation.,9,August,Children acquire internal language through social exposure,Mystery & Unexplained,The source explains that exposure to community language and daily conversation enables children to learn an internalized language system.,high,https://catdir.loc.gov/catdir/samples/cam031/00020471.pdf,Language Evolution,The Evolutionary Emergence of Language,catdir.loc.gov,verified
FACT-2027-08-12-S10,12,2027-08-12,The Met’s Ancient Near East resource covers cultures flourishing from the eighth millennium B.C. to the middle of the seventh century A.D.,10,August,The Resource Covers Millennia Of Near Eastern Art,Ancient Civilizations,The supplied excerpt specifies this chronological scope.,high,https://www.metmuseum.org/en/met-publications/art-of-the-ancient-near-east-a-resource-for-educators,Ancient Near East,Art of the Ancient Near East: A Resource for Educators - The Metropolitan Museum of Art,metmuseum.org,verified
FACT-2027-08-12-S11,12,2027-08-12,Robert Downey Jr. had the highest global box-office gross for leading roles in the cited ranking.,11,August,Highest-grossing leading actor,World Records & Extremes,The source identifies Robert Downey Jr. as the highest-grossing actor for leading roles according to The-Numbers.com.,high,https://www.guinnessworldrecords.com/news/2022/3/19-world-record-facts-that-will-help-you-in-a-quiz-694927,Film,19 world record facts that will help you in a quiz,guinnessworldrecords.com,verified
FACT-2027-08-12-S12,12,2027-08-12,The water column contains more biomass than the seafloor.,12,August,The water column holds substantial biomass,Nature,NOAA states that the water column holds much greater biomass than the seafloor.,high,https://oceanexplorer.noaa.gov/ocean-fact/water-column/,Marine ecology,Why do we explore the water column? - NOAA Ocean Exploration,oceanexplorer.noaa.gov,verified
FACT-2027-08-12-S13,12,2027-08-12,A reasonable proportion of fat in meat can prolong stomach retention and delay hunger.,13,August,Meat fat delays hunger,Food,Britannica states that meat fat retards digestion and can delay hunger.,high,https://www.britannica.com/topic/meat,Food,"Meat | Definition, Types, & Facts | Britannica",britannica.com,verified
FACT-2027-08-12-S14,12,2027-08-12,George Bruce received the first U.S. design patent in 1842 for a typeface.,14,August,First U.S. Design Patent,Inventions,The 1842 milestone identifies George Bruce as the recipient of the first U.S. design patent for a new typeface.,high,https://www.uspto.gov/patents/milestones,Design Patents,Milestones in U.S. patenting | USPTO,uspto.gov,verified
FACT-2027-08-12-S15,12,2027-08-12,"World Bank DataBank can generate tables, charts, and maps.",15,August,DataBank generates tables and visualizations,Country Facts,"The source explicitly says DataBank can generate tables, charts, and maps.",high,https://databank.worldbank.org/,Data analysis,DataBank | The World Bank,databank.worldbank.org,verified
FACT-2027-08-12-S16,12,2027-08-12,"The Smithsonian’s botany collections include algae, flowering plants, pressed specimens, and microscopic plants.",16,August,Smithsonian Botany Collections Include Algae,Mythology & Legends,"The excerpt lists algae, flowering plants, pressed specimens, and microscopic plants under botany.",high,https://www.si.edu/newsdesk/factsheets/smithsonian-collections,Natural History,Smithsonian Collections,si.edu,verified
FACT-2027-08-12-S17,12,2027-08-12,Chemosynthetic communities have been found in ocean basins around the world.,17,August,Chemosynthetic communities occur worldwide,Ocean & Marine,The supplied excerpt states that these communities have been found in ocean basins all over the world.,high,https://oceanexplorer.noaa.gov/explainers/marine-life/,Deep-Sea Ecosystems,Wild and Bizarre Marine Life - NOAA Ocean Exploration,oceanexplorer.noaa.gov,verified
FACT-2027-08-12-S18,12,2027-08-12,"Persian served as a literary and cultural language across the Iranian plateau, Central Asia, and surrounding regions.",18,August,Persian shaped regional literary culture,Language,The source describes Persian as the literary and cultural language of these regions.,high,https://www.loc.gov/exhibits/thousand-years-of-the-persian-book/persian-language.html,Language Contact,The Persian Language - A Thousand Years of the Persian Book | Exhibitions (Library of Congress),loc.gov,verified
FACT-2027-08-12-S19,12,2027-08-12,The World Bank publishes GDP measured in current U.S. dollars.,19,August,GDP has a current-dollar series,Money & Economics,The source is titled GDP (current US$) and identifies the corresponding indicator.,high,https://data.worldbank.org/indicator/NY.GDP.MKTP.CD,Economic Data,GDP (current US$) - World Bank Open Data,data.worldbank.org,verified
FACT-2027-08-12-S20,12,2027-08-12,Pterosaurs were the first vertebrates to evolve powered flight.,20,August,Pterosaurs and powered flight,Everyday Life,The source explicitly states that pterosaurs were the first vertebrates to evolve powered flight.,high,https://www.si.edu/newsdesk/factsheets/david-h-koch-hall-fossils-deep-time,Natural History,The David H. Koch Hall of Fossils–Deep Time | Smithsonian Institution,si.edu,verified
FACT-2027-08-13-S01,13,2027-08-13,Sea cucumbers in the genus Enypniastes are commonly called “headless chicken monsters” and “Spanish dancers.”,1,August,Deep-sea sea cucumbers have colorful nicknames,Science,The source gives both nicknames for deep-ocean sea cucumbers in the genus Enypniastes.,high,https://oceanexplorer.noaa.gov/ocean-facts/,Marine Biology,Ocean Exploration Facts,oceanexplorer.noaa.gov,verified
FACT-2027-08-13-S02,13,2027-08-13,Mercury is the planet nearest to the Sun.,2,August,Mercury is nearest to the Sun,Space,NASA explicitly identifies Mercury as the nearest planet to the Sun.,high,https://science.nasa.gov/mercury/,Planet Records,Mercury,science.nasa.gov,verified
FACT-2027-08-13-S03,13,2027-08-13,"Bone, blood, and lymph are examples of connective tissue.",3,August,Bone and blood are connective tissues,Human Body,"The supplied excerpt explicitly includes bone, blood, and lymph among connective tissues.",high,https://nigms.nih.gov/biobeat/2024/09/cells-by-the-numbers-2,Connective tissue,Cells by the Numbers | National Institute of General Medical Sciences,nigms.nih.gov,verified
FACT-2027-08-13-S04,13,2027-08-13,Experimental psychologists use science to explore processes behind human and animal behavior.,4,August,Experimental Psychologists Study Behavior,Psychology,The source describes experimental psychologists as using science to explore processes behind human and animal behavior.,high,https://www.apa.org/education-career/guide/science,Experimental Psychology,Science of Psychology,apa.org,verified
FACT-2027-08-13-S05,13,2027-08-13,Horseshoe crabs do not reach adulthood until about 10 years old.,5,August,Age at adulthood,Animals,Horseshoe crabs do not reach adulthood until they are 10 years old.,high,https://nationalzoo.si.edu/animals/horseshoe-crab,Growth,Horseshoe crab | Smithsonian's National Zoo and Conservation Biology Institute,nationalzoo.si.edu,verified
FACT-2027-08-13-S06,13,2027-08-13,Tides are a subject of NOAA's ocean and coastal science materials.,6,August,Tides are ocean processes,Geography,The source includes Tides and Currents as a dedicated category and lists a fact about tides.,high,https://oceanservice.noaa.gov/facts/,Ocean Processes,Ocean Facts - NOAA's National Ocean Service,oceanservice.noaa.gov,verified
FACT-2027-08-13-S07,13,2027-08-13,Horace Albright served as Stephen Mather's assistant director and helped shape early National Park Service policies.,7,August,Albright Was Mather's Assistant,History,The excerpt identifies Albright as Mather's assistant director and credits their partnership with establishing early policies.,high,https://www.nps.gov/articles/npshistory-creation.htm,National Park Service,Creation of the National Park Service (U.S. National Park Service),nps.gov,verified
FACT-2027-08-13-S08,13,2027-08-13,The first photovoltaic panel was demonstrated in 1954.,8,August,The first PV panel appeared in 1954,Technology,The IEA states that the first PV panel was demonstrated in 1954.,high,https://www.iea.org/reports/clean-energy-innovation/innovation-needs-in-the-sustainable-development-scenario,Solar energy,Innovation needs in the Sustainable Development Scenario - IEA,iea.org,verified
FACT-2027-08-13-S09,13,2027-08-13,The National Museum of Natural History’s collections include fossilized pollen and Tyrannosaurus rex bones.,9,August,Natural History Collections Include Fossils,Mystery & Unexplained,The source lists fossilized pollen and Tyrannosaurus rex bones among the museum’s natural-history holdings.,high,https://www.si.edu/newsdesk/factsheets/smithsonian-collections,Natural History,Smithsonian Collections,si.edu,verified
FACT-2027-08-13-S10,13,2027-08-13,The Met’s educational resource discusses a selection of thirty ancient Near Eastern works of art.,10,August,The Resource Features Thirty Artworks,Ancient Civilizations,The supplied excerpt describes a selection of thirty works of art.,high,https://www.metmuseum.org/en/met-publications/art-of-the-ancient-near-east-a-resource-for-educators,Ancient Near Eastern Art,Art of the Ancient Near East: A Resource for Educators - The Metropolitan Museum of Art,metmuseum.org,verified
FACT-2027-08-13-S11,13,2027-08-13,Last of the Summer Wine ran for 37 years and 31 series.,11,August,Longest-running sitcom,World Records & Extremes,"The source identifies Last of the Summer Wine as the longest-running sitcom, ending in 2010 after 37 years and 31 series.",high,https://www.guinnessworldrecords.com/news/2022/3/19-world-record-facts-that-will-help-you-in-a-quiz-694927,Television,19 world record facts that will help you in a quiz,guinnessworldrecords.com,verified
FACT-2027-08-13-S12,13,2027-08-13,"Sea cucumbers belong to the echinoderm phylum, alongside sea stars and sea urchins.",12,August,Sea cucumbers are echinoderms,Nature,NOAA identifies sea cucumbers as echinoderms and lists sea stars and urchins in the same phylum.,high,https://oceanexplorer.noaa.gov/explainers/marine-life/,Marine invertebrates,Wild and Bizarre Marine Life - NOAA Ocean Exploration,oceanexplorer.noaa.gov,verified
FACT-2027-08-13-S13,13,2027-08-13,Extractives in meat promote saliva and gastric-juice flow and can stimulate the desire to eat.,13,August,Meat extractives stimulate digestion,Food,The supplied excerpt says meat extractives cause saliva and gastric juices to flow and create a desire to eat.,high,https://www.britannica.com/topic/meat,Food,"Meat | Definition, Types, & Facts | Britannica",britannica.com,verified
FACT-2027-08-13-S14,13,2027-08-13,Abraham Lincoln is the only U.S. president to have been granted a patent.,14,August,Lincoln's Patent,Inventions,The source explicitly states that Abraham Lincoln is the only U.S. president to be granted a patent.,high,https://www.uspto.gov/about-us/history/freedom250/americas-innovative-history,Patent Holders,America's innovative history | USPTO,uspto.gov,verified
FACT-2027-08-13-S15,13,2027-08-13,DataBank is an analysis and visualization tool containing collections of time-series data.,15,August,DataBank analyzes time series,Country Facts,The source describes DataBank as an analysis and visualization tool containing collections of time-series data.,high,https://databank.worldbank.org/,Data analysis,DataBank | The World Bank,databank.worldbank.org,verified
FACT-2027-08-13-S16,13,2027-08-13,"The Smithsonian’s vertebrate-zoology collections include mammals, birds, reptiles, fish, and amphibians.",16,August,Smithsonian Zoology Includes Vertebrates,Mythology & Legends,"The excerpt lists mammals, birds, reptiles, fish, and amphibians in vertebrate zoology.",high,https://www.si.edu/newsdesk/factsheets/smithsonian-collections,Natural History,Smithsonian Collections,si.edu,verified
FACT-2027-08-13-S17,13,2027-08-13,"The ocean floor is not flat; it includes canyons, plains, and mountain ranges, some larger than comparable landforms on land.",17,August,The seafloor has mountain ranges,Ocean & Marine,"Another idea some people have is that the sea floor is flat. Actually, just like land, the sea floor has canyons, plains, and mountain ranges. And many of these features are even bigger than those found on land.",high,https://www.noaa.gov/know-your-ocean,Ocean Geography,Know Your Ocean,noaa.gov,verified
FACT-2027-08-13-S18,13,2027-08-13,The Mughal and Ottoman empires used Persian language and aesthetics.,18,August,Persian was used by Mughal and Ottoman empires,Language,The source explicitly identifies both empires as users of Persian language and aesthetics.,high,https://www.loc.gov/exhibits/thousand-years-of-the-persian-book/persian-language.html,Language Contact,The Persian Language - A Thousand Years of the Persian Book | Exhibitions (Library of Congress),loc.gov,verified
FACT-2027-08-13-S19,13,2027-08-13,"World Bank GDP data draw on country official statistics, national statistical organizations, and central banks.",19,August,GDP data use official statistics,Money & Economics,"The source lists country official statistics, national statistical organizations, and central banks among the GDP data sources.",high,https://data.worldbank.org/indicator/NY.GDP.MKTP.CD,Economic Data,GDP (current US$) - World Bank Open Data,data.worldbank.org,verified
FACT-2027-08-13-S20,13,2027-08-13,The Permian extinction was Earth’s largest extinction event.,20,August,Great Dying extinction,Everyday Life,"The source calls the extinction 252 million years ago Earth’s largest extinction event, known as the Great Dying.",high,https://www.si.edu/newsdesk/factsheets/david-h-koch-hall-fossils-deep-time,Natural History,The David H. Koch Hall of Fossils–Deep Time | Smithsonian Institution,si.edu,verified
FACT-2027-08-14-S01,14,2027-08-14,"Anoplogaster cornuta has the largest teeth relative to body size among ocean animals, according to the cited NOAA fact.",1,August,Fangtooth teeth are large relative to body size,Science,The source identifies Anoplogaster cornuta as having the biggest teeth relative to body size among ocean animals.,high,https://oceanexplorer.noaa.gov/ocean-facts/,Marine Biology,Ocean Exploration Facts,oceanexplorer.noaa.gov,verified
FACT-2027-08-14-S02,14,2027-08-14,Mercury completes one orbit around the Sun in 88 Earth days.,2,August,Mercury orbits the Sun in 88 days,Space,NASA states that Mercury orbits the Sun every 88 Earth days.,high,https://science.nasa.gov/mercury/,Planet Records,Mercury,science.nasa.gov,verified
FACT-2027-08-14-S03,14,2027-08-14,Epithelial tissue provides protective coverings such as skin and the linings of the intestines and respiratory tract.,3,August,Epithelial tissue forms coverings,Human Body,The supplied excerpt gives skin and the intestinal and respiratory linings as epithelial protective coverings.,high,https://nigms.nih.gov/biobeat/2024/09/cells-by-the-numbers-2,Epithelial tissue,Cells by the Numbers | National Institute of General Medical Sciences,nigms.nih.gov,verified
FACT-2027-08-14-S04,14,2027-08-14,"Human factors and engineering psychologists apply behavioral science to products, systems, and devices.",4,August,Human Factors Psychology Applies Behavioral Science,Psychology,"The source describes these psychologists as applying psychological science to products, systems, and devices used every day.",high,https://www.apa.org/education-career/guide/science,Human Factors,Science of Psychology,apa.org,verified
FACT-2027-08-14-S05,14,2027-08-14,Horseshoe crabs are most often found in shallow coastal waters.,5,August,Coastal habitat,Animals,They are most often found in shallow coastal waters with sandy or muddy bottoms.,high,https://nationalzoo.si.edu/animals/horseshoe-crab,Habitat,Horseshoe crab | Smithsonian's National Zoo and Conservation Biology Institute,nationalzoo.si.edu,verified
FACT-2027-08-14-S06,14,2027-08-14,Latitude is treated by NOAA as a subject within geography and geodesy.,6,August,Latitude is a geographic coordinate,Geography,The source lists latitude among its geography and geodesy facts.,high,https://oceanservice.noaa.gov/facts/,Geodesy,Ocean Facts - NOAA's National Ocean Service,oceanservice.noaa.gov,verified
FACT-2027-08-14-S07,14,2027-08-14,Stephen Mather and Horace Albright admitted automobiles to Yellowstone to improve public access.,7,August,Yellowstone Opened to Automobiles,History,The excerpt explicitly states that Mather and Albright admitted automobiles to Yellowstone.,high,https://www.nps.gov/articles/npshistory-creation.htm,National Park Service,Creation of the National Park Service (U.S. National Park Service),nps.gov,verified
FACT-2027-08-14-S08,14,2027-08-14,The first lithium-ion battery was prototyped in 1979.,8,August,The first lithium-ion prototype dates to 1979,Technology,The IEA explicitly gives 1979 as the date of the first lithium-ion battery prototype.,high,https://www.iea.org/reports/clean-energy-innovation/innovation-needs-in-the-sustainable-development-scenario,Battery technology,Innovation needs in the Sustainable Development Scenario - IEA,iea.org,verified
FACT-2027-08-14-S09,14,2027-08-14,"The National Museum of Natural History’s Mineral Sciences collections include gems, minerals, rocks, and meteorites.",9,August,Mineral Sciences Includes Meteorites,Mystery & Unexplained,"The source lists gems, minerals, rocks, and meteorites under the Mineral Sciences department.",high,https://www.si.edu/newsdesk/factsheets/smithsonian-collections,Natural History,Smithsonian Collections,si.edu,verified
FACT-2027-08-14-S10,14,2027-08-14,The works discussed in the Met’s resource include cuneiform tablets.,10,August,The Resource Includes Cuneiform Tablets,Ancient Civilizations,The supplied excerpt explicitly lists cuneiform tablets among the forms of art covered.,high,https://www.metmuseum.org/en/met-publications/art-of-the-ancient-near-east-a-resource-for-educators,Ancient Near Eastern Art,Art of the Ancient Near East: A Resource for Educators - The Metropolitan Museum of Art,metmuseum.org,verified
FACT-2027-08-14-S11,14,2027-08-14,Sultan Kösen is the tallest living man at 251 centimetres.,11,August,Tallest living man,World Records & Extremes,The source identifies Sultan Kösen as the tallest living man and records his height as 251 centimetres.,high,https://www.guinnessworldrecords.com/news/2022/3/19-world-record-facts-that-will-help-you-in-a-quiz-694927,Human records,19 world record facts that will help you in a quiz,guinnessworldrecords.com,verified
FACT-2027-08-14-S12,14,2027-08-14,Sea cucumbers do not have lungs or gas-filled spaces.,12,August,Sea cucumbers lack lungs,Nature,NOAA states that sea cucumbers lack lungs and gas-filled spaces.,high,https://oceanexplorer.noaa.gov/explainers/marine-life/,Marine invertebrates,Wild and Bizarre Marine Life - NOAA Ocean Exploration,oceanexplorer.noaa.gov,verified
FACT-2027-08-14-S13,14,2027-08-14,Nutrients in food support growth as well as metabolism and other cellular processes.,13,August,Food supports cellular growth,Food,"Britannica states that nutrients from food support metabolism, cellular processes, and growth.",high,https://www.britannica.com/topic/food,Food,"Definition, Nutrition, Ecosystems, Food Chain, Globalization, & Facts",britannica.com,verified
FACT-2027-08-14-S14,14,2027-08-14,"Averill Chemical Paint Company received the first federal trademark registration on October 25, 1870.",14,August,First Federal Trademark Registration,Inventions,"The source identifies Averill Chemical Paint Company as receiving the first federal trademark registration on October 25, 1870.",high,https://www.uspto.gov/about-us/history/freedom250/americas-innovative-history,Trademark History,America's innovative history | USPTO,uspto.gov,verified
FACT-2027-08-14-S15,14,2027-08-14,World Development Indicators are compiled from officially recognized international sources.,15,August,WDI uses recognized international sources,Country Facts,The source describes WDI as compiled from officially recognized international sources.,high,https://databank.worldbank.org/,World Bank indicators,DataBank | The World Bank,databank.worldbank.org,verified
FACT-2027-08-14-S16,14,2027-08-14,The Ralph Rinzler Folklife Archives and Collections preserve materials concerning cultural and performance traditions.,16,August,Ralph Rinzler Archives Preserve Folklife,Mythology & Legends,"The excerpt describes the archives as covering ethnic performance traditions, spoken-word recordings, sounds of science and nature, occupational folklore, and family folklore.",high,https://www.si.edu/newsdesk/factsheets/smithsonian-collections,Folklore Archives,Smithsonian Collections,si.edu,verified
FACT-2027-08-14-S17,14,2027-08-14,"Sea cucumbers occur throughout the world's ocean basins, from shallow waters to great depths.",17,August,Sea cucumbers inhabit all ocean depths,Ocean & Marine,The supplied excerpt states that sea cucumbers are found throughout ocean basins from shallows to great depths.,high,https://oceanexplorer.noaa.gov/explainers/marine-life/,Sea Cucumbers,Wild and Bizarre Marine Life - NOAA Ocean Exploration,oceanexplorer.noaa.gov,verified
FACT-2027-08-14-S18,14,2027-08-14,Urdu evolved through contact with Persian and Arabic during invasions of the Indian subcontinent.,18,August,Urdu developed through Persian and Arabic contact,Language,The source attributes Urdu’s development to Farsi and Arabic contacts during invasions.,high,https://www.loc.gov/item/2021666209/,Language Contact,The History of the Urdu Language  | Library of Congress,loc.gov,verified
FACT-2027-08-14-S19,14,2027-08-14,World Bank GDP data may use national-accounts files from the OECD.,19,August,GDP data use OECD sources,Money & Economics,The source lists OECD national-accounts data files among the GDP data sources.,high,https://data.worldbank.org/indicator/NY.GDP.MKTP.CD,Economic Data,GDP (current US$) - World Bank Open Data,data.worldbank.org,verified
FACT-2027-08-14-S20,14,2027-08-14,"More than 20,000 species of trilobites are known.",20,August,Trilobite diversity,Everyday Life,"The source describes the featured trilobite as one of more than 20,000 trilobite species.",high,https://www.si.edu/newsdesk/factsheets/david-h-koch-hall-fossils-deep-time,Natural History,The David H. Koch Hall of Fossils–Deep Time | Smithsonian Institution,si.edu,verified
FACT-2027-08-15-S01,15,2027-08-15,Backscatter is reflected sound energy whose strength provides information about the seafloor and objects in the water column.,1,August,Backscatter reveals underwater features,Science,The source defines backscatter and explains that its strength reveals characteristics of unseen underwater environments.,high,https://oceanexplorer.noaa.gov/ocean-facts/,Marine Geology,Ocean Exploration Facts,oceanexplorer.noaa.gov,verified
FACT-2027-08-15-S02,15,2027-08-15,"Venus is the hottest planet in the solar system, despite Mercury’s closer orbit to the Sun.",2,August,Venus is the hottest planet,Space,NASA explicitly makes this comparison between Venus and Mercury.,high,https://science.nasa.gov/solar-system/solar-system-facts/,Planet Records,Solar System: Facts - NASA Science,science.nasa.gov,verified
FACT-2027-08-15-S03,15,2027-08-15,Nerve cells carry information to and from different parts of the body.,3,August,Nerve cells carry information,Human Body,The supplied excerpt describes nerve cells as carrying information to and from different body regions.,high,https://nigms.nih.gov/biobeat/2024/09/cells-by-the-numbers-2,Nervous tissue,Cells by the Numbers | National Institute of General Medical Sciences,nigms.nih.gov,verified
FACT-2027-08-15-S04,15,2027-08-15,Industrial and organizational psychologists study human behavior in organizations and workplaces.,4,August,Industrial Psychology Studies Workplace Behavior,Psychology,The source states that industrial and organizational psychologists study human behavior in organizations and the workplace.,high,https://www.apa.org/education-career/guide/science,Industrial Psychology,Science of Psychology,apa.org,verified
FACT-2027-08-15-S05,15,2027-08-15,Horseshoe crabs commonly live over sandy or muddy bottoms.,5,August,Preferred seabed,Animals,They are most often found in shallow coastal waters with sandy or muddy bottoms.,high,https://nationalzoo.si.edu/animals/horseshoe-crab,Habitat,Horseshoe crab | Smithsonian's National Zoo and Conservation Biology Institute,nationalzoo.si.edu,verified
FACT-2027-08-15-S06,15,2027-08-15,Longitude is treated by NOAA as a subject within geography and geodesy.,6,August,Longitude is a geographic coordinate,Geography,The source lists longitude among its geography and geodesy facts.,high,https://oceanservice.noaa.gov/facts/,Geodesy,Ocean Facts - NOAA's National Ocean Service,oceanservice.noaa.gov,verified
FACT-2027-08-15-S07,15,2027-08-15,"The National Park Service expanded beyond scenic parks to administer historic sites, battlefields, and war memorials.",7,August,The NPS Managed Historic Sites,History,The excerpt describes transferring battlefields and war memorials to the NPS and creating historical parks.,high,https://www.nps.gov/articles/npshistory-creation.htm,National Park Service,Creation of the National Park Service (U.S. National Park Service),nps.gov,verified
FACT-2027-08-15-S08,15,2027-08-15,Solar panels were initially applied to powering satellites before broader commercial uses developed.,8,August,PV first powered satellites,Technology,The IEA states that the first application of solar panels was powering satellites.,high,https://www.iea.org/reports/clean-energy-innovation/innovation-needs-in-the-sustainable-development-scenario,Solar energy,Innovation needs in the Sustainable Development Scenario - IEA,iea.org,verified
FACT-2027-08-15-S09,15,2027-08-15,The National Museum of Natural History’s entomology collection includes representatives of all 30 known insect orders.,9,August,Entomology Covers All Insect Orders,Mystery & Unexplained,The source states that the entomology collection includes all 30 known orders of insects.,high,https://www.si.edu/newsdesk/factsheets/smithsonian-collections,Natural History,Smithsonian Collections,si.edu,verified
FACT-2027-08-15-S10,15,2027-08-15,The works discussed in the Met’s resource include stamp and cylinder seals.,10,August,The Resource Includes Cylinder Seals,Ancient Civilizations,The supplied excerpt explicitly lists stamp and cylinder seals.,high,https://www.metmuseum.org/en/met-publications/art-of-the-ancient-near-east-a-resource-for-educators,Ancient Near Eastern Art,Art of the Ancient Near East: A Resource for Educators - The Metropolitan Museum of Art,metmuseum.org,verified
FACT-2027-08-15-S11,15,2027-08-15,Robert Pershing Wadlow was the tallest person ever at 272 centimetres.,11,August,Tallest person ever,World Records & Extremes,The source identifies Robert Pershing Wadlow as the tallest person ever and gives his height as 272 centimetres.,high,https://www.guinnessworldrecords.com/news/2022/3/19-world-record-facts-that-will-help-you-in-a-quiz-694927,Human records,19 world record facts that will help you in a quiz,guinnessworldrecords.com,verified
FACT-2027-08-15-S12,15,2027-08-15,Sea cucumbers breathe by pumping water through respiratory trees beside their digestive tracts.,12,August,Sea cucumbers use respiratory trees,Nature,NOAA describes two respiratory trees on either side of the digestive tract.,high,https://oceanexplorer.noaa.gov/explainers/marine-life/,Marine invertebrates,Wild and Bizarre Marine Life - NOAA Ocean Exploration,oceanexplorer.noaa.gov,verified
FACT-2027-08-15-S13,15,2027-08-15,Food provides materials used to build and maintain the body.,13,August,Food supplies body-building materials,Food,The supplied excerpt describes nutrients from food as building materials for the body.,high,https://www.britannica.com/topic/food,Food,"Definition, Nutrition, Ecosystems, Food Chain, Globalization, & Facts",britannica.com,verified
FACT-2027-08-15-S14,15,2027-08-15,"President Harry S. Truman signed the Lanham Act into law on July 5, 1946.",14,August,Lanham Act,Inventions,"The source states that President Harry S. Truman signed the Lanham Act on July 5, 1946.",high,https://www.uspto.gov/about-us/history/freedom250/americas-innovative-history,Trademark Law,America's innovative history | USPTO,uspto.gov,verified
FACT-2027-08-15-S15,15,2027-08-15,Gross domestic product in current U.S. dollars is available as a World Bank Open Data indicator.,15,August,GDP is a World Bank indicator,Country Facts,The cited page is titled GDP (current US$) and identifies it as a World Bank Open Data indicator.,high,https://data.worldbank.org/indicator/NY.GDP.MKTP.CD,Economic indicators,GDP (current US$) - World Bank Open Data,data.worldbank.org,verified
FACT-2027-08-15-S16,15,2027-08-15,"Smithsonian folklife collections have a global perspective and include American, African American, Caribbean, and Native American traditions.",16,August,Smithsonian Folklife Collections Are Globally Oriented,Mythology & Legends,The excerpt states that the collections are global in perspective and strong in the listed cultural traditions.,high,https://www.si.edu/newsdesk/factsheets/smithsonian-collections,Folklore Archives,Smithsonian Collections,si.edu,verified
FACT-2027-08-15-S17,15,2027-08-15,Some sea cucumbers ingest seafloor sediment and extract nutrients attached to it.,17,August,Some sea cucumbers eat seafloor sediment,Ocean & Marine,The supplied excerpt says sea cucumbers eat seafloor mud and extract its limited nutrition.,high,https://oceanexplorer.noaa.gov/explainers/marine-life/,Sea Cucumbers,Wild and Bizarre Marine Life - NOAA Ocean Exploration,oceanexplorer.noaa.gov,verified
FACT-2027-08-15-S18,15,2027-08-15,Contact with Persian and Turkic forces formed part of the historical environment in which Urdu developed.,18,August,Turkic forces influenced Urdu’s development,Language,The source refers to invasions by Persian and Turkic forces from the eleventh century onward.,high,https://www.loc.gov/item/2021666209/,Language Contact,The History of the Urdu Language  | Library of Congress,loc.gov,verified
FACT-2027-08-15-S19,15,2027-08-15,World Bank DataBank includes collections on external debt and financial flows.,19,August,DataBank includes external debt data,Money & Economics,The source lists External Debt and Financial Flows statistics among DataBank collections.,high,https://databank.worldbank.org/,Economic Data,DataBank | The World Bank,databank.worldbank.org,verified
FACT-2027-08-15-S20,15,2027-08-15,Stromatolites are layered rock mounds formed when cyanobacteria trap sediment in intertidal zones.,20,August,Stromatolite formation,Everyday Life,The source defines stromatolites as layered rock mounds formed when cyanobacteria trapped sediments in intertidal zones.,high,https://www.si.edu/newsdesk/factsheets/david-h-koch-hall-fossils-deep-time,Natural History,The David H. Koch Hall of Fossils–Deep Time | Smithsonian Institution,si.edu,verified
FACT-2027-08-16-S01,16,2027-08-16,"The seabed can consist of muddy clay, sand, rocky boulders, and other materials.",1,August,The seabed has varied textures,Science,"The source lists muddy clay, sand, and rocky boulders as examples of seabed textures.",high,https://oceanexplorer.noaa.gov/ocean-facts/,Marine Geology,Ocean Exploration Facts,oceanexplorer.noaa.gov,verified
FACT-2027-08-16-S02,16,2027-08-16,Neptune is the eighth and most distant planet from the Sun.,2,August,Neptune is the most distant planet,Space,NASA explicitly describes Neptune as the most distant planet.,high,https://science.nasa.gov/solar-system/planets/,Planet Records,About the Planets - NASA Science,science.nasa.gov,verified
FACT-2027-08-16-S03,16,2027-08-16,Adults are approximately 50% to 60% water by mass.,3,August,Adults are mostly water,Human Body,The supplied excerpt gives an adult body-water range of approximately 50% to 60% by mass.,high,https://www.ncbi.nlm.nih.gov/sites/books/NBK482447/,Body fluids,"Physiology, Body Fluids - StatPearls - NCBI Bookshelf",ncbi.nlm.nih.gov,verified
FACT-2027-08-16-S04,16,2027-08-16,Quantitative psychologists develop methods for measuring human behavior and other attributes.,4,August,Quantitative Psychology Measures Behavior,Psychology,The source states that quantitative psychologists study and develop methods for measuring human behavior and other attributes.,high,https://www.apa.org/education-career/guide/science,Quantitative Psychology,Science of Psychology,apa.org,verified
FACT-2027-08-16-S05,16,2027-08-16,The North American range of horseshoe crabs extends from Mexico’s Yucatan Peninsula to the Gulf of Maine.,5,August,Atlantic range,Animals,"Their range is along Atlantic coastline of North America, stretching from the Yucatan Peninsula in Mexico to the Gulf of Maine in the United States.",high,https://www.nationalzoo.si.edu/index%2ephp/animals/horseshoe-crab,Distribution,Horseshoe crab | Smithsonian's National Zoo and Conservation Biology Institute,nationalzoo.si.edu,verified
FACT-2027-08-16-S06,16,2027-08-16,Barrier islands are recognized by NOAA as coastal landforms.,6,August,Barrier islands are coastal landforms,Geography,The source lists barrier islands among its ocean and coastal facts.,medium,https://oceanservice.noaa.gov/facts/,Coastal Geography,Ocean Facts - NOAA's National Ocean Service,oceanservice.noaa.gov,verified
FACT-2027-08-16-S07,16,2027-08-16,"The Ute entered North Park, Middle Park, and the area now comprising Rocky Mountain National Park between 1200 and 1300.",7,August,Ute Entered the Park Region,History,The timeline dates the Ute's entry into those areas to 1200–1300.,high,https://www.nps.gov/romo/learn/historyculture/time_line_of_historic_events.htm,Rocky Mountain National Park,Time Line of Historic Events - Rocky Mountain National Park (U.S. National Park Service),nps.gov,verified
FACT-2027-08-16-S08,16,2027-08-16,Lithium-ion batteries were first used in handheld video cameras and later in smartphones.,8,August,Lithium-ion batteries began in portable electronics,Technology,The IEA lists handheld video cameras and smartphones among early lithium-ion applications.,high,https://www.iea.org/reports/clean-energy-innovation/innovation-needs-in-the-sustainable-development-scenario,Battery technology,Innovation needs in the Sustainable Development Scenario - IEA,iea.org,verified
FACT-2027-08-16-S09,16,2027-08-16,The Smithsonian’s aviation and space collections include the 1903 Wright Flyer.,9,August,Smithsonian Holds the 1903 Wright Flyer,Mystery & Unexplained,The source lists the 1903 Wright Flyer among the aviation and space collection’s historic artifacts.,high,https://www.si.edu/newsdesk/factsheets/smithsonian-collections,Aviation and Space,Smithsonian Collections,si.edu,verified
FACT-2027-08-16-S10,16,2027-08-16,The Met resource dates the Sasanian Empire from 224 to 651 A.D.,10,August,The Sasanian Empire Lasted From 224 To 651,Ancient Civilizations,The supplied excerpt includes the heading “The Sasanian Empire (224–651 A.D.).”,high,https://www.metmuseum.org/en/met-publications/art-of-the-ancient-near-east-a-resource-for-educators,Ancient Near Eastern Empires,Art of the Ancient Near East: A Resource for Educators - The Metropolitan Museum of Art,metmuseum.org,verified
FACT-2027-08-16-S11,16,2027-08-16,Kylie Minogue achieved UK number-one albums in five consecutive decades.,11,August,UK number-one albums across decades,World Records & Extremes,The source states that Kylie Minogue achieved UK number-one albums in five consecutive decades.,high,https://www.guinnessworldrecords.com/news/2022/3/19-world-record-facts-that-will-help-you-in-a-quiz-694927,Music,19 world record facts that will help you in a quiz,guinnessworldrecords.com,verified
FACT-2027-08-16-S12,16,2027-08-16,Some sea cucumbers use a fin-like structure to leave the seafloor and swim through the water column.,12,August,Some sea cucumbers swim,Nature,NOAA describes sea cucumbers lifting off the bottom with a fin-like structure and swimming.,high,https://oceanexplorer.noaa.gov/explainers/marine-life/,Marine invertebrates,Wild and Bizarre Marine Life - NOAA Ocean Exploration,oceanexplorer.noaa.gov,verified
FACT-2027-08-16-S13,16,2027-08-16,The primary macronutrients provide energy for the body.,13,August,Macronutrients provide energy,Food,"Britannica states that proteins, carbohydrates, and fats provide energy.",high,https://www.britannica.com/topic/food,Food,"Definition, Nutrition, Ecosystems, Food Chain, Globalization, & Facts",britannica.com,verified
FACT-2027-08-16-S14,16,2027-08-16,"The USPTO grants utility, design, and plant patents.",14,August,Three Patent Categories,Inventions,"The source explicitly lists utility, design, and plant as the three patent categories granted by the USPTO.",high,https://www.uspto.gov/patents/milestones,Patent Categories,Milestones in U.S. patenting | USPTO,uspto.gov,verified
FACT-2027-08-16-S15,16,2027-08-16,GDP growth measured annually as a percentage is available through DataBank.,15,August,GDP growth is available,Country Facts,The source lists GDP growth (annual %) among its popular indicators.,high,https://databank.worldbank.org/,Economic indicators,DataBank | The World Bank,databank.worldbank.org,verified
FACT-2027-08-16-S16,16,2027-08-16,The Smithsonian’s Recovering Voices program documents endangered languages and works with communities to sustain and revitalize them.,16,August,Recovering Voices Revitalizes Endangered Languages,Mythology & Legends,The excerpt states that Recovering Voices documents endangered languages and cultures and collaborates with communities on revitalization.,high,https://global.si.edu/success-stories/smithsonian-works-communities-around-world-recover-and-sustain-endangered-languages,Cultural Heritage,Smithsonian Works with Communities Around the World to Recover and Sustain Endangered Languages and Traditions | Smithsonian Global,global.si.edu,verified
FACT-2027-08-16-S17,16,2027-08-16,The approximately 175 described siphonophore species are marine animals distributed across ocean basins worldwide.,17,August,Siphonophores are found in every ocean basin,Ocean & Marine,"There are approximately 175 described species of siphonophores, and they are all marine, found in ocean basins around the world.",high,https://oceanexplorer.noaa.gov/explainers/marine-life/,Marine Biodiversity,Wild and Bizarre Marine Life - NOAA Ocean Exploration,oceanexplorer.noaa.gov,verified
FACT-2027-08-16-S18,16,2027-08-16,Urdu was influenced by languages spoken in southern India after expansion into the Deccan Plateau.,18,August,Southern languages influenced Urdu,Language,The source states that expansion into the Deccan brought southern linguistic influences into Urdu.,high,https://www.loc.gov/item/2021666209/,Language Contact,The History of the Urdu Language  | Library of Congress,loc.gov,verified
FACT-2027-08-16-S19,16,2027-08-16,Gender is one of the subject areas represented in World Bank DataBank collections.,19,August,DataBank includes gender data,Money & Economics,The source lists Gender among DataBank subject areas.,high,https://databank.worldbank.org/,Economic Data,DataBank | The World Bank,databank.worldbank.org,verified
FACT-2027-08-16-S20,16,2027-08-16,Horseshoe crabs are more closely related to arachnids than to true crabs.,20,August,Horseshoe crab classification,Everyday Life,The source states that horseshoe crabs are more closely related to arachnids such as spiders and scorpions.,high,https://nationalzoo.si.edu/animals/horseshoe-crab,Animals,Horseshoe crab,nationalzoo.si.edu,verified
FACT-2027-08-17-S01,17,2027-08-17,Marine critical minerals are minerals on the ocean floor considered essential to the United States economy and security.,1,August,Marine critical minerals support society,Science,The source defines marine critical minerals as ocean-floor minerals essential to the United States economy and security.,high,https://oceanexplorer.noaa.gov/ocean-facts/,Marine Geology,Ocean Exploration Facts,oceanexplorer.noaa.gov,verified
FACT-2027-08-17-S02,17,2027-08-17,"Jupiter, Saturn, Uranus, and Neptune have rings.",2,August,The four giant planets have rings,Space,NASA states that the four giant planets have rings.,high,https://science.nasa.gov/solar-system/solar-system-facts/,Planetary Rings,Solar System: Facts - NASA Science,science.nasa.gov,verified
FACT-2027-08-17-S03,17,2027-08-17,Infants are approximately 75% water by mass.,3,August,Infants contain more body water,Human Body,The supplied excerpt states that infants are approximately 75% water by mass.,high,https://www.ncbi.nlm.nih.gov/sites/books/NBK482447/,Body fluids,"Physiology, Body Fluids - StatPearls - NCBI Bookshelf",ncbi.nlm.nih.gov,verified
FACT-2027-08-17-S04,17,2027-08-17,Quantitative psychology includes statistical and mathematical modeling of psychological processes.,4,August,Quantitative Psychology Uses Statistical Models,Psychology,The source lists statistical and mathematical modeling of psychological processes among quantitative psychologists’ work.,high,https://www.apa.org/education-career/guide/science,Quantitative Psychology,Science of Psychology,apa.org,verified
FACT-2027-08-17-S05,17,2027-08-17,Horseshoe crabs can live for 20 years or more in the wild.,5,August,Long lifespan,Animals,"In the wild, they can live for 20 years or more.",high,https://www.nationalzoo.si.edu/index%2ephp/animals/horseshoe-crab,Lifespan,Horseshoe crab | Smithsonian's National Zoo and Conservation Biology Institute,nationalzoo.si.edu,verified
FACT-2027-08-17-S06,17,2027-08-17,"Large local or distant earthquakes can bring a volcano closer to eruption, especially if it is already poised to erupt.",6,August,Earthquakes can influence volcanic eruptions,Geography,The excerpt states that large local and distant earthquakes can bring a volcano closer to eruption and emphasizes preexisting readiness.,high,https://www.usgs.gov/observatories/hvo/news/volcano-watch-can-earthquakes-trigger-volcanic-eruptions,Volcanology,Volcano Watch — Can earthquakes trigger volcanic eruptions? | U.S. Geological Survey,usgs.gov,verified
FACT-2027-08-17-S07,17,2027-08-17,Members of the Stephen A. Long Expedition in 1820 were the first non-Indians recorded as seeing Longs Peak.,7,August,Long's Expedition Saw Longs Peak,History,The timeline identifies the 1820 expedition members as the first non-Indians to see Longs Peak.,high,https://www.nps.gov/romo/learn/historyculture/time_line_of_historic_events.htm,Rocky Mountain National Park,Time Line of Historic Events - Rocky Mountain National Park (U.S. National Park Service),nps.gov,verified
FACT-2027-08-17-S08,17,2027-08-17,LED lighting for buildings reached a 1% national-market share in the United Kingdom 10 years after its initial prototype.,8,August,LED lighting reached materiality quickly,Technology,The IEA identifies LED lighting as reaching materiality in the United Kingdom 10 years after its initial prototype.,high,https://www.iea.org/reports/clean-energy-innovation/innovation-needs-in-the-sustainable-development-scenario,Energy technology timelines,Innovation needs in the Sustainable Development Scenario - IEA,iea.org,verified
FACT-2027-08-17-S09,17,2027-08-17,The Smithsonian’s aviation and space collections include the Apollo 11 Command Module Columbia.,9,August,Smithsonian Holds Apollo 11 Columbia,Mystery & Unexplained,The source lists the Apollo 11 Command Module Columbia among the collection’s historic artifacts.,high,https://www.si.edu/newsdesk/factsheets/smithsonian-collections,Aviation and Space,Smithsonian Collections,si.edu,verified
FACT-2027-08-17-S10,17,2027-08-17,The Met resource dates the Achaemenid Persian Empire to 550–330 B.C.,10,August,The Achaemenid Empire Dates To 550–330 B.C.,Ancient Civilizations,The supplied excerpt includes the heading “The Achaemenid Persian Empire (550–330 B.C.).”,high,https://www.metmuseum.org/en/met-publications/art-of-the-ancient-near-east-a-resource-for-educators,Ancient Persian History,Art of the Ancient Near East: A Resource for Educators - The Metropolitan Museum of Art,metmuseum.org,verified
FACT-2027-08-17-S11,17,2027-08-17,Venezuela was the first country to permanently abolish capital punishment for all crimes.,11,August,First country to abolish capital punishment,World Records & Extremes,The source states that Venezuela removed the death penalty from its law in 1863.,high,https://www.guinnessworldrecords.com/news/2022/3/19-world-record-facts-that-will-help-you-in-a-quiz-694927,Law,19 world record facts that will help you in a quiz,guinnessworldrecords.com,verified
FACT-2027-08-17-S12,17,2027-08-17,Some sea cucumbers spend their entire lives swimming in the water column.,12,August,Some sea cucumbers remain pelagic,Nature,NOAA states that some sea cucumbers never touch the seafloor and remain in the water column.,high,https://oceanexplorer.noaa.gov/explainers/marine-life/,Marine invertebrates,Wild and Bizarre Marine Life - NOAA Ocean Exploration,oceanexplorer.noaa.gov,verified
FACT-2027-08-17-S13,17,2027-08-17,The primary macronutrients serve as building materials for the body.,13,August,Macronutrients serve structural functions,Food,"The supplied excerpt states that proteins, carbohydrates, and fats serve as building materials for the body.",high,https://www.britannica.com/topic/food,Food,"Definition, Nutrition, Ecosystems, Food Chain, Globalization, & Facts",britannica.com,verified
FACT-2027-08-17-S14,17,2027-08-17,The Plant Patent Act of 1930 created a distinct patent category for certain new plant varieties.,14,August,Plant Patent Act,Inventions,"The 1930 milestone states that Congress passed the Plant Patent Act, creating a distinct patent type for new varieties of certain plants.",high,https://www.uspto.gov/patents/milestones,Plant Patents,Milestones in U.S. patenting | USPTO,uspto.gov,verified
FACT-2027-08-17-S15,17,2027-08-17,"Population, total is available as a DataBank indicator.",15,August,Population totals are available,Country Facts,"The source lists Population, total among its popular indicators.",high,https://databank.worldbank.org/,Economic indicators,DataBank | The World Bank,databank.worldbank.org,verified
FACT-2027-08-17-S16,17,2027-08-17,"Recovering Voices uses Smithsonian collections, research, public outreach, and community collaboration to support language traditions.",16,August,Recovering Voices Uses Smithsonian Collections,Mythology & Legends,"The excerpt explicitly lists research, public outreach, community collaboration, and Smithsonian collections as methods used by the initiative.",high,https://global.si.edu/success-stories/smithsonian-works-communities-around-world-recover-and-sustain-endangered-languages,Cultural Heritage,Smithsonian Works with Communities Around the World to Recover and Sustain Endangered Languages and Traditions | Smithsonian Global,global.si.edu,verified
FACT-2027-08-17-S17,17,2027-08-17,Water absorbs red light at shallower depths than it absorbs shorter-wavelength blue light.,17,August,Water absorbs red light quickly,Ocean & Marine,The supplied excerpt states that red light is absorbed at shallower depths than blue light.,high,https://oceanexplorer.noaa.gov/explainers/marine-life/,Marine Optics,Wild and Bizarre Marine Life - NOAA Ocean Exploration,oceanexplorer.noaa.gov,verified
FACT-2027-08-17-S18,17,2027-08-17,Punjabi contributed to the linguistic influences shaping Urdu.,18,August,Punjabi influenced Urdu,Language,The source explicitly lists Punjabi among the influences on Urdu.,high,https://www.loc.gov/item/2021666209/,Language Contact,The History of the Urdu Language  | Library of Congress,loc.gov,verified
FACT-2027-08-17-S19,17,2027-08-17,The World Bank’s Doing Business database was discontinued in September 2021.,19,August,Doing Business was discontinued,Money & Economics,"The source states that Doing Business was discontinued as of September 16, 2021.",high,https://databank.worldbank.org/databases,Economic Data,Data | DataBank,databank.worldbank.org,verified
FACT-2027-08-17-S20,17,2027-08-17,Horseshoe crabs commonly inhabit shallow coastal waters with sandy or muddy bottoms.,20,August,Horseshoe crab habitat,Everyday Life,The source describes shallow coastal waters with sandy or muddy bottoms as their usual habitat.,high,https://nationalzoo.si.edu/animals/horseshoe-crab,Animals,Horseshoe crab,nationalzoo.si.edu,verified
FACT-2027-08-18-S01,18,2027-08-18,Ocean acidification is a distinct ocean-science process addressed in NOAA’s ocean-basics fact resources.,1,August,Ocean Acidification,Science,The cited NOAA category explicitly lists “What is ocean acidification?” among its ocean-basics topics.,high,https://oceanservice.noaa.gov/facts/oceanfacts-basics.html,Oceanography,Ocean Facts Category - NOAA's National Ocean Service,oceanservice.noaa.gov,verified
FACT-2027-08-18-S02,18,2027-08-18,"Mercury, Venus, Earth, and Mars do not have planetary rings.",2,August,Terrestrial planets have no rings,Space,NASA states that none of the terrestrial planets have rings.,high,https://science.nasa.gov/learn/basics-of-space-flight/chapter1-2/,Planetary Rings,Chapter 1: The Solar System - NASA Science,science.nasa.gov,verified
FACT-2027-08-18-S03,18,2027-08-18,Body fluid is broadly divided into intracellular and extracellular fluid.,3,August,Body fluid has two compartments,Human Body,The supplied excerpt identifies intracellular and extracellular fluid as the two general compartments.,high,https://www.ncbi.nlm.nih.gov/sites/books/NBK482447/,Body fluids,"Physiology, Body Fluids - StatPearls - NCBI Bookshelf",ncbi.nlm.nih.gov,verified
FACT-2027-08-18-S04,18,2027-08-18,Quantitative psychologists design research studies and analyze psychological data.,4,August,Quantitative Psychologists Analyze Data,Psychology,The source identifies research-study design and psychological-data analysis as parts of quantitative psychologists’ work.,high,https://www.apa.org/education-career/guide/science,Quantitative Psychology,Science of Psychology,apa.org,verified
FACT-2027-08-18-S05,18,2027-08-18,Worms are part of the horseshoe crab diet.,5,August,Worms as food,Animals,"Horseshoe crabs eat worms, crustaceans, small mollusks and algae.",high,https://www.nationalzoo.si.edu/index%2ephp/animals/horseshoe-crab,Diet,Horseshoe crab | Smithsonian's National Zoo and Conservation Biology Institute,nationalzoo.si.edu,verified
FACT-2027-08-18-S06,18,2027-08-18,Large earthquakes more commonly produce earthquake swarms or change magma-system behavior than trigger an eruption.,6,August,Earthquakes more often alter magma systems,Geography,The excerpt says large earthquakes more commonly affect magma plumbing systems without triggering an eruption.,high,https://www.usgs.gov/observatories/hvo/news/volcano-watch-can-earthquakes-trigger-volcanic-eruptions,Volcanology,Volcano Watch — Can earthquakes trigger volcanic eruptions? | U.S. Geological Survey,usgs.gov,verified
FACT-2027-08-18-S07,18,2027-08-18,Joel Estes entered what is now Estes Park and started a ranch in 1858.,7,August,Estes Established a Ranch,History,The timeline records Estes's entry and ranch establishment in 1858.,high,https://www.nps.gov/romo/learn/historyculture/time_line_of_historic_events.htm,Rocky Mountain National Park,Time Line of Historic Events - Rocky Mountain National Park (U.S. National Park Service),nps.gov,verified
FACT-2027-08-18-S08,18,2027-08-18,Government-funded research and public procurement accelerated the introduction of nuclear power in France.,8,August,Government support accelerated French nuclear power,Technology,The IEA attributes France’s large-scale nuclear deployment to government-funded science and research combined with public procurement.,high,https://www.iea.org/reports/clean-energy-innovation/innovation-needs-in-the-sustainable-development-scenario,Energy technology timelines,Innovation needs in the Sustainable Development Scenario - IEA,iea.org,verified
FACT-2027-08-18-S09,18,2027-08-18,The Smithsonian created a comprehensive 3D dataset of the space shuttle Discovery.,9,August,Discovery Was Digitized in 3D,Mystery & Unexplained,The source describes the Smithsonian’s 3D scanning project for space shuttle Discovery and calls the result a comprehensive 3D dataset.,high,https://www.si.edu/explore/technology,Aviation and Space,Smithsonian Technology,si.edu,verified
FACT-2027-08-18-S10,18,2027-08-18,The Met resource includes a section titled “Uruk: The First City.”,10,August,Uruk Is Presented As The First City,Ancient Civilizations,The supplied excerpt explicitly includes that section title.,high,https://www.metmuseum.org/en/met-publications/art-of-the-ancient-near-east-a-resource-for-educators,Mesopotamian History,Art of the Ancient Near East: A Resource for Educators - The Metropolitan Museum of Art,metmuseum.org,verified
FACT-2027-08-18-S11,18,2027-08-18,"The official land-speed record is 1,227.985 kilometres per hour.",11,August,Official land-speed record,World Records & Extremes,"The source records Andy Green's 1,227.985-kilometre-per-hour run in Thrust SSC on 15 October 1997.",high,https://www.guinnessworldrecords.com/news/2022/3/19-world-record-facts-that-will-help-you-in-a-quiz-694927,Motorsport,19 world record facts that will help you in a quiz,guinnessworldrecords.com,verified
FACT-2027-08-18-S12,18,2027-08-18,A siphonophore is a colony of specialized individual hydrozoans called zooids.,12,August,Siphonophores are colonial animals,Nature,NOAA explains that siphonophores consist of attached zooids specialized for functions such as feeding or reproduction.,high,https://oceanexplorer.noaa.gov/explainers/marine-life/,Marine invertebrates,Wild and Bizarre Marine Life - NOAA Ocean Exploration,oceanexplorer.noaa.gov,verified
FACT-2027-08-18-S13,18,2027-08-18,"Animal foods classified as meat can include edible organs such as livers, kidneys, and hearts.",13,August,Animal foods include edible organs,Food,"Britannica defines meat to include edible animal parts and specifically discusses livers, kidneys, and hearts.",high,https://www.britannica.com/topic/meat,Food,"Meat | Definition, Types, & Facts | Britannica",britannica.com,verified
FACT-2027-08-18-S14,18,2027-08-18,Henry Rosenberg received U.S. plant patent no. 1 in 1931 for a climbing rose named “The New Dawn.”,14,August,First U.S. Plant Patent,Inventions,"The 1931 milestone identifies Henry Rosenberg, plant patent no. 1, and the climbing rose named “The New Dawn.”",high,https://www.uspto.gov/patents/milestones,Plant Patents,Milestones in U.S. patenting | USPTO,uspto.gov,verified
FACT-2027-08-18-S15,18,2027-08-18,Life expectancy at birth is available as a DataBank indicator.,15,August,Life expectancy is available,Country Facts,"The source lists Life expectancy at birth, total (years) among its popular indicators.",high,https://databank.worldbank.org/,Economic indicators,DataBank | The World Bank,databank.worldbank.org,verified
FACT-2027-08-18-S16,18,2027-08-18,The Smithsonian source states that more than 850 languages are spoken in Papua New Guinea.,16,August,Papua New Guinea Has Many Languages,Mythology & Legends,The excerpt states that more than 850 different languages are spoken in Papua New Guinea.,high,https://global.si.edu/success-stories/smithsonian-works-communities-around-world-recover-and-sustain-endangered-languages,Cultural Heritage,Smithsonian Works with Communities Around the World to Recover and Sustain Endangered Languages and Traditions | Smithsonian Global,global.si.edu,verified
FACT-2027-08-18-S17,18,2027-08-18,"In deep water without red wavelengths, a red animal can appear nearly colorless and difficult to detect.",17,August,Red animals can become hard to see,Ocean & Marine,The supplied excerpt explains that red animals appear to lack color where red light is absent.,high,https://oceanexplorer.noaa.gov/explainers/marine-life/,Marine Camouflage,Wild and Bizarre Marine Life - NOAA Ocean Exploration,oceanexplorer.noaa.gov,verified
FACT-2027-08-18-S18,18,2027-08-18,Haryanvi contributed to the linguistic influences shaping Urdu.,18,August,Haryanvi influenced Urdu,Language,The source explicitly lists Haryanvi among the influences on Urdu.,high,https://www.loc.gov/item/2021666209/,Language Contact,The History of the Urdu Language  | Library of Congress,loc.gov,verified
FACT-2027-08-18-S19,18,2027-08-18,The World Bank DataBank includes a Quarterly Public Sector Debt database.,19,August,Quarterly public debt data are available,Money & Economics,The source lists Quarterly Public Sector Debt as a public database.,high,https://databank.worldbank.org/databases,Public Finance,Data | DataBank,databank.worldbank.org,verified
FACT-2027-08-18-S20,18,2027-08-18,The American horseshoe crab’s range extends along the Atlantic coast from Mexico’s Yucatán Peninsula to the Gulf of Maine.,20,August,Horseshoe crab range,Everyday Life,The source gives this Atlantic coastal range for Limulus polyphemus.,high,https://nationalzoo.si.edu/animals/horseshoe-crab,Animals,Horseshoe crab,nationalzoo.si.edu,verified
FACT-2027-08-19-S01,19,2027-08-19,"NOAA treats the question of how many species live in the ocean as a central ocean-basics topic, reflecting the ocean’s substantial biological diversity.",1,August,Ocean Biodiversity,Science,The cited NOAA page explicitly lists “How Many Species Live in the Ocean?” among its ocean-basics questions.,medium,https://oceanservice.noaa.gov/facts/oceanfacts-basics.html,Oceanography,Ocean Facts Category - NOAA's National Ocean Service,oceanservice.noaa.gov,verified
FACT-2027-08-19-S02,19,2027-08-19,Mercury and Venus are the only eight planets without moons.,2,August,Mercury and Venus have no moons,Space,NASA identifies Mercury and Venus as the only moonless planets.,high,https://science.nasa.gov/solar-system/solar-system-facts/,Moons,Solar System: Facts - NASA Science,science.nasa.gov,verified
FACT-2027-08-19-S03,19,2027-08-19,Intracellular fluid occupies the space within cells and is approximately 40% of total body weight.,3,August,Intracellular fluid fills cells,Human Body,The supplied excerpt describes intracellular fluid as the space within cells and gives its approximate proportion.,high,https://www.ncbi.nlm.nih.gov/sites/books/NBK482447/,Body fluids,"Physiology, Body Fluids - StatPearls - NCBI Bookshelf",ncbi.nlm.nih.gov,verified
FACT-2027-08-19-S04,19,2027-08-19,Social psychologists study how people perceive themselves in relation to the rest of the world.,4,August,Social Psychology Studies Self-Perception,Psychology,The source describes social psychologists as studying self-perception in relation to the wider world.,high,https://www.apa.org/education-career/guide/science,Social Psychology,Science of Psychology,apa.org,verified
FACT-2027-08-19-S05,19,2027-08-19,Horseshoe crabs eat crustaceans.,5,August,Crustaceans as food,Animals,"Horseshoe crabs eat worms, crustaceans, small mollusks and algae.",high,https://www.nationalzoo.si.edu/index%2ephp/animals/horseshoe-crab,Diet,Horseshoe crab | Smithsonian's National Zoo and Conservation Biology Institute,nationalzoo.si.edu,verified
FACT-2027-08-19-S06,19,2027-08-19,Seismic waves from large distant earthquakes can induce changes in a magma chamber that may increase eruption likelihood.,6,August,Distant seismic waves can affect magma,Geography,The excerpt describes distant seismic waves causing bubble formation and changes in magma density or viscosity.,high,https://www.usgs.gov/observatories/hvo/news/volcano-watch-can-earthquakes-trigger-volcanic-eruptions,Volcanology,Volcano Watch — Can earthquakes trigger volcanic eruptions? | U.S. Geological Survey,usgs.gov,verified
FACT-2027-08-19-S07,19,2027-08-19,"John Wesley Powell, William Byers, and others made the first ascent of Longs Peak in 1868.",7,August,Longs Peak Was First Climbed in 1868,History,The timeline identifies the climbers and dates the first ascent to 1868.,high,https://www.nps.gov/romo/learn/historyculture/time_line_of_historic_events.htm,Rocky Mountain National Park,Time Line of Historic Events - Rocky Mountain National Park (U.S. National Park Service),nps.gov,verified
FACT-2027-08-19-S08,19,2027-08-19,Knowledge accumulated in one technology area can drive innovation and investment in related technologies.,8,August,Spillovers influence related technologies,Technology,The IEA describes spillovers as drivers of innovation and investment in related technologies.,high,https://www.iea.org/reports/clean-energy-innovation/innovation-needs-in-the-sustainable-development-scenario,Technology diffusion,Innovation needs in the Sustainable Development Scenario - IEA,iea.org,verified
FACT-2027-08-19-S09,19,2027-08-19,"The Smithsonian’s aviation archives include photographs, manuscripts, technical drawings, documents, film, and oral histories.",9,August,Aviation Archives Include Oral Histories,Mystery & Unexplained,The source explicitly lists these archival formats as documenting the history of flight.,high,https://www.si.edu/newsdesk/factsheets/smithsonian-collections,Aviation and Space,Smithsonian Collections,si.edu,verified
FACT-2027-08-19-S10,19,2027-08-19,The Met resource dates the Akkadian Period to approximately 2350–2150 B.C.,10,August,The Akkadian Period Dates To About 2350–2150 B.C.,Ancient Civilizations,The supplied excerpt includes the heading “The Akkadian Period (ca. 2350–2150 B.C.).”,high,https://www.metmuseum.org/en/met-publications/art-of-the-ancient-near-east-a-resource-for-educators,Mesopotamian History,Art of the Ancient Near East: A Resource for Educators - The Metropolitan Museum of Art,metmuseum.org,verified
FACT-2027-08-19-S11,19,2027-08-19,Thrust SSC was the first car to break the sound barrier.,11,August,First car to break the sound barrier,World Records & Extremes,The source explicitly describes Thrust SSC as the first car to break the sound barrier.,high,https://www.guinnessworldrecords.com/news/2022/3/19-world-record-facts-that-will-help-you-in-a-quiz-694927,Motorsport,19 world record facts that will help you in a quiz,guinnessworldrecords.com,verified
FACT-2027-08-19-S12,19,2027-08-19,"Siphonophores belong to the cnidarian phylum, which also includes corals, sea anemones, and jellyfish.",12,August,Siphonophores are cnidarians,Nature,"NOAA identifies siphonophores as cnidarians and names corals, sea anemones, and jellyfish as related groups.",high,https://oceanexplorer.noaa.gov/explainers/marine-life/,Marine invertebrates,Wild and Bizarre Marine Life - NOAA Ocean Exploration,oceanexplorer.noaa.gov,verified
FACT-2027-08-19-S13,19,2027-08-19,Meat can contain connective tissues including tendons and ligaments.,13,August,Meat contains connective tissues,Food,The supplied excerpt explicitly includes tendons and ligaments among the edible parts classified as meat.,high,https://www.britannica.com/topic/meat,Food,"Meat | Definition, Types, & Facts | Britannica",britannica.com,verified
FACT-2027-08-19-S14,19,2027-08-19,Utility patent no. 1 million was granted to Francis H. Holton in 1911 for a tubeless vehicle tire.,14,August,One Millionth Utility Patent,Inventions,The 1911 milestone identifies Francis H. Holton and the tubeless vehicle tire invention.,high,https://www.uspto.gov/patents/milestones,Patent Milestones,Milestones in U.S. patenting | USPTO,uspto.gov,verified
FACT-2027-08-19-S15,19,2027-08-19,Consumer-price inflation measured annually is available through DataBank.,15,August,Inflation data is available,Country Facts,"The source lists Inflation, consumer prices (annual %) among its popular indicators.",high,https://databank.worldbank.org/,Economic indicators,DataBank | The World Bank,databank.worldbank.org,verified
FACT-2027-08-19-S16,19,2027-08-19,"In Papua New Guinea, Smithsonian researchers collaborate with communities to record environmental knowledge expressed through songs, stories, and objects.",16,August,Smithsonian Researchers Document Indigenous Knowledge,Mythology & Legends,"The excerpt describes collaboration with Purari Delta communities to record indigenous environmental knowledge found in song, stories, and objects.",high,https://global.si.edu/success-stories/smithsonian-works-communities-around-world-recover-and-sustain-endangered-languages,Cultural Heritage,Smithsonian Works with Communities Around the World to Recover and Sustain Endangered Languages and Traditions | Smithsonian Global,global.si.edu,verified
FACT-2027-08-19-S17,19,2027-08-19,"Different siphonophore zooids can specialize in swimming, feeding, reproduction, or defense.",17,August,Siphonophores have specialized zooids,Ocean & Marine,"The supplied excerpt lists swimming, feeding, reproduction, and defense as zooid functions.",high,https://oceanexplorer.noaa.gov/explainers/marine-life/,Siphonophores,Wild and Bizarre Marine Life - NOAA Ocean Exploration,oceanexplorer.noaa.gov,verified
FACT-2027-08-19-S18,19,2027-08-19,Urdu developed more decisively during the Delhi Sultanate.,18,August,Urdu developed during the Delhi Sultanate,Language,The source explicitly identifies the Delhi Sultanate as a decisive period in Urdu’s development.,high,https://www.loc.gov/item/2021666209/,Language History,The History of the Urdu Language  | Library of Congress,loc.gov,verified
FACT-2027-08-19-S19,19,2027-08-19,The Quarterly Public Sector Debt database was jointly developed by the World Bank and the International Monetary Fund.,19,August,Public debt data are jointly developed,Money & Economics,The source identifies the World Bank and IMF as joint developers of the database.,high,https://databank.worldbank.org/databases,Public Finance,Data | DataBank,databank.worldbank.org,verified
FACT-2027-08-19-S20,19,2027-08-19,"Horseshoe crabs eat worms, crustaceans, small mollusks, and algae.",20,August,Horseshoe crab diet,Everyday Life,"The source lists worms, crustaceans, small mollusks, and algae among their foods.",high,https://nationalzoo.si.edu/animals/horseshoe-crab,Animals,Horseshoe crab,nationalzoo.si.edu,verified
FACT-2027-08-20-S01,20,2027-08-20,The causes of ocean waves are treated as a distinct physical-oceanography question in NOAA’s ocean-basics resources.,1,August,Why Oceans Have Waves,Science,The cited page explicitly includes “Why does the ocean have waves?” among its listed fact topics.,high,https://oceanservice.noaa.gov/facts/oceanfacts-basics.html,Oceanography,Ocean Facts Category - NOAA's National Ocean Service,oceanservice.noaa.gov,verified
FACT-2027-08-20-S02,20,2027-08-20,Ganymede is the largest moon in the solar system.,2,August,Ganymede is the largest moon,Space,NASA explicitly identifies Ganymede as the solar system’s largest moon.,high,https://science.nasa.gov/solar-system/moons/facts/,Moons,Moons: Facts - NASA Science,science.nasa.gov,verified
FACT-2027-08-20-S03,20,2027-08-20,Extracellular fluid comprises approximately 20% of total body weight.,3,August,Extracellular fluid surrounds cells,Human Body,The supplied excerpt states that extracellular fluid comprises approximately 20% of total body weight.,high,https://www.ncbi.nlm.nih.gov/sites/books/NBK482447/,Body fluids,"Physiology, Body Fluids - StatPearls - NCBI Bookshelf",ncbi.nlm.nih.gov,verified
FACT-2027-08-20-S04,20,2027-08-20,"How people perceive themselves in relation to the world can affect their choices, behaviors, and beliefs.",4,August,Self-Perception Influences Behavior,Psychology,"The source states that self-perception in relation to the world affects choices, behaviors, and beliefs.",high,https://www.apa.org/education-career/guide/science,Social Psychology,Science of Psychology,apa.org,verified
FACT-2027-08-20-S05,20,2027-08-20,Horseshoe crabs eat small mollusks.,5,August,Small mollusks as food,Animals,"Horseshoe crabs eat worms, crustaceans, small mollusks and algae.",high,https://www.nationalzoo.si.edu/index%2ephp/animals/horseshoe-crab,Diet,Horseshoe crab | Smithsonian's National Zoo and Conservation Biology Institute,nationalzoo.si.edu,verified
FACT-2027-08-20-S06,20,2027-08-20,Pressurized fluids in a fault zone can reduce the force holding rocks together and make fault slip easier.,6,August,Fluids can promote fault slip,Geography,The excerpt explains that fluid pressure can partially counter the force pressing fault blocks together.,high,https://www.usgs.gov/observatories/yvo/news/water-released-crystallizing-magma-can-trigger-earthquakes-yellowstone,Seismology,Water Released from Crystallizing Magma can Trigger Earthquakes in Yellowstone | U.S. Geological Survey,usgs.gov,verified
FACT-2027-08-20-S07,20,2027-08-20,Ferdinand V. Hayden's U.S. Geological and Geographical Survey of the Territories entered the park region in 1874.,7,August,Hayden's Survey Entered the Park,History,The timeline states that Hayden's survey entered the park in 1874.,high,https://www.nps.gov/romo/learn/historyculture/time_line_of_historic_events.htm,Rocky Mountain National Park,Time Line of Historic Events - Rocky Mountain National Park (U.S. National Park Service),nps.gov,verified
FACT-2027-08-20-S08,20,2027-08-20,"Energy patent data can help policymakers assess comparative advantage, innovation trends and potential contributors to sustainable growth.",8,August,Patent data can inform policy,Technology,The IEA says patent data can inform governments about comparative advantage and identify innovative companies and institutions.,high,https://www.iea.org/reports/patents-and-the-energy-transition,Energy patents,Patents and the Energy Transition – Analysis - IEA,iea.org,verified
FACT-2027-08-20-S09,20,2027-08-20,The Ralph Rinzler Folklife Archives and Collections is described as a public resource.,9,August,Ralph Rinzler Archives Are Publicly Accessible,Mystery & Unexplained,The source identifies the Ralph Rinzler Folklife Archives and Collections as a public resource.,high,https://www.si.edu/newsdesk/factsheets/smithsonian-collections,Folklife,Smithsonian Collections,si.edu,verified
FACT-2027-08-20-S10,20,2027-08-20,The Met resource dates Early Dynastic Sculpture to 2900–2350 B.C.,10,August,Early Dynastic Sculpture Dates To 2900–2350 B.C.,Ancient Civilizations,"The supplied excerpt includes the heading “Early Dynastic Sculpture, 2900–2350 B.C.”",high,https://www.metmuseum.org/en/met-publications/art-of-the-ancient-near-east-a-resource-for-educators,Mesopotamian History,Art of the Ancient Near East: A Resource for Educators - The Metropolitan Museum of Art,metmuseum.org,verified
FACT-2027-08-20-S11,20,2027-08-20,Old Town Road held the US Billboard Hot 100 number-one position for 19 consecutive weeks.,11,August,Longest US number-one song run,World Records & Extremes,The source identifies Lil Nas X's Old Town Road as spending 19 consecutive weeks at number one in 2019.,high,https://www.guinnessworldrecords.com/news/2022/3/19-world-record-facts-that-will-help-you-in-a-quiz-694927,Music,19 world record facts that will help you in a quiz,guinnessworldrecords.com,verified
FACT-2027-08-20-S12,20,2027-08-20,Armored searobins use thickened fin rays to walk across the seafloor.,12,August,Armored searobins walk on the seafloor,Nature,NOAA describes armored searobins using stiffened pectoral-fin rays as walking structures.,high,https://oceanexplorer.noaa.gov/explainers/marine-life/,Marine fish,Wild and Bizarre Marine Life - NOAA Ocean Exploration,oceanexplorer.noaa.gov,verified
FACT-2027-08-20-S13,20,2027-08-20,The amount and distribution of fat in meat influence its juiciness and tenderness.,13,August,Meat texture is affected by fat,Food,Britannica states that meat fat influences juiciness and tenderness.,high,https://www.britannica.com/topic/meat,Food,"Meat | Definition, Types, & Facts | Britannica",britannica.com,verified
FACT-2027-08-20-S14,20,2027-08-20,Utility patent no. 5 million was granted in 1991 to University of Florida inventors for a method of producing fuel ethanol.,14,August,Five Millionth Utility Patent,Inventions,"The 1991 milestone describes the patent number, the University of Florida inventors, and the fuel-ethanol method.",high,https://www.uspto.gov/patents/milestones,Patent Milestones,Milestones in U.S. patenting | USPTO,uspto.gov,verified
FACT-2027-08-20-S15,20,2027-08-20,Exports of goods and services as a share of GDP are available through DataBank.,15,August,Trade data is available,Country Facts,The source lists Exports of goods and services (% of GDP) among its popular indicators.,high,https://databank.worldbank.org/,Economic indicators,DataBank | The World Bank,databank.worldbank.org,verified
FACT-2027-08-20-S16,20,2027-08-20,Smithsonian linguist Gabriela Pérez Báez documents and analyzes Isthmus Zapotec in southern Mexico.,16,August,Isthmus Zapotec Is Being Documented,Mythology & Legends,"The excerpt states that Pérez Báez documents and analyzes Isthmus Zapotec in La Ventosa, southern Mexico.",high,https://global.si.edu/success-stories/smithsonian-works-communities-around-world-recover-and-sustain-endangered-languages,Cultural Heritage,Smithsonian Works with Communities Around the World to Recover and Sustain Endangered Languages and Traditions | Smithsonian Global,global.si.edu,verified
FACT-2027-08-20-S17,20,2027-08-20,"Most described siphonophore species inhabit deeper water, while the Portuguese man o' war lives in surface waters.",17,August,Most siphonophores live below the surface,Ocean & Marine,The supplied excerpt identifies the Portuguese man o' war as the only surface-water siphonophore and says the others occur at greater depths.,high,https://oceanexplorer.noaa.gov/explainers/marine-life/,Siphonophores,Wild and Bizarre Marine Life - NOAA Ocean Exploration,oceanexplorer.noaa.gov,verified
FACT-2027-08-20-S18,20,2027-08-20,Urdu developed more decisively during the Mughal Empire.,18,August,Urdu developed during the Mughal Empire,Language,The source explicitly identifies the Mughal Empire as a decisive period in Urdu’s development.,high,https://www.loc.gov/item/2021666209/,Language History,The History of the Urdu Language  | Library of Congress,loc.gov,verified
FACT-2027-08-20-S19,20,2027-08-20,An exchange rate compares the value of money in two different countries.,19,August,An exchange rate compares currencies,Money & Economics,The glossary defines an exchange rate as a number used to compare the value of money in two countries.,high,https://www.consumerfinance.gov/consumer-tools/educator-tools/youth-financial-education/glossary/,Financial Literacy,Financial Terms Glossary | Consumer Financial Protection Bureau,consumerfinance.gov,verified
FACT-2027-08-20-S20,20,2027-08-20,Horseshoe crab blood is blue because it contains hemocyanin.,20,August,Horseshoe crab blood,Everyday Life,The source states that hemocyanin makes horseshoe crab blood blue.,high,https://nationalzoo.si.edu/animals/horseshoe-crab,Animals,Horseshoe crab,nationalzoo.si.edu,verified
FACT-2027-08-21-S01,21,2027-08-21,"The Atlantic Meridional Overturning Circulation, or AMOC, is a large-scale system of ocean currents that transports heat through the Atlantic Ocean.",1,August,The Atlantic Meridional Overturning Circulation,Science,NOAA’s Ocean Facts resource specifically identifies the Atlantic Meridional Overturning Circulation (AMOC) as a topic in its ocean-science fact collection.,medium,https://oceanservice.noaa.gov/facts/,Oceanography,Ocean Facts - NOAA's National Ocean Service,oceanservice.noaa.gov,verified
FACT-2027-08-21-S02,21,2027-08-21,Titan is the only moon in the solar system with a thick atmosphere.,2,August,Titan has a thick atmosphere,Space,NASA explicitly states that Titan is the only moon with a thick atmosphere.,high,https://science.nasa.gov/solar-system/moons/facts/,Moons,Moons: Facts - NASA Science,science.nasa.gov,verified
FACT-2027-08-21-S03,21,2027-08-21,Plasma accounts for approximately 5% of body weight within the extracellular fluid compartment.,3,August,Plasma is extracellular fluid,Human Body,The supplied excerpt identifies plasma as an extracellular-fluid subdivision of approximately 5% of body weight.,high,https://www.ncbi.nlm.nih.gov/sites/books/NBK482447/,Body fluids,"Physiology, Body Fluids - StatPearls - NCBI Bookshelf",ncbi.nlm.nih.gov,verified
FACT-2027-08-21-S04,21,2027-08-21,"Sport and performance psychologists study behavior and abilities in sport, exercise, and performance.",4,August,Sport Psychology Studies Performance,Psychology,"The source describes sport and performance psychologists as studying behavior and abilities in sport, exercise, and performance.",high,https://www.apa.org/education-career/guide/science,Sport Psychology,Science of Psychology,apa.org,verified
FACT-2027-08-21-S05,21,2027-08-21,Algae are part of the horseshoe crab diet.,5,August,Algae as food,Animals,"Horseshoe crabs eat worms, crustaceans, small mollusks and algae.",high,https://www.nationalzoo.si.edu/index%2ephp/animals/horseshoe-crab,Diet,Horseshoe crab | Smithsonian's National Zoo and Conservation Biology Institute,nationalzoo.si.edu,verified
FACT-2027-08-21-S06,21,2027-08-21,"At Yellowstone, earthquake swarms are thought to be more commonly triggered by water than by moving magma.",6,August,Yellowstone swarms often involve water,Geography,The excerpt says water-triggered seismicity is thought to be more common than seismicity triggered by moving magma.,high,https://www.usgs.gov/observatories/yvo/news/water-released-crystallizing-magma-can-trigger-earthquakes-yellowstone,Yellowstone Geology,Water Released from Crystallizing Magma can Trigger Earthquakes in Yellowstone | U.S. Geological Survey,usgs.gov,verified
FACT-2027-08-21-S07,21,2027-08-21,"Rocky Mountain National Park was dedicated on September 4, 1915.",7,August,Rocky Mountain National Park Was Dedicated,History,"The timeline gives September 4, 1915, as the park's dedication date.",high,https://www.nps.gov/romo/learn/historyculture/time_line_of_historic_events.htm,Rocky Mountain National Park,Time Line of Historic Events - Rocky Mountain National Park (U.S. National Park Service),nps.gov,verified
FACT-2027-08-21-S08,21,2027-08-21,Patent information provides statistical evidence of technical progress.,8,August,Patent data indicates technical progress,Technology,The IEA explicitly describes patent information as robust statistical evidence of technical progress.,high,https://www.iea.org/reports/patents-and-the-energy-transition,Energy patents,Patents and the Energy Transition – Analysis - IEA,iea.org,verified
FACT-2027-08-21-S09,21,2027-08-21,Smithsonian folklife collections include spoken-word recordings and sounds of science and nature.,9,August,Folklife Collections Include Spoken Word,Mystery & Unexplained,The source lists spoken-word recordings and sounds of science and nature among the folklife collections.,high,https://www.si.edu/newsdesk/factsheets/smithsonian-collections,Folklife,Smithsonian Collections,si.edu,verified
FACT-2027-08-21-S10,21,2027-08-21,Mesopotamia was located between the Tigris and Euphrates Rivers.,10,August,Mesopotamia Lay Between Two Major Rivers,Ancient Civilizations,The supplied excerpt defines Mesopotamia as the region between the Tigris and Euphrates Rivers.,high,https://www.metmuseum.org/art/metpublications/Art_of_the_First_Cities_The_Third_Millennium_BC_from_the_Mediterranean_to_the_Indus,Mesopotamian Civilization,Art of the First Cities: The Third Millennium B.C. from the Mediterranean to the Indus - The Metropolitan Museum of Art,metmuseum.org,verified
FACT-2027-08-21-S11,21,2027-08-21,Star Wars was the highest-grossing film series as of 16 March 2021.,11,August,Highest-grossing film series,World Records & Extremes,The source identifies Star Wars as the highest-grossing film series at the global box office as of 16 March 2021.,high,https://www.guinnessworldrecords.com/news/2022/3/19-world-record-facts-that-will-help-you-in-a-quiz-694927,Film,19 world record facts that will help you in a quiz,guinnessworldrecords.com,verified
FACT-2027-08-21-S12,21,2027-08-21,"In the deep ocean, red animals can appear nearly invisible because red wavelengths are absent at depth.",12,August,Red can function as deep-sea camouflage,Nature,"NOAA explains that red light is absorbed near the surface, making red animals appear colorless in the deep ocean.",high,https://oceanexplorer.noaa.gov/explainers/marine-life/,Marine camouflage,Wild and Bizarre Marine Life - NOAA Ocean Exploration,oceanexplorer.noaa.gov,verified
FACT-2027-08-21-S13,21,2027-08-21,The fat in meat influences its flavor.,13,August,Meat fat affects flavor,Food,The supplied excerpt states that meat fat influences flavor.,high,https://www.britannica.com/topic/meat,Food,"Meat | Definition, Types, & Facts | Britannica",britannica.com,verified
FACT-2027-08-21-S14,21,2027-08-21,Utility patent no. 10 million was granted in 2018 to Joseph Marron and Raytheon Company for a coherent LADAR invention.,14,August,Ten Millionth Utility Patent,Inventions,"The 2018 milestone gives the patent number, inventor, assignee, and coherent LADAR invention.",high,https://www.uspto.gov/patents/milestones,Patent Milestones,Milestones in U.S. patenting | USPTO,uspto.gov,verified
FACT-2027-08-21-S15,21,2027-08-21,The World Bank’s Microdata Library provides data collected through sample surveys.,15,August,The Microdata Library contains surveys,Country Facts,The source describes the Microdata Library as providing data collected through sample surveys.,high,https://data.worldbank.org/,Survey data,World Bank Open Data | Data,data.worldbank.org,verified
FACT-2027-08-21-S16,21,2027-08-21,"Smithsonian scientists use advanced techniques to track wildlife, monitor pollution, preserve biodiversity, and explore the universe.",16,August,Smithsonian Research Uses Advanced Technology,Mythology & Legends,The excerpt explicitly describes these scientific uses of cutting-edge techniques.,high,https://www.si.edu/explore/technology,Technology,Smithsonian Technology,si.edu,verified
FACT-2027-08-21-S17,21,2027-08-21,Certain sea cucumbers remain in the water column throughout their lives rather than settling on the ocean bottom.,17,August,Some sea cucumbers swim without touching the seafloor,Ocean & Marine,"Some sea cucumbers never touch the seafloor, instead spending their entire lives swimming in the water column.",high,https://oceanexplorer.noaa.gov/explainers/marine-life/,Deep-Sea Biology,Wild and Bizarre Marine Life - NOAA Ocean Exploration,oceanexplorer.noaa.gov,verified
FACT-2027-08-21-S18,21,2027-08-21,The earliest verse associated with Urdu dates to the fifteenth century.,18,August,Urdu’s earliest verse dates to the fifteenth century,Language,The source explicitly dates the earliest Urdu verse to the fifteenth century.,high,https://www.loc.gov/item/2021666209/,Language History,The History of the Urdu Language  | Library of Congress,loc.gov,verified
FACT-2027-08-21-S19,21,2027-08-21,Interest is a fee charged by a lender for a borrower’s use of money.,19,August,Interest is a borrowing cost,Money & Economics,The glossary describes interest as a fee charged by a lender and paid by a borrower for using money.,high,https://www.consumerfinance.gov/consumer-tools/educator-tools/youth-financial-education/glossary/,Financial Literacy,Financial Terms Glossary | Consumer Financial Protection Bureau,consumerfinance.gov,verified
FACT-2027-08-21-S20,21,2027-08-21,Horseshoe crabs can swim by using their gills as paddles.,20,August,Horseshoe crab swimming,Everyday Life,The source states that horseshoe crabs can swim using their gills as paddles.,high,https://nationalzoo.si.edu/animals/horseshoe-crab,Animals,Horseshoe crab,nationalzoo.si.edu,verified
FACT-2027-08-22-S01,22,2027-08-22,"At Yellowstone, water-related processes are thought to trigger earthquake swarms more commonly than moving magma.",1,August,Water commonly triggers Yellowstone swarms,Science,The source states that water-triggered seismicity is thought to be much more common than magma-triggered seismicity at Yellowstone.,high,https://www.usgs.gov/observatories/yvo/news/water-released-crystallizing-magma-can-trigger-earthquakes-yellowstone,Yellowstone,Water Released from Crystallizing Magma can Trigger Earthquakes in Yellowstone | U.S. Geological Survey,usgs.gov,verified
FACT-2027-08-22-S02,22,2027-08-22,Titan has surface lakes and seas of ethane and methane.,2,August,Titan has methane and ethane lakes,Space,NASA describes Titan’s surface lakes and seas as containing ethane and methane.,high,https://science.nasa.gov/solar-system/moons/facts/,Moons,Moons: Facts - NASA Science,science.nasa.gov,verified
FACT-2027-08-22-S03,22,2027-08-22,The interstitial space accounts for approximately 12% of body weight within the extracellular fluid compartment.,3,August,Interstitial fluid is extracellular,Human Body,The supplied excerpt gives approximately 12% of body weight for the interstitial space.,high,https://www.ncbi.nlm.nih.gov/sites/books/NBK482447/,Body fluids,"Physiology, Body Fluids - StatPearls - NCBI Bookshelf",ncbi.nlm.nih.gov,verified
FACT-2027-08-22-S04,22,2027-08-22,Sport and performance psychologists help people overcome psychological barriers that may impede achievement and professional success.,4,August,Sport Psychologists Address Performance Barriers,Psychology,The source states that sport and performance psychologists help people overcome psychological barriers that can impede achievement and professional success.,high,https://www.apa.org/education-career/guide/science,Sport Psychology,Science of Psychology,apa.org,verified
FACT-2027-08-22-S05,22,2027-08-22,"Horseshoe crabs use chelicerae, small grabbing appendages around their mouths, to pick up food.",5,August,Chelicerae,Animals,They use their chelicerae—the little grabbing appendages around their mouths—to pick up food.,high,https://www.nationalzoo.si.edu/index%2ephp/animals/horseshoe-crab,Feeding,Horseshoe crab | Smithsonian's National Zoo and Conservation Biology Institute,nationalzoo.si.edu,verified
FACT-2027-08-22-S06,22,2027-08-22,"As rhyolitic magma beneath Yellowstone crystallizes, water and other volatile components can be released into surrounding rocks.",6,August,Crystallizing magma releases water-rich fluids,Geography,"The excerpt explains that crystallizing minerals exclude water and other volatiles, which are then released into surrounding rocks.",high,https://www.usgs.gov/observatories/yvo/news/water-released-crystallizing-magma-can-trigger-earthquakes-yellowstone,Yellowstone Geology,Water Released from Crystallizing Magma can Trigger Earthquakes in Yellowstone | U.S. Geological Survey,usgs.gov,verified
FACT-2027-08-22-S07,22,2027-08-22,"President Benjamin Harrison signed legislation establishing Sequoia National Park on September 25, 1890.",7,August,Sequoia Became a National Park,History,"The excerpt gives the date, president, and legislation establishing Sequoia National Park.",high,https://www.nps.gov/seki/learn/historyculture/index.htm,Sequoia National Park,History & Culture - Sequoia & Kings Canyon National Parks (U.S. National Park Service),nps.gov,verified
FACT-2027-08-22-S08,22,2027-08-22,"The IEA analyzes innovation trends across the energy system, particularly low-carbon energy technologies.",8,August,Patent analysis covers low-carbon technologies,Technology,The source describes the report as analyzing energy-system innovation trends with particular attention to low-carbon technologies.,high,https://www.iea.org/reports/patents-and-the-energy-transition,Energy patents,Patents and the Energy Transition – Analysis - IEA,iea.org,verified
FACT-2027-08-22-S09,22,2027-08-22,Smithsonian folklife collections include family folklore and occupational folklore.,9,August,Folklife Collections Cover Family Traditions,Mystery & Unexplained,The source explicitly identifies family folklore and occupational folklore as collection areas.,high,https://www.si.edu/newsdesk/factsheets/smithsonian-collections,Folklife,Smithsonian Collections,si.edu,verified
FACT-2027-08-22-S10,22,2027-08-22,"The cited Met publication places ancient Mesopotamia in what is today Iraq, northeastern Syria, and southeastern Turkey.",10,August,Mesopotamia Included Parts Of Modern Iraq,Ancient Civilizations,The supplied excerpt identifies these modern geographic areas.,high,https://www.metmuseum.org/art/metpublications/Art_of_the_First_Cities_The_Third_Millennium_BC_from_the_Mediterranean_to_the_Indus,Mesopotamian Civilization,Art of the First Cities: The Third Millennium B.C. from the Mediterranean to the Indus - The Metropolitan Museum of Art,metmuseum.org,verified
FACT-2027-08-22-S11,22,2027-08-22,The Guinness World Records records showcase includes an Animals category.,11,August,Animals category,World Records & Extremes,The source lists Animals among its curated records-showcase categories.,high,https://www.guinnessworldrecords.com/records/showcase,Record categories,Records showcase | Guinness World Records,guinnessworldrecords.com,verified
FACT-2027-08-22-S12,22,2027-08-22,Scientists estimate that roughly two-thirds or more of ocean species have not yet been discovered or officially described.,12,August,Many ocean species remain undescribed,Nature,NOAA gives this estimate while discussing ocean biodiversity and exploration.,high,https://oceanexplorer.noaa.gov/explainers/marine-life/,Marine biodiversity,Wild and Bizarre Marine Life - NOAA Ocean Exploration,oceanexplorer.noaa.gov,verified
FACT-2027-08-22-S13,22,2027-08-22,Britannica lists nourishment as another term for food.,13,August,Food is also called nourishment,Food,The supplied source identifies nourishment as another name for food.,high,https://www.britannica.com/topic/food,Food,"Definition, Nutrition, Ecosystems, Food Chain, Globalization, & Facts",britannica.com,verified
FACT-2027-08-22-S14,22,2027-08-22,"Utility patent no. 12 million was granted on June 4, 2024, to Pacific Biosciences of California and its inventors for DNA-sequencing technology.",14,August,Twelve Millionth Utility Patent,Inventions,"The 2024 milestone identifies the date, patent number, assignee, inventors, and sequencing-related invention.",high,https://www.uspto.gov/patents/milestones,Patent Milestones,Milestones in U.S. patenting | USPTO,uspto.gov,verified
FACT-2027-08-22-S15,22,2027-08-22,The Microdata Library includes a high-frequency phone survey for Ethiopia.,15,August,The Microdata Library includes phone surveys,Country Facts,The source lists the Ethiopia high frequency phone survey among Microdata Library examples.,high,https://data.worldbank.org/,Survey data,World Bank Open Data | Data,data.worldbank.org,verified
FACT-2027-08-22-S16,22,2027-08-22,"Smithsonian museums examine invention and innovation from Stone Age tools through the Apollo 11 Moon landing, 3D digitization, and artificial intelligence.",16,August,Smithsonian Technology Exhibits Span History,Mythology & Legends,The excerpt gives these examples when describing the historical and contemporary scope of Smithsonian technology exhibits and resources.,high,https://www.si.edu/explore/technology,Technology,Smithsonian Technology,si.edu,verified
FACT-2027-08-22-S17,22,2027-08-22,Animals living in the water column can move freely through three dimensions.,17,August,Midwater animals occupy three dimensions,Ocean & Marine,The supplied excerpt says midwater animals have the full volume of the water column available for movement in three dimensions.,high,https://oceanexplorer.noaa.gov/ocean-fact/water-column/,Water Column,Why do we explore the water column? - NOAA Ocean Exploration,oceanexplorer.noaa.gov,verified
FACT-2027-08-22-S18,22,2027-08-22,The eighteenth and nineteenth centuries are identified as the golden period of Urdu poetry.,18,August,Urdu poetry’s golden period was the eighteenth and nineteenth centuries,Language,The source explicitly gives the eighteenth and nineteenth centuries as Urdu poetry’s golden period.,high,https://www.loc.gov/item/2021666209/,Language History,The History of the Urdu Language  | Library of Congress,loc.gov,verified
FACT-2027-08-22-S19,22,2027-08-22,A savings account is used to set aside money and can pay interest.,19,August,Savings accounts can pay interest,Money & Economics,The glossary defines a savings account as an account used to set aside money that pays interest.,high,https://www.consumerfinance.gov/consumer-tools/educator-tools/youth-financial-education/glossary/,Financial Literacy,Financial Terms Glossary | Consumer Financial Protection Bureau,consumerfinance.gov,verified
FACT-2027-08-22-S20,22,2027-08-22,Young horseshoe crabs can molt up to 16 times before reaching full size.,20,August,Horseshoe crab molting,Everyday Life,The source states that horseshoe crab babies molt up to 16 times before becoming full-grown.,high,https://nationalzoo.si.edu/animals/horseshoe-crab,Animals,Horseshoe crab,nationalzoo.si.edu,verified
FACT-2027-08-23-S01,23,2027-08-23,Nature-based solutions use or restore natural coastal features and processes to help address environmental or hazard-related problems.,1,August,Nature-Based Coastal Solutions,Science,NOAA’s Ocean Facts collection includes a dedicated entry on nature-based solutions under its recent ocean facts.,medium,https://oceanservice.noaa.gov/facts/,Oceanography,Ocean Facts - NOAA's National Ocean Service,oceanservice.noaa.gov,verified
FACT-2027-08-23-S02,23,2027-08-23,Phobos is slowly approaching Mars and could crash into the planet or break apart into a thin ring in about 40–50 million years.,2,August,Phobos may become a Martian ring,Space,NASA presents both possible outcomes and the estimated timescale for Phobos.,high,https://science.nasa.gov/solar-system/moons/facts/,Moons,Moons: Facts - NASA Science,science.nasa.gov,verified
FACT-2027-08-23-S03,23,2027-08-23,Fluid moves toward hyperosmotic compartments and away from hypoosmotic compartments.,3,August,Water moves toward higher osmolarity,Human Body,The supplied excerpt explicitly describes fluid movement toward hyperosmotic and away from hypoosmotic compartments.,high,https://www.ncbi.nlm.nih.gov/sites/books/NBK482447/,Physiology,"Physiology, Body Fluids - StatPearls - NCBI Bookshelf",ncbi.nlm.nih.gov,verified
FACT-2027-08-23-S04,23,2027-08-23,Research discussed in the supplied material challenges a strict separation between perception and cognition.,4,August,Perception And Cognition Interact,Psychology,The article says research challenges the traditional view that perception and cognition are distinct domains.,high,https://www.psychologytoday.com/us/blog/the-digital-self/202310/the-symbiosis-of-perception-and-cognition,Perception,The Symbiosis of Perception and Cognition | Psychology Today,psychologytoday.com,verified
FACT-2027-08-23-S05,23,2027-08-23,Food picked up by the chelicerae is passed to horseshoe crabs’ bristle teeth for chewing.,5,August,Bristle teeth,Animals,Food is then passed back to their bristle teeth for chewing and then back up to their mouths for swallowing.,high,https://www.nationalzoo.si.edu/index%2ephp/animals/horseshoe-crab,Feeding,Horseshoe crab | Smithsonian's National Zoo and Conservation Biology Institute,nationalzoo.si.edu,verified
FACT-2027-08-23-S06,23,2027-08-23,Changes in groundwater and surface waters can indicate volcanic unrest and provide clues about magma movement.,6,August,Water chemistry can indicate volcanic unrest,Geography,The excerpt identifies groundwater and surface-water changes as indicators of unrest and clues to magma ascent.,high,https://www.usgs.gov/publications/streams-springs-and-volcanic-lakes-volcano-monitoring,Volcano Monitoring,"Streams, springs, and volcanic lakes for volcano monitoring | U.S. Geological Survey",usgs.gov,verified
FACT-2027-08-23-S07,23,2027-08-23,Sequoia National Park was created to protect giant sequoia trees from logging.,7,August,Sequoia Protected Giant Trees,History,The excerpt explicitly states that the park was created to protect giant sequoias from logging.,high,https://www.nps.gov/seki/learn/historyculture/index.htm,Sequoia National Park,History & Culture - Sequoia & Kings Canyon National Parks (U.S. National Park Service),nps.gov,verified
FACT-2027-08-23-S08,23,2027-08-23,Energy storage represented 40% of energy patenting in 2023 according to the IEA’s stated measure.,8,August,Energy storage dominated energy patenting,Technology,The IEA states that energy storage’s share of energy patenting reached 40% in 2023.,high,https://www.iea.org/topics/energy-innovation,Battery technology,Energy Innovation – Topics - IEA,iea.org,verified
FACT-2027-08-23-S09,23,2027-08-23,Smithsonian Libraries house their collections in 21 specialized research libraries.,9,August,Smithsonian Libraries Have Specialized Branches,Mystery & Unexplained,The source states that the Libraries’ collections are housed in 21 specialized research libraries.,high,https://www.si.edu/newsdesk/factsheets/smithsonian-collections,Libraries,Smithsonian Collections,si.edu,verified
FACT-2027-08-23-S10,23,2027-08-23,The Met publication states that the first cities arose in Mesopotamia.,10,August,Mesopotamia Developed The First Cities,Ancient Civilizations,The supplied excerpt says that the first cities arose in Mesopotamia.,high,https://www.metmuseum.org/art/metpublications/Art_of_the_First_Cities_The_Third_Millennium_BC_from_the_Mediterranean_to_the_Indus,Mesopotamian Civilization,Art of the First Cities: The Third Millennium B.C. from the Mediterranean to the Indus - The Metropolitan Museum of Art,metmuseum.org,verified
FACT-2027-08-23-S11,23,2027-08-23,The Guinness World Records records showcase includes a Technology and the internet category.,11,August,Technology category,World Records & Extremes,The source lists Technology and the internet among its showcase categories.,high,https://www.guinnessworldrecords.com/records/showcase,Record categories,Records showcase | Guinness World Records,guinnessworldrecords.com,verified
FACT-2027-08-23-S12,23,2027-08-23,Sea cucumbers feed on nutrients attached to seafloor sediments and are sometimes called the “vacuum cleaners of the sea.”,12,August,Sea cucumbers consume seafloor sediments,Nature,NOAA describes sea cucumbers eating seafloor mud and gives them this nickname.,high,https://oceanexplorer.noaa.gov/explainers/marine-life/,Deep-sea biology,Wild and Bizarre Marine Life - NOAA Ocean Exploration,oceanexplorer.noaa.gov,verified
FACT-2027-08-23-S13,23,2027-08-23,Fats are one of the primary macronutrient categories in food.,13,August,Fats are dietary macronutrients,Food,Britannica lists fats among the primary macronutrients.,high,https://www.britannica.com/topic/food,Food,"Definition, Nutrition, Ecosystems, Food Chain, Globalization, & Facts",britannica.com,verified
FACT-2027-08-23-S14,23,2027-08-23,Lewis Latimer filed his first patent in 1874 for an improved toilet system on railroad cars.,14,August,Latimer's First Patent,Inventions,"The source states that Latimer filed U.S. Patent No. 147,363 with Charles W. Brown for an improved railroad-car toilet system.",high,https://www.uspto.gov/learning-and-resources/journeys-innovation/historical-stories/bringing-light-all,Inventors,Bringing light for all - USPTO,uspto.gov,verified
FACT-2027-08-23-S15,23,2027-08-23,The Microdata Library includes monthly food-price inflation estimates by country.,15,August,The Microdata Library includes food-price data,Country Facts,The source lists monthly food price inflation estimates by country among Microdata Library examples.,high,https://data.worldbank.org/,Survey data,World Bank Open Data | Data,data.worldbank.org,verified
FACT-2027-08-23-S16,23,2027-08-23,The 1903 Wright Flyer is among the aviation artifacts in Smithsonian collections.,16,August,The Wright Flyer Is in Smithsonian Collections,Mythology & Legends,"The technology page lists the 1903 Wright Flyer among its collection items, and the collections excerpt also identifies it as a historic artifact.",high,https://www.si.edu/explore/technology,Technology,Smithsonian Technology,si.edu,verified
FACT-2027-08-23-S17,23,2027-08-23,"Through daily movement and feeding, midwater animals help transport organic matter from surface waters into the deep ocean.",17,August,Midwater animals move carbon downward,Ocean & Marine,The supplied excerpt describes animals moving organic matter downward as part of the biological pump.,high,https://oceanexplorer.noaa.gov/ocean-fact/water-column/,Biological Pump,Why do we explore the water column? - NOAA Ocean Exploration,oceanexplorer.noaa.gov,verified
FACT-2027-08-23-S18,23,2027-08-23,Urdu religious prose extends back several centuries.,18,August,Urdu religious prose is centuries old,Language,The source explicitly states that Urdu religious prose goes back several centuries.,high,https://www.loc.gov/item/2021666209/,Language History,The History of the Urdu Language  | Library of Congress,loc.gov,verified
FACT-2027-08-23-S19,23,2027-08-23,A prepaid card is loaded with money in advance for spending.,19,August,Prepaid cards use loaded funds,Money & Economics,The glossary defines a prepaid card as a card on which money is loaded in advance to spend.,high,https://www.consumerfinance.gov/consumer-tools/educator-tools/youth-financial-education/glossary/,Financial Literacy,Financial Terms Glossary | Consumer Financial Protection Bureau,consumerfinance.gov,verified
FACT-2027-08-23-S20,23,2027-08-23,"More than 7,000 languages are spoken in the world today.",20,August,Global language diversity,Everyday Life,"The source states that over 7,000 languages are spoken in the world today.",high,https://global.si.edu/success-stories/smithsonian-works-communities-around-world-recover-and-sustain-endangered-languages,Languages,Smithsonian Works with Communities Around the World to Recover and Sustain Endangered Languages and Traditions | Smithsonian Global,global.si.edu,verified
FACT-2027-08-24-S01,24,2027-08-24,Fluids moving from hotter ductile rock into cooler brittle rock can increase pressure and trigger earthquakes.,1,August,Brittle rocks favor fluid-triggered earthquakes,Science,The source explains that increased fluid pressure in cooler brittle rock can trigger earthquakes.,high,https://www.usgs.gov/observatories/yvo/news/water-released-crystallizing-magma-can-trigger-earthquakes-yellowstone,Yellowstone,Water Released from Crystallizing Magma can Trigger Earthquakes in Yellowstone | U.S. Geological Survey,usgs.gov,verified
FACT-2027-08-24-S02,24,2027-08-24,Neptune’s moon Triton orbits opposite to Neptune’s direction of rotation.,2,August,Triton orbits Neptune backward,Space,NASA explicitly describes Triton as orbiting backward relative to Neptune’s rotation.,high,https://science.nasa.gov/solar-system/moons/facts/,Moons,Moons: Facts - NASA Science,science.nasa.gov,verified
FACT-2027-08-24-S03,24,2027-08-24,Increased hydrostatic pressure can force fluid out of a space.,3,August,Hydrostatic pressure pushes fluid,Human Body,The supplied excerpt describes hydrostatic pressure as a push factor that forces fluid out of a space.,high,https://www.ncbi.nlm.nih.gov/sites/books/NBK482447/,Physiology,"Physiology, Body Fluids - StatPearls - NCBI Bookshelf",ncbi.nlm.nih.gov,verified
FACT-2027-08-24-S04,24,2027-08-24,Higher cognitive processes may influence basic perceptual mechanisms.,4,August,Cognition Can Influence Perception,Psychology,The article states that top-down cognitive processes can influence basic perceptual mechanisms.,high,https://www.psychologytoday.com/us/blog/the-digital-self/202310/the-symbiosis-of-perception-and-cognition,Perception,The Symbiosis of Perception and Cognition | Psychology Today,psychologytoday.com,verified
FACT-2027-08-24-S05,24,2027-08-24,Horseshoe crabs eat at night.,5,August,Nocturnal feeding,Animals,They eat at night.,high,https://www.nationalzoo.si.edu/index%2ephp/animals/horseshoe-crab,Behavior,Horseshoe crab | Smithsonian's National Zoo and Conservation Biology Institute,nationalzoo.si.edu,verified
FACT-2027-08-24-S06,24,2027-08-24,The temperature and composition of volcanic lakes can provide evidence of increased heat and volatile-rich fluid input from below.,6,August,Volcanic lakes record heat and gas,Geography,The excerpt states that volcanic-lake temperature and composition can indicate increased flux of volatile-rich fluids.,high,https://www.usgs.gov/publications/streams-springs-and-volcanic-lakes-volcano-monitoring,Volcano Monitoring,"Streams, springs, and volcanic lakes for volcano monitoring | U.S. Geological Survey",usgs.gov,verified
FACT-2027-08-24-S07,24,2027-08-24,The National Park Service describes Sequoia as the first national park formed specifically to protect a living organism.,7,August,Sequoia Protected a Living Organism,History,The excerpt explicitly describes Sequoia using this distinction.,high,https://www.nps.gov/seki/learn/historyculture/index.htm,Sequoia National Park,History & Culture - Sequoia & Kings Canyon National Parks (U.S. National Park Service),nps.gov,verified
FACT-2027-08-24-S08,24,2027-08-24,The IEA’s Clean Energy Technology Guide contains information on more than 600 individual energy technologies.,8,August,The IEA tracks more than 600 technologies,Technology,The IEA describes the guide as covering more than 600 individual technologies across the energy system.,high,https://www.iea.org/topics/energy-innovation,Energy innovation,Energy Innovation – Topics - IEA,iea.org,verified
FACT-2027-08-24-S09,24,2027-08-24,"Smithsonian Libraries hold more than 400,000 pieces of ephemera.",9,August,Library Holdings Include Ephemera,Mystery & Unexplained,"The source states that the Libraries’ collections include over 400,000 pieces of ephemera.",high,https://www.si.edu/newsdesk/factsheets/smithsonian-collections,Libraries,Smithsonian Collections,si.edu,verified
FACT-2027-08-24-S10,24,2027-08-24,The Met publication connects the invention of writing with recording and managing the distribution and receipt of goods.,10,August,Writing Emerged From Administrative Needs,Ancient Civilizations,The supplied excerpt links administrative recordkeeping to the invention of writing.,high,https://www.metmuseum.org/art/metpublications/Art_of_the_First_Cities_The_Third_Millennium_BC_from_the_Mediterranean_to_the_Indus,Mesopotamian Civilization,Art of the First Cities: The Third Millennium B.C. from the Mediterranean to the Indus - The Metropolitan Museum of Art,metmuseum.org,verified
FACT-2027-08-24-S11,24,2027-08-24,The most-popular records page includes highest mountain among its listed topics.,11,August,Highest mountain topic,World Records & Extremes,The source lists Highest mountain among the records currently most visited by readers.,high,https://www.guinnessworldrecords.com/records/showcase/most-popular,Record categories,Most popular | Guinness World Records,guinnessworldrecords.com,verified
FACT-2027-08-24-S12,24,2027-08-24,"NOAA scientists estimate that between 700,000 and 1 million species of organisms live in the ocean, excluding most microorganisms.",12,August,The ocean contains hundreds of thousands of described-organism species,Nature,"“Scientists estimate there may be between 700,000 and 1 million species of organisms living in the ocean (excluding most microorganisms).”",high,https://oceanexplorer.noaa.gov/explainers/marine-life/,Marine biodiversity,Wild and Bizarre Marine Life - NOAA Ocean Exploration,oceanexplorer.noaa.gov,verified
FACT-2027-08-24-S13,24,2027-08-24,Proteins are one of the primary macronutrient categories in food.,13,August,Proteins are dietary macronutrients,Food,The supplied excerpt lists proteins among the primary macronutrients.,high,https://www.britannica.com/topic/food,Food,"Definition, Nutrition, Ecosystems, Food Chain, Globalization, & Facts",britannica.com,verified
FACT-2027-08-24-S14,24,2027-08-24,Lewis Latimer received a patent in 1882 for a process of manufacturing carbon filaments for lamps.,14,August,Latimer Carbon Filament Patent,Inventions,"The source identifies Latimer's 1882 patent, “Process of Manufacturing Carbons,” and its application to carbon filaments for bulbs.",high,https://www.uspto.gov/learning-and-resources/journeys-innovation/historical-stories/bringing-light-all,Lighting Technology,Bringing light for all - USPTO,uspto.gov,verified
FACT-2027-08-24-S15,24,2027-08-24,The Microdata Library includes Tanzania demographic and health survey and malaria indicator survey data.,15,August,The Microdata Library includes Tanzania surveys,Country Facts,The source lists the Tanzania demographic and health survey and malaria indicator survey among Microdata Library examples.,high,https://data.worldbank.org/,Survey data,World Bank Open Data | Data,data.worldbank.org,verified
FACT-2027-08-24-S16,24,2027-08-24,"Research on language evolution draws on linguistics, evolutionary theory, mathematical modeling, psychology, and social interaction studies.",16,August,Language Evolution Is Studied Across Disciplines,Mythology & Legends,"The excerpt discusses linguistic theory, Darwinian evolution, mathematical modeling, psychological processes, and social interaction in explanations of language emergence.",high,https://catdir.loc.gov/catdir/samples/cam031/00020471.pdf,Language Evolution,The Evolutionary Emergence of Language,catdir.loc.gov,verified
FACT-2027-08-24-S17,24,2027-08-24,"By volume, the deep ocean is the largest living space on Earth.",17,August,The deep ocean is Earth's largest living space,Ocean & Marine,The supplied excerpt describes the deep ocean as the largest living space on Earth by volume.,high,https://oceanexplorer.noaa.gov/explainers/marine-life/,Ocean Biodiversity,Wild and Bizarre Marine Life - NOAA Ocean Exploration,oceanexplorer.noaa.gov,verified
FACT-2027-08-24-S18,24,2027-08-24,Urdu secular writing flourished from the nineteenth century onward.,18,August,Urdu secular writing flourished from the nineteenth century,Language,The source explicitly dates the flourishing of secular Urdu writing from the nineteenth century onward.,high,https://www.loc.gov/item/2021666209/,Language History,The History of the Urdu Language  | Library of Congress,loc.gov,verified
FACT-2027-08-24-S19,24,2027-08-24,A budget is a plan for allocating spendable income among necessary and desired goods and services.,19,August,Budgets allocate spendable income,Money & Economics,The standards define a budget as a plan for allocating spendable income to necessary and desired goods and services.,high,https://files.consumerfinance.gov/f/documents/2021_Natl_Standards_Downloadable_final.pdf,Personal Finance,National Standards for Personal Financial Education,files.consumerfinance.gov,verified
FACT-2027-08-24-S20,24,2027-08-24,The Smithsonian’s Recovering Voices initiative documents and helps revitalize endangered languages and cultural traditions in collaboration with communities.,20,August,Language revitalization,Everyday Life,"The source describes Recovering Voices as a collaboration among Smithsonian researchers, communities, and partner organizations to document and revitalize endangered languages and traditions.",high,https://global.si.edu/success-stories/smithsonian-works-communities-around-world-recover-and-sustain-endangered-languages,Languages,Smithsonian Works with Communities Around the World to Recover and Sustain Endangered Languages and Traditions | Smithsonian Global,global.si.edu,verified
FACT-2027-08-25-S01,25,2027-08-25,The relationship between the ocean and the carbon cycle is a subject of NOAA’s ocean-basics resources.,1,August,The Carbon Cycle and the Ocean,Science,NOAA’s ocean-basics page explicitly includes “What is the carbon cycle” as a resource topic.,high,https://oceanservice.noaa.gov/facts/oceanfacts-basics.html,Oceanography,Ocean Facts Category - NOAA's National Ocean Service,oceanservice.noaa.gov,verified
FACT-2027-08-25-S02,25,2027-08-25,"Pluto has five known moons, including its large moon Charon.",2,August,Pluto has five moons,Space,NASA states that Pluto has five moons and identifies Charon as its large moon.,high,https://science.nasa.gov/solar-system/moons/facts/,Moons,Moons: Facts - NASA Science,science.nasa.gov,verified
FACT-2027-08-25-S03,25,2027-08-25,Albumin contributes to plasma osmotic pressure and helps draw fluid into capillaries.,3,August,Albumin affects fluid distribution,Human Body,The supplied excerpt identifies albumin as an osmotically active plasma protein involved in fluid movement into capillaries.,high,https://www.ncbi.nlm.nih.gov/sites/books/NBK482447/,Blood,"Physiology, Body Fluids - StatPearls - NCBI Bookshelf",ncbi.nlm.nih.gov,verified
FACT-2027-08-25-S04,25,2027-08-25,Recognition memory contains category-specific templates that help determine object identity.,4,August,Recognition Memory Supports Object Identification,Psychology,The article describes recognition memory as containing category-specific templates for identifying objects.,high,https://www.psychologytoday.com/us/blog/the-superhuman-mind/202112/how-memories-events-in-your-past-may-affect-perception,Memory,How Memories of Events in Your Past May Affect Perception,psychologytoday.com,verified
FACT-2027-08-25-S05,25,2027-08-25,Horseshoe crabs have nine eyes near their tails.,5,August,Nine eyes near the tail,Animals,They have nine eyes near their tail.,high,https://www.nationalzoo.si.edu/index%2ephp/animals/horseshoe-crab,Senses,Horseshoe crab | Smithsonian's National Zoo and Conservation Biology Institute,nationalzoo.si.edu,verified
FACT-2027-08-25-S06,25,2027-08-25,"When magma enters a lake, interaction between hot magma and cold water can become explosive.",6,August,Magma-water contact can be explosive,Geography,The excerpt explicitly describes potentially explosive interaction between hot magma and cold lake water.,high,https://www.usgs.gov/publications/streams-springs-and-volcanic-lakes-volcano-monitoring,Volcanic Hazards,"Streams, springs, and volcanic lakes for volcano monitoring | U.S. Geological Survey",usgs.gov,verified
FACT-2027-08-25-S07,25,2027-08-25,General Grant National Park was established one week after Sequoia National Park in 1890.,7,August,General Grant National Park Followed,History,The excerpt states that General Grant National Park became Sequoia's neighbor one week later.,high,https://www.nps.gov/seki/learn/historyculture/index.htm,Sequoia National Park,History & Culture - Sequoia & Kings Canyon National Parks (U.S. National Park Service),nps.gov,verified
FACT-2027-08-25-S08,25,2027-08-25,"IEA Technology Collaboration Programmes cover buildings, transport, industry, renewable energy, fossil energy and fusion power.",8,August,IEA programs span energy sectors,Technology,The IEA lists these sectors among the areas covered by its Technology Collaboration Programmes.,high,https://www.iea.org/topics/energy-innovation,Energy innovation,Energy Innovation – Topics - IEA,iea.org,verified
FACT-2027-08-25-S09,25,2027-08-25,Most Smithsonian collection items are donated by individuals and private collectors or transferred from federal agencies.,9,August,Donations Are a Major Acquisition Source,Mystery & Unexplained,The source identifies donations and transfers from federal agencies as the main sources for most collection items.,high,https://www.si.edu/newsdesk/factsheets/smithsonian-collections,Collections Management,Smithsonian Collections,si.edu,verified
FACT-2027-08-25-S10,25,2027-08-25,"Trade in lapis lazuli, carnelian, diorite, gold, silver, and ivory linked Mesopotamia with neighboring regions.",10,August,Mesopotamian Trade Linked Neighboring Regions,Ancient Civilizations,The supplied excerpt says these trade networks linked the regions and encouraged cultural exchange.,high,https://www.metmuseum.org/art/metpublications/Art_of_the_First_Cities_The_Third_Millennium_BC_from_the_Mediterranean_to_the_Indus,Mesopotamian Civilization,Art of the First Cities: The Third Millennium B.C. from the Mediterranean to the Indus - The Metropolitan Museum of Art,metmuseum.org,verified
FACT-2027-08-25-S11,25,2027-08-25,The most-popular records page includes most career goals in football among its listed topics.,11,August,Football goals topic,World Records & Extremes,The source lists Most career goals (football) among its popular records.,high,https://www.guinnessworldrecords.com/records/showcase/most-popular,Record categories,Most popular | Guinness World Records,guinnessworldrecords.com,verified
FACT-2027-08-25-S12,25,2027-08-25,"Nearly 2,000 new ocean species are accepted by the scientific community in a typical year.",12,August,New marine species continue to be described,Nature,"“Each year, almost 2,000 new species are accepted by the scientific community.”",high,https://oceanexplorer.noaa.gov/explainers/marine-life/,Ocean exploration,Wild and Bizarre Marine Life - NOAA Ocean Exploration,oceanexplorer.noaa.gov,verified
FACT-2027-08-25-S13,25,2027-08-25,Carbohydrates are one of the primary macronutrient categories in food.,13,August,Carbohydrates are dietary macronutrients,Food,Britannica lists carbohydrates among the primary macronutrients.,high,https://www.britannica.com/topic/food,Food,"Definition, Nutrition, Ecosystems, Food Chain, Globalization, & Facts",britannica.com,verified
FACT-2027-08-25-S14,25,2027-08-25,"Herman Hollerith's electric tabulating system was covered by U.S. patent nos. 395,781, 395,782, and 395,783.",14,August,Hollerith Tabulating Patents,Inventions,The source states that these three patents comprised Hollerith's “Art of Compiling Statistics” and “Apparatus for Compiling Statistics.”,high,https://www.uspto.gov/learning-and-resources/journeys-innovation/historical-stories/count-me,Data Processing,Count me in | USPTO,uspto.gov,verified
FACT-2027-08-25-S15,25,2027-08-25,The World Bank Data Catalog provides downloadable publicly available datasets.,15,August,The Data Catalog offers downloads,Country Facts,The source describes the Data Catalog as a place to download publicly available World Bank datasets.,high,https://data.worldbank.org/,Data catalogs,World Bank Open Data | Data,data.worldbank.org,verified
FACT-2027-08-25-S16,25,2027-08-25,Some models propose that aspects of linguistic structure can emerge through interaction between speakers and learners without standard natural-selection pressures.,16,August,Language Can Be Modeled as Self-Organizing,Mythology & Legends,The excerpt states that simulations show aspects of linguistic structure arising by self-organization from interaction without standard selection pressures.,high,https://catdir.loc.gov/catdir/samples/cam031/00020471.pdf,Language Evolution,The Evolutionary Emergence of Language,catdir.loc.gov,verified
FACT-2027-08-25-S17,25,2027-08-25,The water column is described as the largest and one of the least explored habitats on the planet.,17,August,The water column is a major unexplored habitat,Ocean & Marine,"The water column is the largest, yet one of the most underexplored, habitats on the planet.",high,https://oceanexplorer.noaa.gov/ocean-fact/water-column/,Ocean Exploration,Why do we explore the water column? - NOAA Ocean Exploration,oceanexplorer.noaa.gov,verified
FACT-2027-08-25-S18,25,2027-08-25,Arabic has contributed loanwords to Spanish.,18,August,Spanish has Arabic loanwords,Language,The source includes a dedicated section on Arabisms in Spanish vocabulary.,high,https://catdir.loc.gov/catdir/samples/cam033/2002025671.pdf,Language Change,A History of the Spanish Language,catdir.loc.gov,verified
FACT-2027-08-25-S19,25,2027-08-25,Spendable income is lower than gross income because of taxes assessed on income.,19,August,Spendable income differs from gross income,Money & Economics,The standards state that taxes cause spendable income to be lower than gross income.,high,https://files.consumerfinance.gov/f/documents/2021_Natl_Standards_Downloadable_final.pdf,Personal Finance,National Standards for Personal Financial Education,files.consumerfinance.gov,verified
FACT-2027-08-25-S20,25,2027-08-25,The majority of accomplishments in space have been achieved by uncrewed robotic craft.,20,August,Space robotics,Everyday Life,The source states that most accomplishments in space have been carried out by uncrewed robotic craft.,high,https://www.si.edu/explore/technology,Technology,Smithsonian Technology,si.edu,verified
FACT-2027-08-26-S01,26,2027-08-26,Gases and soluble salts from magma degassing can enter groundwater that feeds streams and lakes.,1,August,Magma degassing affects groundwater,Science,The source states that gases and soluble salts from magma degassing are absorbed into groundwater feeding streams and lakes.,high,https://www.usgs.gov/publications/streams-springs-and-volcanic-lakes-volcano-monitoring,Volcano Monitoring,"Streams, springs, and volcanic lakes for volcano monitoring | U.S. Geological Survey",usgs.gov,verified
FACT-2027-08-26-S02,26,2027-08-26,"Ceres, the closest dwarf planet to the Sun, has no moons.",2,August,Ceres has no moons,Space,NASA explicitly states that Ceres has no moons.,high,https://science.nasa.gov/solar-system/moons/facts/,Moons,Moons: Facts - NASA Science,science.nasa.gov,verified
FACT-2027-08-26-S03,26,2027-08-26,Brain tissue has a substantially higher resting metabolic rate per kilogram than skeletal muscle.,3,August,Brain tissue has high metabolic activity,Human Body,The supplied excerpt reports a much higher specific metabolic rate for brain tissue than for skeletal muscle.,high,https://pmc.ncbi.nlm.nih.gov/articles/PMC2844678/,Nervous system,"Brain and high metabolic rate organ mass: contributions to resting energy expenditure beyond fat-free mass 1 2 , 3 4",pmc.ncbi.nlm.nih.gov,verified
FACT-2027-08-26-S04,26,2027-08-26,Episodic memory enables recollection of personal experiences from the past.,4,August,Episodic Memory Stores Personal Experiences,Psychology,The article describes episodic memory as long-term memory that enables people to remember experienced episodes.,high,https://www.psychologytoday.com/us/blog/the-superhuman-mind/202112/how-memories-events-in-your-past-may-affect-perception,Episodic Memory,How Memories of Events in Your Past May Affect Perception,psychologytoday.com,verified
FACT-2027-08-26-S05,26,2027-08-26,Horseshoe crabs generally live solitary lives except during the breeding season.,5,August,Solitary outside breeding,Animals,"Except for the breeding season, horseshoe crabs lead solitary lives.",high,https://www.nationalzoo.si.edu/index%2ephp/animals/horseshoe-crab,Behavior,Horseshoe crab | Smithsonian's National Zoo and Conservation Biology Institute,nationalzoo.si.edu,verified
FACT-2027-08-26-S06,26,2027-08-26,Water can act as a trigger and lubricant for landslides and sediment-rich floods.,6,August,Water can trigger landslides and floods,Geography,The excerpt directly states that water acts as a trigger and lubricant for landslides and sediment-rich floods.,high,https://www.usgs.gov/publications/streams-springs-and-volcanic-lakes-volcano-monitoring,Hydrology,"Streams, springs, and volcanic lakes for volcano monitoring | U.S. Geological Survey",usgs.gov,verified
FACT-2027-08-26-S07,26,2027-08-26,"From 1891 through 1913, U.S. Army Cavalry troops protected Sequoia and General Grant National Parks by fighting fires, curbing poaching, and performing other duties.",7,August,Buffalo Soldiers Protected Sierra Parks,History,The excerpt gives the service period and lists the soldiers' protective duties.,high,https://www.nps.gov/seki/learn/historyculture/index.htm,Sequoia National Park,History & Culture - Sequoia & Kings Canyon National Parks (U.S. National Park Service),nps.gov,verified
FACT-2027-08-26-S08,26,2027-08-26,"John Bardeen and Walter Brattain demonstrated the first semiconductor amplifier, a point-contact transistor, in 1947.",8,August,The first point-contact transistor appeared in 1947,Technology,The Computer History Museum states that Bardeen and Brattain demonstrated the first semiconductor amplifier in 1947.,high,https://www.computerhistory.org/revolution/digital-logic/12/273,Semiconductor history,Inventing the Transistor - CHM Revolution,computerhistory.org,verified
FACT-2027-08-26-S09,26,2027-08-26,"For living plants and animals, Smithsonian collections can grow through propagation and birth.",9,August,Living Collections Can Grow by Birth,Mystery & Unexplained,The source lists propagation and birth among the ways living plants and animals enter collections.,high,https://www.si.edu/newsdesk/factsheets/smithsonian-collections,Conservation,Smithsonian Collections,si.edu,verified
FACT-2027-08-26-S10,26,2027-08-26,The Met publication states that visual arts in early Mesopotamian cities flourished in the service of religion and royalty.,10,August,Mesopotamian Art Served Religion And Royalty,Ancient Civilizations,The supplied excerpt explicitly characterizes the visual arts as serving religion and royalty.,high,https://www.metmuseum.org/art/metpublications/Art_of_the_First_Cities_The_Third_Millennium_BC_from_the_Mediterranean_to_the_Indus,Mesopotamian Art,Art of the First Cities: The Third Millennium B.C. from the Mediterranean to the Indus - The Metropolitan Museum of Art,metmuseum.org,verified
FACT-2027-08-26-S11,26,2027-08-26,The most-popular records page includes longest voluntary underwater breath-holding among its listed topics.,11,August,Underwater breath-holding topic,World Records & Extremes,The source lists Longest time breath held voluntarily underwater (male) among its popular records.,high,https://www.guinnessworldrecords.com/records/showcase/most-popular,Record categories,Most popular | Guinness World Records,guinnessworldrecords.com,verified
FACT-2027-08-26-S12,26,2027-08-26,"Because sea ice is already floating seawater, its routine melting does not directly raise sea level.",12,August,Sea ice melting does not directly raise sea level,Nature,The page says sea ice volume is already accounted for in the ocean because it freezes and melts there.,high,https://www.noaa.gov/know-your-ocean,Sea-level science,Know Your Ocean,noaa.gov,verified
FACT-2027-08-26-S13,26,2027-08-26,Food is composed nutritionally of macronutrients and micronutrients.,13,August,Food has nutritional components,Food,The supplied excerpt states that the main components of food are macronutrients and micronutrients.,high,https://www.britannica.com/topic/food,Food,"Definition, Nutrition, Ecosystems, Food Chain, Globalization, & Facts",britannica.com,verified
FACT-2027-08-26-S14,26,2027-08-26,Herman Hollerith's punch-card tabulating system was used to process the 1890 U.S. census.,14,August,Hollerith's Census System,Inventions,The source states that the Census Bureau awarded Hollerith the contract to process and tabulate the 1890 census.,high,https://www.uspto.gov/learning-and-resources/journeys-innovation/historical-stories/count-me,Computing History,Count me in | USPTO,uspto.gov,verified
FACT-2027-08-26-S15,26,2027-08-26,International debt statistics are available through the World Bank Data Catalog.,15,August,The Data Catalog includes debt statistics,Country Facts,The source lists international debt statistics among Data Catalog examples.,high,https://data.worldbank.org/,Data catalogs,World Bank Open Data | Data,data.worldbank.org,verified
FACT-2027-08-26-S16,26,2027-08-26,Children learn language through exposure to utterances and meanings in everyday social interaction.,16,August,Language Is Transmitted Through Social Life,Mythology & Legends,The excerpt states that children learn internalized language through exposure to community language and daily conversation.,high,https://catdir.loc.gov/catdir/samples/cam031/00020471.pdf,Language Evolution,The Evolutionary Emergence of Language,catdir.loc.gov,verified
FACT-2027-08-26-S17,26,2027-08-26,Blue light travels deeper through seawater than red light because water absorbs longer-wavelength colors more readily.,17,August,Blue light penetrates deeper than red light,Ocean & Marine,"Water absorbs colors with longer wavelengths such as red at shallower depths than those with shorter wavelengths such as blue, which penetrates to a much deeper depth.",high,https://oceanexplorer.noaa.gov/explainers/marine-life/,Ocean Physics,Wild and Bizarre Marine Life - NOAA Ocean Exploration,oceanexplorer.noaa.gov,verified
FACT-2027-08-26-S18,26,2027-08-26,Amerindian languages have contributed vocabulary to Spanish.,18,August,Spanish has Amerindian vocabulary,Language,The source includes a dedicated section on Amerindianisms in Spanish.,high,https://catdir.loc.gov/catdir/samples/cam033/2002025671.pdf,Language Change,A History of the Spanish Language,catdir.loc.gov,verified
FACT-2027-08-26-S19,26,2027-08-26,Investors can reduce investment risk by diversifying across multiple investment choices.,19,August,Diversification reduces investment risk,Money & Economics,The standards say investors diversify across investment choices to reduce investment risk.,high,https://files.consumerfinance.gov/f/documents/2021_Natl_Standards_Downloadable_final.pdf,Personal Finance,National Standards for Personal Financial Education,files.consumerfinance.gov,verified
FACT-2027-08-26-S20,26,2027-08-26,The Smithsonian identifies bicycles as having influenced American culture and mobility.,20,August,Bicycle cultural impact,Everyday Life,The source describes the bicycle’s impact on American culture and presents bicycles as icons of innovation and mobility.,high,https://www.si.edu/explore/technology,Technology,Smithsonian Technology,si.edu,verified
FACT-2027-08-27-S01,27,2027-08-27,"Continuous streamflow, temperature, and conductance measurements can help estimate heat and solute fluxes relevant to volcano monitoring.",1,August,Streamgages support volcanic surveillance,Science,The source explains that streamflow data allow temperature and conductance measurements to be converted into heat and solute fluxes.,high,https://www.usgs.gov/publications/streams-springs-and-volcanic-lakes-volcano-monitoring,Volcano Monitoring,"Streams, springs, and volcanic lakes for volcano monitoring | U.S. Geological Survey",usgs.gov,verified
FACT-2027-08-27-S02,27,2027-08-27,"The Galileo spacecraft discovered Dactyl, a small moon orbiting asteroid Ida.",2,August,Asteroid Ida has a moon,Space,NASA describes Galileo’s discovery and the later naming of Ida’s moon Dactyl.,high,https://science.nasa.gov/solar-system/moons/facts/,Asteroid Moons,Moons: Facts - NASA Science,science.nasa.gov,verified
FACT-2027-08-27-S03,27,2027-08-27,"The brain, liver, heart, and kidneys account for approximately 60% to 70% of adult resting energy expenditure while comprising less than 6% of body weight.",3,August,Several organs drive resting expenditure,Human Body,The supplied excerpt gives these organs’ combined contribution to resting expenditure and body weight.,high,https://pmc.ncbi.nlm.nih.gov/articles/PMC2844678/,Metabolism,"Brain and high metabolic rate organ mass: contributions to resting energy expenditure beyond fat-free mass 1 2 , 3 4",pmc.ncbi.nlm.nih.gov,verified
FACT-2027-08-27-S04,27,2027-08-27,Research discussed in the supplied material suggests that episodic memories may help improve visual discrimination.,4,August,Episodic Memory May Aid Perception,Psychology,The article reports that repeated replay of episodic information in a simulation improved performance on visual discrimination tasks.,medium,https://www.psychologytoday.com/us/blog/the-superhuman-mind/202112/how-memories-events-in-your-past-may-affect-perception,Memory And Perception,How Memories of Events in Your Past May Affect Perception,psychologytoday.com,verified
FACT-2027-08-27-S05,27,2027-08-27,Horseshoe crabs primarily breed during full-moon nights in May and June.,5,August,Breeding season,Animals,During full moon nights primarily in May and June ... hundreds of thousands of horseshoe crabs crawl up the shoreline ... to mate and lay their eggs.,high,https://www.nationalzoo.si.edu/index%2ephp/animals/horseshoe-crab,Reproduction,Horseshoe crab | Smithsonian's National Zoo and Conservation Biology Institute,nationalzoo.si.edu,verified
FACT-2027-08-27-S06,27,2027-08-27,NOAA's ocean-basics materials address the origin of the Pacific Ocean's name as a geographic topic.,6,August,The Pacific has a named origin topic,Geography,The source explicitly lists a fact about how the Pacific Ocean got its name.,medium,https://oceanservice.noaa.gov/facts/oceanfacts-basics.html,Ocean Geography,Ocean Facts Category - NOAA's National Ocean Service,oceanservice.noaa.gov,verified
FACT-2027-08-27-S07,27,2027-08-27,Charles Young led the Buffalo Soldiers protecting the Sierra Nevada parks and became the first Black military superintendent in 1903.,7,August,Charles Young Led Buffalo Soldiers,History,The excerpt identifies Young's leadership and his 1903 distinction.,high,https://www.nps.gov/seki/learn/historyculture/index.htm,Sequoia National Park,History & Culture - Sequoia & Kings Canyon National Parks (U.S. National Park Service),nps.gov,verified
FACT-2027-08-27-S08,27,2027-08-27,William Shockley invented the more robust junction transistor in 1948.,8,August,Shockley invented the junction transistor,Technology,The Computer History Museum credits Shockley with inventing the junction transistor in 1948.,high,https://www.computerhistory.org/revolution/digital-logic/12/273,Semiconductor history,Inventing the Transistor - CHM Revolution,computerhistory.org,verified
FACT-2027-08-27-S09,27,2027-08-27,The Smithsonian’s Recovering Voices program documents endangered languages and cultures while working with communities on revitalization.,9,August,Recovering Voices Documents Endangered Languages,Mystery & Unexplained,The source describes Recovering Voices as documenting endangered languages and cultures and collaborating with communities to sustain and revitalize them.,high,https://global.si.edu/success-stories/smithsonian-works-communities-around-world-recover-and-sustain-endangered-languages,Endangered Languages,Smithsonian Works with Communities Around the World to Recover and Sustain Endangered Languages and Traditions | Smithsonian Global,global.si.edu,verified
FACT-2027-08-27-S10,27,2027-08-27,"The Natufian culture appeared in the southern Levant about 15,000 years ago.",10,August,"Natufian Culture Appeared About 15,000 Years Ago",Ancient Civilizations,The supplied excerpt gives this approximate date and region for the Natufian culture.,high,https://www.smithsonianmag.com/history/when-did-humans-start-settling-down-180982328/,Early Settlements,When Did Humans Start Settling Down?,smithsonianmag.com,verified
FACT-2027-08-27-S11,27,2027-08-27,"Guinness World Records has well over 70,000 official record titles.",11,August,Guinness record titles,World Records & Extremes,"The source states that Guinness World Records has well over 70,000 official record titles.",high,https://kids.guinnessworldrecords.com/news/2026/4/the-story-of-guinness-world-records-how-did-it-start-how-many-records-exist-and-more,World records,"The story of Guinness World Records: How did it start, how many records exist and more! | Guinness World Records",kids.guinnessworldrecords.com,verified
FACT-2027-08-27-S12,27,2027-08-27,"Although maps commonly divide Earth’s ocean into named oceans, these bodies are connected and form one global ocean system.",12,August,The ocean is one connected system,Nature,"“These are all connected, and part of one global ocean system.”",high,https://www.noaa.gov/know-your-ocean,Ocean geography,Know Your Ocean,noaa.gov,verified
FACT-2027-08-27-S13,27,2027-08-27,"Meat contains protein and fat, which contribute to its nutritional and culinary properties.",13,August,Meat contains protein and fat,Food,Britannica discusses meat as a complete protein food and identifies its fat as a source of energy affecting flavor and texture.,high,https://www.britannica.com/topic/meat,Food,"Meat | Definition, Types, & Facts | Britannica",britannica.com,verified
FACT-2027-08-27-S14,27,2027-08-27,Herman Hollerith founded the Tabulating Machine Company in 1896.,14,August,Tabulating Machine Company,Inventions,The source states that Hollerith started the Tabulating Machine Company in 1896.,high,https://www.uspto.gov/learning-and-resources/journeys-innovation/historical-stories/count-me,Computing Industry,Count me in | USPTO,uspto.gov,verified
FACT-2027-08-27-S15,27,2027-08-27,The Statistical Capacity Indicators provide information about aspects of national statistical systems in developing countries.,15,August,Statistical capacity measures national systems,Country Facts,The source describes the indicators as covering aspects of national statistical systems in developing countries.,high,https://databank.worldbank.org/,Statistical systems,DataBank | The World Bank,databank.worldbank.org,verified
FACT-2027-08-27-S16,27,2027-08-27,Greek religious belief included twelve principal deities.,16,August,Principal deities,Mythology & Legends,The source describes Greek belief in twelve principal deities.,high,https://www.metmuseum.org/essays/greek-gods-and-religious-practices,Greek religion,Greek Gods and Religious Practices - The Metropolitan Museum of Art,metmuseum.org,verified
FACT-2027-08-27-S17,27,2027-08-27,Sea cucumbers exchange gases using two respiratory trees located on either side of their digestive tracts.,17,August,Sea cucumbers breathe through respiratory trees,Ocean & Marine,Sea cucumbers breathe as water is pumped through two “respiratory trees” located on each side of their digestive tracts.,high,https://oceanexplorer.noaa.gov/explainers/marine-life/,Deep-Sea Biology,Wild and Bizarre Marine Life - NOAA Ocean Exploration,oceanexplorer.noaa.gov,verified
FACT-2027-08-27-S18,27,2027-08-27,Germanic languages have contributed borrowings to Spanish.,18,August,Spanish has Germanic borrowings,Language,The source includes a dedicated section on Germanic borrowings in Spanish.,high,https://catdir.loc.gov/catdir/samples/cam033/2002025671.pdf,Language Change,A History of the Spanish Language,catdir.loc.gov,verified
FACT-2027-08-27-S19,27,2027-08-27,"Credit allows people to obtain goods and services now while agreeing to pay later, usually with interest.",19,August,Credit defers payment,Money & Economics,"The standards describe credit as enabling present purchases with future repayment, usually with interest.",high,https://files.consumerfinance.gov/f/documents/2021_Natl_Standards_Downloadable_final.pdf,Personal Finance,National Standards for Personal Financial Education,files.consumerfinance.gov,verified
FACT-2027-08-27-S20,27,2027-08-27,"The Smithsonian’s National Museum of Natural History holds more than 49.8 million specimens in its invertebrate zoology collection, including corals, vent worms, parasites, and squid.",20,August,A Giant Collection of Invertebrates,Everyday Life,"The source identifies the invertebrate zoology collection as the Smithsonian’s largest single collection, with more than 49.8 million specimens ranging from corals and vent worms to parasites and squid.",high,https://www.si.edu/newsdesk/factsheets/smithsonian-collections,Museums,Smithsonian Collections,si.edu,verified
FACT-2027-08-28-S01,28,2027-08-28,Changes in a volcanic lake’s temperature and composition can indicate increased input of volatile-rich fluids from below.,1,August,Volcanic lakes can reveal subsurface activity,Science,The source identifies lake temperature and composition as evidence of increased volatile-rich fluid flux from below.,high,https://www.usgs.gov/publications/streams-springs-and-volcanic-lakes-volcano-monitoring,Volcanic Lakes,"Streams, springs, and volcanic lakes for volcano monitoring | U.S. Geological Survey",usgs.gov,verified
FACT-2027-08-28-S02,28,2027-08-28,The Kuiper Belt is a ring of icy bodies beyond Neptune’s orbit.,2,August,The Kuiper Belt lies beyond Neptune,Space,NASA locates the Kuiper Belt past Neptune’s orbit and describes it as a ring of icy bodies.,high,https://solarsystem.nasa.gov/solar-system/our-solar-system/in-depth.amp,Outer Solar System,In Depth | Our Solar System – NASA Solar System Exploration,solarsystem.nasa.gov,verified
FACT-2027-08-28-S03,28,2027-08-28,Skeletal muscle comprises approximately 40% to 50% of total body weight.,3,August,Skeletal muscle is a major body component,Human Body,The supplied excerpt gives an approximate 40% to 50% range for skeletal muscle’s share of body weight.,high,https://pmc.ncbi.nlm.nih.gov/articles/PMC2844678/,Skeletal muscle,"Brain and high metabolic rate organ mass: contributions to resting energy expenditure beyond fat-free mass 1 2 , 3 4",pmc.ncbi.nlm.nih.gov,verified
FACT-2027-08-28-S04,28,2027-08-28,"Episodic memories are prone to errors, distortions, and other imperfections.",4,August,Episodic Memories Can Be Error-Prone,Psychology,"The article summarizes research describing episodic memories as highly prone to errors, distortions, and imperfections.",high,https://www.psychologytoday.com/us/blog/the-superhuman-mind/202201/perception-and-the-unreliability-episodic-memory,Memory Research,Perception and the Unreliability of Episodic Memory,psychologytoday.com,verified
FACT-2027-08-28-S05,28,2027-08-28,Horseshoe crab breeding swarms can involve up to a million crabs.,5,August,Mass breeding swarms,Animals,"They are famous for their enormous breeding swarms, which can involve up to a million crabs at one time.",high,https://www.nationalzoo.si.edu/index%2ephp/animals/horseshoe-crab,Reproduction,Horseshoe crab | Smithsonian's National Zoo and Conservation Biology Institute,nationalzoo.si.edu,verified
FACT-2027-08-28-S06,28,2027-08-28,Earth's oceans are interconnected parts of a single global ocean system rather than completely separate bodies of water.,6,August,One global ocean,Geography,"“These are all connected, and part of one global ocean system.”",medium,https://www.noaa.gov/know-your-ocean,Oceanography,Know Your Ocean,noaa.gov,verified
FACT-2027-08-28-S07,28,2027-08-28,Walter Fry became the first civilian superintendent of Sequoia and General Grant National Parks in 1914.,7,August,Walter Fry Became Civilian Superintendent,History,The excerpt states that Fry became the first civilian superintendent in the summer of 1914.,high,https://www.nps.gov/seki/learn/historyculture/index.htm,Sequoia National Park,History & Culture - Sequoia & Kings Canyon National Parks (U.S. National Park Service),nps.gov,verified
FACT-2027-08-28-S08,28,2027-08-28,The 1952 Sonotone hearing aid was the first transistorized consumer product in the United States.,8,August,Transistors entered consumer products quickly,Technology,The Computer History Museum identifies the 1952 Sonotone hearing aid as America’s first transistorized consumer product.,high,https://www.computerhistory.org/revolution/digital-logic/12/273,Semiconductor history,Inventing the Transistor - CHM Revolution,computerhistory.org,verified
FACT-2027-08-28-S09,28,2027-08-28,"Recovering Voices is a partnership involving the National Museum of Natural History, the Center for Folklife and Cultural Heritage, and the National Museum of the American Indian.",9,August,Recovering Voices Is a Partnership,Mystery & Unexplained,The source identifies these three Smithsonian units as partners in the Recovering Voices initiative.,high,https://global.si.edu/success-stories/smithsonian-works-communities-around-world-recover-and-sustain-endangered-languages,Endangered Languages,Smithsonian Works with Communities Around the World to Recover and Sustain Endangered Languages and Traditions | Smithsonian Global,global.si.edu,verified
FACT-2027-08-28-S10,28,2027-08-28,"Natufians were associated with small, half-moon-shaped flint blades called lunates.",10,August,Natufians Used Distinctive Flint Lunates,Ancient Civilizations,The supplied excerpt identifies lunates as characteristic Natufian tools.,high,https://www.smithsonianmag.com/history/when-did-humans-start-settling-down-180982328/,Early Settlements,When Did Humans Start Settling Down?,smithsonianmag.com,verified
FACT-2027-08-28-S11,28,2027-08-28,The first Guinness World Records book was officially published on 27 August 1955.,11,August,First Guinness World Records book,World Records & Extremes,The source gives 27 August 1955 as the official publication date of the first book.,high,https://kids.guinnessworldrecords.com/news/2026/4/the-story-of-guinness-world-records-how-did-it-start-how-many-records-exist-and-more,World records,"The story of Guinness World Records: How did it start, how many records exist and more! | Guinness World Records",kids.guinnessworldrecords.com,verified
FACT-2027-08-28-S12,28,2027-08-28,"Floating plants and suspended sediments can cause ocean water to appear green, yellow, or red rather than blue.",12,August,Ocean color can vary beyond blue,Nature,"“Floating plants and sediments in the water can cause light to bounce in such a way for the ocean to appear green, yellow, and even red.”",high,https://www.noaa.gov/know-your-ocean,Ocean optics,Know Your Ocean,noaa.gov,verified
FACT-2027-08-28-S13,28,2027-08-28,Nutrients from food support metabolic processes in the body.,13,August,Food supports metabolism,Food,The supplied excerpt states that nutrients from food support metabolism.,high,https://www.britannica.com/topic/food,Food,"Definition, Nutrition, Ecosystems, Food Chain, Globalization, & Facts",britannica.com,verified
FACT-2027-08-28-S14,28,2027-08-28,"William Shockley invented the junction transistor in 1948, and it was built in 1951.",14,August,Junction Transistor,Inventions,The source states that Shockley invented the more robust junction transistor in 1948 and that it was built in 1951.,high,https://www.computerhistory.org/revolution/digital-logic/12/273,Semiconductor History,Inventing the Transistor - CHM Revolution,computerhistory.org,verified
FACT-2027-08-28-S15,28,2027-08-28,The Statistical Capacity Indicators include an overall country-level statistical-capacity indicator.,15,August,Statistical capacity includes country measures,Country Facts,The source explicitly mentions an overall country-level statistical capacity indicator.,high,https://databank.worldbank.org/,Statistical systems,DataBank | The World Bank,databank.worldbank.org,verified
FACT-2027-08-28-S16,28,2027-08-28,The principal Greek deities were associated with particular domains.,16,August,Divine domains,Mythology & Legends,The source describes the domains of the twelve principal deities.,high,https://www.metmuseum.org/essays/greek-gods-and-religious-practices,Greek religion,Greek Gods and Religious Practices - The Metropolitan Museum of Art,metmuseum.org,verified
FACT-2027-08-28-S17,28,2027-08-28,"Armored searobins can move across the seafloor by using thickened, free fin rays as walking limbs.",17,August,Armored searobins walk with fin rays,Ocean & Marine,"The fish uses these thickened, stiff fin rays to ""walk"" along the bottom of the ocean.",high,https://oceanexplorer.noaa.gov/explainers/marine-life/,Deep-Sea Fish,Wild and Bizarre Marine Life - NOAA Ocean Exploration,oceanexplorer.noaa.gov,verified
FACT-2027-08-28-S18,28,2027-08-28,Gallic and Occitan influences are represented among Spanish vocabulary sources.,18,August,Spanish has Gallic and Occitan influences,Language,The source includes a section titled “Gallicisms and occitanisms.”,high,https://catdir.loc.gov/catdir/samples/cam033/2002025671.pdf,Language Change,A History of the Spanish Language,catdir.loc.gov,verified
FACT-2027-08-28-S19,28,2027-08-28,Lenders use credit scores to assess a potential borrower’s creditworthiness.,19,August,Credit scores assess creditworthiness,Money & Economics,The standards state that lenders use credit scores to assess potential borrowers’ creditworthiness.,high,https://files.consumerfinance.gov/f/documents/2021_Natl_Standards_Downloadable_final.pdf,Personal Finance,National Standards for Personal Financial Education,files.consumerfinance.gov,verified
FACT-2027-08-28-S20,28,2027-08-28,Smithsonian collection objects range in size from the 202-foot-long Concorde to a Fairfly wasp measuring only 0.0067 inch.,20,August,A Collection Larger Than a Building,Everyday Life,The source gives the Concorde and Fairfly wasp as examples of the size range represented in Smithsonian collections.,high,https://www.si.edu/newsdesk/factsheets/smithsonian-collections,Museums,Smithsonian Collections,si.edu,verified
FACT-2027-08-29-S01,29,2027-08-29,"Volcanic lakes can be associated with phreatomagmatic eruptions, debris flows, flank collapse, tsunamis, and toxic gas release.",1,August,Volcanic lakes present multiple hazards,Science,The source lists these hazards as associated with volcanic lakes.,high,https://www.usgs.gov/publications/streams-springs-and-volcanic-lakes-volcano-monitoring,Volcanic Hazards,"Streams, springs, and volcanic lakes for volcano monitoring | U.S. Geological Survey",usgs.gov,verified
FACT-2027-08-29-S02,29,2027-08-29,The Oort Cloud has not been directly observed; its existence is predicted from models and observations of comets that may originate there.,2,August,The Oort Cloud has not been directly observed,Space,NASA states that the Oort Cloud has never been directly observed and explains the basis for predicting it.,high,https://solarsystem.nasa.gov/solar-system/our-solar-system/in-depth.amp,Outer Solar System,In Depth | Our Solar System – NASA Solar System Exploration,solarsystem.nasa.gov,verified
FACT-2027-08-29-S03,29,2027-08-29,Skeletal muscle accounts for approximately 20% to 30% of resting energy expenditure.,3,August,Muscle contributes to resting expenditure,Human Body,The supplied excerpt states that skeletal muscle contributes approximately 20% to 30% of resting energy expenditure.,high,https://pmc.ncbi.nlm.nih.gov/articles/PMC2844678/,Skeletal muscle,"Brain and high metabolic rate organ mass: contributions to resting energy expenditure beyond fat-free mass 1 2 , 3 4",pmc.ncbi.nlm.nih.gov,verified
FACT-2027-08-29-S04,29,2027-08-29,People may incorporate compatible false information into stored episodic memories.,4,August,Suggestion Can Alter Episodic Memories,Psychology,The article describes suggestibility as incorporating false but plausible information into existing episodic memories.,high,https://www.psychologytoday.com/us/blog/the-superhuman-mind/202201/perception-and-the-unreliability-episodic-memory,Memory Distortion,Perception and the Unreliability of Episodic Memory,psychologytoday.com,verified
FACT-2027-08-29-S05,29,2027-08-29,"Female horseshoe crabs lay around 4,000 eggs in each cluster.",5,August,Egg clusters,Animals,"Females lay around 4,000 eggs in clusters.",high,https://www.nationalzoo.si.edu/index%2ephp/animals/horseshoe-crab,Reproduction,Horseshoe crab | Smithsonian's National Zoo and Conservation Biology Institute,nationalzoo.si.edu,verified
FACT-2027-08-29-S06,29,2027-08-29,"Although maps commonly label five oceans, they are connected and form one global ocean system.",6,August,Earth has one connected global ocean,Geography,NOAA states that the oceans labeled on maps are all connected and part of one global ocean system.,high,https://www.noaa.gov/know-your-ocean,Oceans,Know Your Ocean,noaa.gov,verified
FACT-2027-08-29-S07,29,2027-08-29,"The Generals Highway was built in 1926 as automobile travel grew, improving access to Sequoia National Park.",7,August,The Generals Highway Improved Access,History,The excerpt links the highway's 1926 construction to automobile travel and improved park access.,high,https://www.nps.gov/seki/learn/historyculture/index.htm,Sequoia National Park,History & Culture - Sequoia & Kings Canyon National Parks (U.S. National Park Service),nps.gov,verified
FACT-2027-08-29-S08,29,2027-08-29,"By 1960, most new computers were transistorized.",8,August,Most new computers used transistors by 1960,Technology,The Computer History Museum states that most new computers were transistorized by 1960.,high,https://www.computerhistory.org/revolution/digital-logic/12/273,Semiconductor history,Inventing the Transistor - CHM Revolution,computerhistory.org,verified
FACT-2027-08-29-S09,29,2027-08-29,"Linguists studying language dispersal have found that some major language families cannot unequivocally be treated as examples of farming-driven expansion, even when subsistence influenced their spread.",9,August,Language spread cannot always be explained by farming,Mystery & Unexplained,The catalog description says the volume reassesses farming/language-dispersal theories and highlights language families that do not clearly fit that model.,high,https://www.loc.gov/item/2018036512/,Language Change,Language dispersal beyond farming  | Library of Congress,loc.gov,verified
FACT-2027-08-29-S10,29,2027-08-29,Evidence from a Natufian site supports habitation throughout different seasons and the construction of permanent stone structures.,10,August,Natufian Sites Showed Signs Of Permanence,Ancient Civilizations,The supplied excerpt describes substantial stone construction and animal remains indicating habitation in spring and winter.,high,https://www.smithsonianmag.com/history/when-did-humans-start-settling-down-180982328/,Early Settlements,When Did Humans Start Settling Down?,smithsonianmag.com,verified
FACT-2027-08-29-S11,29,2027-08-29,"At the start of 2026, Guinness World Records had 78 adjudicators across 18 countries.",11,August,Guinness adjudicators,World Records & Extremes,The source states that 78 adjudicators were spread across 18 countries at the start of 2026.,high,https://kids.guinnessworldrecords.com/news/2026/4/the-story-of-guinness-world-records-how-did-it-start-how-many-records-exist-and-more,World records,"The story of Guinness World Records: How did it start, how many records exist and more! | Guinness World Records",kids.guinnessworldrecords.com,verified
FACT-2027-08-29-S12,29,2027-08-29,"Armored searobins use several thickened, free fin rays behind their heads as legs to move across the seafloor.",12,August,Some deep-sea fish walk with fin rays,Nature,"“The fish uses these thickened, stiff fin rays to ‘walk’ along the bottom of the ocean.”",high,https://oceanexplorer.noaa.gov/explainers/marine-life/,Deep-sea animals,Wild and Bizarre Marine Life - NOAA Ocean Exploration,oceanexplorer.noaa.gov,verified
FACT-2027-08-29-S13,29,2027-08-29,Nutrients from food support cellular processes in the body.,13,August,Food supports cellular processes,Food,Britannica states that nutrients from food support cellular processes.,high,https://www.britannica.com/topic/food,Food,"Definition, Nutrition, Ecosystems, Food Chain, Globalization, & Facts",britannica.com,verified
FACT-2027-08-29-S14,29,2027-08-29,The 1952 Sonotone hearing aid was America's first transistorized consumer product.,14,August,First Transistorized Consumer Product,Inventions,The source explicitly identifies the 1952 Sonotone hearing aid as America's first transistorized consumer product.,high,https://www.computerhistory.org/revolution/digital-logic/12/273,Semiconductor Products,Inventing the Transistor - CHM Revolution,computerhistory.org,verified
FACT-2027-08-29-S15,29,2027-08-29,"GDP growth, measured annually as a percentage, is listed among DataBank’s popular indicators.",15,August,GDP growth is a popular indicator,Country Facts,The source lists “GDP growth (annual %)” under What’s Popular.,high,https://databank.worldbank.org/,Economic indicators,DataBank | The World Bank,databank.worldbank.org,verified
FACT-2027-08-29-S16,29,2027-08-29,Greek religious practice included cult images of deities.,16,August,Cult images,Mythology & Legends,The source refers to cult images.,high,https://www.metmuseum.org/essays/greek-gods-and-religious-practices,Greek religion,Greek Gods and Religious Practices - The Metropolitan Museum of Art,metmuseum.org,verified
FACT-2027-08-29-S17,29,2027-08-29,"Although maps commonly show five oceans, they are connected and form part of one global ocean system.",17,August,The ocean is one connected global system,Ocean & Marine,"“These are all connected, and part of one global ocean system.”",high,https://www.noaa.gov/know-your-ocean,Ocean Basics,Know Your Ocean,noaa.gov,verified
FACT-2027-08-29-S18,29,2027-08-29,Linguistic structure can emerge and vary through interaction between speakers and learners.,18,August,Language can emerge through social transmission,Language,The source describes linguistic structures arising through interaction and social transmission.,high,https://catdir.loc.gov/catdir/samples/cam031/00020471.pdf,Language Evolution,The Evolutionary Emergence of Language,catdir.loc.gov,verified
FACT-2027-08-29-S19,29,2027-08-29,Some World Development Indicators series extend back more than 50 years.,19,August,WDI has long historical coverage,Money & Economics,The page says data for many indicators go back more than 50 years.,high,https://datatopics.worldbank.org/world-development-indicators/,Development Data,WDI - Home,datatopics.worldbank.org,verified
FACT-2027-08-29-S20,29,2027-08-29,Less than 1% of the Smithsonian’s collections is estimated to be on display in its museums at any given time.,20,August,Most Smithsonian collections are not on display,Everyday Life,“Only a small portion of the Smithsonian’s collections (estimated at less than 1%) is on display in the museums at any given time.”,high,https://www.si.edu/newsdesk/factsheets/smithsonian-collections,Museums,Smithsonian Collections,si.edu,verified
FACT-2027-08-30-S01,30,2027-08-30,"When hot magma interacts with cold lake water, the interaction can be explosive and expand the area affected by an eruption.",1,August,Magma-water interaction can be explosive,Science,The source states that hot magma interacting with cold water can be explosive and substantially expand the affected area.,high,https://www.usgs.gov/publications/streams-springs-and-volcanic-lakes-volcano-monitoring,Volcanic Hazards,"Streams, springs, and volcanic lakes for volcano monitoring | U.S. Geological Survey",usgs.gov,verified
FACT-2027-08-30-S02,30,2027-08-30,The Oort Cloud is described as a giant spherical shell surrounding the solar system.,2,August,The Oort Cloud surrounds the solar system,Space,NASA explicitly describes the Oort Cloud as a spherical shell surrounding the solar system.,high,https://solarsystem.nasa.gov/solar-system/our-solar-system/in-depth.amp,Outer Solar System,In Depth | Our Solar System – NASA Solar System Exploration,solarsystem.nasa.gov,verified
FACT-2027-08-30-S03,30,2027-08-30,Classical estimates place the number of distinct cell types in the adult human body at nearly 200.,3,August,The body has many cell types,Human Body,The supplied excerpt reports nearly 200 distinct adult human cell types based on histological and morphological characteristics.,high,https://www.ncbi.nlm.nih.gov/books/NBK554382/,Cell diversity,"Histology, Cell - StatPearls - NCBI Bookshelf",ncbi.nlm.nih.gov,verified
FACT-2027-08-30-S04,30,2027-08-30,Repeated recall of an episode can alter the information stored in episodic memory.,4,August,Recall Can Change Memory Information,Psychology,The article states that repeated recalls can alter stored episodic information and reduce its accuracy over time.,high,https://www.psychologytoday.com/us/blog/the-superhuman-mind/202201/perception-and-the-unreliability-episodic-memory,Memory Reconstruction,Perception and the Unreliability of Episodic Memory,psychologytoday.com,verified
FACT-2027-08-30-S05,30,2027-08-30,"A female horseshoe crab can lay up to 100,000 eggs in a season.",5,August,Seasonal egg production,Animals,"She will do this a number of times until she has laid 20,000 eggs a night and up to 100,000 each season.",high,https://www.nationalzoo.si.edu/index%2ephp/animals/horseshoe-crab,Reproduction,Horseshoe crab | Smithsonian's National Zoo and Conservation Biology Institute,nationalzoo.si.edu,verified
FACT-2027-08-30-S06,30,2027-08-30,"Large local or distant earthquakes can alter stresses or transmit seismic waves that may increase the likelihood of an eruption, especially when a volcano is already poised to erupt; more commonly, they produce earthquake swarms or changes in magma-system behavior without an eruption.",6,August,Large earthquakes can sometimes bring volcanoes closer to eruption,Geography,"USGS describes stress changes from nearby earthquakes and seismic-wave effects from distant earthquakes, while emphasizing that eruptions are more likely when a volcano is already near eruption and that non-eruptive responses are more common.",high,https://www.usgs.gov/observatories/hvo/news/volcano-watch-can-earthquakes-trigger-volcanic-eruptions,Volcanology,Volcano Watch — Can earthquakes trigger volcanic eruptions? | U.S. Geological Survey,usgs.gov,verified
FACT-2027-08-30-S07,30,2027-08-30,"During the Great Depression, the Civilian Conservation Corps built and improved campgrounds, trails, buildings, and other facilities in Sequoia and Kings Canyon.",7,August,The CCC Improved Park Facilities,History,The excerpt lists the CCC's construction and improvement work in the parks.,high,https://www.nps.gov/seki/learn/historyculture/index.htm,Sequoia National Park,History & Culture - Sequoia & Kings Canyon National Parks (U.S. National Park Service),nps.gov,verified
FACT-2027-08-30-S08,30,2027-08-30,"Jack Kilby tested his first working integrated circuit on September 12, 1958.",8,August,Kilby demonstrated an early integrated circuit,Technology,"The Computer History Museum gives September 12, 1958 as the testing date for Kilby’s first working circuit.",high,https://www.computerhistory.org/revolution/story/276,Integrated circuits,The Integrated Circuit - CHM Revolution,computerhistory.org,verified
FACT-2027-08-30-S09,30,2027-08-30,Computer simulations discussed in research on language evolution suggest that aspects of linguistic structure can emerge from repeated interaction between speakers and learners without conventional natural-selection pressures.,9,August,Some language models produce structure through learner interaction,Mystery & Unexplained,"The source describes simulations in which linguistic structure arises through social interaction and learning, including models of self-organization.",high,https://catdir.loc.gov/catdir/samples/cam031/00020471.pdf,Language Evolution,The Evolutionary Emergence of Language,catdir.loc.gov,verified
FACT-2027-08-30-S10,30,2027-08-30,"The cited Smithsonian account states that the first year-round permanent human settlements predated agriculture by at least 3,000 years.",10,August,Permanent Settlements Preceded Agriculture,Ancient Civilizations,"The supplied excerpt explicitly states that permanent settlements predated agriculture by at least 3,000 years.",high,https://www.smithsonianmag.com/history/the-seeds-of-civilization-78015429/,Early Agriculture,The Seeds of Civilization,smithsonianmag.com,verified
FACT-2027-08-30-S11,30,2027-08-30,"Guinness World Records received 49,052 record applications from 190 countries in 2025.",11,August,Record applications in 2025,World Records & Extremes,"The source reports 49,052 applications from 190 countries in 2025.",high,https://kids.guinnessworldrecords.com/news/2026/4/the-story-of-guinness-world-records-how-did-it-start-how-many-records-exist-and-more,World records,"The story of Guinness World Records: How did it start, how many records exist and more! | Guinness World Records",kids.guinnessworldrecords.com,verified
FACT-2027-08-30-S12,30,2027-08-30,"Different zooids within a siphonophore colony specialize in tasks such as swimming, feeding, reproduction, or defense.",12,August,Siphonophores function as coordinated colonies,Nature,"“Each individual zooid is specialized for different functions such as swimming, feeding, reproduction, or defense.”",high,https://oceanexplorer.noaa.gov/explainers/marine-life/,Marine invertebrates,Wild and Bizarre Marine Life - NOAA Ocean Exploration,oceanexplorer.noaa.gov,verified
FACT-2027-08-30-S13,30,2027-08-30,"Humans are culture-bearing primates classified in the genus Homo, especially the species Homo sapiens.",13,August,Humans belong to genus Homo,Food,"Britannica states that humans are culture-bearing primates classified in the genus Homo, especially Homo sapiens.",high,https://www.britannica.com/science/human-evolution,Human Evolution,"Human evolution | History, Stages, Timeline, Tree, Chart, & Facts | Britannica",britannica.com,verified
FACT-2027-08-30-S14,30,2027-08-30,"Jack Kilby's first working integrated circuit was tested on September 12, 1958, on germanium.",14,August,Kilby's First Integrated Circuit,Inventions,"The source states that Kilby's first working circuit was tested on September 12, 1958, and was etched on germanium.",high,https://www.computerhistory.org/revolution/story/276,Integrated Circuits,The Integrated Circuit - CHM Revolution,computerhistory.org,verified
FACT-2027-08-30-S15,30,2027-08-30,"National Geographic’s animal resources cover fish, birds, reptiles, mammals, amphibians, and invertebrates.",15,August,National Geographic covers major animal groups,Country Facts,"The source names fish, birds, reptiles, mammals, amphibians, and invertebrates among its animal profiles.",high,https://www.nationalgeographic.com/animals/topic/facts-pictures,Animal information,Animal Pictures and Facts | National Geographic,nationalgeographic.com,verified
FACT-2027-08-30-S16,30,2027-08-30,Greek deities were represented with identifiable attributes.,16,August,Divine attributes,Mythology & Legends,The source refers to the attributes of the deities.,high,https://www.metmuseum.org/essays/greek-gods-and-religious-practices,Greek religion,Greek Gods and Religious Practices - The Metropolitan Museum of Art,metmuseum.org,verified
FACT-2027-08-30-S17,30,2027-08-30,"In dark deep-ocean environments, chemosynthetic bacteria can use chemical energy from sulfides, methane, and other inorganic compounds to produce food, supporting communities around hydrothermal vents and cold seeps.",17,August,Some deep-sea communities rely on chemosynthesis,Ocean & Marine,"“Chemosynthesis occurs when bacteria and other organisms use chemical energy from sulfides, methane, and other inorganic compounds to produce food.” The source states that these bacteria form the basis of food chains around hydrothermal vents and cold seeps.",high,https://oceanexplorer.noaa.gov/explainers/marine-life/,Deep-Sea Life,Wild and Bizarre Marine Life - NOAA Ocean Exploration,oceanexplorer.noaa.gov,verified
FACT-2027-08-30-S18,30,2027-08-30,Children internalize language through exposure to language used in social life.,18,August,Language is learned through social interaction,Language,The source states that children learn language through exposure to utterances in daily conversation.,high,https://catdir.loc.gov/catdir/samples/cam031/00020471.pdf,Language Evolution,The Evolutionary Emergence of Language,catdir.loc.gov,verified
FACT-2027-08-30-S19,30,2027-08-30,The World Bank provides GDP data measured in purchasing-power-parity terms using current international dollars.,19,August,GDP at purchasing-power parity,Money & Economics,"The indicator page lists “GDP, PPP (current international $)” among related GDP series.",high,https://data.worldbank.org/indicator/NY.GDP.MKTP.CD,Economic measurement,GDP (current US$) - World Bank Open Data,data.worldbank.org,verified
FACT-2027-08-30-S20,30,2027-08-30,"Despite their name, horseshoe crabs are more closely related to arachnids such as spiders and scorpions than to true crabs.",20,August,Horseshoe crabs are related to arachnids,Everyday Life,"“Though it’s called a crab, horseshoe crabs are more closely related to arachnids, such as spiders and scorpions.”",high,https://nationalzoo.si.edu/animals/horseshoe-crab,Marine Animals,Horseshoe crab,nationalzoo.si.edu,verified
FACT-2027-08-31-S01,31,2027-08-31,"Landslides or seismic activity can breach crater rims, displace water, and produce floods or lahars.",1,August,Crater-lake breaches can cause lahars,Science,The source explains that crater-rim breaches can displace substantial water and lead to floods and lahars.,high,https://www.usgs.gov/publications/streams-springs-and-volcanic-lakes-volcano-monitoring,Volcanic Hazards,"Streams, springs, and volcanic lakes for volcano monitoring | U.S. Geological Survey",usgs.gov,verified
FACT-2027-08-31-S02,31,2027-08-31,Earth’s Moon probably formed from debris produced when a Mars-sized body collided with Earth.,2,August,Earth’s Moon probably formed from a giant impact,Space,NASA presents the giant-impact explanation as the probable origin of Earth’s Moon.,high,https://science.nasa.gov/solar-system/moons/facts/,Earth’s Moon,Moons: Facts - NASA Science,science.nasa.gov,verified
FACT-2027-08-31-S03,31,2027-08-31,Reported human cell diameters range from approximately 7.5 micrometers for red blood cells to 150 micrometers for ova.,3,August,Human cell sizes vary widely,Human Body,The supplied excerpt gives these cell-diameter endpoints and identifies the corresponding cell types.,high,https://www.ncbi.nlm.nih.gov/books/NBK554382/,Cell size,"Histology, Cell - StatPearls - NCBI Bookshelf",ncbi.nlm.nih.gov,verified
FACT-2027-08-31-S04,31,2027-08-31,"Because memories are stored in fragments, recalling an episode requires the brain to reconstruct those fragments.",4,August,Memory Retrieval Reconstructs Fragments,Psychology,The article says memories are stored in bits and pieces and must be reconstructed during recall.,high,https://www.psychologytoday.com/us/blog/the-superhuman-mind/202201/perception-and-the-unreliability-episodic-memory,Memory Reconstruction,Perception and the Unreliability of Episodic Memory,psychologytoday.com,verified
FACT-2027-08-31-S05,31,2027-08-31,"Horseshoe crab eggs are an important food source for sea turtles, fish and migratory birds.",5,August,Eggs as wildlife food,Animals,"Most of these eggs will not survive to maturity; they are an important food source for sea turtles, fish and migratory birds.",high,https://www.nationalzoo.si.edu/index%2ephp/animals/horseshoe-crab,Ecology,Horseshoe crab | Smithsonian's National Zoo and Conservation Biology Institute,nationalzoo.si.edu,verified
FACT-2027-08-31-S06,31,2027-08-31,"At Yellowstone, water-rich fluids released as magma crystallizes can migrate into cooler, brittle rocks, increase fluid pressure, and sometimes trigger earthquake swarms.",6,August,Water released by crystallizing magma can trigger earthquake swarms,Geography,"USGS explains that crystallizing rhyolitic magma releases water-rich fluids, which can enter brittle rocks and raise fluid pressure enough to trigger fault slip and earthquake swarms.",high,https://www.usgs.gov/observatories/yvo/news/water-released-crystallizing-magma-can-trigger-earthquakes-yellowstone,Yellowstone,Water Released from Crystallizing Magma can Trigger Earthquakes in Yellowstone | U.S. Geological Survey,usgs.gov,verified
FACT-2027-08-31-S07,31,2027-08-31,"In 1940, Congress and President Franklin D. Roosevelt established Kings Canyon National Park, which absorbed General Grant National Park.",7,August,Kings Canyon Absorbed General Grant,History,The excerpt states that Kings Canyon National Park absorbed the four square miles of General Grant National Park in 1940.,high,https://www.nps.gov/seki/learn/historyculture/index.htm,Kings Canyon National Park,History & Culture - Sequoia & Kings Canyon National Parks (U.S. National Park Service),nps.gov,verified
FACT-2027-08-31-S08,31,2027-08-31,"Kilby’s 1958 solid circuit placed transistor, capacitor and resistor elements on a single germanium slice.",8,August,Kilby’s circuit combined multiple components,Technology,The Computer History Museum describes the components as etched on one germanium slice and connected by fine gold wires.,high,https://www.computerhistory.org/revolution/story/276,Integrated circuits,The Integrated Circuit - CHM Revolution,computerhistory.org,verified
FACT-2027-08-31-S09,31,2027-08-31,"Research on language evolution uses mathematical modeling to test assumptions about communication, language change, and social interaction.",9,August,Language Evolution Research Uses Modeling,Mystery & Unexplained,The source describes mathematical modeling as a method for testing assumptions in language-evolution research.,high,https://catdir.loc.gov/catdir/samples/cam031/00020471.pdf,Language Evolution,The Evolutionary Emergence of Language,catdir.loc.gov,verified
FACT-2027-08-31-S10,31,2027-08-31,"Catalhoyuk was first settled about 9,500 years ago.",10,August,"Catalhoyuk Was Settled About 9,500 Years Ago",Ancient Civilizations,The supplied excerpt gives this approximate date based on radiocarbon dating.,high,https://www.smithsonianmag.com/history/the-seeds-of-civilization-78015429/,Neolithic Settlements,The Seeds of Civilization,smithsonianmag.com,verified
FACT-2027-08-31-S11,31,2027-08-31,"Guinness World Records approved 3,247 records in 2025.",11,August,Records approved in 2025,World Records & Extremes,"The source states that 3,247 records were approved and made official in 2025.",high,https://kids.guinnessworldrecords.com/news/2026/4/the-story-of-guinness-world-records-how-did-it-start-how-many-records-exist-and-more,World records,"The story of Guinness World Records: How did it start, how many records exist and more! | Guinness World Records",kids.guinnessworldrecords.com,verified
FACT-2027-08-31-S12,31,2027-08-31,Certain sea cucumbers use a large fin-like structure to lift off the bottom and travel through the water column.,12,August,Some sea cucumbers swim rather than crawl,Nature,“Some are able to lift themselves off the seafloor using a large fin-like structure. They then swim through the water column.”,high,https://oceanexplorer.noaa.gov/explainers/marine-life/,Deep-sea animals,Wild and Bizarre Marine Life - NOAA Ocean Exploration,oceanexplorer.noaa.gov,verified
FACT-2027-08-31-S13,31,2027-08-31,"Humans are anatomically similar and related to orangutans, chimpanzees, bonobos, and gorillas.",13,August,Humans are great-ape relatives,Food,"The excerpt identifies humans as anatomically similar and related to the great apes, including orangutans, chimpanzees, bonobos, and gorillas.",high,https://www.britannica.com/science/human-evolution,Human Evolution,"Human evolution | History, Stages, Timeline, Tree, Chart, & Facts | Britannica",britannica.com,verified
FACT-2027-08-31-S14,31,2027-08-31,Robert Noyce patented a monolithic integrated-circuit structure designed for high-volume manufacture in 1959.,14,August,Noyce Monolithic Circuit Patent,Inventions,The timeline describes Noyce's 1959 patent for a monolithic integrated-circuit structure that could be manufactured in high volume.,high,https://www.computerhistory.org/siliconengine/timeline/,Integrated Circuits,Timeline |  The Silicon Engine | Computer History Museum,computerhistory.org,verified
FACT-2027-08-31-S15,31,2027-08-31,"National Geographic presents information about animal habitats, behaviors, and adaptations.",15,August,National Geographic covers animal habitats,Country Facts,"The source says its animal coverage includes habitats, behaviors, and unique adaptations.",high,https://www.nationalgeographic.com/animals,Animal information,Animals | National Geographic,nationalgeographic.com,verified
FACT-2027-08-31-S16,31,2027-08-31,Sanctuaries were part of ancient Greek religious practice.,16,August,Sanctuaries,Mythology & Legends,The source discusses Greek sanctuaries.,high,https://www.metmuseum.org/essays/greek-gods-and-religious-practices,Greek religion,Greek Gods and Religious Practices - The Metropolitan Museum of Art,metmuseum.org,verified
FACT-2027-08-31-S17,31,2027-08-31,"Many zooplankton and small fish feed near the surface at night and swim deeper during the day, helping transport organic matter to greater depths as part of the biological pump.",17,August,Midwater animals help move carbon to the deep ocean,Ocean & Marine,"The source states that many zooplankton and small fish feed in the surface layer at night, swim to depth during the day, and move organic matter downward, where it eventually sinks as marine snow.",high,https://oceanexplorer.noaa.gov/ocean-fact/water-column/,Ocean Ecology,Why do we explore the water column? - NOAA Ocean Exploration,oceanexplorer.noaa.gov,verified
FACT-2027-08-31-S18,31,2027-08-31,Language structure can arise from interaction without relying solely on standard natural-selection pressures.,18,August,Language can be self-organizing,Language,The source describes simulations in which linguistic structure emerges through social interaction and self-organization.,high,https://catdir.loc.gov/catdir/samples/cam031/00020471.pdf,Language Evolution,The Evolutionary Emergence of Language,catdir.loc.gov,verified
FACT-2027-08-31-S19,31,2027-08-31,The World Bank provides an indicator for annual GDP growth.,19,August,GDP growth data,Money & Economics,GDP growth (annual %) is listed among DataBank’s popular indicators.,high,https://databank.worldbank.org/,Economic measurement,DataBank | The World Bank,databank.worldbank.org,verified
FACT-2027-08-31-S20,31,2027-08-31,"Smithsonian Libraries’ holdings include more than 400,000 pieces of ephemera, along with books, manuscripts, microfilm, photographs, and audiovisual material.",20,August,Collections Across Five Locations,Everyday Life,"The source states that Smithsonian Libraries’ collections include books and manuscripts, over 400,000 pieces of ephemera, microfilm, photographic collections, and audiovisual material.",high,https://www.si.edu/newsdesk/factsheets/smithsonian-collections,Libraries,Smithsonian Collections,si.edu,verified