ID,Day,Date,Fact,Slot,Month,Title,Category,Evidence,Confidence,Source URL,Subcategory,Source title,Source domain,Verification status
FACT-2026-12-01-S01,1,2026-12-01,Large earthquakes more commonly produce earthquake swarms or alter magma-plumbing behavior than directly trigger volcanic eruptions.,1,December,Earthquakes more often disturb magma than cause eruptions,Nature,"The USGS states that large earthquakes more commonly 'goose' the magma plumbing system, producing earthquake swarms or changing its behavior without triggering an eruption.",high,https://www.usgs.gov/observatories/hvo/news/volcano-watch-can-earthquakes-trigger-volcanic-eruptions,Volcanology,Volcano Watch — Can earthquakes trigger volcanic eruptions? | U.S. Geological Survey,www.usgs.gov,verified
FACT-2026-12-01-S02,1,2026-12-01,"Mars completes one rotation every 24.6 hours, and a Martian day is called a sol.",2,December,A Martian day lasts 24.6 hours,Space,NASA states that Mars rotates once every 24.6 hours and that Martian days are called sols.,high,https://science.nasa.gov/mars/facts/,Rotation and Orbit,Mars: Facts - NASA Science,science.nasa.gov,verified
FACT-2026-12-01-S03,1,2026-12-01,"By July 21, 2020, Kīlauea's summit water lake was more than 40 meters (130 feet) deep.",3,December,Kīlauea's summit lake reached more than 40 meters deep,Nature,"USGS compares an approximately 2-meter-deep pond on August 2, 2019, with a lake more than 40 meters (130 feet) deep on July 21, 2020.",high,https://www.usgs.gov/volcanoes/kilauea/frequently-asked-questions-about-kilauea-volcanos-summit-water,Volcanic Lakes,Frequently Asked Questions About Kīlauea Volcano's Summit Water | U.S. Geological Survey,www.usgs.gov,verified
FACT-2026-12-01-S04,1,2026-12-01,"Didymos has a diameter of about 780 meters, or half a mile.",4,December,Didymos is about 780 meters wide,Space,"NASA states that the larger asteroid, Didymos, is about a half mile (780 meters) in diameter.",high,https://science.nasa.gov/solar-system/asteroids/didymos/,Asteroid Size,Didymos & Dimorphos - NASA Science,science.nasa.gov,verified
FACT-2026-12-01-S05,1,2026-12-01,"Magma is made of molten rock, crystals, and dissolved gas.",5,December,"Magma contains molten rock, crystals, and gas",Nature,"The page explicitly describes magma as being made of molten rock, crystals, and dissolved gas.",high,https://www.usgs.gov/programs/VHP/about-volcanoes,Magma composition,About Volcanoes | U.S. Geological Survey,www.usgs.gov,verified
FACT-2026-12-01-S06,1,2026-12-01,The amino acid glycine was discovered in comet dust returned to Earth by NASA's Stardust mission.,6,December,Glycine was found in returned comet dust,Space,NASA explicitly reports that Stardust returned comet dust containing glycine.,high,https://science.nasa.gov/asteroids-comets-meteors/facts/,Astrobiology,"Asteroids, Comets & Meteors: Facts - NASA Science",science.nasa.gov,verified
FACT-2026-12-01-S07,1,2026-12-01,"Volcanoes are openings or vents where lava, tephra, and steam erupt onto Earth's surface.",7,December,Volcanoes are surface vents,Nature,"The U.S. Geological Survey defines volcanoes as openings or vents where lava, tephra (small rocks), and steam erupt onto Earth's surface.",high,https://www.usgs.gov/programs/VHP/about-volcanoes,Volcanoes,About Volcanoes | U.S. Geological Survey,www.usgs.gov,verified
FACT-2026-12-01-S08,1,2026-12-01,Mercury is the smallest planet in the Solar System and the planet nearest to the Sun.,8,December,Mercury is the smallest planet,Space,NASA states that Mercury is the smallest planet in our solar system and nearest to the Sun.,high,https://science.nasa.gov/mercury/facts/,Planetary Facts,Mercury: Facts,science.nasa.gov,verified
FACT-2026-12-01-S09,1,2026-12-01,Corals are invertebrate animals in the phylum Cnidaria and class Anthozoa.,9,December,Corals are animals,Animals,"NOAA states that corals are animals lacking a backbone and belong to the phylum Cnidaria, class Anthozoa.",high,https://oceanexplorer.noaa.gov/ocean-fact/coral-animal/,Corals,"Are corals animals, plants, or something else? - NOAA Ocean Exploration",oceanexplorer.noaa.gov,verified
FACT-2026-12-01-S10,1,2026-12-01,"Geography is the study of Earth’s diverse environments, places, spaces, and their interactions.",10,December,Geography studies Earth’s environments and places,Geography,"Britannica defines geography as “the study of the diverse environments, places, and spaces of Earth’s surface and their interactions.”",high,https://www.britannica.com/science/geography,Definition,"Geography | Definition, Types, History, & Facts | Britannica",www.britannica.com,verified
FACT-2026-12-01-S11,1,2026-12-01,"The Smithsonian mammal collections include dried skins, skeletons, and whole carcasses preserved in fluid for scientific research.",11,December,Mammal specimen preparations,Animals,"The page states that the collections consist of 'dried mammal skins, skeletons, and whole fluid preserved carcasses' kept for scientific research.",high,https://naturalhistory.si.edu/research/vertebrate-zoology/mammals/collections-overview,Specimen Preservation,Collections Overview | Smithsonian National Museum of Natural History,naturalhistory.si.edu,verified
FACT-2026-12-01-S12,1,2026-12-01,"Petrified Forest National Park encompasses 221,390 acres.",12,December,Petrified Forest National Park area,Geography,"The page states that the park boundary encloses 221,390 acres.",high,https://www.nps.gov/pefo/planyourvisit/fast-facts.htm,Land Area,Fast Facts - Petrified Forest National Park (U.S. National Park Service),www.nps.gov,verified
FACT-2026-12-01-S13,1,2026-12-01,Thomas Jefferson’s rough draft of the Declaration of Independence is part of the Thomas Jefferson Papers in the Library of Congress Manuscript Division.,13,December,Jefferson Papers collection,History,The page caption places the rough draft in the “Thomas Jefferson Papers” held by the “Library of Congress Manuscript Division.”,high,https://guides.loc.gov/declaration-of-independence?loclr=reclnk,Primary documents,Introduction - Declaration of Independence: Primary Documents in American History - Research Guides at Library of Congress,guides.loc.gov,verified
FACT-2026-12-01-S14,1,2026-12-01,The ocean plays an important role in shaping Earth's climate and weather patterns.,14,December,The ocean shapes climate and weather,Ocean & Marine,NOAA states that the ocean plays a leading role in Earth's climate and an important role in shaping climate and weather patterns.,high,https://oceanservice.noaa.gov/facts/ocean_weather.html,Ocean and Climate,What role does the ocean play in the weather?,oceanservice.noaa.gov,verified
FACT-2026-12-01-S15,1,2026-12-01,"By 1900, fewer than 1,000 wild bison remained after U.S. government policies encouraged the mass killing of bison in the 1800s.",15,December,Wild bison decline by 1900,History,"The page says that mid-to-late-1800s policies encouraged the military to kill as many bison as possible and that by 1900 there were fewer than 1,000 wild bison.",high,https://education.nationalgeographic.org/resource/ecosystem/,Bison Conservation,Ecosystem,education.nationalgeographic.org,verified
FACT-2026-12-01-S16,1,2026-12-01,"Tide pools are small, complete ecosystems formed in ponds left by the ocean as the tide goes out.",16,December,Tide pools as ecosystems,Ocean & Marine,"The page describes tide pools as “complete, tiny ecosystems” and defines them as ponds left by the ocean as the tide goes out.",high,https://education.nationalgeographic.org/resource/ecosystem/,Tide Pools,Ecosystem,education.nationalgeographic.org,verified
FACT-2026-12-01-S17,1,2026-12-01,The ancient Near East was home to rich and complex cultures that produced varied forms of art.,17,December,Cultural Diversity,Ancient Civilizations,The source describes the region’s “rich and complex cultures” and emphasizes the “variety and diversity of art” produced there.,high,https://www.metmuseum.org/learn/educators/curriculum-resources/the-art-of-the-ancient-near-east,Art and Culture,The Art of the Ancient Near East | The Metropolitan Museum of Art,www.metmuseum.org,verified
FACT-2026-12-01-S18,1,2026-12-01,"In 2023, just over half of U.S. high school students played on a sports team.",18,December,Sports-team participation among U.S. high school students,Human Body,The CDC reports that 'just over half of students played on a sports team' in 2023.,high,https://www.cdc.gov/yrbs/dstr/dietary-physical-sleep-behaviors.html,Adolescent Health,"Data Summary & Trends Report for Dietary, Physical Activity, and Sleep Behaviors | Youth Risk Behavior Surveillance System (YRBSS) | CDC",www.cdc.gov,verified
FACT-2026-12-01-S19,1,2026-12-01,Continental plates are more buoyant than oceanic plates because continental rocks are less dense.,19,December,Continental plates are more buoyant than oceanic plates,Science,"The National Park Service explains that continental plates consist of less-dense granites, while oceanic plates consist of denser basalts, allowing continental plates to ride higher.",high,https://www.nps.gov/yell/learn/nature/geology.htm,Plate Tectonics,Geology - Yellowstone National Park (U.S. National Park Service),www.nps.gov,verified
FACT-2026-12-01-S20,1,2026-12-01,"Yellowstone contains more than 10,000 hydrothermal features, including approximately 500 geysers.",20,December,"Yellowstone has more than 10,000 hydrothermal features",World Records & Extremes,"The National Park Service lists more than 10,000 hydrothermal features in Yellowstone, including approximately 500 geysers.",high,https://www.nps.gov/yell/learn/nature/geology.htm,Hydrothermal Features,Geology - Yellowstone National Park (U.S. National Park Service),www.nps.gov,verified
FACT-2026-12-02-S01,2,2026-12-02,"Scientists cannot currently predict a particular earthquake's magnitude, timing, and location.",1,December,Earthquake prediction limits,Nature,"USGS states that no scientifically plausible method currently predicts a particular earthquake and that prediction requires specifying its magnitude, timing, and location.",high,https://www.usgs.gov/programs/earthquake-hazards/earthquake-facts-earthquake-fantasy,Earthquake Science,Earthquake Facts & Earthquake Fantasy | U.S. Geological Survey,www.usgs.gov,verified
FACT-2026-12-02-S02,2,2026-12-02,Jupiter's gravity is 23.1 m/s².,2,December,Jupiter has the strongest surface gravity among the listed planets,Space,The 'Gravity (m/s²)' row lists Jupiter as 23.1 m/s².,high,https://nssdc.gsfc.nasa.gov/planetary/factsheet/,Planetary measurements,Planetary Fact Sheet,nssdc.gsfc.nasa.gov,verified
FACT-2026-12-02-S03,2,2026-12-02,The lake’s hydrogen and oxygen isotope values indicate that its water came from groundwater and underwent substantial evaporation.,3,December,Groundwater supplied the lake,Nature,The USGS states that the lake’s δD and δ18O indicate a groundwater source with substantial evaporation.,high,https://www.usgs.gov/publications/chemistry-growth-and-fate-unique-short-lived-2019-2020-water-lake-summit-kilauea,Hydrology,"Chemistry, growth, and fate of the unique, short-lived (2019–2020) water lake at the summit of Kīlauea Volcano, Hawaii | U.S. Geological Survey",www.usgs.gov,verified
FACT-2026-12-02-S04,2,2026-12-02,"Jupiter completes one orbit around the Sun in about 12 Earth years, or 4,333 Earth days.",4,December,Jupiter takes about 12 Earth years to orbit the Sun,Space,"NASA states that Jupiter makes a complete orbit around the Sun in about 12 Earth years (4,333 Earth days).",high,https://science.nasa.gov/jupiter/jupiter-facts/,Orbit,Jupiter Facts,science.nasa.gov,verified
FACT-2026-12-02-S05,2,2026-12-02,Water appeared in Halemaʻumaʻu crater less than a year after the 2018 Kīlauea caldera collapse and eruption.,5,December,Kīlauea’s summit water lake formed after the 2018 collapse,Nature,"The USGS states that less than a year after the 2018 collapse and eruption, water appeared in the newly deepened Halemaʻumaʻu crater.",high,https://www.usgs.gov/publications/chemistry-growth-and-fate-unique-short-lived-2019-2020-water-lake-summit-kilauea,Volcanic Lakes,"Chemistry, growth, and fate of the unique, short-lived (2019–2020) water lake at the summit of Kīlauea Volcano, Hawaii | U.S. Geological Survey",www.usgs.gov,verified
FACT-2026-12-02-S06,2,2026-12-02,Mercury’s surface temperature can reach 800°F (430°C) during the day and fall to −290°F (−180°C) at night.,6,December,Mercury has extreme surface temperatures,Space,"NASA reports daytime highs of 800°F (430°C) and nighttime lows of −290°F (−180°C), because Mercury lacks an atmosphere to retain heat.",high,https://science.nasa.gov/mercury/facts/,Planetary Facts,Mercury: Facts,science.nasa.gov,verified
FACT-2026-12-02-S07,2,2026-12-02,"Water vapor is the most abundant gas in Kīlauea's plume, and average gas plumes contain about 90% water.",7,December,Water is Kīlauea's most abundant plume gas,Nature,"The USGS states that although sulfur dioxide is commonly measured, water as steam is the most abundant plume gas; average Kīlauea gas plumes contain about 90% water.",high,https://www.usgs.gov/observatories/hvo/news/volcano-watch-water-kilauea-and-its-role-its-eruptions,Volcanic Gases,"Volcano Watch — Water in Kīlauea, and its role in its eruptions | U.S. Geological Survey",www.usgs.gov,verified
FACT-2026-12-02-S08,2,2026-12-02,Ganymede is the only known moon with its own magnetic field.,8,December,Only moon with its own magnetic field,Space,"NASA states that Ganymede is 'the only moon known to have its own magnetic field,' discovered by Galileo in 1996.",high,https://science.nasa.gov/jupiter/jupiter-moons/ganymede/facts/,Magnetism,Ganymede: Facts - NASA Science,science.nasa.gov,verified
FACT-2026-12-02-S09,2,2026-12-02,"Big Bend National Park has about 3,600 insect species.",9,December,Insect diversity in Big Bend,Animals,"The source estimates that about 3,600 species of insects occur in the park.",high,https://www.nps.gov/bibe/learn/nature/index.htm,Insects,Natural History - Big Bend National Park (U.S. National Park Service),www.nps.gov,verified
FACT-2026-12-02-S10,2,2026-12-02,Most seismicity at Yellowstone is caused by water released from crystallizing magma rather than by magma movement.,10,December,Most Yellowstone seismicity is linked to water from crystallizing magma,Geography,The USGS states that most Yellowstone seismicity is caused by water coming from crystallizing magma and concludes that many earthquakes are triggered by cooling and crystallization of the underlying magmatic system.,high,https://www.usgs.gov/observatories/yvo/news/water-released-crystallizing-magma-can-trigger-earthquakes-yellowstone,Yellowstone,Water Released from Crystallizing Magma can Trigger Earthquakes in Yellowstone | U.S. Geological Survey,www.usgs.gov,verified
FACT-2026-12-02-S11,2,2026-12-02,"During their 20 years together at the Smithsonian’s National Zoo, Ling-Ling and Hsing-Hsing produced five cubs, none of which survived.",11,December,Ling-Ling and Hsing-Hsing produced five cubs,Animals,"The page states: “During their 20 years together at the Smithsonian's National Zoo, this panda pair produced five cubs; none of the cubs survived.”",high,https://nationalzoo.si.edu/animals/history-giant-pandas-zoo,Giant Pandas,The History of Giant Pandas at the Smithsonian's National Zoo and Conservation Biology Institute,nationalzoo.si.edu,verified
FACT-2026-12-02-S12,2,2026-12-02,"The Metropolitan Museum of Art’s Oceania chronologies from 8000 B.C. through 1600 A.D. encompass present-day Australia, island Southeast Asia, and islands of the tropical north and south Pacific.",12,December,"The Met’s Oceania chronology includes Australia, island Southeast Asia, and the tropical Pacific",Geography,"The page states that Oceania chronologies for 8000–2000 B.C., 2000–1000 B.C., 1000 B.C.–1 A.D., 1–500 A.D., 500–1000 A.D., 1000–1400 A.D., and 1400–1600 A.D. encompass those regions.",high,https://metmuseum.org/toah/chronology/,Regional scope,Chronology | Heilbrunn Timeline of Art History | The Metropolitan Museum of Art,metmuseum.org,verified
FACT-2026-12-02-S13,2,2026-12-02,"America: History & Life with Full Text selectively indexes 1,700 journals from 1955 onward.",13,December,America: History & Life journal indexing,History,"The page states that the database provides selective indexing for “1,700 journals from 1955 to present.”",high,https://guides.loc.gov/c.php?g=1428775&p=10601238,Historical Research,U. S. History - Main Reading Room Databases and Research - Research Guides at Library of Congress,guides.loc.gov,verified
FACT-2026-12-02-S14,2,2026-12-02,The boundaries of the Southern Ocean were proposed to the International Hydrographic Organization in 2000.,14,December,Southern Ocean boundaries were proposed in 2000,Ocean & Marine,"NOAA states, “The boundaries of this ocean were proposed to the International Hydrographic Organization in 2000.”",high,https://oceanservice.noaa.gov/facts/howmanyoceans.html,Ocean Boundaries,How many oceans are there?,oceanservice.noaa.gov,verified
FACT-2026-12-02-S15,2,2026-12-02,"Founders Online covers papers associated with George Washington, Benjamin Franklin, John Adams and family, Thomas Jefferson, Alexander Hamilton, and James Madison.",15,December,Founding Fathers represented in Founders Online,History,"The page identifies these six figures and describes the collection as documents authored, received by, or related to them.",high,https://guides.loc.gov/c.php?g=1428775&p=10601238,Founding Era,U. S. History - Main Reading Room Databases and Research - Research Guides at Library of Congress,guides.loc.gov,verified
FACT-2026-12-02-S16,2,2026-12-02,"The initial lake-water sample contained approximately 53,000 milligrams per liter of sulfate.",16,December,Sulfate was the dominant measured solute,Ocean & Marine,"The USGS reports that the initial sample was rich in sulfate at approximately 53,000 mg/L.",high,https://www.usgs.gov/publications/chemistry-growth-and-fate-unique-short-lived-2019-2020-water-lake-summit-kilauea,Water Chemistry,"Chemistry, growth, and fate of the unique, short-lived (2019–2020) water lake at the summit of Kīlauea Volcano, Hawaii | U.S. Geological Survey",www.usgs.gov,verified
FACT-2026-12-02-S17,2,2026-12-02,A Sumerian proto-cuneiform tablet records the administrative distribution of barley and dates to approximately 3100–2900 B.C.,17,December,Early barley distribution record,Ancient Civilizations,The object is identified as a “Proto-Cuneiform tablet with seal impressions: administrative account of barley distribution” and is dated “ca. 3100–2900 BCE.”,high,https://www.metmuseum.org/met-publications/art-of-the-ancient-near-east-a-resource-for-educators,Sumerian,Art of the Ancient Near East: A Resource for Educators - The Metropolitan Museum of Art,www.metmuseum.org,verified
FACT-2026-12-02-S18,2,2026-12-02,Getting enough sleep can improve heart health and metabolism.,18,December,Sleep and cardiovascular health,Human Body,CDC lists improving heart health and metabolism among the health benefits of getting enough sleep.,high,https://www.cdc.gov/sleep/about/index.html,Health effects,About Sleep | Sleep | CDC,www.cdc.gov,verified
FACT-2026-12-02-S19,2,2026-12-02,The fossil record documents the history of life through fossils preserved in sedimentary rock.,19,December,Fossil record definition,Science,"Britannica defines the fossil record as the history of life documented by fossils, which are remains or imprints of organisms from earlier geological periods preserved in sedimentary rock.",high,https://www.britannica.com/science/fossil-record,Paleontology,Fossil record | Definition & Facts | Britannica,www.britannica.com,verified
FACT-2026-12-02-S20,2,2026-12-02,"The Smithsonian's largest single collection is the National Museum of Natural History's invertebrate zoology collection, with more than 49.8 million specimens.",20,December,The Smithsonian's largest single collection contains over 49.8 million specimens,World Records & Extremes,The factsheet identifies the invertebrate zoology collection as the largest single collection and gives its size as more than 49.8 million specimens.,high,https://www.si.edu/newsdesk/factsheets/smithsonian-collections,Zoological collections,,www.si.edu,verified
FACT-2026-12-03-S01,3,2026-12-03,"Dimorphos has a diameter of about 160 meters, or 525 feet.",1,December,Dimorphos is about 160 meters wide,Space,NASA states that the moonlet Dimorphos is about 525 feet (160 meters) in diameter.,high,https://science.nasa.gov/solar-system/asteroids/didymos/,Asteroid Size,Didymos & Dimorphos - NASA Science,science.nasa.gov,verified
FACT-2026-12-03-S02,3,2026-12-03,"Galileo Galilei discovered Ganymede on January 7, 1610.",2,December,Discovery by Galileo,History,"NASA states that Ganymede was discovered by Italian astronomer Galileo Galilei on Jan. 7, 1610.",high,https://science.nasa.gov/jupiter/jupiter-moons/ganymede/facts/,Astronomy,Ganymede: Facts - NASA Science,science.nasa.gov,verified
FACT-2026-12-03-S03,3,2026-12-03,"Eris's geometric albedo is 0.84, the highest among the listed dwarf planets.",3,December,Eris has the highest listed dwarf-planet geometric albedo,Space,"The dwarf-planet table lists Eris's geometric albedo as 0.84, above the values listed for Ceres, Pluto, Makemake, and Haumea.",high,https://ssd.jpl.nasa.gov/planets/phys%5Fpar.html,Dwarf Planet Parameters,Planetary Physical Parameters,ssd.jpl.nasa.gov,verified
FACT-2026-12-03-S04,3,2026-12-03,The Library of Congress timeline identifies the Postwar United States period as spanning 1945 through 1968.,4,December,Postwar United States period,History,"The page lists “The Post War United States, 1945-1968.”",high,https://www.loc.gov/classroom-materials/united-states-history-primary-source-timeline/,Postwar United States,"Presentation 
         U.S. History Primary Source Timeline",www.loc.gov,verified
FACT-2026-12-03-S05,3,2026-12-03,Mercury completes one orbit around the Sun every 88 Earth days.,5,December,Mercury has the shortest planetary year,Space,NASA states that Mercury speeds around the Sun every 88 days.,high,https://science.nasa.gov/mercury/facts/,Orbit,Mercury: Facts,science.nasa.gov,verified
FACT-2026-12-03-S06,3,2026-12-03,The Heilbrunn Timeline of Art History is regularly updated and enriched with new scholarship and insights on The Metropolitan Museum of Art’s collection.,6,December,The Timeline is regularly updated,History,The Met states that it is “regularly updated and enriched to provide new scholarship and insights on The Met collection.”,high,https://www.metmuseum.org/essays/timeline-of-art-history,Art history publishing,Heilbrunn Timeline of Art History - The Metropolitan Museum of Art,www.metmuseum.org,verified
FACT-2026-12-03-S07,3,2026-12-03,The solar system takes about 230 million years to complete one orbit around the Milky Way's center.,7,December,The solar system's galactic orbit takes 230 million years,Space,NASA states that one orbit around the galactic center takes about 230 million years.,high,https://science.nasa.gov/solar-system/solar-system-facts/,Galactic Motion,Solar System: Facts - NASA Science,science.nasa.gov,verified
FACT-2026-12-03-S08,3,2026-12-03,Coral reefs are among Earth's most productive ecosystems in both biological and economic terms.,8,December,Coral reefs are highly productive ecosystems,Nature,"NOAA states that coral reefs are ""one of Earth’s most productive ecosystems"" in terms of biology and ""cold, hard cash.""",high,https://oceanservice.noaa.gov/news/oct17/coral-economy.html,Coral Reefs,The Coral Reef Economy,oceanservice.noaa.gov,verified
FACT-2026-12-03-S09,3,2026-12-03,"By eating and uprooting shrubs and small trees, elephants help keep African savannas as grasslands rather than forests or woodlands.",9,December,Elephants maintain African savannas as grasslands,Animals,"National Geographic explains that elephants can knock over and uproot acacia trees, and that this feeding behavior keeps the savanna a grassland.",high,https://education.nationalgeographic.org/resource/role-keystone-species-ecosystem/,Elephants,Role of Keystone Species in an Ecosystem,education.nationalgeographic.org,verified
FACT-2026-12-03-S10,3,2026-12-03,"The summit water lake rose approximately 5 meters (16 feet) between June 30 and September 15, 2020.",10,December,Kīlauea's summit lake rose about 5 meters in 77 days,Nature,"USGS reports that laser rangefinder measurements indicated a rise of approximately 5 meters (16 feet) from June 30 to September 15, 2020.",high,https://www.usgs.gov/volcanoes/kilauea/frequently-asked-questions-about-kilauea-volcanos-summit-water,Volcanic Lakes,Frequently Asked Questions About Kīlauea Volcano's Summit Water | U.S. Geological Survey,www.usgs.gov,verified
FACT-2026-12-03-S11,3,2026-12-03,Tissues in the Smithsonian mammal collection are stored in freezers at -80 degrees Celsius.,11,December,Mammal tissue storage temperature,Animals,The page states that all tissues are now stored in freezers at '-80 degrees C.',high,https://naturalhistory.si.edu/research/vertebrate-zoology/mammals/collections-overview,Genetic Resources,Collections Overview | Smithsonian National Museum of Natural History,naturalhistory.si.edu,verified
FACT-2026-12-03-S12,3,2026-12-03,"By 2021, Smithsonian ecologists had trained more than 1,500 protected-area staff, wildlife professionals, and students in ecology, wildlife surveys, and geospatial technologies.",12,December,"Smithsonian ecologists trained more than 1,500 conservation personnel",Nature,"The page states that Smithsonian ecologists had trained “more than 1,500 protected area staff, wildlife professionals, and students” in those subjects.",high,https://nationalzoo.si.edu/animals/history-giant-pandas-zoo,Training,The History of Giant Pandas at the Smithsonian's National Zoo and Conservation Biology Institute,nationalzoo.si.edu,verified
FACT-2026-12-03-S13,3,2026-12-03,Geography seeks to explain why things are as they are and where they are.,13,December,Geography asks why and where,Geography,"The source states that geography “seeks to answer the questions of why things are as they are, where they are.”",high,https://www.britannica.com/science/geography,Scope,"Geography | Definition, Types, History, & Facts | Britannica",www.britannica.com,verified
FACT-2026-12-03-S14,3,2026-12-03,"Abyssal plains are wide, flat areas of the deep seafloor.",14,December,Abyssal plains,Ocean & Marine,"NOAA states that abyssal plains are “wide, flat areas of the deep seafloor.”",high,https://oceanexplorer.noaa.gov/ocean-facts/,Seafloor,Ocean Exploration Facts - NOAA Ocean Exploration,oceanexplorer.noaa.gov,verified
FACT-2026-12-03-S15,3,2026-12-03,The main environment of Petrified Forest National Park is Intermountain Basin semi-arid steppe and grassland.,15,December,Petrified Forest ecosystem,Geography,"The page identifies the park’s main environment as Intermountain Basin semi-arid steppe and grassland, or shortgrass prairie.",high,https://www.nps.gov/pefo/planyourvisit/fast-facts.htm,Climate and Ecosystems,Fast Facts - Petrified Forest National Park (U.S. National Park Service),www.nps.gov,verified
FACT-2026-12-03-S16,3,2026-12-03,"Hurricanes originate over tropical ocean regions when high humidity, light winds, and warm sea-surface temperatures occur together.",16,December,Hurricanes originate over tropical oceans,Ocean & Marine,"NOAA describes hurricanes as originating over tropical ocean regions under conditions where high humidity, light winds, and warm sea-surface temperatures combine.",high,https://oceanservice.noaa.gov/facts/ocean_weather.html,Storm Formation,What role does the ocean play in the weather?,oceanservice.noaa.gov,verified
FACT-2026-12-03-S17,3,2026-12-03,Sculpture was one of the art forms produced in the ancient Near East.,17,December,Sculpture,Ancient Civilizations,"The resource introduces works of art from the ancient Near East, including sculpture.",high,https://www.metmuseum.org/learn/educators/curriculum-resources/the-art-of-the-ancient-near-east,Art Forms,The Art of the Ancient Near East | The Metropolitan Museum of Art,www.metmuseum.org,verified
FACT-2026-12-03-S18,3,2026-12-03,"In 2023, about one in four U.S. high school students got at least eight hours of sleep on an average school night.",18,December,Recommended sleep among U.S. high school students,Human Body,The CDC states under 2023 sleep behaviors that 'about 1 in 4 students got at least 8 hours of sleep' on an average school night.,high,https://www.cdc.gov/yrbs/dstr/dietary-physical-sleep-behaviors.html,Sleep,"Data Summary & Trends Report for Dietary, Physical Activity, and Sleep Behaviors | Youth Risk Behavior Surveillance System (YRBSS) | CDC",www.cdc.gov,verified
FACT-2026-12-03-S19,3,2026-12-03,Yellowstone experiences several hundred to several thousand earthquakes each year.,19,December,Hundreds to thousands of earthquakes occur in Yellowstone each year,Science,The page states that Yellowstone seismograph stations detect several hundreds to thousands of earthquakes in the park each year.,high,https://www.nps.gov/yell/learn/nature/geology.htm,Earthquakes,Geology - Yellowstone National Park (U.S. National Park Service),www.nps.gov,verified
FACT-2026-12-03-S20,3,2026-12-03,"Capitol Reef's driest recorded year received 3.72 inches (9.45 cm) of precipitation, while its wettest received 13.78 inches (35.0 cm).",20,December,Recorded precipitation extremes,World Records & Extremes,Fast Facts identify 1973 as the driest year with 3.72 in (9.45 cm) and 1957 as the wettest year with 13.78 in (35.0 cm).,high,https://www.nps.gov/care/learn/nature/index.htm,Precipitation extremes,Nature - Capitol Reef National Park (U.S. National Park Service),www.nps.gov,verified
FACT-2026-12-04-S01,4,2026-12-04,Arrokoth consists of two objects that gently merged into a single bi-lobed body.,1,December,Arrokoth is a contact binary,Space,"NASA describes Arrokoth as a ""bi-lobed contact binary"" and says its two objects began orbiting each other before gently merging.",high,https://science.nasa.gov/solar-system/kuiper-belt/arrokoth-2014-mu69/facts/,Kuiper Belt,Arrokoth: Facts - NASA Science,science.nasa.gov,verified
FACT-2026-12-04-S02,4,2026-12-04,"John Dunlap’s July 4, 1776 printing of the Declaration of Independence is held by the Library of Congress Rare Book and Special Collections Division.",2,December,Dunlap printing collection,History,The page caption identifies the Dunlap printing and states that it is in the “Library of Congress Rare Book and Special Collections Division.”,high,https://guides.loc.gov/declaration-of-independence?loclr=reclnk,Primary documents,Introduction - Declaration of Independence: Primary Documents in American History - Research Guides at Library of Congress,guides.loc.gov,verified
FACT-2026-12-04-S03,4,2026-12-04,Ganymede’s magnetic field produces auroras in regions around its north and south poles.,3,December,Auroras around the poles,Space,"NASA explains that Ganymede’s magnetic field causes auroras, described as glowing, electrified gas around the moon’s north and south poles.",high,https://science.nasa.gov/jupiter/jupiter-moons/ganymede/facts/,Auroras,Ganymede: Facts - NASA Science,science.nasa.gov,verified
FACT-2026-12-04-S04,4,2026-12-04,"Mount St. Helens erupted on May 18, 1980, at 8:32 a.m.",4,December,"Mount St. Helens erupted on May 18, 1980",History,"The cited National Park Service description on the page gives the date and time as Sunday, May 18, 1980, at 8:32 a.m.",high,https://www.usgs.gov/news/featured-story/volcanoes-and-usgs-volcano-science-just-facts,Mount St. Helens,Volcanoes and USGS Volcano Science: Just the Facts | U.S. Geological Survey,www.usgs.gov,verified
FACT-2026-12-04-S05,4,2026-12-04,Comets and asteroids probably delivered some water and other ingredients that enabled the chemistry of life to begin on Earth.,5,December,Comets and asteroids may have delivered life's ingredients,Space,NASA says comets and asteroids probably delivered some of the water and other ingredients that allowed complex life-related chemistry to begin on Earth.,high,https://science.nasa.gov/asteroids-comets-meteors/facts/,Origins of Life,"Asteroids, Comets & Meteors: Facts - NASA Science",science.nasa.gov,verified
FACT-2026-12-04-S06,4,2026-12-04,The National Zoological Park was established in 1889 when President Grover Cleveland signed an act of Congress creating it.,6,December,National Zoological Park Established by Federal Law,History,The page states that in 1889 President Grover Cleveland officially signed an act of Congress into law creating the National Zoological Park.,high,https://nationalzoo.si.edu/about/history,Zoo History,,nationalzoo.si.edu,verified
FACT-2026-12-04-S07,4,2026-12-04,"Icy bodies beyond Neptune can be pushed by gravity into orbits that bring them closer to the Sun, becoming short-period comets.",7,December,The Kuiper Belt produces short-period comets,Space,NASA describes a disc-like belt of icy bodies beyond Neptune and says objects occasionally pushed by gravity into closer solar orbits become short-period comets.,high,https://science.nasa.gov/solar-system/comets/facts/,Comet Origins,Comet Facts,science.nasa.gov,verified
FACT-2026-12-04-S08,4,2026-12-04,"Deforestation degrades soil, creates and spreads deserts, increases greenhouse gases, and contributes to climate change.",8,December,Deforestation impacts ecosystems,Nature,"National Geographic states that deforestation degrades the soil, creates and spreads deserts, contributes to greater greenhouse gases in the air, and warms the atmosphere, contributing to climate change.",high,https://education.nationalgeographic.org/resource/ecosystem/,Deforestation,Ecosystem,education.nationalgeographic.org,verified
FACT-2026-12-04-S09,4,2026-12-04,Deep-ocean sea cucumbers in the genus Enypniastes are also nicknamed “Spanish dancers” because of their flowing movements.,9,December,Spanish dancers,Animals,NOAA states that the flowing movements of Enypniastes have earned them the nickname “Spanish dancers.”,high,https://oceanexplorer.noaa.gov/ocean-facts/,Deep-sea invertebrates,Ocean Exploration Facts - NOAA Ocean Exploration,oceanexplorer.noaa.gov,verified
FACT-2026-12-04-S10,4,2026-12-04,Earthquake shaking at a site with soft sediments can last three times as long as shaking at a stable bedrock site such as granite.,10,December,Soft sediments amplify shaking duration,Nature,USGS states that shaking at a site with soft sediments can last 3 times as long as shaking at stable bedrock.,high,https://www.usgs.gov/programs/earthquake-hazards/earthquake-facts-earthquake-fantasy,Earthquake Effects,Earthquake Facts & Earthquake Fantasy | U.S. Geological Survey,www.usgs.gov,verified
FACT-2026-12-04-S11,4,2026-12-04,"Tai Shan, born on July 9, 2005, was the first surviving giant panda cub born at the Smithsonian’s National Zoo.",11,December,Tai Shan was the Zoo’s first surviving giant panda cub,Animals,"The page states that Mei Xiang gave birth to Tai Shan on July 9, 2005, and identifies him as “the first surviving panda cub born at the Smithsonian's National Zoo.”",high,https://nationalzoo.si.edu/animals/history-giant-pandas-zoo,Giant Pandas,The History of Giant Pandas at the Smithsonian's National Zoo and Conservation Biology Institute,nationalzoo.si.edu,verified
FACT-2026-12-04-S12,4,2026-12-04,Yellowstone National Park was established primarily to protect hydrothermal areas containing about half of the world's active geysers.,12,December,Yellowstone's Hydrothermal Protection,Nature,The National Park Service states that Yellowstone was established primarily to protect hydrothermal areas that contain about half the world's active geysers.,high,https://www.nps.gov/yell/learn/nature/index.htm,Protected Areas,Nature - Yellowstone National Park (U.S. National Park Service),www.nps.gov,verified
FACT-2026-12-04-S13,4,2026-12-04,The Grand Canyon contains a great thickness of nearly horizontal strata formed by sediment deposited on the seafloor over many hundreds of millions of years.,13,December,Grand Canyon geological strata,Geography,"The page states that in places such as the Grand Canyon in Arizona, nearly horizontal strata record seafloor sediment deposition over many hundreds of millions of years.",high,https://www.britannica.com/science/fossil-record,Grand Canyon,Fossil record | Definition & Facts | Britannica,www.britannica.com,verified
FACT-2026-12-04-S14,4,2026-12-04,"In tide pools, abalone eat seaweed, while sea stars eat animals such as clams and mussels.",14,December,Tide-pool food chain,Ocean & Marine,"The page states that herbivorous abalone eat seaweed and carnivorous sea stars eat other tide-pool animals, including clams and mussels.",high,https://education.nationalgeographic.org/resource/ecosystem/,Marine Biology,Ecosystem,education.nationalgeographic.org,verified
FACT-2026-12-04-S15,4,2026-12-04,The two main sources of water in Yellowstone’s crust are meteoric water and water released from crystallizing magma.,15,December,Yellowstone has two main crustal water sources,Geography,The page identifies rainfall or snowmelt that percolates underground as one source and crystallizing magma beneath Yellowstone Caldera as a second source.,high,https://www.usgs.gov/observatories/yvo/news/water-released-crystallizing-magma-can-trigger-earthquakes-yellowstone,Yellowstone Hydrology,Water Released from Crystallizing Magma can Trigger Earthquakes in Yellowstone | U.S. Geological Survey,www.usgs.gov,verified
FACT-2026-12-04-S16,4,2026-12-04,Warm ocean waters provide energy that fuels storm systems.,16,December,Warm ocean water fuels storms,Ocean & Marine,NOAA states that warm ocean waters provide the energy to fuel storm systems.,high,https://oceanservice.noaa.gov/facts/ocean_weather.html,Storm Energy,What role does the ocean play in the weather?,oceanservice.noaa.gov,verified
FACT-2026-12-04-S17,4,2026-12-04,A copper foundation figure depicting King Shulgi of Ur carrying a basket dates to approximately 2094–2047 B.C.,17,December,Shulgi foundation figure,Ancient Civilizations,"The page lists a “Foundation figure of king Shulgi of Ur, carrying a basket,” made of copper and dated “ca. 2094–2047 BCE.”",high,https://www.metmuseum.org/met-publications/art-of-the-ancient-near-east-a-resource-for-educators,Neo-Sumerian,Art of the Ancient Near East: A Resource for Educators - The Metropolitan Museum of Art,www.metmuseum.org,verified
FACT-2026-12-04-S18,4,2026-12-04,"Getting enough sleep can improve attention and memory, supporting performance of daily activities.",18,December,Sleep and attention,Human Body,CDC states that getting enough sleep can improve attention and memory to better perform daily activities.,high,https://www.cdc.gov/sleep/about/index.html,Health effects,About Sleep | Sleep | CDC,www.cdc.gov,verified
FACT-2026-12-04-S19,4,2026-12-04,"In many fossils, the original components of an organism are replaced by minerals deposited from water moving through rock.",19,December,Mineral replacement in fossils,Science,The page states that the original components are more often replaced by minerals deposited from water seeping through the rock.,high,https://www.britannica.com/science/fossil-record,Fossilization,Fossil record | Definition & Facts | Britannica,www.britannica.com,verified
FACT-2026-12-04-S20,4,2026-12-04,Objects in Smithsonian collections range in size from the 202-foot Concorde to the 0.0067-inch Fairfly wasp.,20,December,Smithsonian collection objects range from 202 feet to 0.0067 inch,World Records & Extremes,The factsheet gives the Concorde's length as 202 feet and the Fairfly wasp's size as 0.0067 of an inch.,high,https://www.si.edu/newsdesk/factsheets/smithsonian-collections,Museum objects,,www.si.edu,verified
FACT-2026-12-05-S01,5,2026-12-05,The combined mass of all asteroids is less than the mass of Earth’s Moon.,1,December,Asteroids have less combined mass than the Moon,Space,NASA states that the total mass of all the asteroids combined is less than that of Earth’s Moon.,high,https://science.nasa.gov/solar-system/asteroids/facts/,Asteroid Mass,Asteroid Facts,science.nasa.gov,verified
FACT-2026-12-05-S02,5,2026-12-05,"The American History, 1493–1945 database contains more than 50,000 primary-source documents.",2,December,"American History, 1493–1945 collection size",History,"The page describes the Gilder Lehrman Collection as containing “Over 50,000 primary source documents split across two modules.”",high,https://guides.loc.gov/c.php?g=1428775&p=10601238,Historical Research,U. S. History - Main Reading Room Databases and Research - Research Guides at Library of Congress,guides.loc.gov,verified
FACT-2026-12-05-S03,5,2026-12-05,"Europa has an equatorial diameter of about 1,940 miles (3,100 kilometers), roughly 90% the size of Earth's Moon.",3,December,Europa is about 90% the diameter of Earth's Moon,Space,"NASA gives Europa's equatorial diameter as 1,940 miles (3,100 kilometers) and says it is about 90% the size of Earth's Moon.",high,https://science.nasa.gov/jupiter/jupiter-moons/europa/europa-facts/,Size and Distance,Europa: Facts - NASA Science,science.nasa.gov,verified
FACT-2026-12-05-S04,5,2026-12-05,"NASA established its Near Earth Object Program in 1998 to coordinate efforts to detect, track, and characterize potentially hazardous asteroids and comets.",4,December,NASA's Near Earth Object Program began in 1998,History,The page states that NASA's Near Earth Object Program was established in 1998 for these purposes.,high,https://science.nasa.gov/asteroids-comets-meteors/facts/,Planetary Defense,"Asteroids, Comets & Meteors: Facts - NASA Science",science.nasa.gov,verified
FACT-2026-12-05-S05,5,2026-12-05,Jupiter's escape velocity is 59.5 km/s.,5,December,Jupiter has the highest escape velocity among the listed bodies,Space,The 'Escape Velocity (km/s)' row lists Jupiter as 59.5 km/s.,high,https://nssdc.gsfc.nasa.gov/planetary/factsheet/,Planetary motion,Planetary Fact Sheet,nssdc.gsfc.nasa.gov,verified
FACT-2026-12-05-S06,5,2026-12-05,"The 1792 landslide from Mount Mayuyama near Japan's Unzen Volcano generated a tsunami that killed nearly 15,000 people.",6,December,The 1792 Unzen landslide tsunami,History,"The USGS identifies the 1792 Mount Mayuyama landslide near Unzen Volcano as the most deadly volcano landslide, stating that its debris generated a tsunami that killed nearly 15,000 people.",high,https://www.usgs.gov/programs/VHP/landslides-are-common-tall-steep-and-weak-volcanic-cones,Volcanic Disasters,"Landslides are common on tall, steep, and weak volcanic cones | U.S. Geological Survey",www.usgs.gov,verified
FACT-2026-12-05-S07,5,2026-12-05,"Mercury travels around the Sun at nearly 29 miles (47 kilometers) per second, faster than any other planet.",7,December,Mercury is the fastest planet,Space,"NASA states that Mercury travels through space at nearly 29 miles (47 kilometers) per second, faster than any other planet.",high,https://science.nasa.gov/mercury/facts/,Orbit,Mercury: Facts,science.nasa.gov,verified
FACT-2026-12-05-S08,5,2026-12-05,The surface temperature of Kīlauea's summit water lake was between 70 and 85°C (158 and 185°F).,8,December,Kīlauea's summit lake had a surface temperature of up to 85°C,Nature,USGS gives the lake's surface-temperature range as 70–85°C (158–185°F) and says the temperatures indicated heating by the volcano's magmatic system.,high,https://www.usgs.gov/volcanoes/kilauea/frequently-asked-questions-about-kilauea-volcanos-summit-water,Volcanic Lakes,Frequently Asked Questions About Kīlauea Volcano's Summit Water | U.S. Geological Survey,www.usgs.gov,verified
FACT-2026-12-05-S09,5,2026-12-05,A coral colony can consist of hundreds or thousands of individual animals called polyps.,9,December,Individual coral animals are called polyps,Animals,NOAA explains that what is often called a coral is made up of hundreds or thousands of individual animals called polyps.,high,https://oceanexplorer.noaa.gov/ocean-fact/coral-animal/,Coral anatomy,"Are corals animals, plants, or something else? - NOAA Ocean Exploration",oceanexplorer.noaa.gov,verified
FACT-2026-12-05-S10,5,2026-12-05,Species richness measures how many different species live in a region.,10,December,Species richness,Nature,The page states that high species richness means “many different species live in that region” and represents higher values with bluer map squares.,high,https://education.nationalgeographic.org/resource/mapmaker-terrestrial-biodiversity/,Biodiversity measurement,MapMaker: Terrestrial Biodiversity,education.nationalgeographic.org,verified
FACT-2026-12-05-S11,5,2026-12-05,Yellowstone has 67 mammal species.,11,December,Mammal Species in Yellowstone,Animals,The Wildlife section lists 67 mammals among the park's species.,high,https://www.nps.gov/yell/learn/nature/index.htm,Species Diversity,Nature - Yellowstone National Park (U.S. National Park Service),www.nps.gov,verified
FACT-2026-12-05-S12,5,2026-12-05,The Pacific Ring of Fire is a region encircling the Pacific Ocean where active volcanoes and earthquakes occur together.,12,December,The Pacific Ring of Fire links earthquakes and volcanoes,Nature,The page cites the existence of the 'ring of fire' of active volcanoes and earthquakes circling the Pacific Ocean as evidence that earthquakes and volcanic processes are closely linked.,high,https://www.usgs.gov/observatories/hvo/news/volcano-watch-can-earthquakes-trigger-volcanic-eruptions,Volcanology,Volcano Watch — Can earthquakes trigger volcanic eruptions? | U.S. Geological Survey,www.usgs.gov,verified
FACT-2026-12-05-S13,5,2026-12-05,The Metropolitan Museum of Art’s North America chronologies from 8000 B.C. through 1600 A.D. encompass present-day Canada and the United States.,13,December,The Met’s North America chronology covers Canada and the United States,Geography,"The page states for North America, 8000–2000 B.C.; 2000–1000 B.C.; 1000 B.C.–1 A.D.; 1–500 A.D.; 500–1000 A.D.; 1000–1400 A.D.; and 1400–1600 A.D. that each encompasses “present-day Canada and the United States.”",high,https://metmuseum.org/toah/chronology/,Regional scope,Chronology | Heilbrunn Timeline of Art History | The Metropolitan Museum of Art,metmuseum.org,verified
FACT-2026-12-05-S14,5,2026-12-05,Marine critical minerals are minerals found on the ocean floor that are essential to the United States economy and security.,14,December,Marine critical minerals,Ocean & Marine,NOAA defines marine critical minerals as minerals found on the ocean floor that are essential to the United States economy and security.,high,https://oceanexplorer.noaa.gov/ocean-facts/,Marine minerals,Ocean Exploration Facts - NOAA Ocean Exploration,oceanexplorer.noaa.gov,verified
FACT-2026-12-05-S15,5,2026-12-05,Petrified Forest exposes one of the world’s most continuous sections of Triassic-aged rocks.,15,December,Triassic rocks at Petrified Forest,Geography,The page describes the exposed Triassic-aged rocks as one of the most continuous sections anywhere in the world.,high,https://www.nps.gov/pefo/planyourvisit/fast-facts.htm,Geology,Fast Facts - Petrified Forest National Park (U.S. National Park Service),www.nps.gov,verified
FACT-2026-12-05-S16,5,2026-12-05,"The ocean helps keep Earth warm by absorbing and storing solar radiation, especially in tropical waters near the equator.",16,December,The ocean stores solar radiation,Ocean & Marine,"NOAA states that the majority of solar radiation is absorbed by the ocean, particularly in tropical waters around the equator, where it acts as a heat-retaining solar panel.",high,https://oceanexplorer.noaa.gov/ocean-fact/climate/,Ocean and climate,How does the ocean affect climate and weather on land? - NOAA Ocean Exploration,oceanexplorer.noaa.gov,verified
FACT-2026-12-05-S17,5,2026-12-05,Ancient Near Eastern art included silver and gold ritual vessels and objects.,17,December,Ritual Vessels and Objects,Ancient Civilizations,The source lists “silver and gold ritual vessels and objects” among the featured works.,high,https://www.metmuseum.org/learn/educators/curriculum-resources/the-art-of-the-ancient-near-east,Art Forms,The Art of the Ancient Near East | The Metropolitan Museum of Art,www.metmuseum.org,verified
FACT-2026-12-05-S18,5,2026-12-05,"Getting enough sleep is linked with better emotional regulation, physical and mental health, attention, learning, and behavior.",18,December,Health effects associated with adequate adolescent sleep,Human Body,"The CDC states that getting enough sleep is linked with 'better emotional regulation, physical and mental health, attention, learning, and behavior.'",high,https://www.cdc.gov/yrbs/dstr/dietary-physical-sleep-behaviors.html,Health and Development,"Data Summary & Trends Report for Dietary, Physical Activity, and Sleep Behaviors | Youth Risk Behavior Surveillance System (YRBSS) | CDC",www.cdc.gov,verified
FACT-2026-12-05-S19,5,2026-12-05,"On March 30, 2014, a magnitude 4.8 earthquake occurred four miles north-northeast of Norris Geyser Basin.",19,December,The 2014 Norris earthquake had magnitude 4.8,Science,"The National Park Service records that the earthquake occurred at 6:34 AM Mountain Daylight Time on March 30, 2014, four miles north-northeast of Norris Geyser Basin.",high,https://www.nps.gov/yell/learn/nature/geology.htm,Earthquakes,Geology - Yellowstone National Park (U.S. National Park Service),www.nps.gov,verified
FACT-2026-12-05-S20,5,2026-12-05,Yellowstone contains more than half of the world’s active geysers.,20,December,Yellowstone has the world’s largest concentration of active geysers,World Records & Extremes,"The page identifies Yellowstone as having the largest concentration of active geysers in the world, with more than half of the world’s total.",high,https://www.nps.gov/yell/learn/nature/geology.htm,Geysers,Geology - Yellowstone National Park (U.S. National Park Service),www.nps.gov,verified
FACT-2026-12-06-S01,6,2026-12-06,Didymos takes 2.11 years to complete one orbit around the Sun.,1,December,Didymos orbits the Sun every 2.11 years,Space,NASA states that Didymos’s orbit ranges from about 1 AU to 2.27 AU and that it takes 2.11 years to make each trip around the Sun.,high,https://science.nasa.gov/solar-system/asteroids/didymos/,Asteroid Orbits,Didymos & Dimorphos - NASA Science,science.nasa.gov,verified
FACT-2026-12-06-S02,6,2026-12-06,Mary Katharine Goddard’s 1777 printing of the Declaration of Independence is held by the Library of Congress Rare Book and Special Collections Division.,2,December,Goddard printing collection,History,The page caption identifies the Goddard printing and states that it is in the “Library of Congress Rare Book and Special Collections Division.”,high,https://guides.loc.gov/declaration-of-independence?loclr=reclnk,Primary documents,Introduction - Declaration of Independence: Primary Documents in American History - Research Guides at Library of Congress,guides.loc.gov,verified
FACT-2026-12-06-S03,6,2026-12-06,One full solar day on Mercury lasts 176 Earth days.,3,December,Mercury’s solar day lasts 176 Earth days,Space,NASA defines one Mercury solar day as one full day-night cycle and states that it equals 176 Earth days.,high,https://science.nasa.gov/mercury/facts/,Rotation,Mercury: Facts,science.nasa.gov,verified
FACT-2026-12-06-S04,6,2026-12-06,"The National Zoological Park officially opened in 1891 within Rock Creek Park in northwest Washington, D.C.",4,December,National Zoo Opened in Rock Creek Park in 1891,History,The page says Frederick Law Olmsted designed the Zoo within Rock Creek Park and that it officially opened in 1891.,high,https://nationalzoo.si.edu/about/history,Zoo History,,nationalzoo.si.edu,verified
FACT-2026-12-06-S05,6,2026-12-06,"The Moon has a radius of about 1,080 miles (1,740 kilometers).",5,December,The Moon's radius,Space,"NASA states that the Moon's radius is about 1,080 miles (1,740 kilometers).",high,https://science.nasa.gov/moon/facts/,Size,Moon Facts - NASA Science,science.nasa.gov,verified
FACT-2026-12-06-S06,6,2026-12-06,The Met’s Ancient Greece chronology covers the period from 1000 B.C. to 1 A.D.,6,December,The Ancient Greece chronology spans 1000 B.C. to 1 A.D.,History,"The Chronologies section labels it “Ancient Greece, 1000 B.C.–1 A.D.”",high,https://www.metmuseum.org/essays/timeline-of-art-history,Art chronology,Heilbrunn Timeline of Art History - The Metropolitan Museum of Art,www.metmuseum.org,verified
FACT-2026-12-06-S07,6,2026-12-06,"Venus is the hottest planet in the solar system, even though Mercury is closer to the Sun.",7,December,Venus is the hottest planet,Space,NASA identifies Venus as the hottest planet and notes that Mercury is closer to the Sun.,high,https://science.nasa.gov/solar-system/solar-system-facts/,Planetary Characteristics,Solar System: Facts - NASA Science,science.nasa.gov,verified
FACT-2026-12-06-S08,6,2026-12-06,Petrified wood formed when silica-bearing minerals entered porous wood and crystallized within its cellular structure as the organic material broke down.,8,December,How petrified wood forms,Nature,"The page explains that minerals, including silica dissolved from volcanic ash, were absorbed into porous wood over hundreds and thousands of years and crystallized within the cellular structure, replacing decaying organic material.",high,https://www.nps.gov/pefo/planyourvisit/fast-facts.htm,Petrification,Fast Facts - Petrified Forest National Park (U.S. National Park Service),www.nps.gov,verified
FACT-2026-12-06-S09,6,2026-12-06,"Field programs surveying mammals as disease vectors added more than 100,000 specimens to the Smithsonian mammal collection during the 1960s.",9,December,1960s field-program additions,Animals,"The page states that programs including the Smithsonian Venezuelan Project and African Mammal Project added 'more than 100,000 specimens' during the 1960s.",high,https://naturalhistory.si.edu/research/vertebrate-zoology/mammals/collections-overview,Mammal Collections,Collections Overview | Smithsonian National Museum of Natural History,naturalhistory.si.edu,verified
FACT-2026-12-06-S10,6,2026-12-06,"Keystone species have low functional redundancy, meaning no other species can fill their ecological niche if they disappear.",10,December,Keystone species have low functional redundancy,Nature,The page explains that keystone species have low functional redundancy and that no other species would be able to fill their ecological niche after their disappearance.,high,https://education.nationalgeographic.org/resource/role-keystone-species-ecosystem/,Ecological Functions,Role of Keystone Species in an Ecosystem,education.nationalgeographic.org,verified
FACT-2026-12-06-S11,6,2026-12-06,Green-backed firecrown hummingbirds pollinate 20% of local plant species in Patagonia.,11,December,Green-backed firecrowns pollinate Patagonian plants,Animals,"The page states that Sephanoides sephanoides, the green-backed firecrown, pollinates 20% of local plant species in Patagonia.",high,https://education.nationalgeographic.org/resource/role-keystone-species-ecosystem/,Pollinators,Role of Keystone Species in an Ecosystem,education.nationalgeographic.org,verified
FACT-2026-12-06-S12,6,2026-12-06,"At Kīlauea, water significantly affects eruption explosivity, the texture of erupted rocks, and the amounts and compositions of emitted gases.",12,December,Water affects Kīlauea's eruption explosivity,Nature,The USGS states that water is a key ingredient in all volcanoes and has these significant effects at Kīlauea.,high,https://www.usgs.gov/observatories/hvo/news/volcano-watch-water-kilauea-and-its-role-its-eruptions,Volcanic Eruptions,"Volcano Watch — Water in Kīlauea, and its role in its eruptions | U.S. Geological Survey",www.usgs.gov,verified
FACT-2026-12-06-S13,6,2026-12-06,The modern academic discipline of geography is rooted in ancient practice.,13,December,Geography has ancient roots,Geography,Britannica states that “the modern academic discipline of geography is rooted in ancient practice.”,high,https://www.britannica.com/science/geography,History,"Geography | Definition, Types, History, & Facts | Britannica",www.britannica.com,verified
FACT-2026-12-06-S14,6,2026-12-06,Coral reefs support tourism and fisheries.,14,December,Coral reefs support tourism and fisheries,Ocean & Marine,"The page subtitle explicitly states, ""Coral reefs support jobs, tourism, and fisheries.""",high,https://oceanservice.noaa.gov/news/oct17/coral-economy.html,Human Uses,The Coral Reef Economy,oceanservice.noaa.gov,verified
FACT-2026-12-06-S15,6,2026-12-06,"When water moves from a ductile zone into a brittle zone beneath Yellowstone, fluid pressure in the brittle zone can suddenly increase and trigger an earthquake.",15,December,Water pressure rises when fluids enter brittle rocks,Geography,The page states that water pressure is much higher in ductile rocks and that movement into brittle rocks may cause a sudden pressure increase capable of triggering an earthquake.,high,https://www.usgs.gov/observatories/yvo/news/water-released-crystallizing-magma-can-trigger-earthquakes-yellowstone,Yellowstone Geology,Water Released from Crystallizing Magma can Trigger Earthquakes in Yellowstone | U.S. Geological Survey,www.usgs.gov,verified
FACT-2026-12-06-S16,6,2026-12-06,Almost all rain that falls on land begins as water evaporated from the ocean.,16,December,Ocean evaporation supplies most land rainfall,Ocean & Marine,The NOAA page states that ocean water is constantly evaporating and that almost all rain falling on land starts off in the ocean.,high,https://oceanexplorer.noaa.gov/ocean-fact/climate/,Evaporation and precipitation,How does the ocean affect climate and weather on land? - NOAA Ocean Exploration,oceanexplorer.noaa.gov,verified
FACT-2026-12-06-S17,6,2026-12-06,A Sumerian vessel stand with an ibex support dates to approximately 2600–2350 B.C.,17,December,Sumerian vessel stand,Ancient Civilizations,"The object is identified as a “Vessel stand with ibex support,” attributed to the Sumerian culture and dated “ca. 2600–2350 BCE.”",high,https://www.metmuseum.org/met-publications/art-of-the-ancient-near-east-a-resource-for-educators,Sumerian,Art of the Ancient Near East: A Resource for Educators - The Metropolitan Museum of Art,www.metmuseum.org,verified
FACT-2026-12-06-S18,6,2026-12-06,Sleep disorders are health conditions that can prevent people from getting enough quality sleep.,18,December,Sleep disorders can prevent quality sleep,Human Body,CDC states that some health conditions prevent people from getting enough quality sleep and calls these conditions sleep disorders.,high,https://www.cdc.gov/sleep/about/index.html,Sleep disorders,About Sleep | Sleep | CDC,www.cdc.gov,verified
FACT-2026-12-06-S19,6,2026-12-06,A fossil mould can form when an organism's original material is removed and nothing is deposited in its place.,19,December,Fossil mould formation,Science,"Britannica explains that when the original material is simply removed without replacement, all that remains is a mould of the plant or animal's shape.",high,https://www.britannica.com/science/fossil-record,Fossilization,Fossil record | Definition & Facts | Britannica,www.britannica.com,verified
FACT-2026-12-06-S20,6,2026-12-06,The National Postal Museum has the world's largest and most comprehensive collection of stamps and philatelic material.,20,December,The National Postal Museum holds the world's largest comprehensive stamp collection,World Records & Extremes,The factsheet describes the National Postal Museum's collection as the largest and most comprehensive collection of stamps and philatelic material in the world.,high,https://www.si.edu/newsdesk/factsheets/smithsonian-collections,Philately,,www.si.edu,verified
FACT-2026-12-07-S01,7,2026-12-07,"Jupiter's mass is 1898.125 × 10^24 kg, the largest listed planetary mass.",1,December,Jupiter has the greatest mass of the listed planets,Space,The planetary table lists Jupiter's mass as 1898.125 [J] ± 0.088 × 10^24 kg; all other listed planets have lower masses.,high,https://ssd.jpl.nasa.gov/planets/phys_par.html,Planetary Parameters,Planetary Physical Parameters,ssd.jpl.nasa.gov,verified
FACT-2026-12-07-S02,7,2026-12-07,"American National Biography contains biographical portraits of more than 17,400 men and women whose lives shaped the United States.",2,December,American National Biography coverage,History,"The page states that American National Biography contains portraits of “more than 17,400 men and women” from all eras and walks of life.",high,https://guides.loc.gov/c.php?g=1428775&p=10601238,Biographical History,U. S. History - Main Reading Room Databases and Research - Research Guides at Library of Congress,guides.loc.gov,verified
FACT-2026-12-07-S03,7,2026-12-07,"NASA's New Horizons spacecraft flew past Arrokoth on January 1, 2019.",3,December,New Horizons explored Arrokoth in 2019,Space,"The page states that New Horizons made a high-speed flyby of Arrokoth on Jan. 1, 2019.",high,https://science.nasa.gov/solar-system/kuiper-belt/arrokoth-2014-mu69/facts/,Exploration,Arrokoth: Facts - NASA Science,science.nasa.gov,verified
FACT-2026-12-07-S04,7,2026-12-07,"The deadliest earthquake in recorded history struck China's Shensi province in 1556 and killed about 830,000 people.",4,December,Deadliest recorded earthquake,History,"USGS identifies the 1556 earthquake in Shensi province, China, as the deadliest in recorded history, with about 830,000 deaths.",high,https://www.usgs.gov/programs/earthquake-hazards/earthquake-facts-earthquake-fantasy,Earthquakes,Earthquake Facts & Earthquake Fantasy | U.S. Geological Survey,www.usgs.gov,verified
FACT-2026-12-07-S05,7,2026-12-07,"Ganymede completes one orbit around Jupiter in about seven Earth days, specifically 7.155 days.",5,December,Orbital period around Jupiter,Space,NASA states that Ganymede completes an orbit around Jupiter about every seven Earth days (7.155).,high,https://science.nasa.gov/jupiter/jupiter-moons/ganymede/facts/,Orbits,Ganymede: Facts - NASA Science,science.nasa.gov,verified
FACT-2026-12-07-S06,7,2026-12-07,"Alfred Russel Wallace established the parameters used to define zoogeographic regions in his 1876 book, The Geographical Distribution of Animals.",6,December,Wallace established the parameters for zoogeographic regions,History,"Britannica states that Wallace set the parameters for determining zoogeographic regions in his classic 1876 book, The Geographical Distribution of Animals.",high,https://www.britannica.com/science/biogeographic-region/Fauna,Biogeography,"Biogeographic region - Fauna, Ecosystems, Species | Britannica",www.britannica.com,verified
FACT-2026-12-07-S07,7,2026-12-07,Venus has a mean temperature of 464 °C.,7,December,Venus has the highest listed mean temperature,Space,The 'Mean Temperature (C)' row lists Venus as 464.,high,https://nssdc.gsfc.nasa.gov/planetary/factsheet/,Planetary climate,Planetary Fact Sheet,nssdc.gsfc.nasa.gov,verified
FACT-2026-12-07-S08,7,2026-12-07,"Isotopic analysis showed that Kīlauea's summit lake water was meteoric in origin, meaning it originated as rainwater.",8,December,Kīlauea's summit lake water came from rainfall,Nature,"USGS states that water samples confirmed a meteoric origin: some rain fell directly into the crater, while most percolated into the ground and became groundwater.",high,https://www.usgs.gov/volcanoes/kilauea/frequently-asked-questions-about-kilauea-volcanos-summit-water,Water Chemistry,Frequently Asked Questions About Kīlauea Volcano's Summit Water | U.S. Geological Survey,www.usgs.gov,verified
FACT-2026-12-07-S09,7,2026-12-07,"Black corals have dark skeletons, although living black corals can appear white, pink, or other colors.",9,December,Black coral skeletons,Animals,"NOAA explains that black corals have dark skeletons but appear white, pink, or other colors when alive because living tissue covers their skeletons.",high,https://oceanexplorer.noaa.gov/ocean-facts/,Corals,Ocean Exploration Facts - NOAA Ocean Exploration,oceanexplorer.noaa.gov,verified
FACT-2026-12-07-S10,7,2026-12-07,Tephra is made of airborne lava fragments produced by volcanic eruptions.,10,December,Tephra consists of airborne lava fragments,Nature,The page labels tephra as “airborne lava fragments” and describes fragments erupted by high lava fountains.,high,https://www.usgs.gov/news/featured-story/volcanoes-and-usgs-volcano-science-just-facts,Volcanic materials,Volcanoes and USGS Volcano Science: Just the Facts | U.S. Geological Survey,www.usgs.gov,verified
FACT-2026-12-07-S11,7,2026-12-07,"Xiao Qi Ji was born on August 21, 2020, after Mei Xiang was artificially inseminated with frozen semen from Tian Tian.",11,December,Xiao Qi Ji was born through artificial insemination using frozen-thawed semen,Animals,The page states that Mei Xiang was artificially inseminated on March 22 using frozen semen from Tian Tian and gave birth to a male cub on August 21; it calls the birth the first outside China from artificial insemination with frozen-thawed semen only.,high,https://nationalzoo.si.edu/animals/history-giant-pandas-zoo,Giant Pandas,The History of Giant Pandas at the Smithsonian's National Zoo and Conservation Biology Institute,nationalzoo.si.edu,verified
FACT-2026-12-07-S12,7,2026-12-07,"Yellowstone preserves terrestrial, aquatic, and microbial life.",12,December,Yellowstone's Biological Diversity,Nature,"The National Park Service says Yellowstone preserves a great variety of terrestrial, aquatic, and microbial life.",high,https://www.nps.gov/yell/learn/nature/index.htm,Biodiversity,Nature - Yellowstone National Park (U.S. National Park Service),www.nps.gov,verified
FACT-2026-12-07-S13,7,2026-12-07,The 2017 Maple Creek earthquake swarm in Yellowstone is thought to have begun when pressurized water caused faults to rupture.,13,December,The Maple Creek swarm began with pressurized water,Geography,"The page states that the Maple Creek swarm began as pressurized water caused faults to rupture, opening pathways that allowed more faults to break.",high,https://www.usgs.gov/observatories/yvo/news/water-released-crystallizing-magma-can-trigger-earthquakes-yellowstone,Yellowstone Earthquakes,Water Released from Crystallizing Magma can Trigger Earthquakes in Yellowstone | U.S. Geological Survey,www.usgs.gov,verified
FACT-2026-12-07-S14,7,2026-12-07,Backscatter is sound energy reflected back to its source after striking the seafloor or objects in the water column.,14,December,Backscatter,Ocean & Marine,NOAA explains that backscatter is sound energy reflected back to its source after hitting the seafloor or objects in the water column.,high,https://oceanexplorer.noaa.gov/ocean-facts/,Ocean exploration technology,Ocean Exploration Facts - NOAA Ocean Exploration,oceanexplorer.noaa.gov,verified
FACT-2026-12-07-S15,7,2026-12-07,"Wallace recognized three zoogeographic realms: Megagaea, Notogaea, and Neogaea.",15,December,Wallace recognized three zoogeographic realms,Geography,"The page says Wallace recognized three realms: Megagaea or Arcotogaea, Notogaea, and Neogaea.",high,https://www.britannica.com/science/biogeographic-region/Fauna,Biogeographic Regions,"Biogeographic region - Fauna, Ecosystems, Species | Britannica",www.britannica.com,verified
FACT-2026-12-07-S16,7,2026-12-07,"The Tongue of the Ocean is a deep-water basin in the Bahamas surrounded on its east, west, and south sides by the Great Bahama Bank.",16,December,The Tongue of the Ocean is a deep basin in the Bahamas,Ocean & Marine,"NOAA CoastWatch states that the Tongue of the Ocean is a deep-water basin in the Bahamas and that the Great Bahama Bank, a carbonate bank, surrounds it to the east, west, and south.",high,https://oceanwatch.noaa.gov/cwn/data-applications/climate-weather.html,Oceanography,Climate & Weather | NOAA CoastWatch,oceanwatch.noaa.gov,verified
FACT-2026-12-07-S17,7,2026-12-07,Monumental reliefs were among the artistic works produced in the ancient Near East.,17,December,Monumental Reliefs,Ancient Civilizations,The guide includes “monumental reliefs” among its selection of ancient Near Eastern works.,high,https://www.metmuseum.org/learn/educators/curriculum-resources/the-art-of-the-ancient-near-east,Art Forms,The Art of the Ancient Near East | The Metropolitan Museum of Art,www.metmuseum.org,verified
FACT-2026-12-07-S18,7,2026-12-07,"Regular physical activity benefits adolescents' physical health, aids cognitive functioning, and may reduce the risk of depression.",18,December,Health effects associated with regular adolescent physical activity,Human Body,"The CDC states that regular physical activity 'benefits adolescents' physical health, aids cognitive functioning, and may reduce the risk of depression.'",high,https://www.cdc.gov/yrbs/dstr/dietary-physical-sleep-behaviors.html,Health and Development,"Data Summary & Trends Report for Dietary, Physical Activity, and Sleep Behaviors | Youth Risk Behavior Surveillance System (YRBSS) | CDC",www.cdc.gov,verified
FACT-2026-12-07-S19,7,2026-12-07,Zoology is the branch of biology that studies members of the animal kingdom and animal life in general.,19,December,Zoology studies animals and animal life,Science,Britannica defines zoology as the branch of biology concerned with the members of the animal kingdom and animal life in general.,high,https://www.britannica.com/science/zoology,Biology,"Zoology | Definition, History, Examples, Importance, & Facts | Britannica",www.britannica.com,verified
FACT-2026-12-07-S20,7,2026-12-07,Vesta is about 329 miles (530 kilometers) in diameter and is the largest asteroid identified on the page.,20,December,Vesta is the largest asteroid,World Records & Extremes,"NASA describes Vesta as the largest asteroid, measuring about 329 miles (530 kilometers) in diameter.",high,https://science.nasa.gov/solar-system/asteroids/facts/,Asteroid Size,Asteroid Facts,science.nasa.gov,verified
FACT-2026-12-08-S01,8,2026-12-08,Europa's ice shell is estimated to be 10 to 15 miles (15 to 25 kilometers) thick.,1,December,Europa's ice shell may be up to 15 miles thick,Space,NASA estimates Europa's ice shell at 10 to 15 miles (15 to 25 kilometers) thick.,high,https://science.nasa.gov/jupiter/jupiter-moons/europa/europa-facts/,Internal Structure,Europa: Facts - NASA Science,science.nasa.gov,verified
FACT-2026-12-08-S02,8,2026-12-08,"About 3,600 years ago, an eruption around Mount St. Helens was four times larger than the 1980 eruption.",2,December,"An eruption about 3,600 years ago was four times larger",History,"The page states that an eruption around 3,600 years ago was four times larger and devastated the surrounding landscape.",high,https://www.usgs.gov/news/featured-story/volcanoes-and-usgs-volcano-science-just-facts,Mount St. Helens,Volcanoes and USGS Volcano Science: Just the Facts | U.S. Geological Survey,www.usgs.gov,verified
FACT-2026-12-08-S03,8,2026-12-08,Mars is the fourth planet from the Sun.,3,December,Mars is the fourth planet from the Sun,Space,NASA describes Mars as “the fourth planet from the Sun.”,high,https://science.nasa.gov/mars/facts/,Planetary Characteristics,Mars: Facts - NASA Science,science.nasa.gov,verified
FACT-2026-12-08-S04,8,2026-12-08,NASA established the Planetary Defense Coordination Office in 2016 to organize U.S. efforts to track asteroids that might threaten Earth.,4,December,The Planetary Defense Coordination Office was established in 2016,History,NASA states that the PDCO was established in 2016 to better organize U.S. asteroid-tracking efforts.,high,https://science.nasa.gov/asteroids-comets-meteors/facts/,Planetary Defense,"Asteroids, Comets & Meteors: Facts - NASA Science",science.nasa.gov,verified
FACT-2026-12-08-S05,8,2026-12-08,Mercury completes one rotation on its axis every 59 Earth days.,5,December,Mercury has a 59-day rotation period,Space,NASA states that Mercury spins slowly on its axis and completes one rotation every 59 Earth days.,high,https://science.nasa.gov/mercury/facts/,Rotation,Mercury: Facts,science.nasa.gov,verified
FACT-2026-12-08-S06,8,2026-12-08,"Yellowstone National Park was established on March 1, 1872.",6,December,Yellowstone was established in 1872,History,"The page gives Yellowstone’s establishment date as March 1, 1872.",high,https://www.nps.gov/articles/nps-geodiversity-atlas-yellowstone-national-park-wyoming-montana-and-idaho.htm,National Parks,"NPS Geodiversity Atlas—Yellowstone National Park, Wyoming, Montana, and Idaho (U.S. National Park Service)",www.nps.gov,verified
FACT-2026-12-08-S07,8,2026-12-08,Uranus has an obliquity to its orbit of 97.8 degrees.,7,December,Uranus has the highest listed orbital obliquity,Space,The 'Obliquity to Orbit (degrees)' row lists Uranus as 97.8 degrees.,high,https://nssdc.gsfc.nasa.gov/planetary/factsheet/,Planetary climate,Planetary Fact Sheet,nssdc.gsfc.nasa.gov,verified
FACT-2026-12-08-S08,8,2026-12-08,The summit water lake at Kīlauea had a pH of around 4.,8,December,Kīlauea's summit lake was mildly acidic,Nature,"USGS reports that analyses showed the lake was mildly acidic, with a pH of around 4, approximately the acidity of tomato juice.",high,https://www.usgs.gov/volcanoes/kilauea/frequently-asked-questions-about-kilauea-volcanos-summit-water,Water Chemistry,Frequently Asked Questions About Kīlauea Volcano's Summit Water | U.S. Geological Survey,www.usgs.gov,verified
FACT-2026-12-08-S09,8,2026-12-08,"A coral polyp uses calcium carbonate from seawater to build a hard, cup-shaped skeleton.",9,December,Coral polyps build limestone skeletons,Animals,"NOAA states that the polyp uses calcium carbonate, or limestone, from seawater to build a hard, cup-shaped skeleton.",high,https://oceanexplorer.noaa.gov/ocean-fact/coral-animal/,Coral anatomy,"Are corals animals, plants, or something else? - NOAA Ocean Exploration",oceanexplorer.noaa.gov,verified
FACT-2026-12-08-S10,8,2026-12-08,"Volcanic cones are prone to landslides because they are tall, steep, and weakened by rising and erupting molten rock.",10,December,Why volcanic cones are prone to landslides,Nature,"The USGS explains that landslides are common on volcanic cones because the cones are tall, steep, and weakened by magma.",high,https://www.usgs.gov/programs/VHP/landslides-are-common-tall-steep-and-weak-volcanic-cones,Volcanoes,"Landslides are common on tall, steep, and weak volcanic cones | U.S. Geological Survey",www.usgs.gov,verified
FACT-2026-12-08-S11,8,2026-12-08,A giant panda pseudopregnancy occurs when the animal’s behavior and hormones mimic pregnancy even though it is not pregnant.,11,December,Panda pseudopregnancy can mimic pregnancy,Animals,The page defines pseudopregnancies as situations “when giant pandas’ behavior and hormones mimic a pregnancy even if they are not pregnant.”,high,https://nationalzoo.si.edu/animals/history-giant-pandas-zoo,Giant Pandas,The History of Giant Pandas at the Smithsonian's National Zoo and Conservation Biology Institute,nationalzoo.si.edu,verified
FACT-2026-12-08-S12,8,2026-12-08,"Yellowstone forms the core of the Greater Yellowstone Ecosystem, described by the NPS as one of the largest nearly intact temperate-zone ecosystems on Earth.",12,December,Yellowstone is the core of the Greater Yellowstone Ecosystem,Nature,The introduction identifies Yellowstone as the core of the Greater Yellowstone Ecosystem and characterizes it as one of Earth’s largest nearly intact temperate-zone ecosystems.,high,https://www.nps.gov/articles/nps-geodiversity-atlas-yellowstone-national-park-wyoming-montana-and-idaho.htm,Ecosystems,"NPS Geodiversity Atlas—Yellowstone National Park, Wyoming, Montana, and Idaho (U.S. National Park Service)",www.nps.gov,verified
FACT-2026-12-08-S13,8,2026-12-08,The Hawaiian Islands are made up of volcanoes located in the center of the Pacific tectonic Plate.,13,December,Hawaiian Islands are volcanoes within the Pacific Plate,Geography,The USGS page states that the Hawaiian Islands are made up of volcanoes in the center of the Pacific (tectonic) Plate.,high,https://www.usgs.gov/educational-resources/exploring-hot-spot-volcanism-and-a-mysterious-lake-summit-kilauea-using,Hawaiian Islands,"Exploring hot spot volcanism and a mysterious lake at the summit of Kīlauea using models, USGS data, and Hawaiian moʻolelo | U.S. Geological Survey",www.usgs.gov,verified
FACT-2026-12-08-S14,8,2026-12-08,Harmful fishing practices are a major threat to coral reef ecosystems.,14,December,Harmful fishing practices threaten coral reefs,Ocean & Marine,"NOAA identifies ""harmful fishing practices"" among the leading threats to coral reef ecosystems.",high,https://oceanservice.noaa.gov/news/oct17/coral-economy.html,Threats,The Coral Reef Economy,oceanservice.noaa.gov,verified
FACT-2026-12-08-S15,8,2026-12-08,The Gobi Desert stretches across Mongolia and China and is a cold desert with freezing temperatures.,15,December,The Gobi is a cold desert,Geography,National Geographic describes the Gobi Desert as stretching across Mongolia and China and having a cold climate with freezing temperatures.,high,https://education.nationalgeographic.org/resource/ecosystem/,Deserts,Ecosystem,education.nationalgeographic.org,verified
FACT-2026-12-08-S16,8,2026-12-08,"Ocean evaporation increases the temperature and humidity of surrounding air, helping form rain and storms.",16,December,Ocean evaporation contributes to storms,Ocean & Marine,"NOAA explains that heated water molecules exchange with air through evaporation, increasing surrounding air temperature and humidity to form rain and storms.",high,https://oceanexplorer.noaa.gov/ocean-fact/climate/,Weather formation,How does the ocean affect climate and weather on land? - NOAA Ocean Exploration,oceanexplorer.noaa.gov,verified
FACT-2026-12-08-S17,8,2026-12-08,An Akkadian cylinder seal depicting a hunting scene dates to approximately 2250–2150 B.C.,17,December,Akkadian cylinder seal,Ancient Civilizations,"The page lists a “Cylinder seal and modern impression: hunting scene,” attributed to the Akkadian period and dated “ca. 2250–2150 BCE.”",high,https://www.metmuseum.org/met-publications/art-of-the-ancient-near-east-a-resource-for-educators,Akkadian,Art of the Ancient Near East: A Resource for Educators - The Metropolitan Museum of Art,www.metmuseum.org,verified
FACT-2026-12-08-S18,8,2026-12-08,Adjacent layers in some geological sequences contain fossils distinct from those in the layers immediately above and below them.,18,December,Fossils vary between rock layers,Science,Britannica notes that each layer in some sequences contains fossils distinct from those of the layers above and below it.,high,https://www.britannica.com/science/fossil-record,Biostratigraphy,Fossil record | Definition & Facts | Britannica,www.britannica.com,verified
FACT-2026-12-08-S19,8,2026-12-08,"NOAA monitors the ocean, land, sun, and atmospheric chemistry to understand and predict local or global climate changes.",19,December,NOAA monitors climate-influencing factors,Technology,NOAA states that it monitors these factors to understand and predict changes to local or global climate.,high,https://www.noaa.gov/climate-education,Environmental Monitoring,Climate Education | National Oceanic and Atmospheric Administration,www.noaa.gov,verified
FACT-2026-12-08-S20,8,2026-12-08,"The Chicxulub Crater is about 112 miles (180 kilometers) wide and 3,000 feet (900 meters) deep.",20,December,The Chicxulub crater is 112 miles wide,World Records & Extremes,"NASA gives the Chicxulub Crater’s dimensions as 112 miles (180 kilometers) wide and 3,000 feet (900 meters) deep.",high,https://science.nasa.gov/solar-system/asteroids/facts/,Asteroid Impacts,Asteroid Facts,science.nasa.gov,verified
FACT-2026-12-09-S01,9,2026-12-09,"One astronomical unit is the distance from the Sun to Earth, about 93 million miles (150 million kilometers).",1,December,An astronomical unit measures the Sun-Earth distance,Space,NASA defines one AU as the Sun-Earth distance and gives its approximate value as 93 million miles (150 million kilometers).,high,https://science.nasa.gov/solar-system/solar-system-facts/,Astronomical Measurements,Solar System: Facts - NASA Science,science.nasa.gov,verified
FACT-2026-12-09-S02,9,2026-12-09,"EBSCO’s eBook History Collection features more than 19,000 history titles.",2,December,EBSCO eBook History Collection size,History,"The Library of Congress page states that the collection “features more than 19,000 quality titles.”",high,https://guides.loc.gov/c.php?g=1428775&p=10601238,Digital Collections,U. S. History - Main Reading Room Databases and Research - Research Guides at Library of Congress,guides.loc.gov,verified
FACT-2026-12-09-S03,9,2026-12-09,Arrokoth is the most distant object ever explored up close by a spacecraft.,3,December,Arrokoth is the most distant object explored by spacecraft,Space,"NASA calls Arrokoth ""the most distant and the most primitive object ever explored by a spacecraft.""",high,https://science.nasa.gov/solar-system/kuiper-belt/arrokoth-2014-mu69/facts/,Exploration Records,Arrokoth: Facts - NASA Science,science.nasa.gov,verified
FACT-2026-12-09-S04,9,2026-12-09,"William Temple Hornaday brought 15 North American species to live on Washington, D.C.'s National Mall in 1886.",4,December,First Animals on the National Mall,History,The page states that Hornaday became the first head of the Smithsonian's Department of Living Animals later in 1886 and brought 15 North American species to the National Mall.,high,https://nationalzoo.si.edu/about/history,Zoo History,,nationalzoo.si.edu,verified
FACT-2026-12-09-S05,9,2026-12-09,Didymos completes one rotation about every 2.26 hours.,5,December,Didymos rotates once every 2.26 hours,Space,"NASA states that Didymos spins rapidly, rotating about once every 2.26 hours.",high,https://science.nasa.gov/solar-system/asteroids/didymos/,Asteroid Rotation,Didymos & Dimorphos - NASA Science,science.nasa.gov,verified
FACT-2026-12-09-S06,9,2026-12-09,The Met’s Eastern Africa chronology covers the period from 1600 to 1800 A.D.,6,December,The Eastern Africa chronology spans 1600 to 1800 A.D.,History,"The Chronologies section labels it “Eastern Africa, 1600–1800 A.D.”",high,https://www.metmuseum.org/essays/timeline-of-art-history,Art chronology,Heilbrunn Timeline of Art History - The Metropolitan Museum of Art,www.metmuseum.org,verified
FACT-2026-12-09-S07,9,2026-12-09,Asteroid and comet impacts occurred more often when the solar system was young than they do today.,7,December,Impacts were more frequent in the young solar system,Space,The page describes cosmic collisions as natural events and states that they happened much more often when the solar system was young.,high,https://science.nasa.gov/asteroids-comets-meteors/facts/,Planetary Impacts,"Asteroids, Comets & Meteors: Facts - NASA Science",science.nasa.gov,verified
FACT-2026-12-09-S08,9,2026-12-09,"Volcanic eruptions can last days, months, or years.",8,December,Eruptions can last for years,Nature,"The USGS states that volcanic eruptions can last days, months, or even years.",high,https://www.usgs.gov/programs/VHP/about-volcanoes,Volcanic eruptions,About Volcanoes | U.S. Geological Survey,www.usgs.gov,verified
FACT-2026-12-09-S09,9,2026-12-09,Beavers alter woodland meadows and streams into wetlands by thinning trees and using timber to build dams.,9,December,Beavers create wetland habitats,Animals,"National Geographic describes beavers as allogenic ecosystem engineers that thin older trees, allow saplings to grow, and use timber for dams that change meadows and streams into wetlands.",high,https://education.nationalgeographic.org/resource/role-keystone-species-ecosystem/,Ecosystem Engineers,Role of Keystone Species in an Ecosystem,education.nationalgeographic.org,verified
FACT-2026-12-09-S10,9,2026-12-09,An earthquake near an active volcano can change stresses around its magma chamber and potentially make an eruption more likely.,10,December,Local earthquakes can alter volcanic stress,Nature,"The page explains that displacement from a relatively nearby earthquake can change stresses around the magma chamber, depending on the earthquake type and fault geometry.",high,https://www.usgs.gov/observatories/hvo/news/volcano-watch-can-earthquakes-trigger-volcanic-eruptions,Volcanology,Volcano Watch — Can earthquakes trigger volcanic eruptions? | U.S. Geological Survey,www.usgs.gov,verified
FACT-2026-12-09-S11,9,2026-12-09,Yellowstone has 285 bird species.,11,December,Bird Species in Yellowstone,Animals,The Wildlife section lists 285 birds among the park's species.,high,https://www.nps.gov/yell/learn/nature/index.htm,Species Diversity,Nature - Yellowstone National Park (U.S. National Park Service),www.nps.gov,verified
FACT-2026-12-09-S12,9,2026-12-09,A phreatomagmatic eruption occurs when magma interacts with external water.,12,December,Phreatomagmatic eruptions,Nature,The page defines a phreatomagmatic eruption as an eruption that occurs when magma interacts with external water.,high,https://www.usgs.gov/observatories/hvo/news/volcano-watch-water-kilauea-and-its-role-its-eruptions,Volcanic Eruptions,"Volcano Watch — Water in Kīlauea, and its role in its eruptions | U.S. Geological Survey",www.usgs.gov,verified
FACT-2026-12-09-S13,9,2026-12-09,Kīlauea's 2018 eruption caused one of the largest collapses of its summit caldera in two hundred years.,13,December,Kīlauea's 2018 eruption collapsed its summit,Geography,The overview states that the 2018 eruption resulted in one of the largest collapses of Kīlauea's summit caldera in two hundred years.,high,https://www.usgs.gov/educational-resources/exploring-hot-spot-volcanism-and-a-mysterious-lake-summit-kilauea-using,Kīlauea,"Exploring hot spot volcanism and a mysterious lake at the summit of Kīlauea using models, USGS data, and Hawaiian moʻolelo | U.S. Geological Survey",www.usgs.gov,verified
FACT-2026-12-09-S14,9,2026-12-09,"The global seabed includes textures such as muddy clay, sand, and rocky boulders.",14,December,Seabed textures,Ocean & Marine,"NOAA states that the global seabed has a wide range of textures and may be covered in muddy clay, sand, rocky boulders, or other features.",high,https://oceanexplorer.noaa.gov/ocean-facts/,Seafloor composition,Ocean Exploration Facts - NOAA Ocean Exploration,oceanexplorer.noaa.gov,verified
FACT-2026-12-09-S15,9,2026-12-09,"The Metropolitan Museum of Art’s Central America chronologies for 1000 B.C.–1 A.D. and 1–500 A.D. encompass present-day Costa Rica, southern Nicaragua, and Panama.",15,December,"The Met’s Central America chronology initially covers Costa Rica, southern Nicaragua, and Panama",Geography,"The page states that both listed Central America chronologies encompass “present-day Costa Rica, southern Nicaragua, and Panama.”",high,https://metmuseum.org/toah/chronology/,Regional scope,Chronology | Heilbrunn Timeline of Art History | The Metropolitan Museum of Art,metmuseum.org,verified
FACT-2026-12-09-S16,9,2026-12-09,The Gulf of America Loop Current carries warm Caribbean water northward between the Yucatán Peninsula and Cuba into the Gulf.,16,December,The Gulf Loop Current transports warm Caribbean water northward,Ocean & Marine,NOAA CoastWatch states that the loop current brings warm Caribbean water northward between the Yucatán Peninsula and Cuba and into the Gulf.,high,https://oceanwatch.noaa.gov/cwn/data-applications/climate-weather.html,Ocean Currents,Climate & Weather | NOAA CoastWatch,oceanwatch.noaa.gov,verified
FACT-2026-12-09-S17,9,2026-12-09,Cuneiform tablets were a form of material culture in the ancient Near East.,17,December,Cuneiform Tablets,Ancient Civilizations,The Metropolitan Museum lists “cuneiform tablets” among the thirty works discussed in the resource.,high,https://www.metmuseum.org/learn/educators/curriculum-resources/the-art-of-the-ancient-near-east,Writing and Administration,The Art of the Ancient Near East | The Metropolitan Museum of Art,www.metmuseum.org,verified
FACT-2026-12-09-S18,9,2026-12-09,"Zoology investigates individual animals and their parts at the molecular level, as well as animal populations and entire faunas.",18,December,Zoology spans molecular to population-level study,Science,"The page states that zoology examines individual animals and their constituent parts, even to the molecular level, along with animal populations and entire faunas.",high,https://www.britannica.com/science/zoology,Zoological Research,"Zoology | Definition, History, Examples, Importance, & Facts | Britannica",www.britannica.com,verified
FACT-2026-12-09-S19,9,2026-12-09,Synthetic Aperture Radar is an active radar satellite instrument that transmits microwave pulses that bounce off Earth's surface.,19,December,Synthetic Aperture Radar transmits microwave pulses,Technology,NOAA CoastWatch defines SAR as an active radar satellite instrument whose microwave pulses bounce off Earth's surface.,high,https://oceanwatch.noaa.gov/cwn/data-applications/climate-weather.html,Remote Sensing,Climate & Weather | NOAA CoastWatch,oceanwatch.noaa.gov,verified
FACT-2026-12-09-S20,9,2026-12-09,The Moon's surface reaches about 260 degrees Fahrenheit (127 degrees Celsius) in full sunlight and falls to about -280 degrees Fahrenheit (-173 degrees Celsius) in darkness.,20,December,The Moon's extreme surface temperatures,World Records & Extremes,NASA gives approximately 260°F (127°C) in full Sun and -280°F (-173°C) in darkness.,high,https://science.nasa.gov/moon/facts/,Temperature,Moon Facts - NASA Science,science.nasa.gov,verified
FACT-2026-12-10-S01,10,2026-12-10,Jupiter's rotation period is 9.9 hours.,1,December,Jupiter rotates in about ten hours,Space,The 'Rotation Period (hours)' row lists Jupiter as 9.9 hours.,high,https://nssdc.gsfc.nasa.gov/planetary/factsheet/,Planetary motion,Planetary Fact Sheet,nssdc.gsfc.nasa.gov,verified
FACT-2026-12-10-S02,10,2026-12-10,"Theodore Roosevelt created Petrified Forest National Monument on December 8, 1906.",2,December,Petrified Forest National Monument established,History,"The National Park Service page states that Theodore Roosevelt created the monument on December 8, 1906.",high,https://www.nps.gov/pefo/planyourvisit/fast-facts.htm,Protected Areas,Fast Facts - Petrified Forest National Park (U.S. National Park Service),www.nps.gov,verified
FACT-2026-12-10-S03,10,2026-12-10,Mercury has no natural moons.,3,December,Mercury has no moons,Space,"NASA states, “Mercury doesn't have moons.”",high,https://science.nasa.gov/mercury/facts/,Planetary Systems,Mercury: Facts,science.nasa.gov,verified
FACT-2026-12-10-S04,10,2026-12-10,"Although modified, Wallace’s zoogeographic divisions form the basis of the realms recognized today.",4,December,Wallace’s divisions underpin modern zoogeographic realms,History,"The page states that Wallace’s divisions, although modified, form the basis of the realms recognized today.",high,https://www.britannica.com/science/biogeographic-region/Fauna,Biogeography,"Biogeographic region - Fauna, Ecosystems, Species | Britannica",www.britannica.com,verified
FACT-2026-12-10-S05,10,2026-12-10,"Ganymede is tidally locked, so the same side always faces Jupiter.",5,December,Tidally locked to Jupiter,Space,"NASA explains that Ganymede is tidally locked, meaning the same side of the moon always faces Jupiter.",high,https://science.nasa.gov/jupiter/jupiter-moons/ganymede/facts/,Tidal Locking,Ganymede: Facts - NASA Science,science.nasa.gov,verified
FACT-2026-12-10-S06,10,2026-12-10,Yellowstone was designated a Biosphere Reserve in 1976.,6,December,Yellowstone became a Biosphere Reserve in 1976,History,The page states that Yellowstone was designated as a Biosphere Reserve in 1976.,high,https://www.nps.gov/articles/nps-geodiversity-atlas-yellowstone-national-park-wyoming-montana-and-idaho.htm,International Designations,"NPS Geodiversity Atlas—Yellowstone National Park, Wyoming, Montana, and Idaho (U.S. National Park Service)",www.nps.gov,verified
FACT-2026-12-10-S07,10,2026-12-10,Venus has a sidereal rotation period of −243.018 days.,7,December,Venus rotates retrograde,Space,The planetary table lists Venus's sidereal rotation period as −243.018 [C] days; the column is defined as the time required for a full rotation relative to fixed stars.,high,https://ssd.jpl.nasa.gov/planets/phys_par.html,Planetary Parameters,Planetary Physical Parameters,ssd.jpl.nasa.gov,verified
FACT-2026-12-10-S08,10,2026-12-10,Fire is a natural process that shapes Yellowstone's ecosystem.,8,December,Fire as an Ecological Process,Nature,The Fire section states that fire is a natural process and shapes the ecosystem.,high,https://www.nps.gov/yell/learn/nature/index.htm,Fire Ecology,Nature - Yellowstone National Park (U.S. National Park Service),www.nps.gov,verified
FACT-2026-12-10-S09,10,2026-12-10,The fangtooth Anoplogaster cornuta has the biggest teeth of any ocean animal relative to its body size.,9,December,Fangtooth tooth size,Animals,NOAA states that the fangtooth Anoplogaster cornuta has the biggest teeth of any ocean animal compared to its body size.,high,https://oceanexplorer.noaa.gov/ocean-facts/,Fish,Ocean Exploration Facts - NOAA Ocean Exploration,oceanexplorer.noaa.gov,verified
FACT-2026-12-10-S10,10,2026-12-10,Both effusive and explosive eruptions are possible at Kīlauea's summit.,10,December,Kīlauea can produce effusive and explosive eruptions,Nature,"USGS states that, based on past summit activity, HVO geologists know both effusive and explosive eruptions are possible.",high,https://www.usgs.gov/volcanoes/kilauea/frequently-asked-questions-about-kilauea-volcanos-summit-water,Volcanic Eruptions,Frequently Asked Questions About Kīlauea Volcano's Summit Water | U.S. Geological Survey,www.usgs.gov,verified
FACT-2026-12-10-S11,10,2026-12-10,"Yellowstone is home to more than 1,000 species of native plants.",11,December,"Yellowstone supports more than 1,000 native plant species",Animals,"The NPS page states that the ecosystem is home to more than 1,000 species of native plants.",high,https://www.nps.gov/articles/nps-geodiversity-atlas-yellowstone-national-park-wyoming-montana-and-idaho.htm,Biodiversity,"NPS Geodiversity Atlas—Yellowstone National Park, Wyoming, Montana, and Idaho (U.S. National Park Service)",www.nps.gov,verified
FACT-2026-12-10-S12,10,2026-12-10,The Halemaʻumaʻu lake grew to an approximate maximum depth of 50 meters.,12,December,The lake reached about 50 meters deep,Nature,The USGS reports that the lake “grew to a depth of ∼50 m.”,high,https://www.usgs.gov/publications/chemistry-growth-and-fate-unique-short-lived-2019-2020-water-lake-summit-kilauea,Volcanic Lakes,"Chemistry, growth, and fate of the unique, short-lived (2019–2020) water lake at the summit of Kīlauea Volcano, Hawaii | U.S. Geological Survey",www.usgs.gov,verified
FACT-2026-12-10-S13,10,2026-12-10,"The Smithsonian Conservation Biology Institute's non-public research facility in Front Royal, Virginia, covers 3,200 acres.",13,December,"Front Royal Research Facility Covers 3,200 Acres",Geography,"The page describes the Front Royal facility as a non-public, 3,200-acre research facility and headquarters for scientists studying endangered species and their habitats.",high,https://nationalzoo.si.edu/about/history,Research Facilities,,nationalzoo.si.edu,verified
FACT-2026-12-10-S14,10,2026-12-10,"Pressurized fluids in a fault zone can partially counteract the force holding the two sides of the fault together, making slip easier.",14,December,Pressurized fluids can trigger fault slip,Science,"The USGS explains that pressure variations from water flowing through the crust can partially counter the force pressing fault blocks together, allowing them to slip.",high,https://www.usgs.gov/observatories/yvo/news/water-released-crystallizing-magma-can-trigger-earthquakes-yellowstone,Earthquakes,Water Released from Crystallizing Magma can Trigger Earthquakes in Yellowstone | U.S. Geological Survey,www.usgs.gov,verified
FACT-2026-12-10-S15,10,2026-12-10,"Geography is concerned with the characteristics of places, including their natural environments and peoples.",15,December,Geography examines natural environments and peoples,Geography,"The page says geography is concerned with “the characteristics of places, in particular their natural environments and peoples.”",high,https://www.britannica.com/science/geography,Subject Matter,"Geography | Definition, Types, History, & Facts | Britannica",www.britannica.com,verified
FACT-2026-12-10-S16,10,2026-12-10,"Zoology studies relationships among animals and between animals, plants, and the nonliving environment.",16,December,Zoology examines animal relationships,Science,"Britannica describes zoology as including inquiry into animals’ relationships to each other, to plants, and to the nonliving environment.",high,https://www.britannica.com/science/zoology,Ecology,"Zoology | Definition, History, Examples, Importance, & Facts | Britannica",www.britannica.com,verified
FACT-2026-12-10-S17,10,2026-12-10,A Proto-Elamite silver object depicts a kneeling bull holding a spouted vessel and dates to approximately 3100–2900 B.C.,17,December,Proto-Elamite silver bull vessel,Ancient Civilizations,"The page identifies a “Kneeling bull holding a spouted vessel,” made of silver and attributed to the Proto-Elamite culture, dated “ca. 3100–2900 BCE.”",high,https://www.metmuseum.org/met-publications/art-of-the-ancient-near-east-a-resource-for-educators,Proto-Elamite,Art of the Ancient Near East: A Resource for Educators - The Metropolitan Museum of Art,www.metmuseum.org,verified
FACT-2026-12-10-S18,10,2026-12-10,Ocean currents transport warm water and precipitation from the equator toward the poles and cold water from the poles toward the tropics.,18,December,Ocean currents distribute heat globally,Ocean & Marine,NOAA compares currents to a conveyor belt that transports warm water and precipitation equatorward-to-poleward and cold water poleward-to-tropics.,high,https://oceanexplorer.noaa.gov/ocean-fact/climate/,Ocean currents,How does the ocean affect climate and weather on land? - NOAA Ocean Exploration,oceanexplorer.noaa.gov,verified
FACT-2026-12-10-S19,10,2026-12-10,Smithsonian research showed that giant panda semen remains resilient during cold storage at subzero temperatures.,19,December,Giant panda semen can withstand subzero cold storage,Technology,The page states that pioneering attempts to cryopreserve giant panda semen showed it was “resilient to cold storage at subzero temperatures.”,high,https://nationalzoo.si.edu/animals/history-giant-pandas-zoo,Cryopreservation,The History of Giant Pandas at the Smithsonian's National Zoo and Conservation Biology Institute,nationalzoo.si.edu,verified
FACT-2026-12-10-S20,10,2026-12-10,The north-flank landslide during the 1980 Mount St. Helens eruption was the largest in recorded history.,20,December,The 1980 Mount St. Helens landslide was the largest recorded,World Records & Extremes,The page quotes the National Park Service describing the north flank’s collapse as “the largest in recorded history.”,high,https://www.usgs.gov/news/featured-story/volcanoes-and-usgs-volcano-science-just-facts,Landslides,Volcanoes and USGS Volcano Science: Just the Facts | U.S. Geological Survey,www.usgs.gov,verified
FACT-2026-12-11-S01,11,2026-12-11,"Arrokoth measures about 22 miles (35 kilometers) long, 12 miles (20 kilometers) wide, and 6 miles (10 kilometers) thick.",1,December,Arrokoth's dimensions,Space,"NASA gives Arrokoth's overall dimensions as about 22 miles (35 km) long, 12 miles (20 km) wide, and 6 miles (10 km) thick.",high,https://science.nasa.gov/solar-system/kuiper-belt/arrokoth-2014-mu69/facts/,Size,Arrokoth: Facts - NASA Science,science.nasa.gov,verified
FACT-2026-12-11-S02,11,2026-12-11,A coral polyp’s hard skeleton protects its soft body.,2,December,Coral skeletons protect polyps,Animals,"NOAA says the skeleton protects the soft, delicate body of the polyp.",high,https://oceanexplorer.noaa.gov/ocean-fact/coral-animal/,Coral anatomy,"Are corals animals, plants, or something else? - NOAA Ocean Exploration",oceanexplorer.noaa.gov,verified
FACT-2026-12-11-S03,11,2026-12-11,Europa completes one orbit around Jupiter approximately every 3.5 days.,3,December,Europa orbits Jupiter every 3.5 days,Space,NASA states that Europa orbits Jupiter every 3.5 days.,high,https://science.nasa.gov/jupiter/jupiter-moons/europa/europa-facts/,Orbit and Rotation,Europa: Facts - NASA Science,science.nasa.gov,verified
FACT-2026-12-11-S04,11,2026-12-11,"Under the 2024 cooperative agreement, any giant panda cubs born at the Smithsonian’s National Zoo must move to China by age four.",4,December,Giant panda cubs born at the Zoo move to China by age four,Animals,The page states: “Any cubs born at NZCBI will move to China by the age of 4.”,high,https://nationalzoo.si.edu/animals/history-giant-pandas-zoo,Giant Pandas,The History of Giant Pandas at the Smithsonian's National Zoo and Conservation Biology Institute,nationalzoo.si.edu,verified
FACT-2026-12-11-S05,11,2026-12-11,"Jupiter is the largest planet in the solar system, and about 1,000 Earths could fit inside it if it were hollow.",5,December,Jupiter is the largest planet,Space,"NASA states that Jupiter is the largest planet and that 1,000 Earths could fit inside a hollow Jupiter.",high,https://science.nasa.gov/solar-system/solar-system-facts/,Planetary Characteristics,Solar System: Facts - NASA Science,science.nasa.gov,verified
FACT-2026-12-11-S06,11,2026-12-11,The National Museum of Natural History's entomology collection includes representatives of all 30 known orders of insects.,6,December,The Smithsonian entomology collection includes all 30 known insect orders,Animals,The factsheet states under Entomology that the collection includes all 30 of the known orders of insects.,high,https://www.si.edu/newsdesk/factsheets/smithsonian-collections,Insects,,www.si.edu,verified
FACT-2026-12-11-S07,11,2026-12-11,Mars has two small moons named Phobos and Deimos.,7,December,Mars has two moons,Space,NASA identifies Phobos and Deimos as Mars’s two small moons.,high,https://science.nasa.gov/mars/facts/,Moons,Mars: Facts - NASA Science,science.nasa.gov,verified
FACT-2026-12-11-S08,11,2026-12-11,"Healthy coral reef ecosystems help protect coastal infrastructure, including hotels and roads, from storms and waves.",8,December,Coral reefs protect coastal infrastructure from storms,Nature,"NOAA says healthy coral reef ecosystems protect ""valuable coastal infrastructure, like hotels and roads, from storms and waves.""",high,https://oceanservice.noaa.gov/news/oct17/coral-economy.html,Coastal Protection,The Coral Reef Economy,oceanservice.noaa.gov,verified
FACT-2026-12-11-S09,11,2026-12-11,The 2018 Kīlauea eruption doubled the size of the Halemaʻumaʻu volcanic crater.,9,December,Halemaʻumaʻu crater doubled in size,Geography,The USGS overview states that the eruption led to a doubling in size of the Halemaʻumaʻu volcanic crater at Kīlauea's summit.,high,https://www.usgs.gov/educational-resources/exploring-hot-spot-volcanism-and-a-mysterious-lake-summit-kilauea-using,Kīlauea,"Exploring hot spot volcanism and a mysterious lake at the summit of Kīlauea using models, USGS data, and Hawaiian moʻolelo | U.S. Geological Survey",www.usgs.gov,verified
FACT-2026-12-11-S10,11,2026-12-11,Relaxation of the crust above a magma chamber reduces the force needed for magma to push the crust apart.,10,December,Crustal relaxation can ease an eruption,Nature,The USGS says a nearby magma chamber in an area of crustal relaxation after a large earthquake would be more likely to erupt because less internal force would be required to separate the crust.,high,https://www.usgs.gov/observatories/hvo/news/volcano-watch-can-earthquakes-trigger-volcanic-eruptions,Volcanology,Volcano Watch — Can earthquakes trigger volcanic eruptions? | U.S. Geological Survey,www.usgs.gov,verified
FACT-2026-12-11-S11,11,2026-12-11,"Wallace’s Megagaea, also called Arcotogaea, included Africa, Eurasia, and North America.",11,December,"Megagaea included Africa, Eurasia, and North America",Geography,"Britannica describes Megagaea or Arcotogaea as including Africa, Eurasia, and North America.",high,https://www.britannica.com/science/biogeographic-region/Fauna,Biogeographic Regions,"Biogeographic region - Fauna, Ecosystems, Species | Britannica",www.britannica.com,verified
FACT-2026-12-11-S12,11,2026-12-11,Capitol Reef National Park contains 19 different rock layers.,12,December,Rock layers of Capitol Reef,Nature,"The National Park Service describes the park's diverse landscape as containing ""19 different rock layers.""",high,https://www.nps.gov/care/learn/nature/index.htm,Geology,Nature - Capitol Reef National Park (U.S. National Park Service),www.nps.gov,verified
FACT-2026-12-11-S13,11,2026-12-11,The oldest specimens in the Smithsonian mammal collection originated from the U.S. Exploring Expedition of 1838–1842 and Spencer Fullerton Baird's collection from the 1840s.,13,December,Oldest mammal specimens,History,"The page identifies the oldest specimens as originating from the U.S. Exploring Expedition, dating from '1838-1842,' and Baird's personal collection, also from the 1840s.",high,https://naturalhistory.si.edu/research/vertebrate-zoology/mammals/collections-overview,Scientific Collections,Collections Overview | Smithsonian National Museum of Natural History,naturalhistory.si.edu,verified
FACT-2026-12-11-S14,11,2026-12-11,"An ecosystem is a geographic area where living organisms, weather, and landscapes interact to form a functioning system.",14,December,Ecosystem definition,Science,"National Geographic defines an ecosystem as a geographic area where plants, animals, other organisms, weather, and landscapes work together to form a “bubble of life.”",high,https://education.nationalgeographic.org/resource/ecosystem/,Ecosystems,Ecosystem,education.nationalgeographic.org,verified
FACT-2026-12-11-S15,11,2026-12-11,Many petrified trees in Yellowstone formed during a series of andesitic volcanic eruptions 45 to 50 million years ago.,15,December,Yellowstone’s petrified trees formed from ancient volcanic eruptions,History,The page states that Yellowstone contains petrified trees formed by a series of andesitic volcanic eruptions 45 to 50 million years ago.,high,https://www.nps.gov/yell/learn/nature/geology.htm,Petrified Trees,Geology - Yellowstone National Park (U.S. National Park Service),www.nps.gov,verified
FACT-2026-12-11-S16,11,2026-12-11,"As rhyolite magma beneath Yellowstone crystallizes, its forming minerals largely exclude water and other volatiles, causing those components to become concentrated and eventually escape into surrounding rocks.",16,December,Rhyolite crystallization releases water-rich fluids,Science,"The page says the minerals formed during crystallization, mostly quartz and feldspar, do not incorporate H2O, CO2, chlorine, or sulfur; these components concentrate until the magma becomes supersaturated and releases them.",high,https://www.usgs.gov/observatories/yvo/news/water-released-crystallizing-magma-can-trigger-earthquakes-yellowstone,Volcanology,Water Released from Crystallizing Magma can Trigger Earthquakes in Yellowstone | U.S. Geological Survey,www.usgs.gov,verified
FACT-2026-12-11-S17,11,2026-12-11,Stamp seals and cylinder seals were among the objects included in the study of ancient Near Eastern art.,17,December,Stamp and Cylinder Seals,Ancient Civilizations,The source identifies “stamp and cylinder seals” as part of the selection of thirty ancient Near Eastern works.,high,https://www.metmuseum.org/learn/educators/curriculum-resources/the-art-of-the-ancient-near-east,Seals,The Art of the Ancient Near East | The Metropolitan Museum of Art,www.metmuseum.org,verified
FACT-2026-12-11-S18,11,2026-12-11,"After looping through the Gulf, the Gulf of America Loop Current flows southeastward into the Florida Strait, where it becomes the parent current of the Florida Current.",18,December,The Gulf Loop Current feeds the Florida Current,Ocean & Marine,"NOAA CoastWatch states that the current loops around the Gulf, flows southeastward into the Florida Strait, and serves as a parent to the Florida Current.",high,https://oceanwatch.noaa.gov/cwn/data-applications/climate-weather.html,Ocean Currents,Climate & Weather | NOAA CoastWatch,oceanwatch.noaa.gov,verified
FACT-2026-12-11-S19,11,2026-12-11,Processed Synthetic Aperture Radar signals can produce imagery used to derive wind speeds and detect sea ice.,19,December,SAR imagery can reveal wind speeds and sea ice,Technology,The page states that SAR signals are processed into imagery used to derive features including wind speeds and sea ice.,high,https://oceanwatch.noaa.gov/cwn/data-applications/climate-weather.html,Remote Sensing,Climate & Weather | NOAA CoastWatch,oceanwatch.noaa.gov,verified
FACT-2026-12-11-S20,11,2026-12-11,Volcanic landslides range in volume from less than 1 cubic kilometer to more than 100 cubic kilometers.,20,December,Size range of volcano landslides,World Records & Extremes,The USGS reports that volcano landslides range from less than 1 km³ (0.24 mi³) to more than 100 km³ (24 mi³).,high,https://www.usgs.gov/programs/VHP/landslides-are-common-tall-steep-and-weak-volcanic-cones,Volcanic Landslides,"Landslides are common on tall, steep, and weak volcanic cones | U.S. Geological Survey",www.usgs.gov,verified
FACT-2026-12-12-S01,12,2026-12-12,Didymos is classified as a member of the Amor group of asteroids.,1,December,Didymos belongs to the Amor group,Space,"NASA identifies Didymos as a member of the Amor group, defined as near-Earth asteroids with orbits outside Earth’s orbit.",high,https://science.nasa.gov/solar-system/asteroids/didymos/,Near-Earth Asteroids,Didymos & Dimorphos - NASA Science,science.nasa.gov,verified
FACT-2026-12-12-S02,12,2026-12-12,The fangtooth Anoplogaster cornuta reaches a maximum body length of 7 inches (17 centimeters).,2,December,Fangtooth maximum length,Animals,NOAA states that the fangtooth’s maximum body size is 7 inches (17 centimeters) long.,high,https://oceanexplorer.noaa.gov/ocean-facts/,Fish,Ocean Exploration Facts - NOAA Ocean Exploration,oceanexplorer.noaa.gov,verified
FACT-2026-12-12-S03,12,2026-12-12,"Jupiter lies an average of 484 million miles (778 million kilometers), or 5.2 astronomical units, from the Sun.",3,December,Jupiter is 5.2 astronomical units from the Sun,Space,The page gives Jupiter's average distance from the Sun as 484 million miles (778 million kilometers) and defines this as 5.2 astronomical units.,high,https://science.nasa.gov/jupiter/jupiter-facts/,Distance,Jupiter Facts,science.nasa.gov,verified
FACT-2026-12-12-S04,12,2026-12-12,Yellowstone has 16 fish species.,4,December,Fish Species in Yellowstone,Animals,The Wildlife section lists 16 fish among the park's species.,high,https://www.nps.gov/yell/learn/nature/index.htm,Species Diversity,Nature - Yellowstone National Park (U.S. National Park Service),www.nps.gov,verified
FACT-2026-12-12-S05,12,2026-12-12,"Mercury is the second-densest planet in the Solar System, after Earth.",5,December,Mercury is the second-densest planet,Space,"NASA states that Mercury is the second densest planet, after Earth.",high,https://science.nasa.gov/mercury/facts/,Composition,Mercury: Facts,science.nasa.gov,verified
FACT-2026-12-12-S06,12,2026-12-12,The National Zoological Park's living collection represents nearly 400 species.,6,December,The Smithsonian National Zoological Park holds nearly 400 species,Animals,The factsheet states that the Zoo's living collection represents nearly 400 species.,high,https://www.si.edu/newsdesk/factsheets/smithsonian-collections,Zoo collections,,www.si.edu,verified
FACT-2026-12-12-S07,12,2026-12-12,"Saturn's bulk density is 0.6871 g cm−3, the lowest listed among the planets.",7,December,Saturn has the lowest bulk density among the planets,Space,"The planetary table lists Saturn's bulk density as 0.6871 [*] ± 0.0002 g cm−3, below every other listed planet.",high,https://ssd.jpl.nasa.gov/planets/phys_par.html,Planetary Parameters,Planetary Physical Parameters,ssd.jpl.nasa.gov,verified
FACT-2026-12-12-S08,12,2026-12-12,Biomes are key to understanding ecology.,8,December,Biomes help explain ecology,Nature,"The page states that “Biomes, areas containing similar plants and animals, are key to understanding ecology.”",high,https://education.nationalgeographic.org/resource/where-are-the-worlds-biomes/,Ecology,Where Are the World's Biomes and Why Are They There,education.nationalgeographic.org,verified
FACT-2026-12-12-S09,12,2026-12-12,Antarctica is a cold desert biome whose thick ice sheet permits only a few mosses to grow on land.,9,December,Antarctica as a desert biome,Geography,"The page identifies Antarctica as a cold desert biome and states that its thick ice sheet allows only a few, nutrient-poor mosses to grow.",high,https://education.nationalgeographic.org/resource/ecosystem/,Deserts,Ecosystem,education.nationalgeographic.org,verified
FACT-2026-12-12-S10,12,2026-12-12,"HVO's summit monitoring network included 14 seismometers, 4 tiltmeters, 10 GPS stations, 14 gas-monitoring instruments, 5 visual webcams, and 1 thermal webcam.",10,December,HVO monitored Kīlauea's summit with a dense instrument network,Nature,USGS lists these instrument totals as part of HVO's dense network for monitoring Kīlauea's summit.,high,https://www.usgs.gov/volcanoes/kilauea/frequently-asked-questions-about-kilauea-volcanos-summit-water,Volcanic Monitoring,Frequently Asked Questions About Kīlauea Volcano's Summit Water | U.S. Geological Survey,www.usgs.gov,verified
FACT-2026-12-12-S11,12,2026-12-12,"Yellowstone National Park spans 898,317.5 hectares, or 2,219,791 acres.",11,December,"Yellowstone covers more than 898,000 hectares",Geography,"The page reports an area of 898,317.5 hectares (2,219,791 acres).",high,https://www.nps.gov/articles/nps-geodiversity-atlas-yellowstone-national-park-wyoming-montana-and-idaho.htm,Protected Areas,"NPS Geodiversity Atlas—Yellowstone National Park, Wyoming, Montana, and Idaho (U.S. National Park Service)",www.nps.gov,verified
FACT-2026-12-12-S12,12,2026-12-12,Species rarity measures how few other places on Earth are inhabited by the species living in a particular area.,12,December,Species rarity,Nature,"The page explains that high species rarity means the species in an area “do not live in many other places on Earth,” with strong orange indicating many species found nowhere else.",high,https://education.nationalgeographic.org/resource/mapmaker-terrestrial-biodiversity/,Biodiversity measurement,MapMaker: Terrestrial Biodiversity,education.nationalgeographic.org,verified
FACT-2026-12-12-S13,12,2026-12-12,Petrified Forest National Park is the only national park site containing a segment of the Historic Route 66 alignment.,13,December,Historic Route 66 in Petrified Forest,History,The page explicitly identifies Petrified Forest as the only national park site containing a segment of the Historic Route 66 alignment.,high,https://www.nps.gov/pefo/planyourvisit/fast-facts.htm,Transportation,Fast Facts - Petrified Forest National Park (U.S. National Park Service),www.nps.gov,verified
FACT-2026-12-12-S14,12,2026-12-12,Ecology is the branch of biology that studies living organisms and their relationships with their environment.,14,December,Ecology studies organisms and their environment,Science,"The page defines ecology as the study of organisms and how they interact with their environment, and as a branch of biology studying relationships between living organisms and their environment.",high,https://education.nationalgeographic.org/resource/ecology/,Ecology,Ecology,education.nationalgeographic.org,verified
FACT-2026-12-12-S15,12,2026-12-12,ProQuest History Vault debuted in 2011.,15,December,ProQuest History Vault origin,History,The page states that “ProQuest History Vault debuted in 2011.”,high,https://guides.loc.gov/c.php?g=1428775&p=10601238,Archival Collections,U. S. History - Main Reading Room Databases and Research - Research Guides at Library of Congress,guides.loc.gov,verified
FACT-2026-12-12-S16,12,2026-12-12,"Scientists use Fourier Transform infrared spectrometers to measure the relative abundance of gases including sulfur dioxide, carbon dioxide, hydrogen chloride, and water.",16,December,FTIR measures volcanic gas abundances,Science,"The page says remote FTIR measurements can determine the relative abundance of SO2, CO2, HCl, and water.",high,https://www.usgs.gov/observatories/hvo/news/volcano-watch-water-kilauea-and-its-role-its-eruptions,Analytical Instruments,"Volcano Watch — Water in Kīlauea, and its role in its eruptions | U.S. Geological Survey",www.usgs.gov,verified
FACT-2026-12-12-S17,12,2026-12-12,A Sasanian silver plate with mercury gilding and niello inlay depicts a king hunting rams and dates to approximately the mid-fifth to mid-sixth century A.D.,17,December,Sasanian hunting plate,Ancient Civilizations,"The page lists a “Plate with king hunting rams,” made of silver with mercury gilding and niello inlay, dated “ca. mid-5th–mid-6th century CE.”",high,https://www.metmuseum.org/met-publications/art-of-the-ancient-near-east-a-resource-for-educators,Sasanian,Art of the Ancient Near East: A Resource for Educators - The Metropolitan Museum of Art,www.metmuseum.org,verified
FACT-2026-12-12-S18,12,2026-12-12,The San Andreas Fault is not expected to generate a large tsunami because its motion is mostly horizontal and does not produce major vertical uplift of the ocean floor.,18,December,San Andreas Fault and large tsunamis,Ocean & Marine,"USGS states that the offshore San Andreas Fault's motion is mostly horizontal, unlike subduction-zone faults that vertically uplift the seafloor and generate large tsunamis.",high,https://www.usgs.gov/programs/earthquake-hazards/earthquake-facts-earthquake-fantasy,Tsunamis,Earthquake Facts & Earthquake Fantasy | U.S. Geological Survey,www.usgs.gov,verified
FACT-2026-12-12-S19,12,2026-12-12,The National Air and Space Museum's collection includes the Apollo 11 Command Module Columbia.,19,December,The National Air and Space Museum collection includes the Apollo 11 command module,Technology,The factsheet lists the Apollo 11 Command Module Columbia among the museum's historic aviation and spaceflight artifacts.,high,https://www.si.edu/newsdesk/factsheets/smithsonian-collections,Aviation and spaceflight,,www.si.edu,verified
FACT-2026-12-12-S20,12,2026-12-12,The lateral blast from Mount St. Helens in 1980 traveled at more than 300 miles per hour.,20,December,The 1980 Mount St. Helens lateral blast exceeded 300 miles per hour,World Records & Extremes,The page states that the 1980 lateral blast traveled at more than 300 miles an hour.,high,https://www.usgs.gov/news/featured-story/volcanoes-and-usgs-volcano-science-just-facts,Volcanic eruptions,Volcanoes and USGS Volcano Science: Just the Facts | U.S. Geological Survey,www.usgs.gov,verified
FACT-2026-12-13-S01,13,2026-12-13,Arrokoth takes about 293 Earth years to orbit the Sun.,1,December,Arrokoth's orbital period,Space,The page states that it takes about 293 Earth years for Arrokoth to make one trip around the Sun.,high,https://science.nasa.gov/solar-system/kuiper-belt/arrokoth-2014-mu69/facts/,Orbit,Arrokoth: Facts - NASA Science,science.nasa.gov,verified
FACT-2026-12-13-S02,13,2026-12-13,A coral polyp’s stomach opens at one end and is surrounded by tentacles that capture food by stinging it.,2,December,Coral polyps capture food with tentacles,Animals,"NOAA describes each polyp as having a stomach that opens at one end, surrounded by tentacles that capture food by stinging it.",high,https://oceanexplorer.noaa.gov/ocean-fact/coral-animal/,Coral feeding,"Are corals animals, plants, or something else? - NOAA Ocean Exploration",oceanexplorer.noaa.gov,verified
FACT-2026-12-13-S03,13,2026-12-13,"Mars has a radius of 2,106 miles (3,390 kilometers), making it about half the size of Earth.",3,December,Mars is about half the size of Earth,Space,"NASA states that Mars has a radius of 2,106 miles (3,390 kilometers) and is about half the size of Earth.",high,https://science.nasa.gov/mars/facts/,Planetary Size,Mars: Facts - NASA Science,science.nasa.gov,verified
FACT-2026-12-13-S04,13,2026-12-13,"Smithsonian Gardens has a collection of more than 8,000 orchid specimens, including species and hybrids.",4,December,"Smithsonian Gardens holds over 8,000 orchid specimens",Animals,"The factsheet describes a significant collection of over 8,000 orchid specimens, both species and hybrids.",high,https://www.si.edu/newsdesk/factsheets/smithsonian-collections,Orchids,,www.si.edu,verified
FACT-2026-12-13-S05,13,2026-12-13,Ganymede has no known moons and no rings.,5,December,No moons or rings,Space,NASA’s page states separately that 'Ganymede does not have moons' and 'Ganymede does not have rings.',high,https://science.nasa.gov/jupiter/jupiter-moons/ganymede/facts/,Natural Satellites,Ganymede: Facts - NASA Science,science.nasa.gov,verified
FACT-2026-12-13-S06,13,2026-12-13,Zoogeography is the branch of biogeography concerned with the geographic distribution of animal species.,6,December,Zoogeography studies animal distributions,Animals,Britannica defines zoogeography as “the branch of the science of biogeography ... that is concerned with the geographic distribution of animal species.”,high,https://www.britannica.com/science/zoogeography,Zoogeography,"Zoogeography | Animal Distribution, Habitat Types, Ecosystems | Britannica",www.britannica.com,verified
FACT-2026-12-13-S07,13,2026-12-13,"The page defines mean radius as the radius of a sphere having the planet's equivalent volume, while equatorial radius is the radius at the equator.",7,December,The equatorial radius differs from the mean radius,Space,The table column descriptions define equatorial radius as the planet's radius at the equator and mean radius as the radius of a sphere with equivalent planetary volume.,high,https://ssd.jpl.nasa.gov/planets/phys%5Fpar.html,Planetary Parameters,Planetary Physical Parameters,ssd.jpl.nasa.gov,verified
FACT-2026-12-13-S08,13,2026-12-13,"Seismic waves from large distant earthquakes can induce bubble formation and change magma density or viscosity, increasing pressure in a magma chamber.",8,December,Distant seismic waves can affect magma,Nature,The page compares passing seismic waves to shaking a soda can and states that they can induce bubble formation and density or viscosity changes that increase magma-chamber pressure.,high,https://www.usgs.gov/observatories/hvo/news/volcano-watch-can-earthquakes-trigger-volcanic-eruptions,Volcanology,Volcano Watch — Can earthquakes trigger volcanic eruptions? | U.S. Geological Survey,www.usgs.gov,verified
FACT-2026-12-13-S09,13,2026-12-13,"A vent opened in Halemaʻumaʻu crater on December 20, 2020, and lava boiled off the entire lake in about 1.5 hours.",9,December,Lava boiled away Halemaʻumaʻu lake,Geography,"The page states that on December 20, 2020, a vent opened in the crater walls and lava poured into the crater, boiling off the entire lake in about 1.5 hours.",high,https://www.usgs.gov/educational-resources/exploring-hot-spot-volcanism-and-a-mysterious-lake-summit-kilauea-using,Kīlauea,"Exploring hot spot volcanism and a mysterious lake at the summit of Kīlauea using models, USGS data, and Hawaiian moʻolelo | U.S. Geological Survey",www.usgs.gov,verified
FACT-2026-12-13-S10,13,2026-12-13,"When magma moves closer to the surface and pressure decreases, water dissolved in the magma is released as gas or mixes with meteoric groundwater.",10,December,Magma releases water as pressure decreases,Nature,The USGS explains that pressure reduction near the surface releases water and other gases from magma; the water either enters an airborne gas plume or mixes with meteoric groundwater.,high,https://www.usgs.gov/observatories/hvo/news/volcano-watch-water-kilauea-and-its-role-its-eruptions,Volcanic Gases,"Volcano Watch — Water in Kīlauea, and its role in its eruptions | U.S. Geological Survey",www.usgs.gov,verified
FACT-2026-12-13-S11,13,2026-12-13,The Metropolitan Museum of Art’s Northern Andes chronologies from 1000 B.C. through 1600 A.D. encompass present-day Colombia and Ecuador.,11,December,The Met’s Northern Andes chronology covers Colombia and Ecuador,Geography,"The page states that Northern Andes chronologies for 1000 B.C.–1 A.D., 1–500 A.D., 500–1000 A.D., 1000–1400 A.D., and 1400–1600 A.D. encompass “present-day Colombia and Ecuador.”",high,https://metmuseum.org/toah/chronology/,Regional scope,Chronology | Heilbrunn Timeline of Art History | The Metropolitan Museum of Art,metmuseum.org,verified
FACT-2026-12-13-S12,13,2026-12-13,Removing Pisaster ochraceus from a Tatoosh Island tidal plain caused biodiversity to be cut in half within one year.,12,December,Removing sea stars halved tidal-plain biodiversity,Nature,"The page reports that after the sea stars were removed, mussels took over and the tidal plain’s biodiversity was cut in half within a year.",high,https://education.nationalgeographic.org/resource/role-keystone-species-ecosystem/,Biodiversity,Role of Keystone Species in an Ecosystem,education.nationalgeographic.org,verified
FACT-2026-12-13-S13,13,2026-12-13,Government expeditions surveying the western United States collected mammals for the Smithsonian during the 1850s–1870s.,13,December,Western U.S. mammal surveys,History,The page states that government expeditions conducted surveys in the western United States during the '1850s-1870s' and collected mammals.,high,https://naturalhistory.si.edu/research/vertebrate-zoology/mammals/collections-overview,Scientific Expeditions,Collections Overview | Smithsonian National Museum of Natural History,naturalhistory.si.edu,verified
FACT-2026-12-13-S14,13,2026-12-13,Climate scientists calculate new climate averages every 30 years.,14,December,Climate averages are recalculated every 30 years,Science,"NOAA states, “Every 30 years, climate scientists calculate new averages.”",high,https://www.noaa.gov/climate-education,Climate Measurement,Climate Education | National Oceanic and Atmospheric Administration,www.noaa.gov,verified
FACT-2026-12-13-S15,13,2026-12-13,Yellowstone was designated a World Heritage Site in 1978.,15,December,Yellowstone became a World Heritage Site in 1978,History,The page states that Yellowstone was designated a World Heritage Site in 1978.,high,https://www.nps.gov/articles/nps-geodiversity-atlas-yellowstone-national-park-wyoming-montana-and-idaho.htm,International Designations,"NPS Geodiversity Atlas—Yellowstone National Park, Wyoming, Montana, and Idaho (U.S. National Park Service)",www.nps.gov,verified
FACT-2026-12-13-S16,13,2026-12-13,Contemporary zoology emphasizes the structural and functional unity of life rather than only its diversity.,16,December,Modern zoology emphasizes life’s unity,Science,The page states that conceptual integration in the contemporary study of living things emphasizes the structural and functional unity of life rather than its diversity.,high,https://www.britannica.com/science/zoology,Biology,"Zoology | Definition, History, Examples, Importance, & Facts | Britannica",www.britannica.com,verified
FACT-2026-12-13-S17,13,2026-12-13,"The formation of cities in southern Mesopotamia, corresponding largely to ancient Iraq, represented the first phase of the third-millennium B.C. urban revolution.",17,December,The first cities formed in southern Mesopotamia,Ancient Civilizations,The Metropolitan Museum of Art states that the urban revolution was first represented by the formation of cities in southern Mesopotamia (ancient Iraq).,high,http://www.metmuseum.org/essays/art-of-the-first-cities-in-the-third-millennium-b-c,Urbanization,Art of the First Cities in the Third Millennium B.C. - The Metropolitan Museum of Art,www.metmuseum.org,verified
FACT-2026-12-13-S18,13,2026-12-13,"Ocean currents are driven mainly by surface winds and partly by temperature and salinity differences, Earth’s rotation, and tides.",18,December,Currents are driven by several forces,Ocean & Marine,"NOAA defines currents as continuous movements of ocean water created largely by surface winds and partly by temperature and salinity gradients, Earth’s rotation, and tides.",high,https://oceanexplorer.noaa.gov/ocean-fact/climate/,Ocean currents,How does the ocean affect climate and weather on land? - NOAA Ocean Exploration,oceanexplorer.noaa.gov,verified
FACT-2026-12-13-S19,13,2026-12-13,The USGS measures volcanic activity with several different types of instruments.,19,December,USGS uses multiple instrument types to monitor volcanoes,Technology,The page states that the USGS measures a volcano’s activity level with several different types of instruments.,high,https://www.usgs.gov/news/featured-story/volcanoes-and-usgs-volcano-science-just-facts,Volcano monitoring,Volcanoes and USGS Volcano Science: Just the Facts | U.S. Geological Survey,www.usgs.gov,verified
FACT-2026-12-13-S20,13,2026-12-13,"The May 18, 1980 Mount St. Helens landslide had a volume of 2.5 cubic kilometers and reached speeds of 50–80 meters per second.",20,December,速度 of the 1980 Mount St. Helens landslide,World Records & Extremes,The USGS gives the landslide's volume as 2.5 km³ (0.6 mi³) and its speed as 50–80 m/s (100–180 mi/h).,high,https://www.usgs.gov/programs/VHP/landslides-are-common-tall-steep-and-weak-volcanic-cones,Mount St. Helens,"Landslides are common on tall, steep, and weak volcanic cones | U.S. Geological Survey",www.usgs.gov,verified
FACT-2026-12-14-S01,14,2026-12-14,"Europa is gravitationally locked to Jupiter, so the same hemisphere always faces the planet.",1,December,Europa always shows the same hemisphere to Jupiter,Space,NASA explains that Europa is locked by gravity to Jupiter and that the same hemisphere of the moon always faces Jupiter.,high,https://science.nasa.gov/jupiter/jupiter-moons/europa/europa-facts/,Tidal Locking,Europa: Facts - NASA Science,science.nasa.gov,verified
FACT-2026-12-14-S02,14,2026-12-14,Yellowstone has 5 amphibian species.,2,December,Amphibian Species in Yellowstone,Animals,The Wildlife section lists 5 amphibians among the park's species.,high,https://www.nps.gov/yell/learn/nature/index.htm,Species Diversity,Nature - Yellowstone National Park (U.S. National Park Service),www.nps.gov,verified
FACT-2026-12-14-S03,14,2026-12-14,"Jupiter is the largest planet in the Solar System, with a radius of 43,440.7 miles (69,911 kilometers), making it 11 times wider than Earth.",3,December,Jupiter is the largest planet in the Solar System,Space,"NASA states that Jupiter is the largest planet and gives its radius as 43,440.7 miles (69,911 kilometers), adding that it is 11 times wider than Earth.",high,https://science.nasa.gov/jupiter/jupiter-facts/,Planetary Facts,Jupiter Facts,science.nasa.gov,verified
FACT-2026-12-14-S04,14,2026-12-14,Corals do not make their own food through photosynthesis.,4,December,Corals do not photosynthesize,Animals,"NOAA states that, unlike plants, corals do not make their own food using photosynthesis.",high,https://oceanexplorer.noaa.gov/ocean-fact/coral-animal/,Coral biology,"Are corals animals, plants, or something else? - NOAA Ocean Exploration",oceanexplorer.noaa.gov,verified
FACT-2026-12-14-S05,14,2026-12-14,"Mercury’s metallic core has a radius of about 1,289 miles (2,074 kilometers), roughly 85% of the planet’s radius.",5,December,Mercury has a disproportionately large core,Space,"NASA describes Mercury as having a large metallic core with a radius of about 1,289 miles (2,074 kilometers), about 85% of the planet’s radius.",high,https://science.nasa.gov/mercury/facts/,Structure,Mercury: Facts,science.nasa.gov,verified
FACT-2026-12-14-S06,14,2026-12-14,Naked mole rats can survive for up to 18 minutes without oxygen.,6,December,Naked mole rats can survive without oxygen for 18 minutes,Animals,"The Smithsonian page states that naked mole rats ""can go 18 minutes without oxygen.""",high,https://www.si.edu/stories/peek-six-animals-smithsonian,Naked mole rats,,www.si.edu,verified
FACT-2026-12-14-S07,14,2026-12-14,Short-period comets take less than 200 years to orbit the Sun.,7,December,Short-period comets orbit in under 200 years,Space,NASA states that short-period comets take less than 200 years to orbit the Sun.,high,https://science.nasa.gov/solar-system/comets/facts/,Orbital Periods,Comet Facts,science.nasa.gov,verified
FACT-2026-12-14-S08,14,2026-12-14,"On the map, dark green areas have both high species richness and high species rarity.",8,December,Dark green biodiversity areas,Nature,"The page states that blue and orange combine to make dark green, representing areas with many species, many of which do not live anywhere else.",high,https://education.nationalgeographic.org/resource/mapmaker-terrestrial-biodiversity/,Biodiversity mapping,MapMaker: Terrestrial Biodiversity,education.nationalgeographic.org,verified
FACT-2026-12-14-S09,14,2026-12-14,Geography examines the relations between peoples and their natural environments.,9,December,Geography studies relations between people and environments,Geography,"Britannica describes geography as concerned with places’ natural environments and peoples, “as well as the relations between the two.”",high,https://www.britannica.com/science/geography,Human-Environment Relations,"Geography | Definition, Types, History, & Facts | Britannica",www.britannica.com,verified
FACT-2026-12-14-S10,14,2026-12-14,Spring plant growth in Yellowstone helps fuel the return of many migratory species.,10,December,Spring Plant Growth,Nature,"The Plants section states that spring is a time for plant growth, fueling the return of many migratory species.",high,https://www.nps.gov/yell/learn/nature/index.htm,Seasonal Ecology,Nature - Yellowstone National Park (U.S. National Park Service),www.nps.gov,verified
FACT-2026-12-14-S11,14,2026-12-14,Yellowstone National Park is part of the Middle Rocky Mountains Physiographic Province.,11,December,Yellowstone is part of the Middle Rocky Mountains,Geography,The regional-geology section identifies Yellowstone as part of the Middle Rocky Mountains Physiographic Province.,high,https://www.nps.gov/articles/nps-geodiversity-atlas-yellowstone-national-park-wyoming-montana-and-idaho.htm,Physiographic Provinces,"NPS Geodiversity Atlas—Yellowstone National Park, Wyoming, Montana, and Idaho (U.S. National Park Service)",www.nps.gov,verified
FACT-2026-12-14-S12,14,2026-12-14,Water emerging from Yellowstone’s thermal springs and geysers is dominantly meteoric water derived from rainfall or snowmelt.,12,December,Yellowstone thermal features discharge meteoric water,Nature,"The USGS states that this water percolates into the ground, is heated, and returns to the surface through thermal springs and geysers.",high,https://www.usgs.gov/observatories/yvo/news/water-released-crystallizing-magma-can-trigger-earthquakes-yellowstone,Water Cycle,Water Released from Crystallizing Magma can Trigger Earthquakes in Yellowstone | U.S. Geological Survey,www.usgs.gov,verified
FACT-2026-12-14-S13,14,2026-12-14,The Atlas of the Historical Geography of the United States contains nearly 700 individual maps across 166 plates.,13,December,Atlas of the Historical Geography of the United States map count,History,The page describes the atlas as containing “nearly 700 individual maps spread across 166 plates.”,high,https://guides.loc.gov/c.php?g=1428775&p=10601238,Historical Geography,U. S. History - Main Reading Room Databases and Research - Research Guides at Library of Congress,guides.loc.gov,verified
FACT-2026-12-14-S14,14,2026-12-14,"Ecosystems contain both biotic factors, such as plants and animals, and abiotic factors, such as rocks, temperature, and humidity.",14,December,Biotic and abiotic factors,Science,"The page states that ecosystems contain biotic (living) and abiotic (nonliving) factors, giving plants and animals as biotic examples and rocks, temperature, and humidity as abiotic examples.",high,https://education.nationalgeographic.org/resource/ecosystem/,Ecosystems,Ecosystem,education.nationalgeographic.org,verified
FACT-2026-12-14-S15,14,2026-12-14,"The National Museum of the American Indian's collection spans more than 12,000 years of Native heritage.",15,December,"The National Museum of the American Indian collections span over 12,000 years",History,"The factsheet states that the collection ranges from ancient Paleo-Indian points to contemporary fine arts and spans more than 12,000 years of Native heritage.",high,https://www.si.edu/newsdesk/factsheets/smithsonian-collections,National Museum of the American Indian,,www.si.edu,verified
FACT-2026-12-14-S16,14,2026-12-14,"Climate conditions are influenced by the ocean, land, sun, and atmospheric chemistry.",16,December,Climate is influenced by multiple Earth systems,Science,"NOAA states that atmospheric conditions described by climate are influenced by the ocean, land, sun, and atmospheric chemistry.",high,https://www.noaa.gov/climate-education,Climate Influences,Climate Education | National Oceanic and Atmospheric Administration,www.noaa.gov,verified
FACT-2026-12-14-S17,14,2026-12-14,"The separate identity of geography was first formulated and named by the Greeks about 2,000 years ago.",17,December,Greeks named geography,Ancient Civilizations,"The source states that geography’s separate identity was “first formulated and named some 2,000 years ago by the Greeks.”",high,https://www.britannica.com/science/geography,Ancient Greece,"Geography | Definition, Types, History, & Facts | Britannica",www.britannica.com,verified
FACT-2026-12-14-S18,14,2026-12-14,Ocean currents regulate global climate by counteracting the uneven distribution of solar radiation reaching Earth’s surface.,18,December,Ocean currents regulate global climate,Ocean & Marine,NOAA states that currents regulate global climate and help counteract the uneven distribution of solar radiation reaching Earth’s surface.,high,https://oceanexplorer.noaa.gov/ocean-fact/climate/,Climate regulation,How does the ocean affect climate and weather on land? - NOAA Ocean Exploration,oceanexplorer.noaa.gov,verified
FACT-2026-12-14-S19,14,2026-12-14,The USGS volcano monitoring network uses five volcano observatories across the United States.,19,December,The USGS operates five volcano observatories,Technology,The page states that the monitoring network utilizes five volcano observatories around the nation to monitor activity in real time.,high,https://www.usgs.gov/news/featured-story/volcanoes-and-usgs-volcano-science-just-facts,Volcano monitoring,Volcanoes and USGS Volcano Science: Just the Facts | U.S. Geological Survey,www.usgs.gov,verified
FACT-2026-12-14-S20,14,2026-12-14,The Halemaʻumaʻu water lake was unprecedented in Kīlauea’s written record.,20,December,The lake was unprecedented in Kīlauea’s written record,World Records & Extremes,The USGS describes the lake as “unprecedented in the written record.”,high,https://www.usgs.gov/publications/chemistry-growth-and-fate-unique-short-lived-2019-2020-water-lake-summit-kilauea,Unique Natural Features,"Chemistry, growth, and fate of the unique, short-lived (2019–2020) water lake at the summit of Kīlauea Volcano, Hawaii | U.S. Geological Survey",www.usgs.gov,verified
FACT-2026-12-15-S01,15,2026-12-15,Arrokoth rotates once every 15.92 hours.,1,December,Arrokoth's length of day,Space,NASA states that Arrokoth rotates on its axis every 15.92 hours.,high,https://science.nasa.gov/solar-system/kuiper-belt/arrokoth-2014-mu69/facts/,Rotation,Arrokoth: Facts - NASA Science,science.nasa.gov,verified
FACT-2026-12-15-S02,15,2026-12-15,Naked mole rats can live into their thirties.,2,December,Naked mole rats live into their thirties,Animals,"The page says naked mole rats ""live into their thirties,"" whereas most mammals of their size live one to three years.",high,https://www.si.edu/stories/peek-six-animals-smithsonian,Naked mole rats,,www.si.edu,verified
FACT-2026-12-15-S03,15,2026-12-15,Didymos is shaped like a spinning top with a raised ridge along its equator.,3,December,Didymos has a spinning-top shape,Space,"NASA describes Didymos as having a spinning-top shape and a raised equatorial ridge, a form common among binary asteroids.",high,https://science.nasa.gov/solar-system/asteroids/didymos/,Asteroid Structure,Didymos & Dimorphos - NASA Science,science.nasa.gov,verified
FACT-2026-12-15-S04,15,2026-12-15,Some corals obtain food from algae in a symbiotic relationship.,4,December,Some corals have symbiotic algae,Animals,"NOAA explains that some corals use algae to get food, while the algae use the coral, and identifies this as a symbiotic relationship.",high,https://oceanexplorer.noaa.gov/ocean-fact/coral-animal/,Coral ecology,"Are corals animals, plants, or something else? - NOAA Ocean Exploration",oceanexplorer.noaa.gov,verified
FACT-2026-12-15-S05,15,2026-12-15,"Most near-Earth objects, or NEOs, are asteroids.",5,December,Most near-Earth objects are asteroids,Space,NASA states that most NEOs are asteroids.,high,https://science.nasa.gov/solar-system/asteroids/facts/,Near-Earth Objects,Asteroid Facts,science.nasa.gov,verified
FACT-2026-12-15-S06,15,2026-12-15,Zoogeographers map the present geographic distribution of animal species.,6,December,Zoogeographers map present species distributions,Animals,Britannica states that zoogeographers work by “mapping the present distribution of species.”,high,https://www.britannica.com/science/zoogeography,Zoogeography,"Zoogeography | Animal Distribution, Habitat Types, Ecosystems | Britannica",www.britannica.com,verified
FACT-2026-12-15-S07,15,2026-12-15,"Saturn's bulk density is 0.6871 grams per cubic centimeter, the lowest among the listed planets.",7,December,Saturn has the lowest planetary bulk density,Space,"The table lists Saturn's bulk density as 0.6871 [*] ± 0.0002 g cm−3, lower than the value for every other listed planet.",high,https://ssd.jpl.nasa.gov/planets/phys%5Fpar.html,Planetary Parameters,Planetary Physical Parameters,ssd.jpl.nasa.gov,verified
FACT-2026-12-15-S08,15,2026-12-15,The forces that distant earthquake waves impart to a magma chamber are generally small compared with the forces generated by the magma chamber itself.,8,December,Distant earthquake forces are usually weak,Nature,"The USGS states that forces from distant earthquake waves are generally low relative to the magma chamber's own force, so the chamber must already be poised for eruption.",high,https://www.usgs.gov/observatories/hvo/news/volcano-watch-can-earthquakes-trigger-volcanic-eruptions,Volcanology,Volcano Watch — Can earthquakes trigger volcanic eruptions? | U.S. Geological Survey,www.usgs.gov,verified
FACT-2026-12-15-S09,15,2026-12-15,"The Smithsonian's mammal collection spans the globe and has especially strong representation from North America, Central America, northern South America, Africa, and southeast Asia.",9,December,Global scope of the mammal collection,Geography,"The page says the collection's taxonomic and geographic scope 'spans the globe,' with especially strong representation from the listed regions.",high,https://naturalhistory.si.edu/research/vertebrate-zoology/mammals/collections-overview,Global Representation,Collections Overview | Smithsonian National Museum of Natural History,naturalhistory.si.edu,verified
FACT-2026-12-15-S10,15,2026-12-15,"Big Bend National Park contains more than 1,200 plant species.",10,December,Plant diversity in Big Bend,Nature,"The National Park Service states that the park's habitats support more than 1,200 species of plants.",high,https://www.nps.gov/bibe/learn/nature/index.htm,Biodiversity,Natural History - Big Bend National Park (U.S. National Park Service),www.nps.gov,verified
FACT-2026-12-15-S11,15,2026-12-15,"Wallace’s Notogaea included Australia, Oceania, and New Zealand.",11,December,"Notogaea included Australia, Oceania, and New Zealand",Geography,"The page identifies Notogaea as including Australia, Oceania, and New Zealand.",high,https://www.britannica.com/science/biogeographic-region/Fauna,Biogeographic Regions,"Biogeographic region - Fauna, Ecosystems, Species | Britannica",www.britannica.com,verified
FACT-2026-12-15-S12,15,2026-12-15,"Removing Yellowstone’s top predator caused elk populations to expand, increased overgrazing, and affected plants, fish, beavers, and songbirds.",12,December,Wolf removal triggered a Yellowstone trophic cascade,Nature,"The page describes a top-down trophic cascade after wolves were removed: elk populations exploded, plants were overgrazed, and populations of fish, beaver, and songbirds were influenced.",high,https://education.nationalgeographic.org/resource/role-keystone-species-ecosystem/,Trophic Cascades,Role of Keystone Species in an Ecosystem,education.nationalgeographic.org,verified
FACT-2026-12-15-S13,15,2026-12-15,A significant portion of the Smithsonian's North American mammal collection came from the Biological Survey program conducted in the 1890s–1930s.,13,December,Biological Survey contributions,History,The page says a significant portion of the North American collection resulted from the Biological Survey program conducted by the U.S. Department of Agriculture and later the Department of Interior in the '1890s-1930s.',high,https://naturalhistory.si.edu/research/vertebrate-zoology/mammals/collections-overview,Biological Surveys,Collections Overview | Smithsonian National Museum of Natural History,naturalhistory.si.edu,verified
FACT-2026-12-15-S14,15,2026-12-15,An ecologist studies relationships between living things and their habitats.,14,December,Ecologists study organisms and habitats,Science,The page states that an ecologist studies the relationship between living things and their habitats.,high,https://education.nationalgeographic.org/resource/ecology/,Ecology,Ecology,education.nationalgeographic.org,verified
FACT-2026-12-15-S15,15,2026-12-15,"The Heilbrunn Timeline of Art History presents a thematic, chronological, and geographical exploration of global art history through The Metropolitan Museum of Art’s collection.",15,December,The Heilbrunn Timeline explores global art history,History,"The Met describes the Timeline as a “thematic, chronological, and geographical exploration of global art history through The Met collection.”",high,https://www.metmuseum.org/essays/timeline-of-art-history,Art history,Heilbrunn Timeline of Art History - The Metropolitan Museum of Art,www.metmuseum.org,verified
FACT-2026-12-15-S16,15,2026-12-15,"In Yellowstone rhyolite, water is present at a much higher concentration than the other volatile components.",16,December,Water is the dominant volatile in Yellowstone rhyolite,Science,"The USGS states that the concentration of water in rhyolite is much higher than the concentrations of carbon dioxide, chlorine, and sulfur.",high,https://www.usgs.gov/observatories/yvo/news/water-released-crystallizing-magma-can-trigger-earthquakes-yellowstone,Volcanology,Water Released from Crystallizing Magma can Trigger Earthquakes in Yellowstone | U.S. Geological Survey,www.usgs.gov,verified
FACT-2026-12-15-S17,15,2026-12-15,"In their own language, the Sumerians called themselves sag giga, meaning “black-headed ones.”",17,December,Sumerians called themselves “black-headed ones”,Ancient Civilizations,"The page states that Sumerians called themselves sag giga, translated as “black-headed ones.”",high,http://www.metmuseum.org/essays/art-of-the-first-cities-in-the-third-millennium-b-c,Sumer,Art of the First Cities in the Third Millennium B.C. - The Metropolitan Museum of Art,www.metmuseum.org,verified
FACT-2026-12-15-S18,15,2026-12-15,Living organisms use the amino acid glycine to make proteins.,18,December,Glycine helps organisms make proteins,Human Body,The page states that glycine is used by living organisms to make proteins.,high,https://science.nasa.gov/asteroids-comets-meteors/facts/,Biochemistry,"Asteroids, Comets & Meteors: Facts - NASA Science",science.nasa.gov,verified
FACT-2026-12-15-S19,15,2026-12-15,"NOAA's Laboratory for Satellite Altimetry produces daily, near-real-time global sea-level anomaly datasets from a constellation of radar-altimeter missions.",19,December,NOAA produces daily global sea-level anomaly datasets,Ocean & Marine,The page states that the NOAA Laboratory for Satellite Altimetry produces daily near-real-time global sea-level anomaly datasets using a constellation of radar-altimeter missions.,high,https://oceanwatch.noaa.gov/cwn/data-applications/climate-weather.html,Sea Level,Climate & Weather | NOAA CoastWatch,oceanwatch.noaa.gov,verified
FACT-2026-12-15-S20,15,2026-12-15,USGS volcano observatories issue updates and other notifications based on volcanic activity.,20,December,USGS observatories issue volcano activity notifications,Technology,The page states that volcano observatories issue updates and other types of notifications based on activity.,high,https://www.usgs.gov/news/featured-story/volcanoes-and-usgs-volcano-science-just-facts,Emergency alerts,Volcanoes and USGS Volcano Science: Just the Facts | U.S. Geological Survey,www.usgs.gov,verified
FACT-2026-12-16-S01,16,2026-12-16,"Comets are leftovers from the dawn of the solar system, about 4.6 billion years ago.",1,December,Comets are ancient solar-system leftovers,Space,NASA states that comets are leftovers from the dawn of the solar system around 4.6 billion years ago.,high,https://science.nasa.gov/solar-system/comets/facts/,Comet Composition,Comet Facts,science.nasa.gov,verified
FACT-2026-12-16-S02,16,2026-12-16,"By 1886, American bison had declined from herds numbering in the millions to a few hundred animals.",2,December,American Bison Declined to a Few Hundred Animals,Animals,The page states that bison once roamed the American West by the millions but had been reduced to a few hundred animals when William Temple Hornaday visited in 1886.,high,https://nationalzoo.si.edu/about/history,Bison Conservation,,nationalzoo.si.edu,verified
FACT-2026-12-16-S03,16,2026-12-16,"Mercury has a thin exosphere composed mostly of oxygen, sodium, hydrogen, helium, and potassium.",3,December,Mercury has an exosphere instead of a conventional atmosphere,Space,"NASA states that Mercury possesses a thin exosphere rather than an atmosphere and lists oxygen, sodium, hydrogen, helium, and potassium as its main constituents.",high,https://science.nasa.gov/mercury/facts/,Atmosphere,Mercury: Facts,science.nasa.gov,verified
FACT-2026-12-16-S04,16,2026-12-16,Each polyp of an octocoral has eight tentacles.,4,December,Octocoral polyps have eight tentacles,Animals,"NOAA states that bamboo corals are octocorals and that each polyp has eight tentacles, characteristic of an octocoral.",high,https://oceanexplorer.noaa.gov/ocean-fact/coral-animal/,Octocorals,"Are corals animals, plants, or something else? - NOAA Ocean Exploration",oceanexplorer.noaa.gov,verified
FACT-2026-12-16-S05,16,2026-12-16,"The Moon rotates at the same rate that it revolves around Earth, so the same hemisphere always faces Earth.",5,December,The Moon is tidally locked to Earth,Space,NASA describes this as synchronous rotation and states that the same hemisphere faces Earth all the time.,high,https://science.nasa.gov/moon/facts/,Rotation and Orbit,Moon Facts - NASA Science,science.nasa.gov,verified
FACT-2026-12-16-S06,16,2026-12-16,Traditional zoogeographic boundaries can account for the distributions of birds.,6,December,Traditional zoogeographic boundaries explain bird distributions,Animals,Britannica states that even bird distributions can be accounted for by traditional zoogeographic boundaries.,high,https://www.britannica.com/science/biogeographic-region/Fauna,Animal Distribution,"Biogeographic region - Fauna, Ecosystems, Species | Britannica",www.britannica.com,verified
FACT-2026-12-16-S07,16,2026-12-16,Ganymede’s surface consists of about 40% heavily cratered dark terrain and 60% light grooved terrain.,7,December,Two major terrain types,Space,"NASA states that 40% of Ganymede’s surface is covered by highly cratered dark regions, while the remaining 60% is light grooved terrain.",high,https://science.nasa.gov/jupiter/jupiter-moons/ganymede/facts/,Surface,Ganymede: Facts - NASA Science,science.nasa.gov,verified
FACT-2026-12-16-S08,16,2026-12-16,"Biological soil crust in Capitol Reef contains cyanobacteria, fungi, lichen, moss, and algae.",8,December,Composition of biological soil crust,Nature,"The page identifies biological soil crust as a tiny ecosystem containing ""cyanobacteria, fungi, lichen, moss and algae.""",high,https://www.nps.gov/care/learn/nature/index.htm,Biological soil crust,Nature - Capitol Reef National Park (U.S. National Park Service),www.nps.gov,verified
FACT-2026-12-16-S09,16,2026-12-16,Global biomes are distributed in observable geographic patterns.,9,December,Biomes have global distribution patterns,Geography,The page says the activity explores “patterns in the distribution of global biomes.”,high,https://education.nationalgeographic.org/resource/where-are-the-worlds-biomes/,Biogeography,Where Are the World's Biomes and Why Are They There,education.nationalgeographic.org,verified
FACT-2026-12-16-S10,16,2026-12-16,The groundwater beneath Kīlauea is predominantly meteoric water originating from atmospheric precipitation such as rain and snow.,10,December,Kīlauea's groundwater is primarily meteoric,Nature,"The USGS states that water from the atmosphere, including snow and rain, is called meteoric water, and that the water in Kīlauea's deep well is predominantly meteoric.",high,https://www.usgs.gov/observatories/hvo/news/volcano-watch-water-kilauea-and-its-role-its-eruptions,Volcanoes,"Volcano Watch — Water in Kīlauea, and its role in its eruptions | U.S. Geological Survey",www.usgs.gov,verified
FACT-2026-12-16-S11,16,2026-12-16,Rocks at Persimmon Gap in Big Bend are 500 million years old.,11,December,Oldest rocks at Persimmon Gap,Geography,The National Park Service describes Big Bend as preserving rocks at Persimmon Gap that are 500 million years old.,high,https://www.nps.gov/bibe/learn/nature/index.htm,Geological history,Natural History - Big Bend National Park (U.S. National Park Service),www.nps.gov,verified
FACT-2026-12-16-S12,16,2026-12-16,The 1980 Mount St. Helens eruption scorched 230 square miles of forest.,12,December,The 1980 Mount St. Helens eruption scorched 230 square miles,Nature,The page states that the lateral blast scorched 230 square miles of forest.,high,https://www.usgs.gov/news/featured-story/volcanoes-and-usgs-volcano-science-just-facts,Volcanic impacts,Volcanoes and USGS Volcano Science: Just the Facts | U.S. Geological Survey,www.usgs.gov,verified
FACT-2026-12-16-S13,16,2026-12-16,The cultures discussed in the resource flourished from the eighth millennium B.C. to the middle of the seventh century A.D.,13,December,Chronological Span,History,The Metropolitan Museum dates the region’s cultural period covered by the guide “from the eighth millennium B.C. to the middle of the seventh century A.D.”,high,https://www.metmuseum.org/learn/educators/curriculum-resources/the-art-of-the-ancient-near-east,Ancient Near East,The Art of the Ancient Near East | The Metropolitan Museum of Art,www.metmuseum.org,verified
FACT-2026-12-16-S14,16,2026-12-16,The Chinle Formation of the Triassic Period is the main geologic formation of Petrified Forest National Park.,14,December,Chinle Formation,Science,The page identifies the Chinle Formation of the Triassic Period as the park’s main geologic formation.,high,https://www.nps.gov/pefo/planyourvisit/fast-facts.htm,Geologic Formations,Fast Facts - Petrified Forest National Park (U.S. National Park Service),www.nps.gov,verified
FACT-2026-12-16-S15,16,2026-12-16,The Smithsonian African Expedition acquired mammal specimens from East Africa between 1909 and 1911.,15,December,Smithsonian African Expedition,History,The page states that the expedition acquired specimens from East Africa during '1909-1911.',high,https://naturalhistory.si.edu/research/vertebrate-zoology/mammals/collections-overview,Scientific Expeditions,Collections Overview | Smithsonian National Museum of Natural History,naturalhistory.si.edu,verified
FACT-2026-12-16-S16,16,2026-12-16,"The five main types of biomes are desert, aquatic, tundra, grassland, and forest.",16,December,Five main biome types,Science,"National Geographic lists desert, aquatic, tundra, grassland, and forest as the five main types of biomes.",high,https://education.nationalgeographic.org/resource/ecosystem/,Biomes,Ecosystem,education.nationalgeographic.org,verified
FACT-2026-12-16-S17,16,2026-12-16,"Ptolemy authored one of the discipline’s first books, Guide to Geography, in the 2nd century CE.",17,December,Ptolemy wrote an early geography book,Ancient Civilizations,"Britannica identifies Ptolemy as the author of “one of the discipline’s first books, Guide to Geography (2nd century ce).”",high,https://www.britannica.com/science/geography,Ptolemy,"Geography | Definition, Types, History, & Facts | Britannica",www.britannica.com,verified
FACT-2026-12-16-S18,16,2026-12-16,Extreme hot and cold temperatures may cause death among elderly people.,18,December,Extreme temperatures can cause deaths among older adults,Human Body,"NOAA states that weather prediction can help people and governments anticipate extreme hot and cold temperatures, which may cause death among the elderly.",high,https://oceanservice.noaa.gov/facts/ocean_weather.html,Extreme Temperatures,What role does the ocean play in the weather?,oceanservice.noaa.gov,verified
FACT-2026-12-16-S19,16,2026-12-16,The cuneiform script used for Sumerian and Akkadian was largely written on clay.,19,December,Cuneiform was largely written on clay,Language,"The page contrasts Harappan signs with cuneiform, describing cuneiform as the wedge-like script adopted for Sumerian and Akkadian and largely written on clay.",high,http://www.metmuseum.org/essays/art-of-the-first-cities-in-the-third-millennium-b-c,Writing Systems,Art of the First Cities in the Third Millennium B.C. - The Metropolitan Museum of Art,www.metmuseum.org,verified
FACT-2026-12-16-S20,16,2026-12-16,Sea surface temperature information is used in weather forecasting and ocean forecasting.,20,December,Sea surface temperature supports weather and ocean forecasting,Ocean & Marine,NOAA CoastWatch states that information about sea surface temperature is important for weather and ocean forecasting.,high,https://oceanwatch.noaa.gov/cwn/data-applications/climate-weather.html,Sea Surface Temperature,Climate & Weather | NOAA CoastWatch,oceanwatch.noaa.gov,verified
FACT-2026-12-17-S01,17,2026-12-17,Arrokoth orbits at an average distance of about 44.6 astronomical units from the Sun.,1,December,Arrokoth's distance from the Sun,Space,The page lists Arrokoth's distance from the Sun as 44.6 astronomical units and describes the average distance as about 4 billion miles (6.5 billion kilometers).,high,https://science.nasa.gov/solar-system/kuiper-belt/arrokoth-2014-mu69/facts/,Orbit,Arrokoth: Facts - NASA Science,science.nasa.gov,verified
FACT-2026-12-17-S02,17,2026-12-17,"Bamboo corals are colonial, meaning each polyp is a separate animal.",2,December,Bamboo corals are colonial,Animals,NOAA describes bamboo corals as colonial and defines this as each polyp being a separate animal.,high,https://oceanexplorer.noaa.gov/ocean-fact/coral-animal/,Coral colonies,"Are corals animals, plants, or something else? - NOAA Ocean Exploration",oceanexplorer.noaa.gov,verified
FACT-2026-12-17-S03,17,2026-12-17,Asteroids are rocky remnants left over from the formation of the solar system about 4.6 billion years ago.,3,December,Asteroids are remnants of solar-system formation,Space,NASA states that asteroids are rocky remnants left over from the formation of the solar system about 4.6 billion years ago.,high,https://science.nasa.gov/solar-system/asteroids/facts/,Asteroid Basics,Asteroid Facts,science.nasa.gov,verified
FACT-2026-12-17-S04,17,2026-12-17,Naked mole rats are the only true eusocial mammals.,4,December,Naked mole rats are the only true eusocial mammals,Animals,"The Smithsonian describes them as ""the only true eusocial mammals,"" with a social structure in which they care for the queen's offspring.",high,https://www.si.edu/stories/peek-six-animals-smithsonian,Naked mole rats,,www.si.edu,verified
FACT-2026-12-17-S05,17,2026-12-17,Saturn is listed as having 274 moons.,5,December,Saturn has the most listed moons,Space,The 'Number of Moons' row lists Saturn as 274.,high,https://nssdc.gsfc.nasa.gov/planetary/factsheet/,Planetary systems,Planetary Fact Sheet,nssdc.gsfc.nasa.gov,verified
FACT-2026-12-17-S06,17,2026-12-17,Yellowstone has 6 reptile species.,6,December,Reptile Species in Yellowstone,Animals,The Wildlife section lists 6 reptiles among the park's species.,high,https://www.nps.gov/yell/learn/nature/index.htm,Species Diversity,Nature - Yellowstone National Park (U.S. National Park Service),www.nps.gov,verified
FACT-2026-12-17-S07,17,2026-12-17,Sunlight at Jupiter and Europa is about 25 times fainter than sunlight at Earth.,7,December,Sunlight is about 25 times fainter at Europa than at Earth,Space,"NASA states that, because of Europa's distance from the Sun, sunlight is about 25 times fainter there than at Earth.",high,https://science.nasa.gov/jupiter/jupiter-moons/europa/europa-facts/,Light and Distance,Europa: Facts - NASA Science,science.nasa.gov,verified
FACT-2026-12-17-S08,17,2026-12-17,Big Bend National Park contains about 60 species of cacti.,8,December,Cactus diversity in Big Bend,Nature,"The source specifies that the park's more than 1,200 plant species include some 60 cactus species.",high,https://www.nps.gov/bibe/learn/nature/index.htm,Cacti,Natural History - Big Bend National Park (U.S. National Park Service),www.nps.gov,verified
FACT-2026-12-17-S09,17,2026-12-17,The Metropolitan Museum of Art’s Iberian Peninsula chronologies from 1000 B.C. through 1900 A.D. encompass present-day Portugal and Spain.,9,December,The Met’s Iberian Peninsula chronology covers Portugal and Spain,Geography,"The page states for Iberian Peninsula chronologies covering 1000 B.C.–1 A.D., 1–500 A.D., 500–1000 A.D., 1000–1400 A.D., 1400–1600 A.D., 1600–1800 A.D., and 1900 A.D.–present that each encompasses “present-day Portugal and Spain.”",high,https://metmuseum.org/toah/chronology/,Regional scope,Chronology | Heilbrunn Timeline of Art History | The Metropolitan Museum of Art,metmuseum.org,verified
FACT-2026-12-17-S10,17,2026-12-17,"Volcanic gases can partially dissolve in groundwater, creating a hot acidic hydrothermal system that alters rock-forming minerals to clay.",10,December,Hydrothermal alteration weakens volcanic rock,Nature,"The USGS states that magma releases gases that partially dissolve in groundwater, producing a hot acidic hydrothermal system that weakens rock by altering minerals to clay.",high,https://www.usgs.gov/programs/VHP/landslides-are-common-tall-steep-and-weak-volcanic-cones,Volcanic Geology,"Landslides are common on tall, steep, and weak volcanic cones | U.S. Geological Survey",www.usgs.gov,verified
FACT-2026-12-17-S11,17,2026-12-17,"Capitol Reef National Park protects the Waterpocket Fold, a warp in Earth's crust that extends nearly 100 miles.",11,December,Waterpocket Fold length,Geography,"The National Park Service describes the Waterpocket Fold as a ""nearly 100-mile long warp in the Earth's crust.""",high,https://www.nps.gov/care/learn/nature/index.htm,Landforms,Nature - Capitol Reef National Park (U.S. National Park Service),www.nps.gov,verified
FACT-2026-12-17-S12,17,2026-12-17,Mammoth Hot Springs is one of the few places in the world with active travertine terraces.,12,December,Mammoth Hot Springs has active travertine terraces,Nature,"The National Park Service states that Yellowstone is one of the few places in the world where active travertine terraces are found, specifically at Mammoth Hot Springs.",high,https://www.nps.gov/yell/learn/nature/geology.htm,Travertine,Geology - Yellowstone National Park (U.S. National Park Service),www.nps.gov,verified
FACT-2026-12-17-S13,17,2026-12-17,The Library of Congress timeline identifies Colonial Settlement as a period spanning the 1600s through 1763.,13,December,Colonial settlement period,History,"The page lists “Colonial Settlement, 1600s - 1763.”",high,https://www.loc.gov/classroom-materials/united-states-history-primary-source-timeline/,United States,"Presentation 
         U.S. History Primary Source Timeline",www.loc.gov,verified
FACT-2026-12-17-S14,17,2026-12-17,Ductile rocks tend to flow or bend rather than break and generally deform gradually.,14,December,Ductile rocks deform instead of breaking,Science,The page defines ductile rocks as rocks that flow or bend rather than break and contrasts their gradual deformation with the sudden failure of brittle rocks.,high,https://www.usgs.gov/observatories/yvo/news/water-released-crystallizing-magma-can-trigger-earthquakes-yellowstone,Rock Mechanics,Water Released from Crystallizing Magma can Trigger Earthquakes in Yellowstone | U.S. Geological Survey,www.usgs.gov,verified
FACT-2026-12-17-S15,17,2026-12-17,"A diorite statue of Gudea, ruler of Lagash, dates to approximately 2090 B.C.",15,December,Gudea statue date,History,The page identifies a “Statue of Gudea” made of diorite and dates it “ca. 2090 BCE.”,high,https://www.metmuseum.org/met-publications/art-of-the-ancient-near-east-a-resource-for-educators,Neo-Sumerian,Art of the Ancient Near East: A Resource for Educators - The Metropolitan Museum of Art,www.metmuseum.org,verified
FACT-2026-12-17-S16,17,2026-12-17,Ecologists investigate how organisms interact with both living and nonliving factors in their surroundings.,16,December,Ecologists study living and nonliving factors,Science,The page identifies as an ecological research question how organisms interact with the living and nonliving factors around them.,high,https://education.nationalgeographic.org/resource/ecology/,Ecology,Ecology,education.nationalgeographic.org,verified
FACT-2026-12-17-S17,17,2026-12-17,"Harappan civilization focused on private housing, public works, and urban infrastructure, including a sanitary and abundant water supply.",17,December,Harappan civilization emphasized urban infrastructure,Ancient Civilizations,"The Met says there is no evidence of monumental temples, palaces, or large-scale sculpture in the Harappan world; instead, the focus seems to have been private housing, public works, and urban infrastructure with emphasis on sanitary, abundant water.",high,http://www.metmuseum.org/essays/art-of-the-first-cities-in-the-third-millennium-b-c,Indus Valley Civilization,Art of the First Cities in the Third Millennium B.C. - The Metropolitan Museum of Art,www.metmuseum.org,verified
FACT-2026-12-17-S18,17,2026-12-17,The daily recommended amount of sleep changes as a person ages.,18,December,Sleep needs change with age,Human Body,CDC states under “Getting enough sleep” that the daily recommended hours of sleep change as people age.,high,https://www.cdc.gov/sleep/about/index.html,Sleep,About Sleep | Sleep | CDC,www.cdc.gov,verified
FACT-2026-12-17-S19,17,2026-12-17,"The word geography combines the Greek terms geo and graphein, meaning “earth writing” or “earth description.”",19,December,Geography means earth writing or earth description,Language,Britannica says the Greek words “geo and graphein were combined to mean ‘earth writing’ or ‘earth description.’”,high,https://www.britannica.com/science/geography,Etymology,"Geography | Definition, Types, History, & Facts | Britannica",www.britannica.com,verified
FACT-2026-12-17-S20,17,2026-12-17,Olympia oysters are the only oyster species native to the West Coast of the United States.,20,December,Olympia oysters are native to the U.S. West Coast,Ocean & Marine,"The Smithsonian describes Olympia oysters as ""the only native oyster on the West Coast.""",high,https://www.si.edu/stories/peek-six-animals-smithsonian,Olympia oysters,,www.si.edu,verified
FACT-2026-12-18-S01,18,2026-12-18,"In regions affected by magnitude-9 or larger earthquakes during the preceding 75 years, several nearby volcanoes erupted within weeks to months when located in earthquake-related relaxation areas.",1,December,M9 earthquakes have preceded nearby eruptions,Nature,"The page identifies Kamchatka, Chile, Alaska, and Indonesia and reports several nearby eruptions occurring weeks to months after M9-or-larger earthquakes.",high,https://www.usgs.gov/observatories/hvo/news/volcano-watch-can-earthquakes-trigger-volcanic-eruptions,Volcanology,Volcano Watch — Can earthquakes trigger volcanic eruptions? | U.S. Geological Survey,www.usgs.gov,verified
FACT-2026-12-18-S02,18,2026-12-18,What is now understood as geography was elaborated in the Arab world and elsewhere before the Greek naming of the discipline.,2,December,Geographical ideas developed beyond ancient Greece,Geography,"The page states that geography “was elaborated before then, in the Arab world and elsewhere.”",high,https://www.britannica.com/science/geography,History,"Geography | Definition, Types, History, & Facts | Britannica",www.britannica.com,verified
FACT-2026-12-18-S03,18,2026-12-18,Water on Mars today exists as water ice just beneath the surface in polar regions.,3,December,Mars has water ice beneath its surface,Nature,NASA states that present-day Martian water is found as water ice just under the surface in polar regions.,high,https://science.nasa.gov/mars/facts/,Water,Mars: Facts - NASA Science,science.nasa.gov,verified
FACT-2026-12-18-S04,18,2026-12-18,"Big Bend National Park contains marine sedimentary, continental sedimentary, and volcanic rocks.",4,December,Rock types in Big Bend,Geography,"The source states that marine sedimentary rocks, continental sedimentary rocks, and volcanic rocks occur within the park.",high,https://www.nps.gov/bibe/learn/nature/index.htm,Geology,Natural History - Big Bend National Park (U.S. National Park Service),www.nps.gov,verified
FACT-2026-12-18-S05,18,2026-12-18,Biological soil crust helps protect sandy desert soils from erosion.,5,December,Role of biological soil crust,Nature,"The National Park Service states that the crusts growing on undisturbed ground ""protect sandy desert soils from erosion.""",high,https://www.nps.gov/care/learn/nature/index.htm,Soil conservation,Nature - Capitol Reef National Park (U.S. National Park Service),www.nps.gov,verified
FACT-2026-12-18-S06,18,2026-12-18,The tropics are particularly rainy because ocean heat absorption and evaporation are highest there.,6,December,The tropics receive especially high rainfall,Geography,"The NOAA page directly states that the tropics are particularly rainy because heat absorption, and therefore ocean evaporation, is highest in this area.",high,https://oceanexplorer.noaa.gov/ocean-fact/climate/,Tropical climate,How does the ocean affect climate and weather on land? - NOAA Ocean Exploration,oceanexplorer.noaa.gov,verified
FACT-2026-12-18-S07,18,2026-12-18,Volcanic terrain is built by the slow accumulation of erupted lava.,7,December,Volcanic terrain forms from accumulated lava,Nature,"The page contrasts volcanic terrain with mountains formed by folding, faulting, uplift, and erosion, stating that volcanic terrain is built by the slow accumulation of erupted lava.",high,https://www.usgs.gov/programs/VHP/about-volcanoes,Volcanic terrain,About Volcanoes | U.S. Geological Survey,www.usgs.gov,verified
FACT-2026-12-18-S08,18,2026-12-18,"The planets of the solar system formed through accretion, the gradual buildup of dust and rock particles into larger bodies.",8,December,Accretion formed the planets,Space,"NASA states that dust particles in the disk around the young Sun collided and grew from smaller particles to boulders; this gradual buildup, called accretion, eventually formed the planets.",high,https://science.nasa.gov/asteroids-comets-meteors/facts/,Solar System Formation,"Asteroids, Comets & Meteors: Facts - NASA Science",science.nasa.gov,verified
FACT-2026-12-18-S09,18,2026-12-18,Big Bend National Park has 11 amphibian species.,9,December,Amphibian species in Big Bend,Animals,The National Park Service lists 11 species of amphibians among the park's wildlife.,high,https://www.nps.gov/bibe/learn/nature/index.htm,Amphibians,Natural History - Big Bend National Park (U.S. National Park Service),www.nps.gov,verified
FACT-2026-12-18-S10,18,2026-12-18,Mercury’s surface magnetic field is about 1% as strong as Earth’s.,10,December,Mercury’s magnetic field is much weaker than Earth’s,Space,NASA states that Mercury’s magnetic field at the surface has just 1% of the strength of Earth’s.,high,https://science.nasa.gov/mercury/facts/,Magnetosphere,Mercury: Facts,science.nasa.gov,verified
FACT-2026-12-18-S11,18,2026-12-18,"The Smithsonian National Museum of Natural History's mammal collection contains roughly 590,000 voucher specimens.",11,December,Smithsonian mammal collection size,Animals,"The page states that the collection has 'roughly 590,000 voucher specimens.'",high,https://naturalhistory.si.edu/research/vertebrate-zoology/mammals/collections-overview,Mammal Collections,Collections Overview | Smithsonian National Museum of Natural History,naturalhistory.si.edu,verified
FACT-2026-12-18-S12,18,2026-12-18,The Moon is Earth's only natural satellite.,12,December,The Moon is Earth's only natural satellite,Space,"NASA states, ""The Moon is Earth's only natural satellite.""",high,https://science.nasa.gov/moon/facts/,Basic Properties,Moon Facts - NASA Science,science.nasa.gov,verified
FACT-2026-12-18-S13,18,2026-12-18,The Library of Congress timeline identifies the American Revolution period as spanning 1763 through 1783.,13,December,American Revolution period,History,"The page lists “The American Revolution, 1763 - 1783.”",high,https://www.loc.gov/classroom-materials/united-states-history-primary-source-timeline/,American Revolution,"Presentation 
         U.S. History Primary Source Timeline",www.loc.gov,verified
FACT-2026-12-18-S14,18,2026-12-18,"Brittle rocks can accumulate stress and then suddenly break, making them capable of generating earthquakes.",14,December,Brittle rocks can generate earthquakes,Science,The USGS explains that brittle rocks tend to accumulate stress until they suddenly break and are therefore capable of producing earthquakes.,high,https://www.usgs.gov/observatories/yvo/news/water-released-crystallizing-magma-can-trigger-earthquakes-yellowstone,Rock Mechanics,Water Released from Crystallizing Magma can Trigger Earthquakes in Yellowstone | U.S. Geological Survey,www.usgs.gov,verified
FACT-2026-12-18-S15,18,2026-12-18,The Atlas of the Historical Geography of the United States begins with a chapter containing 33 maps on the natural environment.,15,December,Atlas natural-environment chapter,History,The page states that the atlas begins with “a chapter consisting of 33 maps on the natural environment.”,high,https://guides.loc.gov/c.php?g=1428775&p=10601238,Historical Geography,U. S. History - Main Reading Room Databases and Research - Research Guides at Library of Congress,guides.loc.gov,verified
FACT-2026-12-18-S16,18,2026-12-18,Ecologists study and observe ecosystems throughout the world to understand the natural world.,16,December,Ecologists study ecosystems,Science,The page states that ecologists must study and observe all forms of life and their ecosystems throughout the world.,high,https://education.nationalgeographic.org/resource/ecology/,Ecosystems,Ecology,education.nationalgeographic.org,verified
FACT-2026-12-18-S17,18,2026-12-18,One primary aim of Mesopotamian art was to capture the relationship between the terrestrial and divine realms.,17,December,Mesopotamian art connected terrestrial and divine realms,Ancient Civilizations,The page explicitly identifies capturing the relationship between the terrestrial and divine realms as one of Mesopotamian art’s primary aims.,high,http://www.metmuseum.org/essays/art-of-the-first-cities-in-the-third-millennium-b-c,Mesopotamian Art,Art of the First Cities in the Third Millennium B.C. - The Metropolitan Museum of Art,www.metmuseum.org,verified
FACT-2026-12-18-S18,18,2026-12-18,"Infants aged 4–12 months are recommended to sleep 12–16 hours daily, including naps.",18,December,Infant sleep recommendation,Human Body,"CDC’s sleep recommendation table lists 12–16 hours, including naps, for infants aged 4–12 months.",high,https://www.cdc.gov/sleep/about/index.html,Sleep,About Sleep | Sleep | CDC,www.cdc.gov,verified
FACT-2026-12-18-S19,18,2026-12-18,An Old Assyrian Trading Colony cuneiform tablet records a lawsuit and dates to approximately the 20th–19th century B.C.,19,December,Cuneiform lawsuit record,Language,"The page lists a “Cuneiform tablet: record of a lawsuit” from the “Old Assyrian Trading Colony,” dated “ca. 20th–19th century BCE.”",high,https://www.metmuseum.org/met-publications/art-of-the-ancient-near-east-a-resource-for-educators,Cuneiform,Art of the Ancient Near East: A Resource for Educators - The Metropolitan Museum of Art,www.metmuseum.org,verified
FACT-2026-12-18-S20,18,2026-12-18,Sea surface temperature information is used for ecosystem assessment and fisheries analyses.,20,December,Sea surface temperature supports ecosystem and fisheries analysis,Ocean & Marine,The page lists ecosystem assessment and fisheries analyses among the applications for sea surface temperature information.,high,https://oceanwatch.noaa.gov/cwn/data-applications/climate-weather.html,Sea Surface Temperature,Climate & Weather | NOAA CoastWatch,oceanwatch.noaa.gov,verified
FACT-2026-12-19-S01,19,2026-12-19,"The Keller Well near Kīlauea's summit was drilled to a depth of 4,140 feet (1,262 meters).",1,December,Keller Well depth,Nature,"The USGS identifies Keller Well as a borehole drilled in 1973 to 4,140 ft (1,262 m).",high,https://www.usgs.gov/observatories/hvo/news/volcano-watch-water-kilauea-and-its-role-its-eruptions,Volcanoes,"Volcano Watch — Water in Kīlauea, and its role in its eruptions | U.S. Geological Survey",www.usgs.gov,verified
FACT-2026-12-19-S02,19,2026-12-19,"Capitol Reef National Park covers approximately 381 square miles, or 243,921 acres.",2,December,Capitol Reef area,Geography,"The page's Fast Facts list the park area as ""~381 square miles (243,921 acres; 98,711 hectares).""",high,https://www.nps.gov/care/learn/nature/index.htm,Park size,Nature - Capitol Reef National Park (U.S. National Park Service),www.nps.gov,verified
FACT-2026-12-19-S03,19,2026-12-19,Water first appeared at the base of Kīlauea's deepest collapsed summit area in Halemaʻumaʻu Crater at the end of July 2019.,3,December,Kīlauea's summit water lake formed in 2019,Nature,"USGS states that water first appeared at the base of the deepest collapsed area of Kīlauea's summit, within Halemaʻumaʻu Crater, at the end of July 2019.",high,https://www.usgs.gov/volcanoes/kilauea/frequently-asked-questions-about-kilauea-volcanos-summit-water,Volcanoes,Frequently Asked Questions About Kīlauea Volcano's Summit Water | U.S. Geological Survey,www.usgs.gov,verified
FACT-2026-12-19-S04,19,2026-12-19,Wallace’s Neogaea included Central America and South America.,4,December,Neogaea included Central and South America,Geography,Britannica states that Neogaea included Central and South America.,high,https://www.britannica.com/science/biogeographic-region/Fauna,Biogeographic Regions,"Biogeographic region - Fauna, Ecosystems, Species | Britannica",www.britannica.com,verified
FACT-2026-12-19-S05,19,2026-12-19,Tropical rainforests have distinct layers defined by the different levels of sunlight they receive.,5,December,Rainforest layers,Nature,"National Geographic states that tropical rainforests have distinct layers defined by different levels of sunlight, with each layer supporting unique plants and animals.",high,https://education.nationalgeographic.org/resource/ecosystem/,Rainforests,Ecosystem,education.nationalgeographic.org,verified
FACT-2026-12-19-S06,19,2026-12-19,The Pacific Plate moves northwestward past the North American Plate along California's San Andreas Fault at about 2 inches per year.,6,December,San Andreas Fault movement,Geography,USGS describes the Pacific Plate moving northwestward past the North American Plate along the San Andreas Fault at approximately two inches per year.,high,https://www.usgs.gov/programs/earthquake-hazards/earthquake-facts-earthquake-fantasy,Tectonic Plates,Earthquake Facts & Earthquake Fantasy | U.S. Geological Survey,www.usgs.gov,verified
FACT-2026-12-19-S07,19,2026-12-19,Lava from Kīlauea’s December 2020 eruption boiled away the Halemaʻumaʻu water lake.,7,December,The December 2020 eruption boiled away the lake,Nature,The USGS states that lava from the December 2020 eruption “boiled it away.”,high,https://www.usgs.gov/publications/chemistry-growth-and-fate-unique-short-lived-2019-2020-water-lake-summit-kilauea,Volcanic Eruptions,"Chemistry, growth, and fate of the unique, short-lived (2019–2020) water lake at the summit of Kīlauea Volcano, Hawaii | U.S. Geological Survey",www.usgs.gov,verified
FACT-2026-12-19-S08,19,2026-12-19,No atmosphere has been detected at Arrokoth.,8,December,Arrokoth has no detected atmosphere,Space,"NASA's atmosphere section states, ""No atmosphere has been detected at Arrokoth,"" explaining that its gravity is too weak to retain one.",high,https://science.nasa.gov/solar-system/kuiper-belt/arrokoth-2014-mu69/facts/,Atmosphere,Arrokoth: Facts - NASA Science,science.nasa.gov,verified
FACT-2026-12-19-S09,19,2026-12-19,Fungus-farming ants began domesticating fungal crops about 30 million years ago.,9,December,Fungus-farming ants domesticated crops about 30 million years ago,Animals,"Smithsonian researchers found that fungus-farming ants began domesticating crops ""about 30 million years ago.""",high,https://www.si.edu/stories/peek-six-animals-smithsonian,Fungus-farming ants,,www.si.edu,verified
FACT-2026-12-19-S10,19,2026-12-19,"Didymos has one moon, Dimorphos.",10,December,Didymos has one known moon,Space,NASA’s Moons section states directly: “Didymos has one moon called Dimorphos.”,high,https://science.nasa.gov/solar-system/asteroids/didymos/,Asteroid Moons,Didymos & Dimorphos - NASA Science,science.nasa.gov,verified
FACT-2026-12-19-S11,19,2026-12-19,Zoogeographers formulate theories to explain the geographic distribution of animal species.,11,December,Zoogeography explains animal distributions,Animals,Britannica states that zoogeographers “formulate theories to explain the distribution.”,high,https://www.britannica.com/science/zoogeography,Zoogeography,"Zoogeography | Animal Distribution, Habitat Types, Ecosystems | Britannica",www.britannica.com,verified
FACT-2026-12-19-S12,19,2026-12-19,NASA defines potentially hazardous objects as near-Earth objects predicted to come within 5 million miles of Earth's orbit and large enough to cause significant damage.,12,December,Potentially hazardous objects have a defined orbital threshold,Space,NASA's Planetary Defense Coordination Office description gives a threshold of within 5 million miles of Earth's orbit and a size of about 30 to 50 meters.,high,https://science.nasa.gov/asteroids-comets-meteors/facts/,Near-Earth Objects,"Asteroids, Comets & Meteors: Facts - NASA Science",science.nasa.gov,verified
FACT-2026-12-19-S13,19,2026-12-19,"The Second Continental Congress unanimously adopted the Declaration of Independence on July 4, 1776.",13,December,Declaration of Independence adoption date,History,"The Library of Congress page states: “On July 4, 1776, the Second Continental Congress unanimously adopted the Declaration of Independence.”",high,https://guides.loc.gov/declaration-of-independence?loclr=reclnk,American Revolution,Introduction - Declaration of Independence: Primary Documents in American History - Research Guides at Library of Congress,guides.loc.gov,verified
FACT-2026-12-19-S14,19,2026-12-19,"Disease, rising temperatures, and increased human activity can cause changes in ecosystems.",14,December,Ecological change has multiple causes,Science,"The page lists diseases among organisms, increases in temperature, and increased human activities as factors that can change ecosystems.",high,https://education.nationalgeographic.org/resource/ecology/,Ecology,Ecology,education.nationalgeographic.org,verified
FACT-2026-12-19-S15,19,2026-12-19,The Heilbrunn Timeline of Art History is authored by experts from The Metropolitan Museum of Art.,15,December,The Timeline is authored by Met experts,History,The About section states that the digital publication is “Authored by The Met’s experts.”,high,https://www.metmuseum.org/essays/timeline-of-art-history,Art history reference,Heilbrunn Timeline of Art History - The Metropolitan Museum of Art,www.metmuseum.org,verified
FACT-2026-12-19-S16,19,2026-12-19,Volcanoes can form away from plate boundaries when a constant source of heat exists below the plate.,16,December,Volcanoes can form within tectonic plates,Science,"The page explains that volcanoes can form in the center of plates, away from where plates meet, when there is a constant source of heat below.",high,https://www.usgs.gov/educational-resources/exploring-hot-spot-volcanism-and-a-mysterious-lake-summit-kilauea-using,Volcanology,"Exploring hot spot volcanism and a mysterious lake at the summit of Kīlauea using models, USGS data, and Hawaiian moʻolelo | U.S. Geological Survey",www.usgs.gov,verified
FACT-2026-12-19-S17,19,2026-12-19,"Toddlers aged 1–2 years are recommended to sleep 11–14 hours daily, including naps.",17,December,Toddler sleep recommendation,Human Body,"CDC’s sleep recommendation table lists 11–14 hours, including naps, for toddlers aged 1–2 years.",high,https://www.cdc.gov/sleep/about/index.html,Sleep,About Sleep | Sleep | CDC,www.cdc.gov,verified
FACT-2026-12-19-S18,19,2026-12-19,"The Harappan, or Indus, script is an undeciphered writing system.",18,December,The Harappan script remains undeciphered,Language,The Met identifies Harappan as one undeciphered language and describes the Harappan or Indus script as signs found on short inscriptions above animal representations on stone seals.,high,http://www.metmuseum.org/essays/art-of-the-first-cities-in-the-third-millennium-b-c,Writing Systems,Art of the First Cities in the Third Millennium B.C. - The Metropolitan Museum of Art,www.metmuseum.org,verified
FACT-2026-12-19-S19,19,2026-12-19,Olympia oysters are a foundational species in San Francisco Bay because they provide habitat for many small organisms.,19,December,Olympia oysters provide habitat in San Francisco Bay,Ocean & Marine,"The page calls the Olympia oyster a foundational species in San Francisco Bay, particularly because it provides habitat for many small organisms.",high,https://www.si.edu/stories/peek-six-animals-smithsonian,Olympia oysters,,www.si.edu,verified
FACT-2026-12-19-S20,19,2026-12-19,"The largest earthquake recorded by seismic instruments was the magnitude 9.5 earthquake in Chile on May 22, 1960.",20,December,Largest recorded earthquake,World Records & Extremes,"USGS identifies the May 22, 1960 Chile earthquake as the largest ever recorded by seismic instruments, with a magnitude of 9.5.",high,https://www.usgs.gov/programs/earthquake-hazards/earthquake-facts-earthquake-fantasy,Earthquakes,Earthquake Facts & Earthquake Fantasy | U.S. Geological Survey,www.usgs.gov,verified
FACT-2026-12-20-S01,20,2026-12-20,Biomes are areas containing similar plants and animals.,1,December,Biomes contain similar plants and animals,Nature,The page defines biomes as “areas containing similar plants and animals.”,high,https://education.nationalgeographic.org/resource/where-are-the-worlds-biomes/,Biomes,Where Are the World's Biomes and Why Are They There,education.nationalgeographic.org,verified
FACT-2026-12-20-S02,20,2026-12-20,Natural processes that form biomes help determine their distribution around the world.,2,December,Natural processes shape biome distribution,Geography,The page asks how “the natural processes that form biomes dictate their distribution around the world.”,high,https://education.nationalgeographic.org/resource/where-are-the-worlds-biomes/,Natural Processes,Where Are the World's Biomes and Why Are They There,education.nationalgeographic.org,verified
FACT-2026-12-20-S03,20,2026-12-20,Climate change is a major threat to coral reef ecosystems.,3,December,Climate change threatens coral reef ecosystems,Nature,"NOAA identifies climate change among the threats that ""top the list"" for coral reef ecosystems.",high,https://oceanservice.noaa.gov/news/oct17/coral-economy.html,Threats,The Coral Reef Economy,oceanservice.noaa.gov,verified
FACT-2026-12-20-S04,20,2026-12-20,The circum-Pacific seismic belt around the Pacific Ocean accounts for about 81% of the world's largest earthquakes.,4,December,The Ring of Fire,Geography,"USGS states that the world's greatest earthquake zone, the circum-Pacific seismic belt, lies along the Pacific rim and contains about 81% of the world's largest earthquakes.",high,https://www.usgs.gov/programs/earthquake-hazards/earthquake-facts-earthquake-fantasy,Seismic Zones,Earthquake Facts & Earthquake Fantasy | U.S. Geological Survey,www.usgs.gov,verified
FACT-2026-12-20-S05,20,2026-12-20,Pollution from fossil fuels or factories can contaminate a species' food supply and potentially alter an entire food web.,5,December,Fossil-fuel pollution can affect food supplies,Nature,"The page states that pollution emitted from fossil fuels or factories can contaminate the food supply for a species, potentially changing an entire food web.",high,https://education.nationalgeographic.org/resource/ecology/,Human Impact,Ecology,education.nationalgeographic.org,verified
FACT-2026-12-20-S06,20,2026-12-20,The Greater Yellowstone Ecosystem’s landscape developed through geological processes occurring over the last 150 million years.,6,December,Yellowstone’s landscape formed through multiple geological processes,Geography,"The National Park Service states that the landscape resulted from Earth’s crust being compressed and pulled apart, glaciation, erosion, and volcanism over the last 150 million years.",high,https://www.nps.gov/yell/learn/nature/geology.htm,Geology,Geology - Yellowstone National Park (U.S. National Park Service),www.nps.gov,verified
FACT-2026-12-20-S07,20,2026-12-20,"More than 50,000 acres of Petrified Forest National Park are designated wilderness.",7,December,Petrified Forest wilderness area,Nature,"The page states that over 50,000 acres are designated as The Petrified Forest National Wilderness Area, established in 1970.",high,https://www.nps.gov/pefo/planyourvisit/fast-facts.htm,Wilderness,Fast Facts - Petrified Forest National Park (U.S. National Park Service),www.nps.gov,verified
FACT-2026-12-20-S08,20,2026-12-20,Arrokoth has neither moons nor rings.,8,December,Arrokoth has no moons or rings,Space,"NASA states that Arrokoth does not have moons or rings, and the quick facts list both as none.",high,https://science.nasa.gov/solar-system/kuiper-belt/arrokoth-2014-mu69/facts/,Moons and Rings,Arrokoth: Facts - NASA Science,science.nasa.gov,verified
FACT-2026-12-20-S09,20,2026-12-20,Arapaima can live for up to 20 years.,9,December,Arapaima can live up to 20 years,Animals,"The page identifies arapaima as large freshwater fish that ""can live up to 20 years.""",high,https://www.si.edu/stories/peek-six-animals-smithsonian,Arapaima,,www.si.edu,verified
FACT-2026-12-20-S10,20,2026-12-20,"Pluto's orbital period is 90,560 days.",10,December,Pluto has the longest listed orbital period,Space,"The 'Orbital Period (days)' row lists Pluto as 90,560 days.",high,https://nssdc.gsfc.nasa.gov/planetary/factsheet/,Planetary motion,Planetary Fact Sheet,nssdc.gsfc.nasa.gov,verified
FACT-2026-12-20-S11,20,2026-12-20,Big Bend National Park has 56 reptile species.,11,December,Reptile species in Big Bend,Animals,The source lists 56 species of reptiles in the park.,high,https://www.nps.gov/bibe/learn/nature/index.htm,Reptiles,Natural History - Big Bend National Park (U.S. National Park Service),www.nps.gov,verified
FACT-2026-12-20-S12,20,2026-12-20,Ganymede has evidence of a thin oxygen atmosphere.,12,December,Thin oxygen atmosphere,Space,NASA reports that Hubble observations found evidence of a thin oxygen atmosphere on Ganymede.,high,https://science.nasa.gov/jupiter/jupiter-moons/ganymede/facts/,Atmosphere,Ganymede: Facts - NASA Science,science.nasa.gov,verified
FACT-2026-12-20-S13,20,2026-12-20,An Assyrian gypsum-alabaster relief fragment depicts cavalrymen traveling along a stream in mountainous terrain and dates to approximately 704–681 B.C.,13,December,Assyrian cavalry relief,History,"The page identifies a “Relief fragment: cavalrymen along a stream in mountainous terrain,” made of gypsum alabaster and dated “ca. 704–681 BCE.”",high,https://www.metmuseum.org/met-publications/art-of-the-ancient-near-east-a-resource-for-educators,Assyrian,Art of the Ancient Near East: A Resource for Educators - The Metropolitan Museum of Art,www.metmuseum.org,verified
FACT-2026-12-20-S14,20,2026-12-20,"After a fault slips, it can become a permeable pathway for water-rich fluids, potentially triggering additional earthquakes near the edge of the initial rupture.",14,December,Fault rupture can create pathways for additional earthquakes,Science,"The USGS says the fault involved in the first earthquake can become permeable to water-rich fluids, potentially causing further earthquakes near the periphery.",high,https://www.usgs.gov/observatories/yvo/news/water-released-crystallizing-magma-can-trigger-earthquakes-yellowstone,Earthquake Swarms,Water Released from Crystallizing Magma can Trigger Earthquakes in Yellowstone | U.S. Geological Survey,www.usgs.gov,verified
FACT-2026-12-20-S15,20,2026-12-20,The Library of Congress timeline identifies the New Nation period as spanning 1783 through 1815.,15,December,New Nation period,History,"The page lists “The New Nation, 1783 - 1815.”",high,https://www.loc.gov/classroom-materials/united-states-history-primary-source-timeline/,Early United States,"Presentation 
         U.S. History Primary Source Timeline",www.loc.gov,verified
FACT-2026-12-20-S16,20,2026-12-20,Ecology in its modern sense has existed since the 19th century.,16,December,Modern ecology dates to the 19th century,Science,"The page states that although scientists studied the natural world for centuries, ecology in the modern sense has only existed since the 19th century.",high,https://education.nationalgeographic.org/resource/ecology/,History of Science,Ecology,education.nationalgeographic.org,verified
FACT-2026-12-20-S17,20,2026-12-20,"In 2023, just over half of U.S. high school students ate fruit daily.",17,December,Daily fruit consumption among U.S. high school students,Human Body,The CDC states under 2023 dietary behaviors that 'just over half of high school students ate fruit daily.',high,https://www.cdc.gov/yrbs/dstr/dietary-physical-sleep-behaviors.html,Adolescent Health,"Data Summary & Trends Report for Dietary, Physical Activity, and Sleep Behaviors | Youth Risk Behavior Surveillance System (YRBSS) | CDC",www.cdc.gov,verified
FACT-2026-12-20-S18,20,2026-12-20,"A volcanologist is a person who studies volcanoes, or “burning mountains.”",18,December,Volcanologist means a person who studies volcanoes,Language,"The page breaks down the term as Vulcan, Roman god of fire; vulcano, “burning mountain”; -ology, “study of”; and -ist, “person,” then defines a volcanologist accordingly.",high,https://www.usgs.gov/news/featured-story/volcanoes-and-usgs-volcano-science-just-facts,Word origins,Volcanoes and USGS Volcano Science: Just the Facts | U.S. Geological Survey,www.usgs.gov,verified
FACT-2026-12-20-S19,20,2026-12-20,Tropical Cyclone Heat Potential measures how much ocean energy is available to sustain or modify the intensity of tropical cyclones.,19,December,Tropical Cyclone Heat Potential measures ocean energy,Ocean & Marine,NOAA CoastWatch describes its Tropical Cyclone Heat Potential product as a robust measure of the energy available in the ocean to sustain or modify tropical-cyclone intensity.,high,https://oceanwatch.noaa.gov/cwn/data-applications/climate-weather.html,Tropical Cyclones,Climate & Weather | NOAA CoastWatch,oceanwatch.noaa.gov,verified
FACT-2026-12-20-S20,20,2026-12-20,NASA-sponsored surveys have provided more than 95% of all near-Earth object discoveries.,20,December,NASA surveys found over 95 percent of near-Earth objects,World Records & Extremes,"The page states: “To date, NASA-sponsored NEO surveys have provided over 95% of all near-Earth object discoveries.”",high,https://science.nasa.gov/asteroids-comets-meteors/facts/,Near-Earth Object Detection,"Asteroids, Comets & Meteors: Facts - NASA Science",science.nasa.gov,verified
FACT-2026-12-21-S01,21,2026-12-21,"Large local or distant earthquakes can increase the likelihood that a volcano will erupt, especially when the volcano is already poised to erupt.",1,December,Earthquakes can bring volcanoes closer to eruption,Nature,"The USGS states that both large local and large distant earthquakes can bring a volcano closer to eruption, but distant-earthquake effects generally require a magma chamber already poised for eruption.",high,https://www.usgs.gov/observatories/hvo/news/volcano-watch-can-earthquakes-trigger-volcanic-eruptions,Volcanology,Volcano Watch — Can earthquakes trigger volcanic eruptions? | U.S. Geological Survey,www.usgs.gov,verified
FACT-2026-12-21-S02,21,2026-12-21,Big Bend National Park contains evidence of three major North American mountain-building episodes.,2,December,Evidence of North American mountain-building episodes,Geography,The National Park Service states that evidence of the three great North American mountain-building episodes is found within the park boundaries.,high,https://www.nps.gov/bibe/learn/nature/index.htm,Mountain building,Natural History - Big Bend National Park (U.S. National Park Service),www.nps.gov,verified
FACT-2026-12-21-S03,21,2026-12-21,The rocks of Big Bend preserve 130 million years of life.,3,December,Fossil record of Big Bend,Nature,The source states that 130 million years of life are preserved in the rocks of Big Bend.,high,https://www.nps.gov/bibe/learn/nature/index.htm,Fossils,Natural History - Big Bend National Park (U.S. National Park Service),www.nps.gov,verified
FACT-2026-12-21-S04,21,2026-12-21,Major ocean current systems generally flow clockwise in the Northern Hemisphere and counterclockwise in the Southern Hemisphere.,4,December,Northern and southern current systems circulate in opposite directions,Geography,The NOAA page states that major current systems typically flow clockwise in the northern hemisphere and counterclockwise in the southern hemisphere.,high,https://oceanexplorer.noaa.gov/ocean-fact/climate/,Ocean circulation,How does the ocean affect climate and weather on land? - NOAA Ocean Exploration,oceanexplorer.noaa.gov,verified
FACT-2026-12-21-S05,21,2026-12-21,Forests in moist areas can support many different kinds of life and often have high species richness.,5,December,Moist forests and species richness,Nature,The page states that forests in moist areas can support many different kinds of life and often have high species richness.,high,https://education.nationalgeographic.org/resource/mapmaker-terrestrial-biodiversity/,Habitats,MapMaker: Terrestrial Biodiversity,education.nationalgeographic.org,verified
FACT-2026-12-21-S06,21,2026-12-21,Ptolemy defined geography as a representation in pictures of the whole known world and its contained phenomena.,6,December,Ptolemy defined geography as a representation of the known world,Geography,The source quotes Ptolemy’s definition as “a representation in pictures of the whole known world together with the phenomena which are contained therein.”,high,https://www.britannica.com/science/geography,Historical Definitions,"Geography | Definition, Types, History, & Facts | Britannica",www.britannica.com,verified
FACT-2026-12-21-S07,21,2026-12-21,The magnitude-7.9 Denali earthquake triggered no volcanic eruptions but was followed by earthquake swarms at several distant volcanoes.,7,December,The Denali earthquake caused volcanic swarms but no eruptions,Nature,"The USGS reports swarms at Mount Rainier, Long Valley Caldera, and Yellowstone Caldera after the M7.9 Denali earthquake, while noting that no eruptions were triggered.",high,https://www.usgs.gov/observatories/hvo/news/volcano-watch-can-earthquakes-trigger-volcanic-eruptions,Volcanology,Volcano Watch — Can earthquakes trigger volcanic eruptions? | U.S. Geological Survey,www.usgs.gov,verified
FACT-2026-12-21-S08,21,2026-12-21,Didymos and Dimorphos form a binary asteroid system in which Dimorphos orbits Didymos.,8,December,Didymos and Dimorphos form a binary asteroid system,Space,"NASA states that the pair is a binary asteroid system, meaning the small moon Dimorphos orbits the larger body Didymos.",high,https://science.nasa.gov/solar-system/asteroids/didymos/,Asteroids,Didymos & Dimorphos - NASA Science,science.nasa.gov,verified
FACT-2026-12-21-S09,21,2026-12-21,"Capitol Reef's species totals include 233 bird species, 58 mammal species, 16 reptile species, 13 fish species, and 5 amphibian species.",9,December,Animal species recorded at Capitol Reef,Animals,"The page's Fast Facts list 233 birds, 58 mammals, 16 reptiles, 13 fish, and 5 amphibians.",high,https://www.nps.gov/care/learn/nature/index.htm,Biodiversity,Nature - Capitol Reef National Park (U.S. National Park Service),www.nps.gov,verified
FACT-2026-12-21-S10,21,2026-12-21,Light from the Sun takes approximately 45 minutes to reach Europa.,10,December,Sunlight takes about 45 minutes to reach Europa,Space,NASA states that light from the Sun takes about 45 minutes to reach Europa.,high,https://science.nasa.gov/jupiter/jupiter-moons/europa/europa-facts/,Light and Distance,Europa: Facts - NASA Science,science.nasa.gov,verified
FACT-2026-12-21-S11,21,2026-12-21,Ling Ling and Hsing Hsing became the National Zoo's first giant pandas in 1972.,11,December,First Giant Pandas Arrived at the Zoo in 1972,Animals,The page states that Ling Ling and Hsing Hsing arrived in 1972 as the Zoo's first giant pandas.,high,https://nationalzoo.si.edu/about/history,Giant Pandas,,nationalzoo.si.edu,verified
FACT-2026-12-21-S12,21,2026-12-21,The solar system extends beyond the planets to include the Kuiper Belt past Neptune's orbit.,12,December,The solar system includes the Kuiper Belt,Space,NASA states that the Kuiper Belt lies past Neptune's orbit and is part of the solar system.,high,https://science.nasa.gov/solar-system/solar-system-facts/,Solar System Structure,Solar System: Facts - NASA Science,science.nasa.gov,verified
FACT-2026-12-21-S13,21,2026-12-21,The Atlas of the Historical Geography of the United States has a second chapter containing 47 maps about the evolution of European and later American cartographic knowledge of North America.,13,December,Atlas cartographic-knowledge chapter,History,The page describes the second chapter as containing “47 maps documenting the evolution of European and later American cartographic knowledge about North America.”,high,https://guides.loc.gov/c.php?g=1428775&p=10601238,Historical Geography,U. S. History - Main Reading Room Databases and Research - Research Guides at Library of Congress,guides.loc.gov,verified
FACT-2026-12-21-S14,21,2026-12-21,Ecology began gaining popularity in the 1960s as environmental issues became more prominent in public awareness.,14,December,Ecology gained popularity in the 1960s,Science,"The page states that ecology first began gaining popularity in the 1960s, when environmental issues were rising to the forefront of public awareness.",high,https://education.nationalgeographic.org/resource/ecology/,History of Science,Ecology,education.nationalgeographic.org,verified
FACT-2026-12-21-S15,21,2026-12-21,The Declaration of Independence announced the American colonies’ separation from Great Britain.,15,December,Declaration of Independence purpose,History,The Library of Congress page states that the Declaration was adopted “announcing the colonies’ separation from Great Britain.”,high,https://guides.loc.gov/declaration-of-independence?loclr=reclnk,American Revolution,Introduction - Declaration of Independence: Primary Documents in American History - Research Guides at Library of Congress,guides.loc.gov,verified
FACT-2026-12-21-S16,21,2026-12-21,The water table is the top of the saturated zone beneath Earth's surface.,16,December,Water table definition,Science,The lesson's groundwater background information defines the water table as the top of the saturated zone.,high,https://www.usgs.gov/educational-resources/exploring-hot-spot-volcanism-and-a-mysterious-lake-summit-kilauea-using,Water Cycle,"Exploring hot spot volcanism and a mysterious lake at the summit of Kīlauea using models, USGS data, and Hawaiian moʻolelo | U.S. Geological Survey",www.usgs.gov,verified
FACT-2026-12-21-S17,21,2026-12-21,"Preschool-aged children from 3–5 years are recommended to sleep 10–13 hours daily, including naps.",17,December,Preschooler sleep recommendation,Human Body,"CDC’s sleep recommendation table lists 10–13 hours, including naps, for preschool-aged children from 3–5 years.",high,https://www.cdc.gov/sleep/about/index.html,Sleep,About Sleep | Sleep | CDC,www.cdc.gov,verified
FACT-2026-12-21-S18,21,2026-12-21,"Under the 2024 agreement, the Smithsonian’s National Zoo pays the China Wildlife Conservation Association a $1 million annual fee for research and conservation in China.",18,December,The Zoo pays an annual panda conservation fee,Money & Economics,The page states that NZCBI will pay “a $1 million annual fee to CWCA to support research and conservation efforts in China.”,high,https://nationalzoo.si.edu/animals/history-giant-pandas-zoo,Conservation Funding,The History of Giant Pandas at the Smithsonian's National Zoo and Conservation Biology Institute,nationalzoo.si.edu,verified
FACT-2026-12-21-S19,21,2026-12-21,The lesson's moʻolelo describes groundwater beginning to fill Halemaʻumaʻu crater in July 2019.,19,December,Groundwater filled the Halemaʻumaʻu crater,Ocean & Marine,"The passage states: 'In July 2019, Nāmakaokahaʻi began to fill the Halemaʻumaʻu crater ... with groundwater.'",high,https://www.usgs.gov/educational-resources/exploring-hot-spot-volcanism-and-a-mysterious-lake-summit-kilauea-using,Groundwater,"Exploring hot spot volcanism and a mysterious lake at the summit of Kīlauea using models, USGS data, and Hawaiian moʻolelo | U.S. Geological Survey",www.usgs.gov,verified
FACT-2026-12-21-S20,21,2026-12-21,Olympus Mons on Mars is the largest volcano in the solar system and rises more than 25 miles (40 kilometers) from base to summit.,20,December,Olympus Mons is the solar system’s largest volcano,World Records & Extremes,"NASA states that Olympus Mons is the largest volcano in the solar system and stands more than 25 miles (more than 132,000 feet or 40 kilometers) tall.",high,https://science.nasa.gov/mars/facts/,Volcanoes,Mars: Facts - NASA Science,science.nasa.gov,verified
FACT-2026-12-22-S01,22,2026-12-22,The CoastWatch East Coast node monitors coastal erosion by tracking in-water sediment values.,1,December,CoastWatch monitors coastal erosion using sediment values,Nature,NOAA CoastWatch states that its East Coast node monitors coastal erosion by tracking in-water sediment values.,high,https://oceanwatch.noaa.gov/cwn/data-applications/climate-weather.html,Coastal Processes,Climate & Weather | NOAA CoastWatch,oceanwatch.noaa.gov,verified
FACT-2026-12-22-S02,22,2026-12-22,"Each map grid cell covers about 777 square kilometers, or 300 square miles, with sides about 17 miles long.",2,December,Map grid-cell size,Geography,"The page states that each square represents one raster-data grid cell covering about 777 square kilometers or 300 square miles, with sides 17 miles long.",high,https://education.nationalgeographic.org/resource/mapmaker-terrestrial-biodiversity/,Map data,MapMaker: Terrestrial Biodiversity,education.nationalgeographic.org,verified
FACT-2026-12-22-S03,22,2026-12-22,Capitol Reef National Park was designated an International Dark Sky Park in 2015.,3,December,International Dark Sky designation,Nature,"The National Park Service states that Capitol Reef ""was designated an International Dark Sky Park in 2015.""",high,https://www.nps.gov/care/learn/nature/index.htm,Dark skies,Nature - Capitol Reef National Park (U.S. National Park Service),www.nps.gov,verified
FACT-2026-12-22-S04,22,2026-12-22,"Farmers use precipitation predictions, partly together with soil-moisture levels, when deciding which crops to plant and how deeply to plant them.",4,December,Precipitation prediction supports crop decisions,Geography,"NOAA states that understanding and predicting precipitation is critical to farmers deciding which crops to plant and how deep, based in part on soil moisture levels.",high,https://oceanservice.noaa.gov/facts/ocean_weather.html,Weather and Agriculture,What role does the ocean play in the weather?,oceanservice.noaa.gov,verified
FACT-2026-12-22-S05,22,2026-12-22,"Before the 2018 eruption, water in a deep Kīlauea summit well stood about 1,600–1,620 feet (488–494 meters) below the ground surface.",5,December,Kīlauea groundwater level before 2018,Nature,"The page reports that, until the 2018 eruption, the well's water level varied between about 1,600 and 1,620 feet (488–494 meters) below the surface.",high,https://www.usgs.gov/observatories/hvo/news/volcano-watch-water-kilauea-and-its-role-its-eruptions,Volcanoes,"Volcano Watch — Water in Kīlauea, and its role in its eruptions | U.S. Geological Survey",www.usgs.gov,verified
FACT-2026-12-22-S06,22,2026-12-22,Yellowstone and much of North America experienced numerous periods of glaciation during the last 2.6 million years.,6,December,Yellowstone has undergone repeated glaciation,Geography,The page’s National Park Service geology description states that Yellowstone and much of North America underwent numerous glaciation periods during the last 2.6 million years.,high,https://www.nps.gov/yell/learn/nature/geology.htm,Glaciation,Geology - Yellowstone National Park (U.S. National Park Service),www.nps.gov,verified
FACT-2026-12-22-S07,22,2026-12-22,"The Siberian tiger’s range extends more than 1,000 kilometers (620 miles) across Russia’s far east and into China and North Korea.",7,December,Siberian tigers have a wide umbrella range,Nature,"National Geographic identifies the endangered Siberian tiger as an umbrella species with a range of more than 1,000 kilometers (620 miles), extending into China and North Korea.",high,https://education.nationalgeographic.org/resource/role-keystone-species-ecosystem/,Umbrella Species,Role of Keystone Species in an Ecosystem,education.nationalgeographic.org,verified
FACT-2026-12-22-S08,22,2026-12-22,"Scientists found evidence of methanol, water ice, and organic molecules on Arrokoth's surface.",8,December,Arrokoth contains methanol and water ice,Space,"The surface section says scientists found evidence for methanol, water ice, and organic molecules.",high,https://science.nasa.gov/solar-system/kuiper-belt/arrokoth-2014-mu69/facts/,Surface Composition,Arrokoth: Facts - NASA Science,science.nasa.gov,verified
FACT-2026-12-22-S09,22,2026-12-22,Arapaima breathe surface air using modified swim bladders that function as lungs.,9,December,Arapaima breathe air with modified swim bladders,Animals,"The Smithsonian states that arapaima must breathe air from the surface and have modified swim bladders ""that function as a lung.""",high,https://www.si.edu/stories/peek-six-animals-smithsonian,Arapaima,,www.si.edu,verified
FACT-2026-12-22-S10,22,2026-12-22,"Asteroids, comets, and meteors are small space rocks that never evolved into planets.",10,December,"Asteroids, comets, and meteors are leftover space rocks",Space,"The page says billions of small space rocks never evolved into planets and are called asteroids, comets, and meteors.",high,https://science.nasa.gov/asteroids-comets-meteors/facts/,Small Bodies,"Asteroids, Comets & Meteors: Facts - NASA Science",science.nasa.gov,verified
FACT-2026-12-22-S11,22,2026-12-22,The distributions of terrestrial mammals generally correspond well with zoogeographic divisions.,11,December,Mammal distributions correspond well with zoogeographic divisions,Animals,"Britannica says that, in general, the distribution of terrestrial mammals seems to correspond well with zoogeographic divisions.",high,https://www.britannica.com/science/biogeographic-region/Fauna,Animal Distribution,"Biogeographic region - Fauna, Ecosystems, Species | Britannica",www.britannica.com,verified
FACT-2026-12-22-S12,22,2026-12-22,"Jupiter's equatorial surface gravity is 24.79 m s−2, the highest listed among the planets.",12,December,Jupiter has the highest equatorial gravity among the planets,Space,"The table defines equatorial gravity as gravitational acceleration at the equator and lists Jupiter at 24.79 [*] m s−2, higher than the other planets.",high,https://ssd.jpl.nasa.gov/planets/phys_par.html,Planetary Parameters,Planetary Physical Parameters,ssd.jpl.nasa.gov,verified
FACT-2026-12-22-S13,22,2026-12-22,The Library of Congress timeline identifies National Expansion and Reform as spanning 1815 through 1880.,13,December,National Expansion and Reform period,History,"The page lists “National Expansion and Reform, 1815 - 1880.”",high,https://www.loc.gov/classroom-materials/united-states-history-primary-source-timeline/,Expansion and reform,"Presentation 
         U.S. History Primary Source Timeline",www.loc.gov,verified
FACT-2026-12-22-S14,22,2026-12-22,"Petrified Forest contains evidence of more than 13,000 years of human history and over 800 archaeological and historic sites.",14,December,Human history at Petrified Forest,Ancient Civilizations,"The page states that over 13,000 years of human history can be found in the park, including over 800 archaeological and historic sites.",high,https://www.nps.gov/pefo/planyourvisit/fast-facts.htm,Archaeology,Fast Facts - Petrified Forest National Park (U.S. National Park Service),www.nps.gov,verified
FACT-2026-12-22-S15,22,2026-12-22,"The Heilbrunn Timeline of Art History comprises more than 1,000 essays.",15,December,"The Timeline contains more than 1,000 essays",History,"The Met states that the Timeline “currently comprises more than 1,000 essays.”",high,https://www.metmuseum.org/essays/timeline-of-art-history,Art history reference,Heilbrunn Timeline of Art History - The Metropolitan Museum of Art,www.metmuseum.org,verified
FACT-2026-12-22-S16,22,2026-12-22,"In 2023, about one in four U.S. high school students ate breakfast daily.",16,December,Daily breakfast consumption among U.S. high school students,Human Body,The CDC reports that in 2023 'about 1 in 4 students ate breakfast daily.',high,https://www.cdc.gov/yrbs/dstr/dietary-physical-sleep-behaviors.html,Adolescent Health,"Data Summary & Trends Report for Dietary, Physical Activity, and Sleep Behaviors | Youth Risk Behavior Surveillance System (YRBSS) | CDC",www.cdc.gov,verified
FACT-2026-12-22-S17,22,2026-12-22,Coral reefs contribute more than $3.4 billion to the U.S. economy each year.,17,December,U.S. coral reefs generate billions annually,Money & Economics,"The NOAA page states, ""each year coral reefs pump more than $3.4 billion into the U.S. economy,"" describing this as a conservative estimate.",high,https://oceanservice.noaa.gov/news/oct17/coral-economy.html,Economic Impact,The Coral Reef Economy,oceanservice.noaa.gov,verified
FACT-2026-12-22-S18,22,2026-12-22,The first genome repository for Great Barrier Reef coral was established in 2011 with help from Smithsonian scientists.,18,December,First Great Barrier Reef Coral Genome Repository Established in 2011,Ocean & Marine,The page states that Smithsonian scientists helped establish the first genome repository for Great Barrier Reef coral in 2011.,high,https://nationalzoo.si.edu/about/history,Coral Conservation,,nationalzoo.si.edu,verified
FACT-2026-12-22-S19,22,2026-12-22,An earthquake swarm consists of many earthquakes clustered in space and time without being preceded by a large mainshock.,19,December,Earthquake swarms are clustered events without a mainshock,Science,"The USGS defines earthquake swarms as many earthquakes clustered in space and time that are not preceded by a large earthquake, or mainshock.",high,https://www.usgs.gov/observatories/yvo/news/water-released-crystallizing-magma-can-trigger-earthquakes-yellowstone,Earthquake Swarms,Water Released from Crystallizing Magma can Trigger Earthquakes in Yellowstone | U.S. Geological Survey,www.usgs.gov,verified
FACT-2026-12-22-S20,22,2026-12-22,"The 1959 Kīlauea Iki eruption produced Hawaiʻi's tallest recorded lava fountain, reaching 1,900 feet (580 meters).",20,December,Hawaiʻi's tallest recorded lava fountain reached 580 meters,World Records & Extremes,"USGS identifies the 1959 Kīlauea Iki eruption as Hawaiʻi's tallest recorded lava fountain at 1,900 feet (580 meters).",high,https://www.usgs.gov/volcanoes/kilauea/frequently-asked-questions-about-kilauea-volcanos-summit-water,Volcanic Eruptions,Frequently Asked Questions About Kīlauea Volcano's Summit Water | U.S. Geological Survey,www.usgs.gov,verified
FACT-2026-12-23-S01,23,2026-12-23,An earthquake is ground shaking caused by a sudden slip on a fault that releases energy as waves through Earth's crust.,1,December,How earthquakes happen,Nature,USGS states that an earthquake is ground shaking caused by a sudden slip on a fault; built-up stress causes rocks to slip and release energy in waves.,high,https://www.usgs.gov/programs/earthquake-hazards/earthquake-facts-earthquake-fantasy,Earthquakes,Earthquake Facts & Earthquake Fantasy | U.S. Geological Survey,www.usgs.gov,verified
FACT-2026-12-23-S02,23,2026-12-23,NASA’s DART mission was the first full-scale demonstration of asteroid-deflection technology.,2,December,DART was the first full-scale asteroid-deflection demonstration,Space,NASA describes DART as the agency’s first mission to test planetary-defense technology and the first full-scale demonstration of asteroid deflection technology.,high,https://science.nasa.gov/solar-system/asteroids/didymos/,Asteroid Missions,Didymos & Dimorphos - NASA Science,science.nasa.gov,verified
FACT-2026-12-23-S03,23,2026-12-23,"Epiphytes are plants that grow directly on rainforest branches, including mosses, ferns, and orchids.",3,December,Rainforest canopy epiphytes,Nature,"The page explains that forest canopies include epiphytes that grow directly on branches and gives mosses, ferns, and orchids as examples.",high,https://education.nationalgeographic.org/resource/ecosystem/,Rainforests,Ecosystem,education.nationalgeographic.org,verified
FACT-2026-12-23-S04,23,2026-12-23,Ganymede’s daytime surface temperatures range from −297 to −171 degrees Fahrenheit (90 to 160 kelvins).,4,December,Extremely cold surface,Space,NASA gives Ganymede’s daytime surface temperature range as −297 to −171 degrees Fahrenheit (90 to 160 Kelvin).,high,https://science.nasa.gov/jupiter/jupiter-moons/ganymede/facts/,Temperature,Ganymede: Facts - NASA Science,science.nasa.gov,verified
FACT-2026-12-23-S05,23,2026-12-23,A magnitude-7.2 earthquake beneath the Kīlauea Summit and East Rift Zone was followed within hours by a short summit eruption.,5,December,The 1975 Kalapana earthquake preceded a Kīlauea eruption,Nature,The page states that the 1975 M7.2 Kalapana earthquake occurred beneath the entire Kīlauea Summit and East Rift Zone area and was followed within hours by a short summit eruption.,high,https://www.usgs.gov/observatories/hvo/news/volcano-watch-can-earthquakes-trigger-volcanic-eruptions,Volcanology,Volcano Watch — Can earthquakes trigger volcanic eruptions? | U.S. Geological Survey,www.usgs.gov,verified
FACT-2026-12-23-S06,23,2026-12-23,"Mars is an average of 142 million miles (228 million kilometers), or 1.5 astronomical units, from the Sun.",6,December,Mars is 1.5 astronomical units from the Sun,Space,"NASA gives Mars’s average distance from the Sun as 142 million miles (228 million kilometers), equivalent to 1.5 astronomical units.",high,https://science.nasa.gov/mars/facts/,Distance,Mars: Facts - NASA Science,science.nasa.gov,verified
FACT-2026-12-23-S07,23,2026-12-23,A sufficiently large landslide with more than about 3–5 percent clay-sized particles can transform into a lahar and travel up to 200 kilometers downstream.,7,December,Water-rich landslides can transform into lahars,Nature,"The USGS says that a large landslide containing a high percentage of water and fine material, typically more than 3–5 percent clay-sized particles, may transform into a lahar traveling as much as 200 km (120 mi) downstream.",high,https://www.usgs.gov/programs/VHP/landslides-are-common-tall-steep-and-weak-volcanic-cones,Lahars,"Landslides are common on tall, steep, and weak volcanic cones | U.S. Geological Survey",www.usgs.gov,verified
FACT-2026-12-23-S08,23,2026-12-23,The first black-footed ferret kits born at the Front Royal facility were returned to the wild in 1991.,8,December,First Black-Footed Ferrets Returned to the Wild in 1991,Animals,"The page states that in 1991 the first black-footed ferret kits born at the Front Royal, Virginia, facility were returned to the wild.",high,https://nationalzoo.si.edu/about/history,Species Reintroduction,,nationalzoo.si.edu,verified
FACT-2026-12-23-S09,23,2026-12-23,"Without ocean currents, temperatures would be more extreme, with hotter equatorial regions and colder polar regions.",9,December,Ocean currents moderate regional temperature differences,Geography,"NOAA states that without ocean currents, regional temperatures would be more extreme—super hot at the equator and frigid toward the poles.",high,https://oceanexplorer.noaa.gov/ocean-fact/climate/,Regional temperature,How does the ocean affect climate and weather on land? - NOAA Ocean Exploration,oceanexplorer.noaa.gov,verified
FACT-2026-12-23-S10,23,2026-12-23,Big Bend National Park has 40 fish species.,10,December,Fish species in Big Bend,Animals,The National Park Service identifies 40 species of fish in the park.,high,https://www.nps.gov/bibe/learn/nature/index.htm,Fish,Natural History - Big Bend National Park (U.S. National Park Service),www.nps.gov,verified
FACT-2026-12-23-S11,23,2026-12-23,"The Metropolitan Museum of Art’s Ancient Greece chronology for 1000 B.C.–1 A.D. encompasses present-day Albania, Bosnia and Herzegovina, Bulgaria, Croatia, Greece, North Macedonia, Montenegro, Serbia, Slovenia, and European Turkey.",11,December,The Met’s Ancient Greece chronology covers ten present-day countries or regions,Geography,"The page states that “Ancient Greece, 1000 B.C.–1 A.D.” encompasses “present-day Albania, Bosnia and Herzegovina, Bulgaria, Croatia, Greece, Republic of Macedonia, Montenegro, Serbia, Slovenia, and European Turkey.”",high,https://metmuseum.org/toah/chronology/,Regional scope,Chronology | Heilbrunn Timeline of Art History | The Metropolitan Museum of Art,metmuseum.org,verified
FACT-2026-12-23-S12,23,2026-12-23,Thomas Jefferson’s rough draft of the Declaration of Independence dates to June 1776.,12,December,Jefferson’s rough draft date,History,"The page identifies the document as “Thomas Jefferson. June 1776, Rough Draft of the Declaration of Independence.”",high,https://guides.loc.gov/declaration-of-independence?loclr=reclnk,Primary documents,Introduction - Declaration of Independence: Primary Documents in American History - Research Guides at Library of Congress,guides.loc.gov,verified
FACT-2026-12-23-S13,23,2026-12-23,Earth has one global ocean that covers 71 percent of the planet.,13,December,Earth has one global ocean,Ocean & Marine,"NOAA states, “There is only one global ocean” and describes it as the body of water covering 71 percent of Earth.",high,https://oceanservice.noaa.gov/facts/howmanyoceans.html,Ocean Classification,How many oceans are there?,oceanservice.noaa.gov,verified
FACT-2026-12-23-S14,23,2026-12-23,The Akkadian kings created what the Met describes as the world’s first empire.,14,December,The Akkadian kings created the world’s first empire,History,"The page states that, after Sargon of Akkad founded the Akkadian dynasty around 2340–2285 B.C., the Akkadian kings created the world’s first empire.",high,http://www.metmuseum.org/essays/art-of-the-first-cities-in-the-third-millennium-b-c,Empires,Art of the First Cities in the Third Millennium B.C. - The Metropolitan Museum of Art,www.metmuseum.org,verified
FACT-2026-12-23-S15,23,2026-12-23,Global daily Tropical Cyclone Heat Potential fields are produced using blended surface sea-temperature data and sea-surface-height data.,15,December,Global daily Tropical Cyclone Heat Potential fields use sea-temperature and sea-height data,Ocean & Marine,The page states that NOAA CoastWatch Geo-Polar Blended surface sea-temperature data and sea-surface-height data are used to produce global daily TCHP fields.,high,https://oceanwatch.noaa.gov/cwn/data-applications/climate-weather.html,Tropical Cyclones,Climate & Weather | NOAA CoastWatch,oceanwatch.noaa.gov,verified
FACT-2026-12-23-S16,23,2026-12-23,Puerco Pueblo was occupied by ancestral Puebloan people between A.D. 1200 and 1400.,16,December,Puerco Pueblo occupation,Ancient Civilizations,The page states that Puerco Pueblo was built by ancestral Puebloan people and occupied between A.D. 1200 and 1400.,high,https://www.nps.gov/pefo/planyourvisit/fast-facts.htm,Pueblos,Fast Facts - Petrified Forest National Park (U.S. National Park Service),www.nps.gov,verified
FACT-2026-12-23-S17,23,2026-12-23,Adults aged 18–60 years are recommended to sleep at least 7 hours daily.,17,December,Adult sleep recommendation,Human Body,CDC’s sleep recommendation table lists 7 or more hours for adults aged 18–60 years.,high,https://www.cdc.gov/sleep/about/index.html,Sleep,About Sleep | Sleep | CDC,www.cdc.gov,verified
FACT-2026-12-23-S18,23,2026-12-23,Healthy coral reef ecosystems support millions of jobs.,18,December,Coral reefs support millions of jobs,Money & Economics,"NOAA states that healthy coral reef ecosystems support ""millions of jobs.""",high,https://oceanservice.noaa.gov/news/oct17/coral-economy.html,Employment,The Coral Reef Economy,oceanservice.noaa.gov,verified
FACT-2026-12-23-S19,23,2026-12-23,Adding heat to liquid water can cause a phase change from liquid water to water vapor.,19,December,Heating causes water to vaporize,Science,The lesson explains that changing water from liquid to vapor is a phase change and asks students to illustrate how adding heat leads to this transition.,high,https://www.usgs.gov/educational-resources/exploring-hot-spot-volcanism-and-a-mysterious-lake-summit-kilauea-using,States of Matter,"Exploring hot spot volcanism and a mysterious lake at the summit of Kīlauea using models, USGS data, and Hawaiian moʻolelo | U.S. Geological Survey",www.usgs.gov,verified
FACT-2026-12-23-S20,23,2026-12-23,"By December 20, 2020, the Halemaʻumaʻu lake contained more than one million cubic meters of water.",20,December,Halemaʻumaʻu lake held over one million cubic meters,World Records & Extremes,"The lesson passage states that on December 20, 2020, the large lake contained over one million cubic meters of water.",high,https://www.usgs.gov/educational-resources/exploring-hot-spot-volcanism-and-a-mysterious-lake-summit-kilauea-using,Water Volume,"Exploring hot spot volcanism and a mysterious lake at the summit of Kīlauea using models, USGS data, and Hawaiian moʻolelo | U.S. Geological Survey",www.usgs.gov,verified
FACT-2026-12-24-S01,24,2026-12-24,"Deserts support fewer species because they have much less water, but many desert species cannot live anywhere else.",1,December,Deserts and biodiversity,Nature,"The page says deserts have much less water and support fewer species, while many species that thrive in deserts cannot live anywhere else.",high,https://education.nationalgeographic.org/resource/mapmaker-terrestrial-biodiversity/,Habitats,MapMaker: Terrestrial Biodiversity,education.nationalgeographic.org,verified
FACT-2026-12-24-S02,24,2026-12-24,Arrokoth is the reddest outer Solar System object visited by a spacecraft.,2,December,Arrokoth is exceptionally red,Space,NASA states that Arrokoth is very red—redder than Pluto—and is the reddest outer Solar System object visited by spacecraft thus far.,high,https://science.nasa.gov/solar-system/kuiper-belt/arrokoth-2014-mu69/facts/,Surface Color,Arrokoth: Facts - NASA Science,science.nasa.gov,verified
FACT-2026-12-24-S03,24,2026-12-24,"After the 2018 eruption, water in the deep Kīlauea summit well dropped to about 1,660–1,670 feet (506–509 meters) below the ground surface.",3,December,Kīlauea groundwater level after 2018,Nature,"The USGS states that after the 2018 eruption, the well's water level dropped to about 1,660–1,670 ft (506–509 m) below the ground surface.",high,https://www.usgs.gov/observatories/hvo/news/volcano-watch-water-kilauea-and-its-role-its-eruptions,Volcanoes,"Volcano Watch — Water in Kīlauea, and its role in its eruptions | U.S. Geological Survey",www.usgs.gov,verified
FACT-2026-12-24-S04,24,2026-12-24,Europa's surface composition is mostly water ice.,4,December,Europa's surface is mostly water ice,Space,NASA reports that spectroscopic observations showed Europa's surface composition is mostly water ice.,high,https://science.nasa.gov/jupiter/jupiter-moons/europa/europa-facts/,Surface,Europa: Facts - NASA Science,science.nasa.gov,verified
FACT-2026-12-24-S05,24,2026-12-24,The distribution of precipitation is examined as a factor that might affect where biomes are located.,5,December,Precipitation may influence biome locations,Nature,The page says students create a hypothesis about “how precipitation distribution might impact the locations of the biomes.”,high,https://education.nationalgeographic.org/resource/where-are-the-worlds-biomes/,Precipitation,Where Are the World's Biomes and Why Are They There,education.nationalgeographic.org,verified
FACT-2026-12-24-S06,24,2026-12-24,"Jupiter has the shortest day in the Solar System, rotating once in about 9.9 hours.",6,December,Jupiter has the shortest day of any planet,Space,The page says Jupiter has the shortest day in the Solar System and that one rotation takes 9.9 hours.,high,https://science.nasa.gov/jupiter/jupiter-facts/,Rotation,Jupiter Facts,science.nasa.gov,verified
FACT-2026-12-24-S07,24,2026-12-24,Storm systems fueled by warm ocean waters provide fresh water that is vital to living things.,7,December,Storm systems provide fresh water,Nature,NOAA explains that warm ocean waters fuel storm systems that provide fresh water vital to all living things.,high,https://oceanservice.noaa.gov/facts/ocean_weather.html,Precipitation,What role does the ocean play in the weather?,oceanservice.noaa.gov,verified
FACT-2026-12-24-S08,24,2026-12-24,Knowledge of animals’ evolutionary history and relationships helps explain their geographic distribution.,8,December,Animal evolutionary history informs distribution studies,Animals,Britannica says zoogeographic theories also rely on “knowledge of the evolutionary history and relationships of the animals involved.”,high,https://www.britannica.com/science/zoogeography,Zoogeography,"Zoogeography | Animal Distribution, Habitat Types, Ecosystems | Britannica",www.britannica.com,verified
FACT-2026-12-24-S09,24,2026-12-24,"Capitol Reef National Park ranges from 3,880 feet to 8,960 feet in elevation.",9,December,Capitol Reef elevation range,Geography,"The page states that elevations range from 3,880 ft (1,183 m) to 8,960 ft (2,731 m).",high,https://www.nps.gov/care/learn/nature/index.htm,Elevation,Nature - Capitol Reef National Park (U.S. National Park Service),www.nps.gov,verified
FACT-2026-12-24-S10,24,2026-12-24,Arapaima can survive out of water for up to 24 hours.,10,December,Arapaima can survive out of water for 24 hours,Animals,"The page says their lung-like swim bladders allow them to survive out of water ""for up to 24 hours.""",high,https://www.si.edu/stories/peek-six-animals-smithsonian,Arapaima,,www.si.edu,verified
FACT-2026-12-24-S11,24,2026-12-24,Ocean currents help make more of Earth’s land habitable by moderating global temperature differences.,11,December,Ocean currents support land habitability,Geography,"The NOAA page states that without ocean currents, much less of Earth’s land would be habitable.",high,https://oceanexplorer.noaa.gov/ocean-fact/climate/,Habitability,How does the ocean affect climate and weather on land? - NOAA Ocean Exploration,oceanexplorer.noaa.gov,verified
FACT-2026-12-24-S12,24,2026-12-24,The Library of Congress timeline identifies Civil War and Reconstruction as spanning 1861 through 1877.,12,December,Civil War and Reconstruction period,History,"The page lists “Civil War and Reconstruction, 1861 - 1877.”",high,https://www.loc.gov/classroom-materials/united-states-history-primary-source-timeline/,Civil War and Reconstruction,"Presentation 
         U.S. History Primary Source Timeline",www.loc.gov,verified
FACT-2026-12-24-S13,24,2026-12-24,"The Keller Well near Halemaʻumaʻu crater is 1,262 meters deep, equivalent to 4,140 feet.",13,December,Keller Well depth,Ocean & Marine,"The groundwater-model procedure identifies the Keller Well and states that it is 1,262 meters (4,140 feet) deep.",high,https://www.usgs.gov/educational-resources/exploring-hot-spot-volcanism-and-a-mysterious-lake-summit-kilauea-using,Groundwater,"Exploring hot spot volcanism and a mysterious lake at the summit of Kīlauea using models, USGS data, and Hawaiian moʻolelo | U.S. Geological Survey",www.usgs.gov,verified
FACT-2026-12-24-S14,24,2026-12-24,Prehistoric humans’ survival as hunters defined their relationship with animals as sources of both food and danger.,14,December,Hunting shaped prehistoric human relationships with animals,History,"Britannica states that prehistoric man’s survival as a hunter defined his relation to animals, which were sources of food and danger.",high,https://www.britannica.com/science/zoology,Human-Animal Relations,"Zoology | Definition, History, Examples, Importance, & Facts | Britannica",www.britannica.com,verified
FACT-2026-12-24-S15,24,2026-12-24,The global ocean is geographically divided into distinct named regions.,15,December,The global ocean is divided into named regions,Ocean & Marine,NOAA explains that the single global ocean is “geographically divided into distinct named regions.”,high,https://oceanservice.noaa.gov/facts/howmanyoceans.html,Named Oceans,How many oceans are there?,oceanservice.noaa.gov,verified
FACT-2026-12-24-S16,24,2026-12-24,"Early South Asian art depicted nature as divine through yakshas, yakshis, and nagas.",16,December,Nature deities appeared in early South Asian art,Ancient Civilizations,"The featured essay summary states: “Early South Asian art depicted nature as divine—yakshas, yakshis, and nagas embodied fertility, water, and sacred power.”",high,https://www.metmuseum.org/essays/timeline-of-art-history,Early South Asia,Heilbrunn Timeline of Art History - The Metropolitan Museum of Art,www.metmuseum.org,verified
FACT-2026-12-24-S17,24,2026-12-24,"In 2023, just over half of U.S. high school students drank plain water at least three times per day.",17,December,Plain-water consumption among U.S. high school students,Human Body,The CDC states that just over half of high school students in 2023 'drank plain water at least 3 times per day.',high,https://www.cdc.gov/yrbs/dstr/dietary-physical-sleep-behaviors.html,Adolescent Health,"Data Summary & Trends Report for Dietary, Physical Activity, and Sleep Behaviors | Youth Risk Behavior Surveillance System (YRBSS) | CDC",www.cdc.gov,verified
FACT-2026-12-24-S18,24,2026-12-24,Weather that is too wet or too dry can adversely affect crops and may increase crop and food prices.,18,December,Adverse rainfall can affect food prices,Money & Economics,NOAA states that crop and food prices may increase when weather that is too wet or too dry adversely affects crops.,high,https://oceanservice.noaa.gov/facts/ocean_weather.html,Agriculture and Prices,What role does the ocean play in the weather?,oceanservice.noaa.gov,verified
FACT-2026-12-24-S19,24,2026-12-24,"A research center dedicated to animal reproduction, behavior, and ecology opened at the Zoo in 1965.",19,December,Animal Reproduction Research Center Opened in 1965,Science,"The page states that a research center studying animal reproduction, behavior, and ecology opened in 1965.",high,https://nationalzoo.si.edu/about/history,Conservation Research,,nationalzoo.si.edu,verified
FACT-2026-12-24-S20,24,2026-12-24,"When Mei Xiang gave birth to Xiao Qi Ji in 2020, she became the oldest giant panda in the United States to give birth.",20,December,Mei Xiang became the oldest giant panda in the United States to give birth,World Records & Extremes,"The page states that with Xiao Qi Ji’s birth on August 21, 2020, Mei Xiang became “the oldest giant panda in the United States” and the second-oldest documented worldwide to give birth.",high,https://nationalzoo.si.edu/animals/history-giant-pandas-zoo,Animal Births,The History of Giant Pandas at the Smithsonian's National Zoo and Conservation Biology Institute,nationalzoo.si.edu,verified
FACT-2026-12-25-S01,25,2026-12-25,Adding or removing one species from an ecosystem can produce cascading effects on many other organisms.,1,December,A single species can affect many others,Nature,"The page states that the addition or subtraction of a single species can create a domino effect on many others, including through disease spread or overhunting.",high,https://education.nationalgeographic.org/resource/ecology/,Ecosystems,Ecology,education.nationalgeographic.org,verified
FACT-2026-12-25-S02,25,2026-12-25,"Ceres's sidereal orbital period is 4.61 years, the shortest among the listed dwarf planets.",2,December,Ceres has the shortest listed dwarf-planet orbital period,Space,"The dwarf-planet table lists Ceres's sidereal orbital period as 4.61 years, shorter than those of Pluto, Eris, Makemake, and Haumea.",high,https://ssd.jpl.nasa.gov/planets/phys%5Fpar.html,Dwarf Planet Parameters,Planetary Physical Parameters,ssd.jpl.nasa.gov,verified
FACT-2026-12-25-S03,25,2026-12-25,The health of oyster populations in the Chesapeake Bay is used to indicate the health of the entire ecosystem.,3,December,Chesapeake oysters indicate ecosystem health,Nature,"The page identifies oysters as an indicator species and explains that their filter-feeding beds help protect fisheries, coastal habitats, and benthic ecosystems.",high,https://education.nationalgeographic.org/resource/role-keystone-species-ecosystem/,Indicator Species,Role of Keystone Species in an Ecosystem,education.nationalgeographic.org,verified
FACT-2026-12-25-S04,25,2026-12-25,DART’s impact shortened Dimorphos’s orbit around Didymos from 11 hours 55 minutes to 11 hours 23 minutes.,4,December,DART changed Dimorphos’s orbit,Space,"NASA reports that the Sept. 26, 2022, impact altered the orbit by 32 minutes, shortening the period from 11 hours and 55 minutes to 11 hours and 23 minutes.",high,https://science.nasa.gov/solar-system/asteroids/didymos/,Asteroid Missions,Didymos & Dimorphos - NASA Science,science.nasa.gov,verified
FACT-2026-12-25-S05,25,2026-12-25,A small pond was observed at the bottom of Halemaʻumaʻu crater about a year after the 2018 eruption.,5,December,Halemaʻumaʻu lake formed after the 2018 eruption,Nature,"The page states that about a year after the eruption, a small pond was observed at the bottom of the crater.",high,https://www.usgs.gov/educational-resources/exploring-hot-spot-volcanism-and-a-mysterious-lake-summit-kilauea-using,Lakes,"Exploring hot spot volcanism and a mysterious lake at the summit of Kīlauea using models, USGS data, and Hawaiian moʻolelo | U.S. Geological Survey",www.usgs.gov,verified
FACT-2026-12-25-S06,25,2026-12-25,"Many comets, asteroids, and meteors have changed little since forming about 4.6 billion years ago.",6,December,Many small bodies preserve early solar-system conditions,Space,NASA states that many of these objects have not changed much in the 4.6 billion years since they first formed.,high,https://science.nasa.gov/asteroids-comets-meteors/facts/,Solar System History,"Asteroids, Comets & Meteors: Facts - NASA Science",science.nasa.gov,verified
FACT-2026-12-25-S07,25,2026-12-25,"Earthquakes can occur from Earth's surface to about 500 miles below the surface, within the crust or upper mantle.",7,December,How deep earthquakes occur,Nature,"USGS states that earthquakes occur in the crust or upper mantle, ranging from Earth's surface to about 500 miles below it.",high,https://www.usgs.gov/programs/earthquake-hazards/earthquake-facts-earthquake-fantasy,Earthquake Depth,Earthquake Facts & Earthquake Fantasy | U.S. Geological Survey,www.usgs.gov,verified
FACT-2026-12-25-S08,25,2026-12-25,The distributions of freshwater fish generally correspond well with zoogeographic divisions.,8,December,Freshwater fish distributions correspond well with zoogeographic divisions,Animals,The page states that freshwater fish distributions seem to correspond well with zoogeographic divisions.,high,https://www.britannica.com/science/biogeographic-region/Fauna,Animal Distribution,"Biogeographic region - Fauna, Ecosystems, Species | Britannica",www.britannica.com,verified
FACT-2026-12-25-S09,25,2026-12-25,"Climate is the long-term average of temperature, precipitation, and other weather variables at a given location.",9,December,Climate is a long-term average,Geography,"NOAA defines climate as the long-term average of temperature, precipitation, and other weather variables at a given location.",high,https://www.noaa.gov/climate-education,Climate,Climate Education | National Oceanic and Atmospheric Administration,www.noaa.gov,verified
FACT-2026-12-25-S10,25,2026-12-25,"Giant pandas Ling-Ling and Hsing-Hsing arrived at the Smithsonian’s National Zoo on April 16, 1972, as a gift from China to the American people.",10,December,Ling-Ling and Hsing-Hsing arrived at the Smithsonian’s National Zoo in 1972,Animals,"The page states that Premier Zhou Enlai gifted two giant pandas to the American people and that Ling-Ling and Hsing-Hsing arrived at the Zoo on April 16, 1972.",high,https://nationalzoo.si.edu/animals/history-giant-pandas-zoo,Giant Pandas,The History of Giant Pandas at the Smithsonian's National Zoo and Conservation Biology Institute,nationalzoo.si.edu,verified
FACT-2026-12-25-S11,25,2026-12-25,"The Metropolitan Museum of Art’s Arabian Peninsula chronologies from 8000 B.C. through 1800 A.D. encompass present-day Bahrain, Kuwait, Oman, Qatar, Saudi Arabia, the United Arab Emirates, and Yemen.",11,December,The Arabian Peninsula chronology covers seven present-day countries,Geography,"The page repeatedly states that the Arabian Peninsula chronologies for 8000–2000 B.C., 2000–1000 B.C., 1000 B.C.–1 A.D., 1–500 A.D., 500–1000 A.D., 1000–1400 A.D., 1400–1600 A.D., and 1600–1800 A.D. encompass those seven present-day countries.",high,https://metmuseum.org/toah/chronology/,Regional scope,Chronology | Heilbrunn Timeline of Art History | The Metropolitan Museum of Art,metmuseum.org,verified
FACT-2026-12-25-S12,25,2026-12-25,"John Dunlap printed a Declaration of Independence broadside on July 4, 1776.",12,December,Dunlap broadside date,History,"The page identifies the item as “Printed by John Dunlap” and dates it “July 4, 1776.”",high,https://guides.loc.gov/declaration-of-independence?loclr=reclnk,Primary documents,Introduction - Declaration of Independence: Primary Documents in American History - Research Guides at Library of Congress,guides.loc.gov,verified
FACT-2026-12-25-S13,25,2026-12-25,"Historically, the four named oceans were the Atlantic, Pacific, Indian, and Arctic Oceans.",13,December,The four historically named oceans,Ocean & Marine,"NOAA states, “Historically, there are four named oceans: the Atlantic, Pacific, Indian, and Arctic.”",high,https://oceanservice.noaa.gov/facts/howmanyoceans.html,Named Oceans,How many oceans are there?,oceanservice.noaa.gov,verified
FACT-2026-12-25-S14,25,2026-12-25,"Founders Online contains nearly 120,000 fully annotated and searchable documents.",14,December,Founders Online document count,History,"The page states that Founders Online “currently contains nearly 120,000 fully annotated and fully searchable documents.”",high,https://guides.loc.gov/c.php?g=1428775&p=10601238,Founding Era,U. S. History - Main Reading Room Databases and Research - Research Guides at Library of Congress,guides.loc.gov,verified
FACT-2026-12-25-S15,25,2026-12-25,"Yellowstone contains more than 10,000 thermal features, including geysers, hot springs, mud pots, and fumaroles.",15,December,"Yellowstone has more than 10,000 thermal features",Ocean & Marine,"The geologic-features section identifies more than 10,000 thermal features and lists geysers, hot springs, mud pots, and fumaroles.",high,https://www.nps.gov/articles/nps-geodiversity-atlas-yellowstone-national-park-wyoming-montana-and-idaho.htm,Geothermal Features,"NPS Geodiversity Atlas—Yellowstone National Park, Wyoming, Montana, and Idaho (U.S. National Park Service)",www.nps.gov,verified
FACT-2026-12-25-S16,25,2026-12-25,"In early South Asian art, yakshas, yakshis, and nagas embodied fertility, water, and sacred power in human and hybrid forms.",16,December,"Yakshas, yakshis, and nagas represented sacred powers",Ancient Civilizations,"The essay summary says these figures “embodied fertility, water, and sacred power in human and hybrid form.”",high,https://www.metmuseum.org/essays/timeline-of-art-history,Early South Asia,Heilbrunn Timeline of Art History - The Metropolitan Museum of Art,www.metmuseum.org,verified
FACT-2026-12-25-S17,25,2026-12-25,Water-management experts use anticipated rainfall to manage reservoir levels and water usage.,17,December,Rainfall forecasts guide reservoir management,Everyday Life,NOAA states that water-management experts study how much rainfall to anticipate so they can manage reservoir levels and water usage.,high,https://oceanservice.noaa.gov/facts/ocean_weather.html,Water Management,What role does the ocean play in the weather?,oceanservice.noaa.gov,verified
FACT-2026-12-25-S18,25,2026-12-25,"Quality sleep is uninterrupted and refreshing, not merely a matter of sleeping for a certain number of hours.",18,December,Definition of quality sleep,Human Body,"CDC defines quality sleep as uninterrupted and refreshing and states that sleep quality depends on how well a person sleeps, not only on the number of hours.",high,https://www.cdc.gov/sleep/about/index.html,Sleep quality,About Sleep | Sleep | CDC,www.cdc.gov,verified
FACT-2026-12-25-S19,25,2026-12-25,"A volcano, geysers, other thermal features, earthquakes, and glaciers shape Yellowstone's landscape.",19,December,Forces Shaping Yellowstone,Science,"Under the page's Geology section, the National Park Service identifies a volcano, geysers and other thermal features, earthquakes, and glaciers as forces shaping the landscape.",high,https://www.nps.gov/yell/learn/nature/index.htm,Landscape Formation,Nature - Yellowstone National Park (U.S. National Park Service),www.nps.gov,verified
FACT-2026-12-25-S20,25,2026-12-25,"The Smithsonian Institution's collections contain approximately 155 million artifacts, works of art, and natural science specimens.",20,December,The Smithsonian has approximately 155 million collection items,World Records & Extremes,"The Smithsonian factsheet states that the total number of artifacts, works of art, and natural science specimens in its collections is approximately 155 million.",high,https://www.si.edu/newsdesk/factsheets/smithsonian-collections,Museums and collections,,www.si.edu,verified
FACT-2026-12-26-S01,26,2026-12-26,The high velocity and momentum of large landslides can carry them across valley divides and up slopes several hundred meters high.,1,December,Landslides can cross divides and climb slopes,Nature,The USGS states that landslides' high velocity and great momentum allow them to cross valley divides and run up slopes several hundred meters high.,high,https://www.usgs.gov/programs/VHP/landslides-are-common-tall-steep-and-weak-volcanic-cones,Landslide Dynamics,"Landslides are common on tall, steep, and weak volcanic cones | U.S. Geological Survey",www.usgs.gov,verified
FACT-2026-12-26-S02,26,2026-12-26,Arrokoth has an average surface temperature of 42 kelvins.,2,December,Arrokoth's average surface temperature,Space,NASA's quick facts list Arrokoth's surface temperature as 42 Kelvin (average).,high,https://science.nasa.gov/solar-system/kuiper-belt/arrokoth-2014-mu69/facts/,Surface Temperature,Arrokoth: Facts - NASA Science,science.nasa.gov,verified
FACT-2026-12-26-S03,26,2026-12-26,"Ecosystems, plants, and animals have evolved changes that help them survive seasonal conditions.",3,December,Seasonal changes drive biological adaptations,Nature,"NOAA states that ecosystems, plants, and animals have evolved changes that help them survive seasonal conditions caused by Earth's rotation around the sun.",high,https://www.noaa.gov/climate-education,Seasonal Adaptation,Climate Education | National Oceanic and Atmospheric Administration,www.noaa.gov,verified
FACT-2026-12-26-S04,26,2026-12-26,Comets consist mostly of ice coated with dark organic material.,4,December,Comets are mostly icy material,Space,NASA describes comets as consisting mostly of ice coated with dark organic material and notes that they are sometimes called “dirty snowballs.”,high,https://science.nasa.gov/solar-system/comets/facts/,Comet Composition,Comet Facts,science.nasa.gov,verified
FACT-2026-12-26-S05,26,2026-12-26,"After the 1975 magnitude-7.2 Kalapana earthquake, many activity patterns within Kīlauea's magmatic system changed irreversibly.",5,December,The Kalapana earthquake changed Kīlauea's magma system,Nature,"The USGS says that many patterns of activity within Kīlauea's magmatic system irreversibly changed after the earthquake, indicating significant magmatic-system changes.",high,https://www.usgs.gov/observatories/hvo/news/volcano-watch-can-earthquakes-trigger-volcanic-eruptions,Volcanology,Volcano Watch — Can earthquakes trigger volcanic eruptions? | U.S. Geological Survey,www.usgs.gov,verified
FACT-2026-12-26-S06,26,2026-12-26,"Jupiter has a mass of 1,898 × 10^24 kilograms.",6,December,Jupiter is the most massive listed planetary body,Space,The Planetary Fact Sheet lists Jupiter's mass as 1898 in the row labeled 'Mass (10^24 kg)'.,high,https://nssdc.gsfc.nasa.gov/planetary/factsheet/,Planetary measurements,Planetary Fact Sheet,nssdc.gsfc.nasa.gov,verified
FACT-2026-12-26-S07,26,2026-12-26,"Capitol Reef National Park has 1,164 recorded species, including 842 vascular plant species.",7,December,Total species at Capitol Reef,Nature,"Fast Facts list ""Total Species in Park: 1,164"" and ""Vascular Plants: 842.""",high,https://www.nps.gov/care/learn/nature/index.htm,Biodiversity,Nature - Capitol Reef National Park (U.S. National Park Service),www.nps.gov,verified
FACT-2026-12-26-S08,26,2026-12-26,Big Bend National Park has 75 mammal species.,8,December,Mammal species in Big Bend,Animals,The source lists 75 species of mammals among the park's wildlife.,high,https://www.nps.gov/bibe/learn/nature/index.htm,Mammals,Natural History - Big Bend National Park (U.S. National Park Service),www.nps.gov,verified
FACT-2026-12-26-S09,26,2026-12-26,The ancient Near East is described as extending from Turkey to the Indus Valley of present-day Pakistan and from the Caucasus to the Arabian Peninsula.,9,December,Geographic Extent,Geography,The source defines the ancient Near East as a “vast and varied area from Turkey to the Indus Valley of present-day Pakistan and from the Caucasus to the Arabian Peninsula.”,high,https://www.metmuseum.org/learn/educators/curriculum-resources/the-art-of-the-ancient-near-east,Ancient Near East,The Art of the Ancient Near East | The Metropolitan Museum of Art,www.metmuseum.org,verified
FACT-2026-12-26-S10,26,2026-12-26,Three-toed sloths make a weekly journey from the trees to the forest floor to defecate.,10,December,Three-toed sloths descend weekly to defecate,Animals,"The page says three-toed sloths make a ""perilous, weekly journey down to the forest floor"" to poop.",high,https://www.si.edu/stories/peek-six-animals-smithsonian,Three-toed sloths,,www.si.edu,verified
FACT-2026-12-26-S11,26,2026-12-26,"Great Lakes CoastWatch bulletins use data from buoys, coastal meteorological stations, airports, and ships, along with sea-surface-temperature and synthetic-aperture-radar data.",11,December,Great Lakes climate reports combine data from multiple observing platforms,Geography,"The page states that NOAA Great Lakes CoastWatch data used in the bulletins includes sea-surface temperature, synthetic aperture radar, and real-time marine data from buoys, coastal met stations, airports, and ships.",high,https://oceanwatch.noaa.gov/cwn/data-applications/climate-weather.html,Great Lakes,Climate & Weather | NOAA CoastWatch,oceanwatch.noaa.gov,verified
FACT-2026-12-26-S12,26,2026-12-26,The Library of Congress timeline identifies the Rise of Industrial America as spanning 1876 through 1900.,12,December,Rise of Industrial America period,History,"The page lists “Rise of Industrial America, 1876 - 1900.”",high,https://www.loc.gov/classroom-materials/united-states-history-primary-source-timeline/,Industrialization,"Presentation 
         U.S. History Primary Source Timeline",www.loc.gov,verified
FACT-2026-12-26-S13,26,2026-12-26,Very ancient stromatolite fossils are found in Capitol Reef's Navajo Sandstone.,13,December,Stromatolites at Capitol Reef,Ocean & Marine,"The page states: ""Stromatolites are very ancient fossils found in the Navajo Sandstone.""",high,https://www.nps.gov/care/learn/nature/index.htm,Fossils,Nature - Capitol Reef National Park (U.S. National Park Service),www.nps.gov,verified
FACT-2026-12-26-S14,26,2026-12-26,The Heilbrunn Timeline of Art History comprises 300 chronologies.,14,December,The Timeline contains 300 chronologies,History,"The About section states that the Timeline “currently comprises more than 1,000 essays and 300 chronologies.”",high,https://www.metmuseum.org/essays/timeline-of-art-history,Art history reference,Heilbrunn Timeline of Art History - The Metropolitan Museum of Art,www.metmuseum.org,verified
FACT-2026-12-26-S15,26,2026-12-26,Ganymede has evidence of an underground saltwater ocean estimated to be about 60 miles (100 kilometers) thick.,15,December,Underground saltwater ocean,Ocean & Marine,NASA reports that Hubble found the best evidence yet for an underground saltwater ocean on Ganymede and estimates the ocean to be 60 miles (100 kilometers) thick.,high,https://science.nasa.gov/jupiter/jupiter-moons/ganymede/facts/,Subsurface Oceans,Ganymede: Facts - NASA Science,science.nasa.gov,verified
FACT-2026-12-26-S16,26,2026-12-26,Agate House was occupied about A.D. 1100–1150 and built from pieces of petrified wood.,16,December,Agate House construction,Ancient Civilizations,The page states that Agate House was occupied about A.D. 1100–1150 and was built out of pieces of petrified wood.,high,https://www.nps.gov/pefo/planyourvisit/fast-facts.htm,Architecture,Fast Facts - Petrified Forest National Park (U.S. National Park Service),www.nps.gov,verified
FACT-2026-12-26-S17,26,2026-12-26,The normal high and low temperatures reported in local weather forecasts come from 30-year climate averages.,17,December,Forecast normal temperatures use 30-year averages,Everyday Life,NOAA states that the normal high and low temperatures reported on local weather forecasts come from 30-year averages.,high,https://www.noaa.gov/climate-education,Weather Forecasts,Climate Education | National Oceanic and Atmospheric Administration,www.noaa.gov,verified
FACT-2026-12-26-S18,26,2026-12-26,"In 2023, just over half of U.S. high school students strengthened their muscles at least three days per week.",18,December,Muscle-strengthening activity among U.S. high school students,Human Body,The CDC states that in 2023 'just over half of students strengthened their muscles at least 3 days per week.',high,https://www.cdc.gov/yrbs/dstr/dietary-physical-sleep-behaviors.html,Adolescent Health,"Data Summary & Trends Report for Dietary, Physical Activity, and Sleep Behaviors | Youth Risk Behavior Surveillance System (YRBSS) | CDC",www.cdc.gov,verified
FACT-2026-12-26-S19,26,2026-12-26,Smithsonian National Zoo and Conservation Biology Institute scientists were the first to discover elephant endotheliotropic herpes virus in 1995.,19,December,EEHV Discovered by Smithsonian Scientists in 1995,Science,"The page states that in 1995 Smithsonian scientists were the first to discover the lethal elephant endotheliotropic herpes virus, which affects wild and zoo elephants.",high,https://nationalzoo.si.edu/about/history,Animal Diseases,,nationalzoo.si.edu,verified
FACT-2026-12-26-S20,26,2026-12-26,"Bao Li and Qing Bao traveled approximately 8,250 miles from Chengdu, China, to Washington, D.C., in an approximately 19-hour flight.",20,December,"Bao Li and Qing Bao traveled about 8,250 miles to Washington",World Records & Extremes,"The page describes their October 15, 2024, journey as an “approximately 19-hour, 8,250-mile trans-Pacific trip.”",high,https://nationalzoo.si.edu/animals/history-giant-pandas-zoo,Animal Transport,The History of Giant Pandas at the Smithsonian's National Zoo and Conservation Biology Institute,nationalzoo.si.edu,verified
FACT-2026-12-27-S01,27,2026-12-27,"Kīlauea's summit water lake measured approximately 46 meters (153 feet) deep on October 13, 2020.",1,December,Depth of Kīlauea's 2020 summit water lake,Nature,"The caption states that the summit water lake was measured to be approximately 46 m (153 ft) deep on October 13, 2020.",high,https://www.usgs.gov/observatories/hvo/news/volcano-watch-water-kilauea-and-its-role-its-eruptions,Volcanic Lakes,"Volcano Watch — Water in Kīlauea, and its role in its eruptions | U.S. Geological Survey",www.usgs.gov,verified
FACT-2026-12-27-S02,27,2026-12-27,DART exceeded its predefined minimum successful orbit-period change by more than 25 times.,2,December,DART exceeded its minimum success benchmark,Space,NASA states that the minimum benchmark was a 73-second change or more and that early data showed DART surpassed it by more than 25 times.,high,https://science.nasa.gov/solar-system/asteroids/didymos/,Asteroid Missions,Didymos & Dimorphos - NASA Science,science.nasa.gov,verified
FACT-2026-12-27-S03,27,2026-12-27,"During an earthquake, the two sides of a fault slide past each other rather than pulling apart to form a gaping opening.",3,December,Faults do not open into chasms,Nature,USGS explains that the ground on the two sides of a fault slides past each other and that faults do not gape open during earthquakes.,high,https://www.usgs.gov/programs/earthquake-hazards/earthquake-facts-earthquake-fantasy,Faults,Earthquake Facts & Earthquake Fantasy | U.S. Geological Survey,www.usgs.gov,verified
FACT-2026-12-27-S04,27,2026-12-27,"Based on its small number of observable craters, Europa's surface appears to be no more than 40 to 90 million years old.",4,December,Europa's surface is geologically young,Space,"NASA states that Europa's surface appears to be no more than 40 to 90 million years old, based on the small number of observable craters.",high,https://science.nasa.gov/jupiter/jupiter-moons/europa/europa-facts/,Surface Age,Europa: Facts - NASA Science,science.nasa.gov,verified
FACT-2026-12-27-S05,27,2026-12-27,"Molten rock below Earth's surface is called magma, while molten rock after it erupts is called lava.",5,December,Magma becomes lava after eruption,Nature,"The USGS states that molten rock below Earth's surface rising in volcanic vents is known as magma, but after eruption it is called lava.",high,https://www.usgs.gov/programs/VHP/about-volcanoes,Magma and lava,About Volcanoes | U.S. Geological Survey,www.usgs.gov,verified
FACT-2026-12-27-S06,27,2026-12-27,Most asteroids orbit the Sun between Mars and Jupiter in the main asteroid belt.,6,December,Most asteroids orbit between Mars and Jupiter,Space,NASA states that most asteroids orbit the Sun between Mars and Jupiter within the main asteroid belt.,high,https://science.nasa.gov/solar-system/asteroids/facts/,Asteroid Distribution,Asteroid Facts,science.nasa.gov,verified
FACT-2026-12-27-S07,27,2026-12-27,Wolves were reintroduced into Yellowstone National Park in 1995 after their removal disrupted the ecosystem’s food web.,7,December,Wolves reintroduced to Yellowstone,Nature,The page states that government programs exterminated wolves from Yellowstone in the early 1900s and that a government program reintroduced them in 1995 after elk overgrazing degraded vegetation and land.,high,https://education.nationalgeographic.org/resource/ecosystem/,Ecological Restoration,Ecosystem,education.nationalgeographic.org,verified
FACT-2026-12-27-S08,27,2026-12-27,The Smithsonian's mammal collection is nearly twice the size of the world's next-largest mammal collection.,8,December,Largest mammal collection,Animals,"The page describes it as 'by far the world's largest,' and 'nearly twice the size of the next largest mammal collections.'",high,https://naturalhistory.si.edu/research/vertebrate-zoology/mammals/collections-overview,Mammal Collections,Collections Overview | Smithsonian National Museum of Natural History,naturalhistory.si.edu,verified
FACT-2026-12-27-S09,27,2026-12-27,Groundwater filled the lowest elevations of Kīlauea's summit within Halemaʻumaʻu Crater.,9,December,Kīlauea's summit lake was filled by groundwater,Geography,USGS identifies groundwater as the source of the lake and states that it was filling the lowest elevations of Kīlauea's summit within Halemaʻumaʻu Crater.,high,https://www.usgs.gov/volcanoes/kilauea/frequently-asked-questions-about-kilauea-volcanos-summit-water,Groundwater,Frequently Asked Questions About Kīlauea Volcano's Summit Water | U.S. Geological Survey,www.usgs.gov,verified
FACT-2026-12-27-S10,27,2026-12-27,"Terrestrial mammals, freshwater fish, and invertebrates provide the best evidence of zoogeographic divisions.",10,December,"Terrestrial mammals, freshwater fish, and invertebrates provide strong zoogeographic evidence",Animals,"The page identifies the distributions of terrestrial mammals, freshwater fish, and invertebrates as providing the best evidence of zoogeographic divisions.",high,https://www.britannica.com/science/biogeographic-region/Fauna,Animal Distribution,"Biogeographic region - Fauna, Ecosystems, Species | Britannica",www.britannica.com,verified
FACT-2026-12-27-S11,27,2026-12-27,"The Metropolitan Museum of Art provides China chronologies spanning 8000 B.C. to the present, each defined as encompassing present-day China.",11,December,The Met’s China chronology covers present-day China,Geography,"The page lists China chronologies for 8000–2000 B.C., 2000–1000 B.C., 1000 B.C.–1 A.D., 1–500 A.D., 500–1000 A.D., 1000–1400 A.D., 1400–1600 A.D., 1600–1800 A.D., 1800–1900 A.D., and 1900 A.D.–present; each says it encompasses “present-day China.”",high,https://metmuseum.org/toah/chronology/,Regional scope,Chronology | Heilbrunn Timeline of Art History | The Metropolitan Museum of Art,metmuseum.org,verified
FACT-2026-12-27-S12,27,2026-12-27,Mary Katharine Goddard printed a version of the Declaration of Independence in 1777.,12,December,Goddard broadside date,History,The page identifies the item as “Printed by Mary Katharine Goddard” and dates it “1777.”,high,https://guides.loc.gov/declaration-of-independence?loclr=reclnk,Primary documents,Introduction - Declaration of Independence: Primary Documents in American History - Research Guides at Library of Congress,guides.loc.gov,verified
FACT-2026-12-27-S13,27,2026-12-27,"Most countries, including the United States, recognize the Southern Ocean as the fifth named ocean.",13,December,The Southern Ocean is commonly recognized as the fifth ocean,Ocean & Marine,NOAA states that “most countries - including the United States - now recognize the Southern (Antarctic) as the fifth ocean.”,high,https://oceanservice.noaa.gov/facts/howmanyoceans.html,Named Oceans,How many oceans are there?,oceanservice.noaa.gov,verified
FACT-2026-12-27-S14,27,2026-12-27,Civilizations of the third millennium B.C. interacted through maritime and land routes linking regions from the Mediterranean to the Indus Valley.,14,December,Third-millennium civilizations interacted across major routes,History,The Met describes major civilizations developing along great maritime and land routes and states that the third-millennium B.C. art of the Near East reflected interaction with civilizations to the east and west.,high,http://www.metmuseum.org/essays/art-of-the-first-cities-in-the-third-millennium-b-c,Trade and Exchange,Art of the First Cities in the Third Millennium B.C. - The Metropolitan Museum of Art,www.metmuseum.org,verified
FACT-2026-12-27-S15,27,2026-12-27,High concentrations of water ice occur in permanently shadowed regions of the Moon's polar areas.,15,December,Water ice exists at the lunar poles,Ocean & Marine,NASA states that missions found high concentrations of ice water in the permanently shadowed regions of the lunar poles.,high,https://science.nasa.gov/moon/facts/,Water,Moon Facts - NASA Science,science.nasa.gov,verified
FACT-2026-12-27-S16,27,2026-12-27,"Before the sixteenth century, mollusk shells were transported as precious materials throughout the Americas.",16,December,Mollusk shells were transported across the Americas,Ancient Civilizations,The featured essay summary states: “Mollusk shells were transported as precious materials throughout the Americas.”,high,https://www.metmuseum.org/essays/timeline-of-art-history,Pre-Columbian Americas,Heilbrunn Timeline of Art History - The Metropolitan Museum of Art,www.metmuseum.org,verified
FACT-2026-12-27-S17,27,2026-12-27,"Trouble falling asleep, repeated nighttime awakenings, and feeling sleepy or tired despite enough sleep are signs of poor sleep quality.",17,December,Signs of poor sleep quality,Human Body,CDC lists these three conditions under “Signs of poor sleep quality.”,high,https://www.cdc.gov/sleep/about/index.html,Sleep quality,About Sleep | Sleep | CDC,www.cdc.gov,verified
FACT-2026-12-27-S18,27,2026-12-27,"OncoMouse became the first animal patented in the United States on April 12, 1988.",18,December,OncoMouse was the first animal patented in the United States,Inventions,"The Smithsonian states that OncoMouse became the first animal patented in the United States on April 12, 1988, under U.S. Patent 4,736,866.",high,https://www.si.edu/stories/peek-six-animals-smithsonian,OncoMouse,,www.si.edu,verified
FACT-2026-12-27-S19,27,2026-12-27,Yellowstone's hydrothermal features provide habitats for microscopic organisms called thermophiles.,19,December,Thermophiles in Yellowstone,Science,The Life in Extreme Heat section identifies thermophiles as microscopic organisms inhabiting hydrothermal features and explains that the name means 'heat lover.',high,https://www.nps.gov/yell/learn/nature/index.htm,Extremophiles,Nature - Yellowstone National Park (U.S. National Park Service),www.nps.gov,verified
FACT-2026-12-27-S20,27,2026-12-27,More than 145.8 million Smithsonian specimens and objects are part of the National Museum of Natural History.,20,December,Most Smithsonian collection items are held by the National Museum of Natural History,World Records & Extremes,The factsheet says that more than 145.8 million specimens and objects—most of the Smithsonian's collection material—belong to the National Museum of Natural History.,high,https://www.si.edu/newsdesk/factsheets/smithsonian-collections,Museums and collections,,www.si.edu,verified
FACT-2026-12-28-S01,28,2026-12-28,"Terrestrial biodiversity is all the different living things that live on land, including plants, animals, insects, fungi, and microscopic organisms.",1,December,Terrestrial biodiversity,Nature,"The page defines terrestrial biodiversity as “all the different living things that live on land” and lists plants, animals, insects, fungi, and tiny organisms.",high,https://education.nationalgeographic.org/resource/mapmaker-terrestrial-biodiversity/,Biodiversity,MapMaker: Terrestrial Biodiversity,education.nationalgeographic.org,verified
FACT-2026-12-28-S02,28,2026-12-28,"Ganymede is the largest moon in the Solar System, with a diameter of about 3,270 miles (5,260 kilometers).",2,December,Largest moon in the Solar System,Space,"NASA states that Ganymede is the largest moon in our solar system and gives its diameter as about 3,270 miles (5,260 kilometers).",high,https://science.nasa.gov/jupiter/jupiter-moons/ganymede/facts/,Moons,Ganymede: Facts - NASA Science,science.nasa.gov,verified
FACT-2026-12-28-S03,28,2026-12-28,"An eruption began in Halemaʻumaʻu Crater on December 20, 2020, and lava quickly vaporized the summit water lake.",3,December,The 2020 eruption vaporized Kīlauea's summit water lake,Nature,"The USGS page says an eruption began on the evening of December 20, 2020, and that lava quickly vaporized the water lake, which was replaced by a growing lava lake.",high,https://www.usgs.gov/volcanoes/kilauea/frequently-asked-questions-about-kilauea-volcanos-summit-water,Volcanoes,Frequently Asked Questions About Kīlauea Volcano's Summit Water | U.S. Geological Survey,www.usgs.gov,verified
FACT-2026-12-28-S04,28,2026-12-28,Robotic spacecraft can visit comets and asteroids up close and return samples to Earth for study.,4,December,Spacecraft return asteroid and comet samples,Space,The page states that NASA's robotic spacecraft allow close visits to comets and asteroids and can even bring back samples.,high,https://science.nasa.gov/asteroids-comets-meteors/facts/,Robotic Exploration,"Asteroids, Comets & Meteors: Facts - NASA Science",science.nasa.gov,verified
FACT-2026-12-28-S05,28,2026-12-28,The lake’s surface temperature reached as high as 85°C.,5,December,The lake’s surface reached 85 degrees Celsius,Nature,The USGS reports surface temperatures of up to 85°C.,high,https://www.usgs.gov/publications/chemistry-growth-and-fate-unique-short-lived-2019-2020-water-lake-summit-kilauea,Geothermal Features,"Chemistry, growth, and fate of the unique, short-lived (2019–2020) water lake at the summit of Kīlauea Volcano, Hawaii | U.S. Geological Survey",www.usgs.gov,verified
FACT-2026-12-28-S06,28,2026-12-28,"The Moon is an average of 238,855 miles (384,400 kilometers) from Earth.",6,December,The Moon's average distance from Earth,Space,"NASA gives the Moon's average distance as 238,855 miles (384,400 kilometers).",high,https://science.nasa.gov/moon/facts/,Distance,Moon Facts - NASA Science,science.nasa.gov,verified
FACT-2026-12-28-S07,28,2026-12-28,"The water level in Halemaʻumaʻu steadily increased for 17 months, transforming the small pond into a very large lake.",7,December,The pond became a large lake,Nature,The overview says the water level steadily increased over the next 17 months and the small pond grew into a very large lake.,high,https://www.usgs.gov/educational-resources/exploring-hot-spot-volcanism-and-a-mysterious-lake-summit-kilauea-using,Lakes,"Exploring hot spot volcanism and a mysterious lake at the summit of Kīlauea using models, USGS data, and Hawaiian moʻolelo | U.S. Geological Survey",www.usgs.gov,verified
FACT-2026-12-28-S08,28,2026-12-28,Invasive species are living organisms brought by humans to a new part of the world where they have no natural predators.,8,December,Invasive species are introduced by humans,Animals,The page defines invasive species as organisms brought by humans to a new part of the world where they have no natural predators.,high,https://education.nationalgeographic.org/resource/ecology/,Invasive Species,Ecology,education.nationalgeographic.org,verified
FACT-2026-12-28-S09,28,2026-12-28,Rain around Kīlauea commonly seeps into the ground rather than flowing in streams because its shallow basaltic rocks have very high permeability.,9,December,Kīlauea's basalt allows rainwater to infiltrate rapidly,Geography,"The page explains that Kīlauea's shallow basaltic rocks have very high permeability, allowing substantial amounts of water to flow through them.",high,https://www.usgs.gov/observatories/hvo/news/volcano-watch-water-kilauea-and-its-role-its-eruptions,Hydrology,"Volcano Watch — Water in Kīlauea, and its role in its eruptions | U.S. Geological Survey",www.usgs.gov,verified
FACT-2026-12-28-S10,28,2026-12-28,Three-toed sloths consume algae growing in their fur.,10,December,Three-toed sloths consume algae from their fur,Animals,"Smithsonian research found that three-toed sloths ""consume highly nutritious algae from their fur.""",high,https://www.si.edu/stories/peek-six-animals-smithsonian,Three-toed sloths,,www.si.edu,verified
FACT-2026-12-28-S11,28,2026-12-28,The city of Uruk arose toward the end of the fourth millennium B.C. in fertile plains bordered by the Tigris and Euphrates rivers.,11,December,Uruk arose between the Tigris and Euphrates,Geography,The page identifies Uruk as a city that arose toward the end of the fourth millennium B.C. in fertile plains bordered by the Tigris and Euphrates.,high,http://www.metmuseum.org/essays/art-of-the-first-cities-in-the-third-millennium-b-c,Ancient Cities,Art of the First Cities in the Third Millennium B.C. - The Metropolitan Museum of Art,www.metmuseum.org,verified
FACT-2026-12-28-S12,28,2026-12-28,America: History & Life with Full Text covers the history and culture of the United States and Canada from prehistory to the present.,12,December,America: History & Life coverage,History,The Library of Congress page describes the database as covering U.S. and Canadian history and culture “from prehistory to the present.”,high,https://guides.loc.gov/c.php?g=1428775&p=10601238,Historical Research,U. S. History - Main Reading Room Databases and Research - Research Guides at Library of Congress,guides.loc.gov,verified
FACT-2026-12-28-S13,28,2026-12-28,"Although Europa is about one-fourth Earth's diameter, its subsurface ocean may contain twice as much water as Earth's global ocean.",13,December,Europa's ocean may contain twice Earth's ocean water,Ocean & Marine,NASA states that Europa's ocean may contain twice as much water as Earth's global ocean.,high,https://science.nasa.gov/jupiter/jupiter-moons/europa/europa-facts/,Subsurface Oceans,Europa: Facts - NASA Science,science.nasa.gov,verified
FACT-2026-12-28-S14,28,2026-12-28,The domestication of animals led humans to take a systematic and measured view of animal life.,14,December,Animal domestication encouraged systematic observation,History,Britannica states that domestication of animals forced humans to take a systematic and measured view of animal life.,high,https://www.britannica.com/science/zoology,Domestication,"Zoology | Definition, History, Examples, Importance, & Facts | Britannica",www.britannica.com,verified
FACT-2026-12-28-S15,28,2026-12-28,"Purple sea stars, or Pisaster ochraceus, are major predators of mussels and barnacles on Tatoosh Island.",15,December,Purple sea stars are keystone predators,Ocean & Marine,"National Geographic identifies Pisaster ochraceus, commonly called purple sea stars, as major predators of mussels and barnacles on Tatoosh Island, Washington.",high,https://education.nationalgeographic.org/resource/role-keystone-species-ecosystem/,Marine Ecology,Role of Keystone Species in an Ecosystem,education.nationalgeographic.org,verified
FACT-2026-12-28-S16,28,2026-12-28,"Before the sixteenth century, peoples in the Americas used mollusk shells to make objects for religious activity and personal adornment.",16,December,Mollusk shells served religious and ornamental purposes,Ancient Civilizations,The essay summary says mollusk shells were “used to craft objects for religious activity and personal adornment.”,high,https://www.metmuseum.org/essays/timeline-of-art-history,Pre-Columbian Americas,Heilbrunn Timeline of Art History - The Metropolitan Museum of Art,www.metmuseum.org,verified
FACT-2026-12-28-S17,28,2026-12-28,"In 2023, about one in six U.S. high school students met federal recommendations for both aerobic and muscle-strengthening activity.",17,December,Meeting both federal physical activity recommendations,Human Body,The CDC reports that 'about 1 in 6 students met federal recommendations for both aerobic physical activity and muscle-strengthening activity.',high,https://www.cdc.gov/yrbs/dstr/dietary-physical-sleep-behaviors.html,Adolescent Health,"Data Summary & Trends Report for Dietary, Physical Activity, and Sleep Behaviors | Youth Risk Behavior Surveillance System (YRBSS) | CDC",www.cdc.gov,verified
FACT-2026-12-28-S18,28,2026-12-28,"The emergence of complex cities such as Uruk stimulated major inventions, including writing.",18,December,Cities stimulated the invention of writing,Inventions,"The Met says that complex centers of civilization, such as Uruk, stimulated great inventions, such as writing.",high,http://www.metmuseum.org/essays/art-of-the-first-cities-in-the-third-millennium-b-c,Writing,Art of the First Cities in the Third Millennium B.C. - The Metropolitan Museum of Art,www.metmuseum.org,verified
FACT-2026-12-28-S19,28,2026-12-28,"Yellowstone’s landscapes were shaped by volcanism, glaciation, erosion, and seismic activity.",19,December,Yellowstone’s landscape was shaped by volcanism and glaciation,Science,"The NPS identifies volcanism, glaciation, erosion, and seismic activity as processes that shaped Yellowstone’s dramatic landscapes.",high,https://www.nps.gov/articles/nps-geodiversity-atlas-yellowstone-national-park-wyoming-montana-and-idaho.htm,Geologic Processes,"NPS Geodiversity Atlas—Yellowstone National Park, Wyoming, Montana, and Idaho (U.S. National Park Service)",www.nps.gov,verified
FACT-2026-12-28-S20,28,2026-12-28,Yellowstone is the first and oldest national park in the United States.,20,December,Yellowstone is the oldest U.S. national park,World Records & Extremes,The NPS describes Yellowstone as the first and oldest national park in the United States.,high,https://www.nps.gov/articles/nps-geodiversity-atlas-yellowstone-national-park-wyoming-montana-and-idaho.htm,National Parks,"NPS Geodiversity Atlas—Yellowstone National Park, Wyoming, Montana, and Idaho (U.S. National Park Service)",www.nps.gov,verified
FACT-2026-12-29-S01,29,2026-12-29,"If an aftershock is larger than the initial earthquake, it is reclassified as the mainshock and the earlier earthquakes become foreshocks.",1,December,Aftershock terminology,Nature,"USGS explains that an earthquake larger than the first event is called the mainshock, while the previous events in the sequence are then considered foreshocks.",high,https://www.usgs.gov/programs/earthquake-hazards/earthquake-facts-earthquake-fantasy,Aftershocks,Earthquake Facts & Earthquake Fantasy | U.S. Geological Survey,www.usgs.gov,verified
FACT-2026-12-29-S02,29,2026-12-29,"Didymos was discovered on April 11, 1996, by Joseph Montani of Spacewatch at Kitt Peak National Observatory.",2,December,Didymos was discovered in 1996,Space,"NASA identifies April 11, 1996, as the discovery date and Joseph Montani of Spacewatch at Kitt Peak National Observatory as the discoverer.",high,https://science.nasa.gov/solar-system/asteroids/didymos/,Asteroid Discovery,Didymos & Dimorphos - NASA Science,science.nasa.gov,verified
FACT-2026-12-29-S03,29,2026-12-29,"A keystone species helps define an entire ecosystem; without it, the ecosystem may become dramatically different or cease to exist.",3,December,Keystone species define ecosystems,Nature,National Geographic states that a keystone species helps define an entire ecosystem and that its absence can make the ecosystem dramatically different or cause it to cease to exist.,high,https://education.nationalgeographic.org/resource/role-keystone-species-ecosystem/,Ecosystems,Role of Keystone Species in an Ecosystem,education.nationalgeographic.org,verified
FACT-2026-12-29-S04,29,2026-12-29,"Jupiter's diameter is 142,984 kilometers.",4,December,Jupiter has the largest diameter of the listed planets,Space,"The 'Diameter (km)' row lists Jupiter as 142,984 km.",high,https://nssdc.gsfc.nasa.gov/planetary/factsheet/,Planetary measurements,Planetary Fact Sheet,nssdc.gsfc.nasa.gov,verified
FACT-2026-12-29-S05,29,2026-12-29,Pollution from land is a major threat to coral reef ecosystems.,5,December,Land-based pollution threatens coral reefs,Nature,"NOAA lists ""pollution from the land"" among the leading threats to coral reef ecosystems.",high,https://oceanservice.noaa.gov/news/oct17/coral-economy.html,Threats,The Coral Reef Economy,oceanservice.noaa.gov,verified
FACT-2026-12-29-S06,29,2026-12-29,Mercury's orbital velocity is 47.4 km/s.,6,December,Mercury has the highest listed orbital velocity,Space,The 'Orbital Velocity (km/s)' row lists Mercury as 47.4 km/s.,high,https://nssdc.gsfc.nasa.gov/planetary/factsheet/,Planetary motion,Planetary Fact Sheet,nssdc.gsfc.nasa.gov,verified
FACT-2026-12-29-S07,29,2026-12-29,Seismic waves from the 2004 magnitude-9.3 Sumatra earthquake coincided with the cessation of a deep intrusion beneath Mauna Loa.,7,December,Sumatra earthquake halted a Mauna Loa intrusion,Nature,The page identifies cessation of a deep Mauna Loa intrusion in 2004 as an exception to the generally few obvious distant-earthquake effects observed at Kīlauea and Mauna Loa.,high,https://www.usgs.gov/observatories/hvo/news/volcano-watch-can-earthquakes-trigger-volcanic-eruptions,Volcanology,Volcano Watch — Can earthquakes trigger volcanic eruptions? | U.S. Geological Survey,www.usgs.gov,verified
FACT-2026-12-29-S08,29,2026-12-29,Big Bend National Park has more than 400 bird species.,8,December,Bird species in Big Bend,Animals,The National Park Service states that the park supports over 400 species of birds.,high,https://www.nps.gov/bibe/learn/nature/index.htm,Birds,Natural History - Big Bend National Park (U.S. National Park Service),www.nps.gov,verified
FACT-2026-12-29-S09,29,2026-12-29,"Zoogeographic theories use information about geography, physiography, climate, and geologic history.",9,December,Geographic information supports zoogeographic theories,Geography,"Britannica says distribution theories are based on information about “geography, physiography, climate, and geologic history.”",high,https://www.britannica.com/science/zoogeography,Zoogeography,"Zoogeography | Animal Distribution, Habitat Types, Ecosystems | Britannica",www.britannica.com,verified
FACT-2026-12-29-S10,29,2026-12-29,The first kiwi chick born outside New Zealand was born through the Zoo's breeding programs in 1975.,10,December,First Kiwi Chick Born Outside New Zealand,Animals,The page identifies 1975 as the year of the first kiwi chick born outside New Zealand.,high,https://nationalzoo.si.edu/about/history,Captive Breeding,,nationalzoo.si.edu,verified
FACT-2026-12-29-S11,29,2026-12-29,"The Greater Yellowstone Ecosystem covers about 28,000 square miles.",11,December,Greater Yellowstone Ecosystem Size,Geography,"The page describes the ecosystem as 28,000 square miles and one of the largest nearly intact temperate-zone ecosystems on Earth.",high,https://www.nps.gov/yell/learn/nature/index.htm,Ecosystems,Nature - Yellowstone National Park (U.S. National Park Service),www.nps.gov,verified
FACT-2026-12-29-S12,29,2026-12-29,"When complete, Founders Online is expected to include approximately 175,000 documents.",12,December,Founders Online projected collection size,History,"The page states, “When complete, Founders Online will include approximately 175,000 documents.”",high,https://guides.loc.gov/c.php?g=1428775&p=10601238,Founding Era,U. S. History - Main Reading Room Databases and Research - Research Guides at Library of Congress,guides.loc.gov,verified
FACT-2026-12-29-S13,29,2026-12-29,Corals are foundation species because colonies of coral polyps create the rocky structures known as coral reefs.,13,December,Corals are foundation species,Ocean & Marine,The page states that corals are a key foundation species and that colonies of thousands or millions of polyps create enormous reef structures around islands.,high,https://education.nationalgeographic.org/resource/role-keystone-species-ecosystem/,Coral Reefs,Role of Keystone Species in an Ecosystem,education.nationalgeographic.org,verified
FACT-2026-12-29-S14,29,2026-12-29,The Library of Congress timeline identifies the Progressive Era to New Era period as spanning 1900 through 1929.,14,December,Progressive Era to New Era period,History,"The page lists “Progressive Era to New Era, 1900-1929.”",high,https://www.loc.gov/classroom-materials/united-states-history-primary-source-timeline/,Progressive Era,"Presentation 
         U.S. History Primary Source Timeline",www.loc.gov,verified
FACT-2026-12-29-S15,29,2026-12-29,The Southern Ocean extends from the coast of Antarctica to 60 degrees south latitude.,15,December,The Southern Ocean surrounds Antarctica,Ocean & Marine,NOAA says the U.S. Board on Geographic Names recognizes the Southern Ocean as the water body extending “from the coast of Antarctica to the line of latitude at 60 degrees South.”,high,https://oceanservice.noaa.gov/facts/howmanyoceans.html,Southern Ocean,How many oceans are there?,oceanservice.noaa.gov,verified
FACT-2026-12-29-S16,29,2026-12-29,The Metropolitan Museum of Art’s Egypt chronologies from 8000 B.C. through 500 A.D. encompass ancient Egypt and northern ancient Nubia.,16,December,The Met’s Egypt chronology includes ancient Nubia,Ancient Civilizations,"The page states for Egypt, 8000–2000 B.C.; 2000–1000 B.C.; 1000 B.C.–1 A.D.; and 1–500 A.D. that each chronology encompasses “ancient Egypt and northern ancient Nubia.”",high,https://metmuseum.org/toah/chronology/,Geographic scope,Chronology | Heilbrunn Timeline of Art History | The Metropolitan Museum of Art,metmuseum.org,verified
FACT-2026-12-29-S17,29,2026-12-29,Getting enough sleep can help people get sick less often.,17,December,Sleep and illness,Human Body,CDC lists getting sick less often among the health benefits of getting enough sleep.,high,https://www.cdc.gov/sleep/about/index.html,Health effects,About Sleep | Sleep | CDC,www.cdc.gov,verified
FACT-2026-12-29-S18,29,2026-12-29,An obsidian amulet depicting the Lamashtu demon dates to the early first millennium B.C.,18,December,Lamashtu demon amulet,Mythology & Legends,"The page lists an “Amulet with a Lamashtu demon,” made of obsidian and dated “ca. early 1st millennium BCE.”",high,https://www.metmuseum.org/met-publications/art-of-the-ancient-near-east-a-resource-for-educators,Mesopotamian,Art of the Ancient Near East: A Resource for Educators - The Metropolitan Museum of Art,www.metmuseum.org,verified
FACT-2026-12-29-S19,29,2026-12-29,"The distance from Earth’s surface to its center is approximately 4,000 miles.",19,December,"Earth’s center is about 4,000 miles beneath its surface",Science,"The National Park Service describes the distance from Earth’s surface to its center or core as approximately 4,000 miles.",high,https://www.nps.gov/yell/learn/nature/geology.htm,Earth Structure,Geology - Yellowstone National Park (U.S. National Park Service),www.nps.gov,verified
FACT-2026-12-29-S20,29,2026-12-29,Less than 1% of the Smithsonian's collections is estimated to be on public display at any given time.,20,December,Less than 1% of Smithsonian collections are displayed,World Records & Extremes,"The factsheet states that only a small portion of the collections, estimated at less than 1%, is on display in the museums at any given time.",high,https://www.si.edu/newsdesk/factsheets/smithsonian-collections,Museums and collections,,www.si.edu,verified
FACT-2026-12-30-S01,30,2026-12-30,An ecosystem is a system in which living things in a region depend on one another and interact with their surroundings.,1,December,Ecosystem interdependence,Nature,"The page says species living together depend on one another, creating a connected system called an ecosystem; its glossary describes an ecosystem as the community and interactions of living and nonliving things in an area.",high,https://education.nationalgeographic.org/resource/mapmaker-terrestrial-biodiversity/,Ecosystems,MapMaker: Terrestrial Biodiversity,education.nationalgeographic.org,verified
FACT-2026-12-30-S02,30,2026-12-30,Ganymede is larger than the planet Mercury and dwarf planet Pluto.,2,December,Ganymede is larger than Mercury,Space,NASA states that Ganymede is 'bigger than the planet Mercury and dwarf planet Pluto.',high,https://science.nasa.gov/jupiter/jupiter-moons/ganymede/facts/,Moons,Ganymede: Facts - NASA Science,science.nasa.gov,verified
FACT-2026-12-30-S03,30,2026-12-30,Water had not ponded on the surface at Kīlauea's summit for at least 200 years before the lake formed.,3,December,Kīlauea's summit lake was the first surface pond in at least 200 years,Nature,"USGS states that hot groundwater existed below the summit before the 2018 events, but this was the first time in at least 200 years that water ponded on the surface there.",high,https://www.usgs.gov/volcanoes/kilauea/frequently-asked-questions-about-kilauea-volcanos-summit-water,Volcanic Hydrology,Frequently Asked Questions About Kīlauea Volcano's Summit Water | U.S. Geological Survey,www.usgs.gov,verified
FACT-2026-12-30-S04,30,2026-12-30,"The Oort Cloud is a giant spherical shell of icy debris surrounding the solar system and extending from 5,000 to 100,000 astronomical units.",4,December,The Oort Cloud surrounds the solar system,Space,"NASA describes the Oort Cloud as a spherical shell surrounding the solar system and gives its thickness as 5,000 to 100,000 AU.",high,https://science.nasa.gov/solar-system/solar-system-facts/,Solar System Structure,Solar System: Facts - NASA Science,science.nasa.gov,verified
FACT-2026-12-30-S05,30,2026-12-30,The Kīlauea summit water lake sampled during 2019–2020 had about twice the salinity of seawater.,5,December,Salinity of Kīlauea's summit water lake,Nature,"Chemical analysis described the lake water as very saline, with about twice the salinity of seawater.",high,https://www.usgs.gov/observatories/hvo/news/volcano-watch-water-kilauea-and-its-role-its-eruptions,Volcanic Lakes,"Volcano Watch — Water in Kīlauea, and its role in its eruptions | U.S. Geological Survey",www.usgs.gov,verified
FACT-2026-12-30-S06,30,2026-12-30,"The solar system orbits the center of the Milky Way at about 515,000 mph (828,000 kph).",6,December,The solar system orbits the Milky Way's center,Space,"NASA states that the solar system orbits the galactic center at about 515,000 mph (828,000 kph).",high,https://science.nasa.gov/solar-system/solar-system-facts/,Galactic Motion,Solar System: Facts - NASA Science,science.nasa.gov,verified
FACT-2026-12-30-S07,30,2026-12-30,Volcanic risks are not equivalent from one volcano to another because eruptive style and geographic location differ.,7,December,Volcanic hazards vary by location and eruptive style,Nature,"The USGS states that all erupting volcanoes pose some risk to people and infrastructure, but risks vary because of differences in eruptive style and geographic location.",high,https://www.usgs.gov/news/featured-story/volcanoes-and-usgs-volcano-science-just-facts,Volcanoes,Volcanoes and USGS Volcano Science: Just the Facts | U.S. Geological Survey,www.usgs.gov,verified
FACT-2026-12-30-S08,30,2026-12-30,The first Komodo dragon to hatch outside Indonesia hatched in 1992.,8,December,First Komodo Dragon Hatched Outside Indonesia,Animals,The page states that the first Komodo dragon to hatch outside Indonesia did so in 1992.,high,https://nationalzoo.si.edu/about/history,Captive Breeding,,nationalzoo.si.edu,verified
FACT-2026-12-30-S09,30,2026-12-30,"Petrified Forest was designated a national park on December 9, 1962.",9,December,Petrified Forest became a national park,Geography,"The page states that Petrified Forest was designated as a national park on December 9, 1962.",high,https://www.nps.gov/pefo/planyourvisit/fast-facts.htm,National Parks,Fast Facts - Petrified Forest National Park (U.S. National Park Service),www.nps.gov,verified
FACT-2026-12-30-S10,30,2026-12-30,"In the Greater Yellowstone Ecosystem, wolves influence elk, bison, rabbits, birds, and scavengers such as vultures.",10,December,Wolves regulate Yellowstone prey and scavengers,Animals,"National Geographic states that these species are at least partly controlled by wolf presence and that prey feeding, nesting, burrowing, and scavenger activity react to wolves.",high,https://education.nationalgeographic.org/resource/role-keystone-species-ecosystem/,Wolves,Role of Keystone Species in an Ecosystem,education.nationalgeographic.org,verified
FACT-2026-12-30-S11,30,2026-12-30,The Metropolitan Museum of Art lists Japan chronologies covering ten periods from 8000 B.C. to the present.,11,December,The Met’s Japan chronology spans 10 historical periods,Geography,"The page lists Japan chronologies for 8000–2000 B.C., 2000–1000 B.C., 1000 B.C.–1 A.D., 1–500 A.D., 500–1000 A.D., 1000–1400 A.D., 1400–1600 A.D., 1600–1800 A.D., 1800–1900 A.D., and 1900 A.D.–present.",high,https://metmuseum.org/toah/chronology/,Regional scope,Chronology | Heilbrunn Timeline of Art History | The Metropolitan Museum of Art,metmuseum.org,verified
FACT-2026-12-30-S12,30,2026-12-30,"The Heilbrunn Timeline of Art History was conceived as a reference, research, and teaching tool for students and scholars of art history.",12,December,The Timeline serves students and scholars,History,"The Met describes the digital publication as “a reference, research, and teaching tool conceived for students and scholars of art history.”",high,https://www.metmuseum.org/essays/timeline-of-art-history,Art history education,Heilbrunn Timeline of Art History - The Metropolitan Museum of Art,www.metmuseum.org,verified
FACT-2026-12-30-S13,30,2026-12-30,Europa's subsurface ocean is estimated to be 40 to 100 miles (60 to 150 kilometers) deep.,13,December,Europa's ocean may be up to 100 miles deep,Ocean & Marine,NASA gives the estimated depth of Europa's ocean as 40 to 100 miles (60 to 150 kilometers).,high,https://science.nasa.gov/jupiter/jupiter-moons/europa/europa-facts/,Subsurface Oceans,Europa: Facts - NASA Science,science.nasa.gov,verified
FACT-2026-12-30-S14,30,2026-12-30,A 1777 printed version described the document as the unanimous declaration of the thirteen United States of America.,14,December,Thirteen United States,History,The page’s caption identifies Goddard’s 1777 printing as “The unanimous declaration of the thirteen United States of America.”,high,https://guides.loc.gov/declaration-of-independence?loclr=reclnk,American Revolution,Introduction - Declaration of Independence: Primary Documents in American History - Research Guides at Library of Congress,guides.loc.gov,verified
FACT-2026-12-30-S15,30,2026-12-30,"The initial water sample from the lake had 71,000 milligrams per liter of total dissolved solids.",15,December,"The lake’s initial salinity was 71,000 milligrams per liter",Ocean & Marine,"The USGS gives the initial salinity, defined as total dissolved solids concentration, as 71,000 mg/L.",high,https://www.usgs.gov/publications/chemistry-growth-and-fate-unique-short-lived-2019-2020-water-lake-summit-kilauea,Water Chemistry,"Chemistry, growth, and fate of the unique, short-lived (2019–2020) water lake at the summit of Kīlauea Volcano, Hawaii | U.S. Geological Survey",www.usgs.gov,verified
FACT-2026-12-30-S16,30,2026-12-30,The Metropolitan Museum of Art’s Mesopotamia chronologies from 8000 B.C. through 500 A.D. encompass present-day Iraq and northeastern Syria.,16,December,The Met’s Mesopotamia chronology covers Iraq and northeastern Syria,Ancient Civilizations,"The page states that the Mesopotamia chronologies for 8000–2000 B.C., 2000–1000 B.C., 1000 B.C.–1 A.D., and 1–500 A.D. encompass “present-day Iraq and northeastern Syria.”",high,https://metmuseum.org/toah/chronology/,Geographic scope,Chronology | Heilbrunn Timeline of Art History | The Metropolitan Museum of Art,metmuseum.org,verified
FACT-2026-12-30-S17,30,2026-12-30,"In 2023, nearly one in four U.S. high school students attended physical education classes daily.",17,December,Daily physical education attendance,Human Body,The CDC states that 'nearly 1 in 4 students attended physical education daily' in 2023.,high,https://www.cdc.gov/yrbs/dstr/dietary-physical-sleep-behaviors.html,Adolescent Health,"Data Summary & Trends Report for Dietary, Physical Activity, and Sleep Behaviors | Youth Risk Behavior Surveillance System (YRBSS) | CDC",www.cdc.gov,verified
FACT-2026-12-30-S18,30,2026-12-30,"As human cultural heritage developed, animals became incorporated into human folklore and philosophical awareness.",18,December,Animals entered human folklore,Mythology & Legends,The page says that animals were variously incorporated into man’s folklore and philosophical awareness as fellow living creatures.,high,https://www.britannica.com/science/zoology,Folklore,"Zoology | Definition, History, Examples, Importance, & Facts | Britannica",www.britannica.com,verified
FACT-2026-12-30-S19,30,2026-12-30,Smithsonian Libraries holds more than 2.1 million library volumes.,19,December,Smithsonian Libraries holds more than 2.1 million volumes,Science,The factsheet states that Smithsonian Libraries' collections include more than 2.1 million library volumes.,high,https://www.si.edu/newsdesk/factsheets/smithsonian-collections,Libraries and research,,www.si.edu,verified
FACT-2026-12-30-S20,30,2026-12-30,Yellowstone is described by the NPS as the greatest geyser area on the planet.,20,December,Yellowstone is the greatest geyser area on Earth,World Records & Extremes,"The introduction states that Yellowstone’s roughly 10,000 geothermal features make it the greatest geyser area on the planet.",high,https://www.nps.gov/articles/nps-geodiversity-atlas-yellowstone-national-park-wyoming-montana-and-idaho.htm,Geysers,"NPS Geodiversity Atlas—Yellowstone National Park, Wyoming, Montana, and Idaho (U.S. National Park Service)",www.nps.gov,verified
FACT-2026-12-31-S01,31,2026-12-31,"An earthquake directly beneath or near a volcano, typically greater than magnitude 5, can trigger a landslide.",1,December,Earthquakes can trigger volcanic landslides,Nature,"The USGS lists a large earthquake directly beneath or nearby a volcano, typically greater than M5, as a landslide trigger.",high,https://www.usgs.gov/programs/VHP/landslides-are-common-tall-steep-and-weak-volcanic-cones,Landslide Triggers,"Landslides are common on tall, steep, and weak volcanic cones | U.S. Geological Survey",www.usgs.gov,verified
FACT-2026-12-31-S02,31,2026-12-31,Europa has a very thin atmosphere composed of oxygen.,2,December,Europa has a tenuous oxygen atmosphere,Space,NASA states that Europa has only a tenuous atmosphere of oxygen.,high,https://science.nasa.gov/jupiter/jupiter-moons/europa/europa-facts/,Atmosphere,Europa: Facts - NASA Science,science.nasa.gov,verified
FACT-2026-12-31-S03,31,2026-12-31,Human activity has caused documented earthquakes through activities including injecting fluids into deep wells and filling large reservoirs.,3,December,Human-induced earthquakes,Nature,"USGS reports documented human-induced earthquakes in the United States, Japan, and Canada associated with deep-well fluid injection and filling large water reservoirs.",high,https://www.usgs.gov/programs/earthquake-hazards/earthquake-facts-earthquake-fantasy,Induced Seismicity,Earthquake Facts & Earthquake Fantasy | U.S. Geological Survey,www.usgs.gov,verified
FACT-2026-12-31-S04,31,2026-12-31,Europa shows strong evidence for a global ocean of salty liquid water beneath its icy crust.,4,December,Europa has strong evidence of a subsurface ocean,Space,"NASA states that Europa shows strong evidence for an ocean of liquid water beneath its icy crust, and that Galileo's magnetic-field measurements are best explained by a global ocean of salty water.",high,https://science.nasa.gov/jupiter/jupiter-moons/europa/europa-facts/,Europa,Europa: Facts - NASA Science,science.nasa.gov,verified
FACT-2026-12-31-S05,31,2026-12-31,Landslides on volcanoes can occur without associated volcanic activity.,5,December,Landslides can occur without volcanic activity,Nature,The USGS states that landslides on volcanoes can occur without any associated volcanic activity.,high,https://www.usgs.gov/programs/VHP/landslides-are-common-tall-steep-and-weak-volcanic-cones,Landslides,"Landslides are common on tall, steep, and weak volcanic cones | U.S. Geological Survey",www.usgs.gov,verified
FACT-2026-12-31-S06,31,2026-12-31,"Jupiter's escape velocity is 60.20 km s−1, the highest listed among the planets.",6,December,Jupiter has the highest planetary escape velocity,Space,The table defines escape velocity as the minimum velocity required to escape a planet's gravitational influence and lists Jupiter at 60.20 [*] km s−1.,high,https://ssd.jpl.nasa.gov/planets/phys_par.html,Planetary Parameters,Planetary Physical Parameters,ssd.jpl.nasa.gov,verified
FACT-2026-12-31-S07,31,2026-12-31,"By 2021, Smithsonian scientists and veterinarians had collaborated with more than 150 Chinese partners on giant panda research and care.",7,December,The Smithsonian collaborated with more than 150 Chinese partners,Nature,"The page states: “To date, Smithsonian scientists and veterinarians have collaborated with more than 150 Chinese partners” to produce over 115 books, book chapters, and scientific articles.",high,https://nationalzoo.si.edu/animals/history-giant-pandas-zoo,Research Partnerships,The History of Giant Pandas at the Smithsonian's National Zoo and Conservation Biology Institute,nationalzoo.si.edu,verified
FACT-2026-12-31-S08,31,2026-12-31,“Headless chicken monster” is a common name for deep-ocean sea cucumbers in the genus Enypniastes.,8,December,Headless chicken monster,Animals,NOAA identifies “headless chicken monster” as a common name for deep-ocean sea cucumbers in the genus Enypniastes.,high,https://oceanexplorer.noaa.gov/ocean-facts/,Deep-sea invertebrates,Ocean Exploration Facts - NOAA Ocean Exploration,oceanexplorer.noaa.gov,verified
FACT-2026-12-31-S09,31,2026-12-31,"At its height, the Akkadian Empire united Mesopotamia, parts of western Syria and Anatolia, and Iran.",9,December,The Akkadian Empire extended across four regions,Geography,"The Met states that the empire at the height of its power included Mesopotamia, parts of western Syria and Anatolia, and Iran.",high,http://www.metmuseum.org/essays/art-of-the-first-cities-in-the-third-millennium-b-c,Ancient Empires,Art of the First Cities in the Third Millennium B.C. - The Metropolitan Museum of Art,www.metmuseum.org,verified
FACT-2026-12-31-S10,31,2026-12-31,"The Smithsonian mammal collection preserves 3,200 primary type specimens.",10,December,Primary type specimens,Animals,The page states that '3200 primary type specimens' are preserved in the collection.,high,https://naturalhistory.si.edu/research/vertebrate-zoology/mammals/collections-overview,Mammal Collections,Collections Overview | Smithsonian National Museum of Natural History,naturalhistory.si.edu,verified
FACT-2026-12-31-S11,31,2026-12-31,"Yellowstone National Park is located in parts of Wyoming, Montana, and Idaho.",11,December,Yellowstone spans three states,Geography,"The NPS page states that Yellowstone National Park is located in parts of Wyoming, Montana, and Idaho.",high,https://www.nps.gov/articles/nps-geodiversity-atlas-yellowstone-national-park-wyoming-montana-and-idaho.htm,Protected Areas,"NPS Geodiversity Atlas—Yellowstone National Park, Wyoming, Montana, and Idaho (U.S. National Park Service)",www.nps.gov,verified
FACT-2026-12-31-S12,31,2026-12-31,The Library of Congress timeline identifies the Great Depression and World War II period as spanning 1929 through 1945.,12,December,Great Depression and World War II period,History,"The page lists “Great Depression and World War II, 1929-1945.”",high,https://www.loc.gov/classroom-materials/united-states-history-primary-source-timeline/,Great Depression and World War II,"Presentation 
         U.S. History Primary Source Timeline",www.loc.gov,verified
FACT-2026-12-31-S13,31,2026-12-31,"NOAA's National Ocean Service provides ocean and coastal science information covering topics such as plankton, the carbon cycle, sea ice, ocean acidification, tides, bathymetry, hydrothermal vents, and coral reefs.",13,December,NOAA Ocean and Coastal Science Topics,Ocean & Marine,"The NOAA Ocean Facts page lists these subjects among its ocean and coastal science questions, including “What are plankton?”, “What is the carbon cycle?”, “How does sea ice affect global climate?”, “What is ocean acidification?”, “How do we monitor tides?”, “What is bathymetry?”, “What is a hydrothermal vent?”, and “What species live in and around coral reefs?”",high,https://oceanservice.noaa.gov/facts/oceanfacts-science.html,Ocean Science,NOAA's National Ocean Service: Ocean Facts Category,oceanservice.noaa.gov,verified
FACT-2026-12-31-S14,31,2026-12-31,"The growth of cities and ruling families created demand for luxury items made largely from imported materials and intended for temples and tombs, including the Royal Graves at Ur around 2500 B.C.",14,December,Luxury goods were made for temples and tombs,History,"The page states that luxury items were fashioned largely from materials obtained abroad and destined for temples and tombs such as the famous Royal Graves at Ur, dated to approximately 2500 B.C.",high,http://www.metmuseum.org/essays/art-of-the-first-cities-in-the-third-millennium-b-c,Royal Burials,Art of the First Cities in the Third Millennium B.C. - The Metropolitan Museum of Art,www.metmuseum.org,verified
FACT-2026-12-31-S15,31,2026-12-31,The Southern Ocean is the newest named ocean.,15,December,The Southern Ocean is the newest named ocean,Ocean & Marine,NOAA explicitly describes the Southern Ocean as the “‘newest’ named ocean.”,high,https://oceanservice.noaa.gov/facts/howmanyoceans.html,Southern Ocean,How many oceans are there?,oceanservice.noaa.gov,verified
FACT-2026-12-31-S16,31,2026-12-31,Many features of civilization originated in the lands known as the ancient Near East.,16,December,Origin of Civilizational Features,Ancient Civilizations,The Metropolitan Museum of Art states that “many features of civilization originated in the lands we call the ancient Near East.”,high,https://www.metmuseum.org/learn/educators/curriculum-resources/the-art-of-the-ancient-near-east,Ancient Near East,The Art of the Ancient Near East | The Metropolitan Museum of Art,www.metmuseum.org,verified
FACT-2026-12-31-S17,31,2026-12-31,The United States has more than 160 active volcanoes.,17,December,The United States has more than 160 active volcanoes,Country Facts,The page states: “With over 160 active volcanoes in the United States.”,high,https://www.usgs.gov/news/featured-story/volcanoes-and-usgs-volcano-science-just-facts,United States,Volcanoes and USGS Volcano Science: Just the Facts | U.S. Geological Survey,www.usgs.gov,verified
FACT-2026-12-31-S18,31,2026-12-31,Getting enough sleep can reduce stress and improve mood.,18,December,Sleep and mental well-being,Human Body,CDC lists reducing stress and improving mood among the health benefits of getting enough sleep.,high,https://www.cdc.gov/sleep/about/index.html,Health effects,About Sleep | Sleep | CDC,www.cdc.gov,verified
FACT-2026-12-31-S19,31,2026-12-31,Earth’s crust is approximately 3 to 48 miles thick.,19,December,Earth’s crust ranges from 3 to 48 miles thick,Science,"The page describes the crust as a relatively thin layer, three to 48 miles thick, forming the continents and ocean floors.",high,https://www.nps.gov/yell/learn/nature/geology.htm,Earth Structure,Geology - Yellowstone National Park (U.S. National Park Service),www.nps.gov,verified
FACT-2026-12-31-S20,31,2026-12-31,"Capitol Reef's hottest recorded day reached 104°F (40°C), while its coldest reached −9°F (−23°C).",20,December,Recorded temperature extremes,World Records & Extremes,Fast Facts list the hottest recorded day as 104°F (40°C) and the coldest recorded day as −9°F (−23°C).,high,https://www.nps.gov/care/learn/nature/index.htm,Climate extremes,Nature - Capitol Reef National Park (U.S. National Park Service),www.nps.gov,verified