ID,Day,Date,Fact,Slot,Month,Title,Category,Evidence,Confidence,Source URL,Subcategory,Source title,Source domain,Verification status
FACT-2027-02-01-S01,1,2027-02-01,Earth's primitive ocean formed when water vapor released by cooling molten rocks condensed and covered the crust.,1,February,Ocean Formation,Science,"As the molten rocks cooled, they released water vapor and other gases. Eventually, the water vapor condensed and covered the crust with a primitive ocean.",high,https://education.nationalgeographic.org/resource/all-about-the-ocean/,Earth formation,All About the Ocean,education.nationalgeographic.org,verified
FACT-2027-02-01-S02,1,2027-02-01,"The sun's heat causes ocean water to evaporate, and the resulting water vapor condenses into clouds that release precipitation.",2,February,Ocean Water Cycle,Nature,"The sun’s heat causes water to evaporate ... The water vapor condenses to form clouds, which release their moisture as rain or other kinds of precipitation.",high,https://education.nationalgeographic.org/resource/all-about-the-ocean/,Water cycle,All About the Ocean,education.nationalgeographic.org,verified
FACT-2027-02-01-S03,1,2027-02-01,Child mortality is measured as the share of newborns who die before age five.,3,February,Child Mortality Definition,Human Body,“Child mortality is measured as the share of newborns that die before age five.”,high,https://ourworldindata.org/12-key-metrics,Child mortality,(1) Extreme Poverty,ourworldindata.org,verified
FACT-2027-02-01-S04,1,2027-02-01,The World Statistics Pocketbook 2025 edition is the forty-ninth in a series of annual compilations.,4,February,Annual compilation series,History,"“The World Statistics Pocketbook 2025 edition (Series V, No. 49) is the forty-ninth in a series of annual compilations”",high,https://desapublications.un.org/publications/world-statistics-pocketbook-2025,Publication history,World Statistics Pocketbook 2025 | DESA Publications,desapublications.un.org,verified
FACT-2027-02-01-S05,1,2027-02-01,The publication presents one-page profiles for 30 world geographical regions.,5,February,Regional profiles,Geography,“one-page profiles for 30 world geographical regions”,high,https://desapublications.un.org/publications/world-statistics-pocketbook-2025,Regional statistics,World Statistics Pocketbook 2025 | DESA Publications,desapublications.un.org,verified
FACT-2027-02-01-S06,1,2027-02-01,"Giraffes, elephants, owls, antelope, caracals, baboons, lions, swifts, and rock hyraxes are shown living in and around the Namib Desert.",6,February,Animals of the Namib Desert,Animals,Here are a few animals shown living in and around the Namib Desert: giraffes ... rock hyraxes.,high,https://education.nationalgeographic.org/resource/desert-created-water/,Desert wildlife,A Desert Created by Water,education.nationalgeographic.org,verified
FACT-2027-02-01-S07,1,2027-02-01,Seafloor spreading forms new seafloor when molten rock wells up from a mid-ocean ridge rift.,7,February,Seafloor Spreading,Science,"Molten rock from Earth’s interior wells up from the rift, building new seafloor in a process called seafloor spreading.",high,https://education.nationalgeographic.org/resource/all-about-the-ocean/,Plate tectonics,All About the Ocean,education.nationalgeographic.org,verified
FACT-2027-02-01-S08,1,2027-02-01,The ocean helps balance global temperatures by absorbing heat in summer and releasing it in winter.,8,February,Ocean Temperature Regulation,Nature,The ocean helps balance global temperatures by absorbing heat in the summer and releasing it in the winter.,high,https://education.nationalgeographic.org/resource/all-about-the-ocean/,Climate regulation,All About the Ocean,education.nationalgeographic.org,verified
FACT-2027-02-01-S09,1,2027-02-01,The fertility rate is the average number of children per woman.,9,February,Fertility Rate,Human Body,“Fertility rate — the average number of children per woman.”,high,https://ourworldindata.org/12-key-metrics,Fertility,(1) Extreme Poverty,ourworldindata.org,verified
FACT-2027-02-01-S10,1,2027-02-01,The statistical indicators in the World Statistics Pocketbook are prepared by the United Nations Statistics Division of the Department of Economic and Social Affairs.,10,February,Publishing organization,History,“prepared by the United Nations Statistics Division of the Department of Economic and Social Affairs”,high,https://desapublications.un.org/publications/world-statistics-pocketbook-2025,United Nations publications,World Statistics Pocketbook 2025 | DESA Publications,desapublications.un.org,verified
FACT-2027-02-01-S11,1,2027-02-01,The publication presents one-page profiles for over 200 countries or areas of the world.,11,February,Country and area coverage,Geography,“over 200 countries or areas of the world”,high,https://desapublications.un.org/publications/world-statistics-pocketbook-2025,Country statistics,World Statistics Pocketbook 2025 | DESA Publications,desapublications.un.org,verified
FACT-2027-02-01-S12,1,2027-02-01,Very few species survive in the Namib Desert’s sand dunes.,12,February,Species in Sand Dunes,Animals,Very few species survive in the sand dunes themselves.,high,https://education.nationalgeographic.org/resource/desert-created-water/,Desert ecology,A Desert Created by Water,education.nationalgeographic.org,verified
FACT-2027-02-01-S13,1,2027-02-01,Economic indicators are one of the five sections in the Pocketbook profiles.,13,February,Economic indicators section,Money & Economics,“5 sections; ... economic indicators”,high,https://desapublications.un.org/publications/world-statistics-pocketbook-2025,Economic statistics,World Statistics Pocketbook 2025 | DESA Publications,desapublications.un.org,verified
FACT-2027-02-01-S14,1,2027-02-01,The major trading partners section uses 2024 as its reference year unless otherwise footnoted.,14,February,Trading partners reference year,Money & Economics,"“For ... major trading partners sections the reference year is ... 2024 respectively, unless otherwise footnoted”",high,https://desapublications.un.org/publications/world-statistics-pocketbook-2025,International trade statistics,World Statistics Pocketbook 2025 | DESA Publications,desapublications.un.org,verified
FACT-2027-02-01-S15,1,2027-02-01,The ocean covers 70 percent of Earth's surface.,15,February,Ocean Surface Coverage,Ocean & Marine,The ocean covers 70 percent of Earth's surface.,high,https://education.nationalgeographic.org/resource/all-about-the-ocean/,Ocean extent,All About the Ocean,education.nationalgeographic.org,verified
FACT-2027-02-01-S16,1,2027-02-01,The epipelagic zone extends from the ocean surface to about 200 meters deep.,16,February,Epipelagic Zone,Ocean & Marine,It reaches from the surface to about 200 meters (660 feet) deep.,high,https://education.nationalgeographic.org/resource/all-about-the-ocean/,Ocean life zones,All About the Ocean,education.nationalgeographic.org,verified
FACT-2027-02-01-S17,1,2027-02-01,The oldest written material in the Library of Congress is a cuneiform tablet dating from 2040 B.C.,17,February,Oldest written material,Ancient Civilizations,The oldest written material in the Library is a cuneiform tablet dating from 2040 B.C.,high,https://loc.gov/about/fascinating-facts,Cuneiform,Fascinating Facts | About the Library of Congress | Library of Congress,loc.gov,verified
FACT-2027-02-01-S18,1,2027-02-01,About 1.4 million asteroids are in the solar system.,18,February,Asteroids,Space,About 1.4 million asteroids ... are in our solar system.,high,https://science.nasa.gov/solar-system/,Small Solar System bodies,Solar System Exploration,science.nasa.gov,verified
FACT-2027-02-01-S19,1,2027-02-01,The Library of Congress houses passages from a Buddhist sutra printed in 770 A.D.,19,February,Ancient printed sutra,Ancient Civilizations,Passages from a Buddhist sutra ... printed in 770 A.D. ... [are] housed in the Library’s Asian Division.,high,https://loc.gov/about/fascinating-facts,Buddhist texts,Fascinating Facts | About the Library of Congress | Library of Congress,loc.gov,verified
FACT-2027-02-01-S20,1,2027-02-01,The solar system is in a spiral arm of the Milky Way called the Orion Spur.,20,February,Orion Spur,Space,Our solar system is in one of the Milky Way galaxy’s spiral arms called the Orion Spur.,high,https://science.nasa.gov/solar-system/,Galactic location,Solar System Exploration,science.nasa.gov,verified
FACT-2027-02-02-S01,2,2027-02-02,"Earth’s physical systems have four components: the atmosphere, biosphere, hydrosphere, and lithosphere.",1,February,Earth's Physical Systems,Science,"There are four components to Earth’s physical systems: atmosphere, biosphere, hydrosphere, and lithosphere.",high,https://education.nationalgeographic.org/resource/desert-created-water/,Earth systems,A Desert Created by Water,education.nationalgeographic.org,verified
FACT-2027-02-02-S02,2,2027-02-02,Phytoplankton are responsible for almost half the oxygen released into Earth's atmosphere.,2,February,Phytoplankton Oxygen,Nature,"Through photosynthesis, phytoplankton are responsible for almost half the oxygen released into Earth’s atmosphere.",high,https://education.nationalgeographic.org/resource/all-about-the-ocean/,Photosynthesis,All About the Ocean,education.nationalgeographic.org,verified
FACT-2027-02-02-S03,2,2027-02-02,The source’s global and regional life-expectancy estimates extend back to the year 1770.,3,February,Global Life Expectancy Data,Human Body,“Global and regional estimates extend back to the year 1770.”,high,https://ourworldindata.org/12-key-metrics,Life expectancy,(1) Extreme Poverty,ourworldindata.org,verified
FACT-2027-02-02-S04,2,2027-02-02,The Pocketbook profiles are organized into five sections.,4,February,Profile sections,History,“The Pocketbook profiles are organised into 5 sections”,high,https://desapublications.un.org/publications/world-statistics-pocketbook-2025,Publication structure,World Statistics Pocketbook 2025 | DESA Publications,desapublications.un.org,verified
FACT-2027-02-02-S05,2,2027-02-02,"Oceanographers have divided the ocean into five principal areas: the Pacific, Atlantic, Indian, Arctic, and Southern Oceans.",5,February,Five Principal Oceans,Geography,"Oceanographers have divided it into five principal areas: the Pacific, Atlantic, Indian, Arctic, and Southern Oceans.",high,https://education.nationalgeographic.org/resource/all-about-the-ocean/,Oceans,All About the Ocean,education.nationalgeographic.org,verified
FACT-2027-02-02-S06,2,2027-02-02,Desert elephants usually limit their range to areas near rivers that bracket the Namib Desert.,6,February,Desert Elephant Range,Animals,"Animals such as desert elephants, birds, and lions usually limit their range to areas near rivers that bracket the desert.",high,https://education.nationalgeographic.org/resource/desert-created-water/,Animal distribution,A Desert Created by Water,education.nationalgeographic.org,verified
FACT-2027-02-02-S07,2,2027-02-02,Clouds and mist are identified as atmospheric attributes in the Namib Desert.,7,February,Namib Desert Atmosphere,Science,"Atmosphere: clouds, mist.",high,https://education.nationalgeographic.org/resource/desert-created-water/,Atmosphere,A Desert Created by Water,education.nationalgeographic.org,verified
FACT-2027-02-02-S08,2,2027-02-02,Surface ocean currents transport heat from the tropics toward the poles and move cooler water toward the Equator.,8,February,Ocean Currents and Heat,Nature,Currents flowing near the surface transport heat from the tropics to the poles and move cooler water back toward the Equator.,high,https://education.nationalgeographic.org/resource/all-about-the-ocean/,Ocean circulation,All About the Ocean,education.nationalgeographic.org,verified
FACT-2027-02-02-S09,2,2027-02-02,Hunger ... is defined as having a calorie ... intake which is below an individual’s minimum requirements to lead a healthy life.,9,February,Hunger ... is defined as having a calorie ... intake which is below an individual’s minimu,Human Body,“Hunger ... is defined as having a calorie ... intake which is below an individual’s minimum requirements to lead a healthy life.”,high,https://ourworldindata.org/12-key-metrics,Nutrition,(1) Extreme Poverty,ourworldindata.org,verified
FACT-2027-02-02-S10,2,2027-02-02,General information is one of the five sections in the Pocketbook profiles.,10,February,General information section,History,“5 sections; general information”,high,https://desapublications.un.org/publications/world-statistics-pocketbook-2025,Publication structure,World Statistics Pocketbook 2025 | DESA Publications,desapublications.un.org,verified
FACT-2027-02-02-S11,2,2027-02-02,"Abyssal plains lie at depths of about 4,000 to 6,000 meters.",11,February,Abyssal Plain Depth,Geography,"Abyssal plains are broad, flat areas that lie at depths of about 4,000 to 6,000 meters.",high,https://education.nationalgeographic.org/resource/all-about-the-ocean/,Ocean floor,All About the Ocean,education.nationalgeographic.org,verified
FACT-2027-02-02-S12,2,2027-02-02,"A keystone species is often, but not always, a predator.",12,February,Keystone predators,Animals,"A keystone species is often, but not always, a predator.",high,https://education.nationalgeographic.org/resource/role-keystone-species-ecosystem/,Predation,Role of Keystone Species in an Ecosystem,education.nationalgeographic.org,verified
FACT-2027-02-02-S13,2,2027-02-02,Extreme poverty is defined as living on less than $3 per day under the International Poverty Line.,13,February,International Poverty Line,Money & Economics,"“Extreme poverty ... is defined by the ‘International Poverty Line,’ which is living on less than $3 per day.”",high,https://ourworldindata.org/12-key-metrics,Extreme poverty,(1) Extreme Poverty,ourworldindata.org,verified
FACT-2027-02-02-S14,2,2027-02-02,The International Poverty Line is set by the World Bank and used by the United Nations to monitor extreme poverty worldwide.,14,February,Poverty Line Authority,Money & Economics,“This line is set by the World Bank and used by the UN to monitor extreme poverty worldwide.”,high,https://ourworldindata.org/12-key-metrics,Poverty measurement,(1) Extreme Poverty,ourworldindata.org,verified
FACT-2027-02-02-S15,2,2027-02-02,"The bathypelagic zone extends to about 4,000 meters deep and receives no light.",15,February,Bathypelagic Zone,Ocean & Marine,"The bathypelagic zone ... reaches to about 4,000 meters (13,100 feet) deep ... because no light reaches it.",high,https://education.nationalgeographic.org/resource/all-about-the-ocean/,Ocean life zones,All About the Ocean,education.nationalgeographic.org,verified
FACT-2027-02-02-S16,2,2027-02-02,"Hydrothermal vents discharge superheated, mineral-enriched water from Earth's interior.",16,February,Hydrothermal Vent Communities,Ocean & Marine,These vents discharge superheated water enriched with minerals from Earth’s interior.,high,https://education.nationalgeographic.org/resource/all-about-the-ocean/,Hydrothermal vents,All About the Ocean,education.nationalgeographic.org,verified
FACT-2027-02-02-S17,2,2027-02-02,city-states and empires emerged in a vast area stretching from the Mediterranean to the Indus Valley.,17,February,city-states and empires emerged in a vast area stretching from the Mediterranean to the In,Ancient Civilizations,“city-states and empires emerged in a vast area stretching from the Mediterranean to the Indus Valley.”,high,https://www.metmuseum.org/essays/art-of-the-first-cities-in-the-third-millennium-b-c,Urbanization,Art of the First Cities in the Third Millennium B.C. - The Metropolitan Museum of Art,metmuseum.org,verified
FACT-2027-02-02-S18,2,2027-02-02,The solar system contains many worlds with many types of atmospheres.,18,February,Planetary Atmospheres,Space,Our solar system has many worlds with many types of atmospheres.,high,https://science.nasa.gov/solar-system/,Planetary atmospheres,Solar System Exploration,science.nasa.gov,verified
FACT-2027-02-02-S19,2,2027-02-02,The urban revolution was first represented by the formation of cities in southern Mesopotamia.,19,February,Origins of the urban revolution,Ancient Civilizations,"“this urban revolution, first represented by the formation of cities in southern Mesopotamia”",high,https://www.metmuseum.org/essays/art-of-the-first-cities-in-the-third-millennium-b-c,Mesopotamia,Art of the First Cities in the Third Millennium B.C. - The Metropolitan Museum of Art,metmuseum.org,verified
FACT-2027-02-02-S20,2,2027-02-02,Earth is the only place where life has been found in the solar system so far.,20,February,Life in the Solar System,Space,"So far, Earth is the only place we've found life in our solar system.",high,https://science.nasa.gov/solar-system/,Astrobiology,Solar System Exploration,science.nasa.gov,verified
FACT-2027-02-03-S01,3,2027-02-03,A keystone species helps define an entire ecosystem.,1,February,Keystone species,Science,A keystone species is an organism that helps define an entire ecosystem.,high,https://education.nationalgeographic.org/resource/role-keystone-species-ecosystem/,Ecology,Role of Keystone Species in an Ecosystem,education.nationalgeographic.org,verified
FACT-2027-02-03-S02,3,2027-02-03,"Increased carbon dioxide has led to an increase in ocean acidity that erodes the shells of clams, crabs, and corals.",2,February,Ocean Acidification,Nature,"The increase in carbon dioxide has led to an increase in ocean acids. This ocean acidification erodes the shells of animals such as clams, crabs, and corals.",high,https://education.nationalgeographic.org/resource/all-about-the-ocean/,Ocean acidification,All About the Ocean,education.nationalgeographic.org,verified
FACT-2027-02-03-S03,3,2027-02-03,"In Taiwan in 1950, 13% of children died before reaching age five.",3,February,Taiwan child mortality in 1950,Human Body,“Every sixth child born in Taiwan in 1950 died before it was five years old (13%).”,high,https://ourworldindata.org/economic-growth-since-1950,Child mortality,Economic growth means that population growth and rising prosperity can go together,ourworldindata.org,verified
FACT-2027-02-03-S04,3,2027-02-03,"The economic, social, environmental and infrastructure sections generally use 2015, 2020 and 2025 as reference years when available.",4,February,Reference years,History,"“generally for three reference years ‐ 2015, 2020 and 2025 ‐ when available”",high,https://desapublications.un.org/publications/world-statistics-pocketbook-2025,Statistical reference periods,World Statistics Pocketbook 2025 | DESA Publications,desapublications.un.org,verified
FACT-2027-02-03-S05,3,2027-02-03,Abyssal plains cover 30 percent of the ocean floor.,5,February,Abyssal Plain Coverage,Geography,Abyssal plains cover 30 percent of the ocean floor.,high,https://education.nationalgeographic.org/resource/all-about-the-ocean/,Ocean floor,All About the Ocean,education.nationalgeographic.org,verified
FACT-2027-02-03-S06,3,2027-02-03,"Elk populations have shrunk, willow heights have increased, and beaver and songbird populations have recovered.",6,February,"Elk populations have shrunk, willow heights have increased, and beaver and songbird popula",Animals,"Elk populations have shrunk, willow heights have increased, and beaver and songbird populations have recovered.",high,https://education.nationalgeographic.org/resource/role-keystone-species-ecosystem/,Trophic cascades,Role of Keystone Species in an Ecosystem,education.nationalgeographic.org,verified
FACT-2027-02-03-S07,3,2027-02-03,"Without a keystone species, an ecosystem may become dramatically different or cease to exist.",7,February,Keystone species removal,Science,"Without its keystone species, the ecosystem would be dramatically different or cease to exist altogether.",high,https://education.nationalgeographic.org/resource/role-keystone-species-ecosystem/,Ecosystem dynamics,Role of Keystone Species in an Ecosystem,education.nationalgeographic.org,verified
FACT-2027-02-03-S08,3,2027-02-03,"Grasses, trees, shrubs, bushes, mosses, and algae are shown living in and around the Namib Desert.",8,February,Plants of the Namib Desert,Nature,Here are some plants shown living in and around the Namib Desert: grasses ... algae.,high,https://education.nationalgeographic.org/resource/desert-created-water/,Desert vegetation,A Desert Created by Water,education.nationalgeographic.org,verified
FACT-2027-02-03-S09,3,2027-02-03,"The child mortality rate in Taiwan was described as half a percent, or 1 in 200 children, at the time of the source.",9,February,Taiwan child mortality today,Human Body,“Today the child mortality rate has declined to half a percent (1 in 200 children).”,high,https://ourworldindata.org/economic-growth-since-1950,Child mortality,Economic growth means that population growth and rising prosperity can go together,ourworldindata.org,verified
FACT-2027-02-03-S10,3,2027-02-03,"When data for the stated reference years are unavailable, the publication uses the most recent previous data back to 2000.",10,February,Earlier reference data,History,"“or the most recent data previous to these years, back to 2000”",high,https://desapublications.un.org/publications/world-statistics-pocketbook-2025,Statistical reference periods,World Statistics Pocketbook 2025 | DESA Publications,desapublications.un.org,verified
FACT-2027-02-03-S11,3,2027-02-03,"The mid-ocean ridge stretches more than 64,000 kilometers around Earth.",11,February,Mid-Ocean Ridge Length,Geography,"The chain circles Earth, stretching more than 64,000 kilometers (40,000 miles).",high,https://education.nationalgeographic.org/resource/all-about-the-ocean/,Underwater mountain ranges,All About the Ocean,education.nationalgeographic.org,verified
FACT-2027-02-03-S12,3,2027-02-03,Elephants are keystone species in African savannas such as the Serengeti plains.,12,February,Elephants as keystone species,Animals,"In African savannas such as the Serengeti plains in Tanzania, elephants are a keystone species.",high,https://education.nationalgeographic.org/resource/role-keystone-species-ecosystem/,Herbivores,Role of Keystone Species in an Ecosystem,education.nationalgeographic.org,verified
FACT-2027-02-03-S13,3,2027-02-03,Economic growth is measured as an increase in gross domestic product per capita.,13,February,GDP per Capita,Money & Economics,“Economic growth is measured as an increase in the gross domestic product (GDP) per capita.”,high,https://ourworldindata.org/12-key-metrics,Economic growth,(1) Extreme Poverty,ourworldindata.org,verified
FACT-2027-02-03-S14,3,2027-02-03,"The average income of a person in the world increased from about $3,300 in 1950 to $15,200 in 2018.",14,February,Global income increase,Money & Economics,"“The income of the average person in the world has increased from just $3,300 in 1950 to $15,200 in 2018.”",high,https://ourworldindata.org/economic-growth-since-1950,Global income,Economic growth means that population growth and rising prosperity can go together,ourworldindata.org,verified
FACT-2027-02-03-S15,3,2027-02-03,The Benguela Current transports sandy sediment northward.,15,February,Benguela Current,Ocean & Marine,Tons of this sandy sediment are transported north by the powerful Benguela Current.,high,https://education.nationalgeographic.org/resource/desert-created-water/,Ocean currents,A Desert Created by Water,education.nationalgeographic.org,verified
FACT-2027-02-03-S16,3,2027-02-03,Tides and storms deposit sandy sediment along the Namib Desert coast.,16,February,Namib Coastal Deposits,Ocean & Marine,Tides and storms deposit it along the desert coast.,high,https://education.nationalgeographic.org/resource/desert-created-water/,Coastal processes,A Desert Created by Water,education.nationalgeographic.org,verified
FACT-2027-02-03-S17,3,2027-02-03,The city of Uruk arose toward the end of the fourth millennium B.C. in fertile plains bordered by the Tigris and Euphrates rivers.,17,February,Uruk’s location,Ancient Civilizations,"“the city of Uruk, which arose toward the end of the fourth millennium B.C. in the fertile plains bordered by the Tigris and Euphrates rivers”",high,https://www.metmuseum.org/essays/art-of-the-first-cities-in-the-third-millennium-b-c,Cities,Art of the First Cities in the Third Millennium B.C. - The Metropolitan Museum of Art,metmuseum.org,verified
FACT-2027-02-03-S18,3,2027-02-03,The moons in the solar system come in a variety of shapes and sizes.,18,February,Moon Diversity,Space,"Our solar system has hundreds of moons, and they come in a variety of shapes and sizes.",high,https://science.nasa.gov/solar-system/,Natural satellites,Solar System Exploration,science.nasa.gov,verified
FACT-2027-02-03-S19,3,2027-02-03,Much Mesopotamian art demonstrated devotion to the gods.,19,February,Mesopotamian religious art,Ancient Civilizations,“Much of this art demonstrated devotion to the gods”,high,https://www.metmuseum.org/essays/art-of-the-first-cities-in-the-third-millennium-b-c,Religion and art,Art of the First Cities in the Third Millennium B.C. - The Metropolitan Museum of Art,metmuseum.org,verified
FACT-2027-02-03-S20,3,2027-02-03,Some asteroids have moons.,20,February,Asteroid Moons,Space,even some asteroids have moons.,high,https://science.nasa.gov/solar-system/,Natural satellites,Solar System Exploration,science.nasa.gov,verified
FACT-2027-02-04-S01,4,2027-02-04,Keystone species have low functional redundancy.,1,February,Functional redundancy,Science,Keystone species have low functional redundancy.,high,https://education.nationalgeographic.org/resource/role-keystone-species-ecosystem/,Ecological roles,Role of Keystone Species in an Ecosystem,education.nationalgeographic.org,verified
FACT-2027-02-04-S02,4,2027-02-04,Animals and plants are identified as biosphere attributes in the Namib Desert.,2,February,Namib Desert Biosphere,Nature,"Biosphere: animals, plants.",high,https://education.nationalgeographic.org/resource/desert-created-water/,Ecosystems,A Desert Created by Water,education.nationalgeographic.org,verified
FACT-2027-02-04-S03,4,2027-02-04,The average life expectancy in the world was stated as 71 years.,3,February,Global life expectancy,Human Body,“The average life expectancy in the world today is 71 years.”,high,https://ourworldindata.org/economic-growth-since-1950,Life expectancy,Economic growth means that population growth and rising prosperity can go together,ourworldindata.org,verified
FACT-2027-02-04-S04,4,2027-02-04,The general information section uses 2025 as its reference year unless otherwise footnoted.,4,February,General information reference year,History,“For the general information ... sections the reference year is 2025 ... unless otherwise footnoted”,high,https://desapublications.un.org/publications/world-statistics-pocketbook-2025,Statistical reference periods,World Statistics Pocketbook 2025 | DESA Publications,desapublications.un.org,verified
FACT-2027-02-04-S05,4,2027-02-04,The Namib Desert is described as one of the driest and hottest places on Earth.,5,February,Namib Desert Climate,Geography,"The Namib Desert is one of the driest, hottest places on Earth.",high,https://education.nationalgeographic.org/resource/desert-created-water/,Climate,A Desert Created by Water,education.nationalgeographic.org,verified
FACT-2027-02-04-S06,4,2027-02-04,This feeding behavior keeps the savanna a grassland and not a forest or woodland.,6,February,This feeding behavior keeps the savanna a grassland and not a forest or woodland,Animals,This feeding behavior keeps the savanna a grassland and not a forest or woodland.,high,https://education.nationalgeographic.org/resource/role-keystone-species-ecosystem/,Herbivory,Role of Keystone Species in an Ecosystem,education.nationalgeographic.org,verified
FACT-2027-02-04-S07,4,2027-02-04,Plants and fungi can be keystone species.,7,February,Keystone species diversity,Science,"Any organism, from plants to fungi, may be a keystone species.",high,https://education.nationalgeographic.org/resource/role-keystone-species-ecosystem/,Keystone species,Role of Keystone Species in an Ecosystem,education.nationalgeographic.org,verified
FACT-2027-02-04-S08,4,2027-02-04,Plant and animal species in the Namib Desert have avoided or adapted to life without rain.,8,February,Desert-Adapted Species,Nature,Plant and animal species have avoided or adapted to life without rain in the Namib Desert.,high,https://education.nationalgeographic.org/resource/desert-created-water/,Adaptation,A Desert Created by Water,education.nationalgeographic.org,verified
FACT-2027-02-04-S09,4,2027-02-04,Period life expectancy at birth summarizes death rates across all age groups in one particular year.,9,February,Life expectancy definition,Human Body,"This is formally called the “period life expectancy at birth”, and is an indicator that summarizes death rates across all age groups in one particular year.",high,https://ourworldindata.org/global-health,Life expectancy,Explore the data on global health,ourworldindata.org,verified
FACT-2027-02-04-S10,4,2027-02-04,The 2025 issue updates the previous edition released in 2024.,10,February,Publication update,History,"“This issue is an update of the previous edition, released in 2024”",high,https://desapublications.un.org/publications/world-statistics-pocketbook-2025,Publication history,World Statistics Pocketbook 2025 | DESA Publications,desapublications.un.org,verified
FACT-2027-02-04-S11,4,2027-02-04,A desert is an area of land that receives no more than 25 centimeters of precipitation a year.,11,February,Desert Definition,Geography,area of land that receives no more than 25 centimeters (10 inches) of precipitation a year.,high,https://education.nationalgeographic.org/resource/desert-created-water/,Landforms,A Desert Created by Water,education.nationalgeographic.org,verified
FACT-2027-02-04-S12,4,2027-02-04,Green-backed firecrowns pollinate 20% of local plant species.,12,February,Green-backed firecrowns pollinate 20% of local plant species,Animals,Green-backed firecrowns pollinate 20% of local plant species.,high,https://education.nationalgeographic.org/resource/role-keystone-species-ecosystem/,Pollination,Role of Keystone Species in an Ecosystem,education.nationalgeographic.org,verified
FACT-2027-02-04-S13,4,2027-02-04,The average person in the world is 4.4-times richer than in 1950.,13,February,The average person in the world is 4.4-times richer than in 1950,Money & Economics,“The average person in the world is 4.4-times richer than in 1950.”,high,https://ourworldindata.org/economic-growth-since-1950,Economic growth,Economic growth means that population growth and rising prosperity can go together,ourworldindata.org,verified
FACT-2027-02-04-S14,4,2027-02-04,GDP measures the total production of an economy as the monetary value of goods and services produced during a specific period.,14,February,GDP definition,Money & Economics,“GDP – Gross Domestic Product – measures the total production of an economy as the monetary value of all goods and services produced during a specific period.”,high,https://ourworldindata.org/economic-growth-since-1950,Gross domestic product,Economic growth means that population growth and rising prosperity can go together,ourworldindata.org,verified
FACT-2027-02-04-S15,4,2027-02-04,Purple sea stars are major predators of mussels and barnacles on Tatoosh Island.,15,February,Purple sea stars,Ocean & Marine,"Pisaster ochraceus, commonly known as purple sea stars, are a major predator of mussels and barnacles on Tatoosh Island.",high,https://education.nationalgeographic.org/resource/role-keystone-species-ecosystem/,Marine predators,Role of Keystone Species in an Ecosystem,education.nationalgeographic.org,verified
FACT-2027-02-04-S16,4,2027-02-04,Removing Pisaster ochraceus from a tidal plain on Tatoosh Island caused mussels to take over the area.,16,February,Sea star removal,Ocean & Marine,"With the sea stars gone, mussels took over the area and crowded out other species.",high,https://education.nationalgeographic.org/resource/role-keystone-species-ecosystem/,Tidal ecosystems,Role of Keystone Species in an Ecosystem,education.nationalgeographic.org,verified
FACT-2027-02-04-S17,4,2027-02-04,Much Mesopotamian art celebrated the power of kings.,17,February,Mesopotamian royal art,Ancient Civilizations,“and celebrated the power of kings.”,high,https://www.metmuseum.org/essays/art-of-the-first-cities-in-the-third-millennium-b-c,Royal representation,Art of the First Cities in the Third Millennium B.C. - The Metropolitan Museum of Art,metmuseum.org,verified
FACT-2027-02-04-S18,4,2027-02-04,VERITAS and DAVINCI will be the first NASA spacecraft to explore Venus since the 1990s.,18,February,Upcoming Venus Missions,Space,VERITAS and DAVINCI will be the first NASA spacecraft to explore Venus since the 1990s.,high,https://science.nasa.gov/solar-system/,Planetary missions,Solar System Exploration,science.nasa.gov,verified
FACT-2027-02-04-S19,4,2027-02-04,The growth of cities and powerful ruling families created demand for luxury items made largely from materials obtained abroad.,19,February,Luxury goods and foreign materials,Ancient Civilizations,“The growth of cities and powerful ruling families led to a demand for luxury items. These were fashioned from materials obtained largely from abroad”,high,https://www.metmuseum.org/essays/art-of-the-first-cities-in-the-third-millennium-b-c,Trade and luxury goods,Art of the First Cities in the Third Millennium B.C. - The Metropolitan Museum of Art,metmuseum.org,verified
FACT-2027-02-04-S20,4,2027-02-04,Moons are also called planetary satellites.,20,February,Moons as planetary satellites,Space,“Moons – also called planetary satellites”,high,https://science.nasa.gov/solar-system/moons/facts/,Terminology,Moons: Facts,science.nasa.gov,verified
FACT-2027-02-05-S01,5,2027-02-05,Keystone mutualists are two or more species that engage in mutually beneficial interactions.,1,February,Keystone mutualists,Science,Keystone mutualists are two or more species that engage in mutually beneficial interactions.,high,https://education.nationalgeographic.org/resource/role-keystone-species-ecosystem/,Mutualism,Role of Keystone Species in an Ecosystem,education.nationalgeographic.org,verified
FACT-2027-02-05-S02,5,2027-02-05,Kudzu regularly outcompetes native species for space and nutrients.,2,February,Kudzu regularly outcompetes native species for space and nutrients,Nature,Kudzu regularly outcompetes native species for space and nutrients.,high,https://education.nationalgeographic.org/resource/role-keystone-species-ecosystem/,Invasive species,Role of Keystone Species in an Ecosystem,education.nationalgeographic.org,verified
FACT-2027-02-05-S03,5,2027-02-05,A higher lifespan-inequality Gini coefficient indicates greater inequality in lifespans within a population.,3,February,Lifespan inequality,Human Body,A higher Gini coefficient indicates higher inequality of lifespans in the population.,high,https://ourworldindata.org/global-health,Lifespan inequality,Explore the data on global health,ourworldindata.org,verified
FACT-2027-02-05-S04,5,2027-02-05,The last remaining wolf pups in Yellowstone were killed in 1924.,4,February,Yellowstone wolves,History,The last remaining wolf pups in Yellowstone were killed in 1924.,high,https://education.nationalgeographic.org/resource/role-keystone-species-ecosystem/,Wildlife history,Role of Keystone Species in an Ecosystem,education.nationalgeographic.org,verified
FACT-2027-02-05-S05,5,2027-02-05,"Sandy soil, rock formations, mountains, and sand dunes are identified as lithosphere attributes in the Namib Desert.",5,February,Namib Desert Lithosphere,Geography,"Lithosphere: sandy soil, rock formations, mountains, sand dunes.",high,https://education.nationalgeographic.org/resource/desert-created-water/,Landforms,A Desert Created by Water,education.nationalgeographic.org,verified
FACT-2027-02-05-S06,5,2027-02-05,Beavers help maintain woodland ecosystems by thinning older trees and allowing young saplings to grow.,6,February,Beavers as ecosystem engineers,Animals,Beavers help maintain woodland ecosystems by thinning out older trees and allowing young saplings to grow.,high,https://education.nationalgeographic.org/resource/role-keystone-species-ecosystem/,Ecosystem engineering,Role of Keystone Species in an Ecosystem,education.nationalgeographic.org,verified
FACT-2027-02-05-S07,5,2027-02-05,The 2022 CODATA recommended values are based on theoretical and experimental data available through 31 December 2022.,7,February,2022 CODATA values,Science,“The values are based on a least-squares adjustment that takes into account all theoretical and experimental data available through 31 December 2022.”,high,https://physics.nist.gov/cuu/pdf/JPCRD2022CODATA.pdf,Measurement standards,CODATA recommended values of the fundamental physical constants: 2022*,physics.nist.gov,verified
FACT-2027-02-05-S08,5,2027-02-05,A species range is the area where a member of a particular species can be found during its lifetime.,8,February,Species range definition,Nature,“A species range is an area where a member of a particular species can be found during its lifetime.”,high,https://education.nationalgeographic.org/resource/species-range/,Species distribution,Species Range,education.nationalgeographic.org,verified
FACT-2027-02-05-S09,5,2027-02-05,Child mortality measures the share of newborns who would not survive to their fifth birthday given death rates at young ages in a population.,9,February,Child mortality definition,Human Body,"Child mortality measures the share of newborns who would not survive to their fifth birthday, given death rates at young ages in a population.",high,https://ourworldindata.org/global-health,Child mortality,Explore the data on global health,ourworldindata.org,verified
FACT-2027-02-05-S10,5,2027-02-05,The U.S. government began reintroducing wolves to the Greater Yellowstone Ecosystem in the 1990s.,10,February,Wolf reintroduction,History,"Starting in the 1990s, the U.S. government began reintroducing wolves to the Greater Yellowstone Ecosystem.",high,https://education.nationalgeographic.org/resource/role-keystone-species-ecosystem/,Conservation history,Role of Keystone Species in an Ecosystem,education.nationalgeographic.org,verified
FACT-2027-02-05-S11,5,2027-02-05,Rain is described as absent from the Namib Desert.,11,February,Rain in the Namib Desert,Geography,"Hydrosphere: One of the most common attributes associated with the hydrosphere, rain, is absent from the Namib Desert.",high,https://education.nationalgeographic.org/resource/desert-created-water/,Precipitation,A Desert Created by Water,education.nationalgeographic.org,verified
FACT-2027-02-05-S12,5,2027-02-05,"Rattlesnakes live only in the Western Hemisphere, in North and South America.",12,February,Rattlesnake distribution,Animals,"“Rattlesnakes, for example, live only in the Western Hemisphere, in North and South America.”",high,https://education.nationalgeographic.org/resource/species-range/,Reptile distribution,Species Range,education.nationalgeographic.org,verified
FACT-2027-02-05-S13,5,2027-02-05,GDP per capita is calculated by dividing GDP by the size of the population.,13,February,GDP per capita,Money & Economics,“Dividing GDP by the size of the population gives us GDP per capita.”,high,https://ourworldindata.org/economic-growth-since-1950,Economic indicators,Economic growth means that population growth and rising prosperity can go together,ourworldindata.org,verified
FACT-2027-02-05-S14,5,2027-02-05,It is adjusted for inflation.,14,February,It is adjusted for inflation,Money & Economics,“It is adjusted for inflation.”,high,https://ourworldindata.org/economic-growth-since-1950,Inflation adjustment,Economic growth means that population growth and rising prosperity can go together,ourworldindata.org,verified
FACT-2027-02-05-S15,5,2027-02-05,The biodiversity of the Tatoosh Island tidal plain was cut in half within a year after the loss of its keystone species.,15,February,Tatoosh Island biodiversity,Ocean & Marine,"Lacking a keystone species, the tidal plain’s biodiversity was cut in half within a year.",high,https://education.nationalgeographic.org/resource/role-keystone-species-ecosystem/,Biodiversity,Role of Keystone Species in an Ecosystem,education.nationalgeographic.org,verified
FACT-2027-02-05-S16,5,2027-02-05,Coral reefs are created by the rocky exoskeletons of coral polyps.,16,February,Coral reefs,Ocean & Marine,The rocky exoskeletons of these polyps create enormous structures around islands: coral reefs.,high,https://education.nationalgeographic.org/resource/role-keystone-species-ecosystem/,Coral reefs,Role of Keystone Species in an Ecosystem,education.nationalgeographic.org,verified
FACT-2027-02-05-S17,5,2027-02-05,"Luxury items were destined for temples and tombs including the Royal Graves at Ur, dated to approximately 2500 B.C.",17,February,Royal Graves at Ur,Ancient Civilizations,“destined for temples and tombs such as the famous Royal Graves at Ur (ca. 2500 B.C.)”,high,https://www.metmuseum.org/essays/art-of-the-first-cities-in-the-third-millennium-b-c,Burial practices,Art of the First Cities in the Third Millennium B.C. - The Metropolitan Museum of Art,metmuseum.org,verified
FACT-2027-02-05-S18,5,2027-02-05,Moons are generally solid bodies.,18,February,Moon composition,Space,“They are generally solid bodies”,high,https://science.nasa.gov/solar-system/moons/facts/,Moon characteristics,Moons: Facts,science.nasa.gov,verified
FACT-2027-02-05-S19,5,2027-02-05,The basic characteristics of the artistic style that defined Near Eastern art were established in Mesopotamia by the third millennium B.C.,19,February,Mesopotamian artistic style,Ancient Civilizations,“The basic characteristics of the artistic style that came to define the art of the Near East were already established by the third millennium B.C. in Mesopotamia.”,high,https://www.metmuseum.org/essays/art-of-the-first-cities-in-the-third-millennium-b-c,Art history,Art of the First Cities in the Third Millennium B.C. - The Metropolitan Museum of Art,metmuseum.org,verified
FACT-2027-02-05-S20,5,2027-02-05,Few moons have atmospheres.,20,February,Moon atmospheres,Space,“few have atmospheres”,high,https://science.nasa.gov/solar-system/moons/facts/,Moon characteristics,Moons: Facts,science.nasa.gov,verified
FACT-2027-02-06-S01,6,2027-02-06,The 2022 CODATA recommended values were obtained using a least-squares adjustment.,1,February,CODATA adjustment method,Science,“The values are based on a least-squares adjustment.”,high,https://physics.nist.gov/cuu/pdf/JPCRD2022CODATA.pdf,Data analysis,CODATA recommended values of the fundamental physical constants: 2022*,physics.nist.gov,verified
FACT-2027-02-06-S02,6,2027-02-06,Species ranges include areas where individuals or communities may migrate or hibernate.,2,February,Migration and hibernation,Nature,“Species ranges include areas where individuals or communities may migrate or hibernate.”,high,https://education.nationalgeographic.org/resource/species-range/,Species movement,Species Range,education.nationalgeographic.org,verified
FACT-2027-02-06-S03,6,2027-02-06,Child mortality rates have dropped to around 0.5% by 2021.,3,February,Child mortality rates have dropped to around 0.5% by 2021,Human Body,Child mortality rates have dropped to around 0.5% by 2021.,high,https://ourworldindata.org/global-health,Child mortality,Explore the data on global health,ourworldindata.org,verified
FACT-2027-02-06-S04,6,2027-02-06,The Library of Congress was founded in 1800.,4,February,Library founding,History,The Library was founded in 1800.,high,https://loc.gov/about/fascinating-facts,Library history,Fascinating Facts | About the Library of Congress | Library of Congress,loc.gov,verified
FACT-2027-02-06-S05,6,2027-02-06,"Many, however, migrate through regions with ephemeral streams, which run seasonally.",5,February,"Many, however, migrate through regions with ephemeral streams, which run seasonally",Geography,"Many, however, migrate through regions with ephemeral streams, which run seasonally.",high,https://education.nationalgeographic.org/resource/desert-created-water/,Water features,A Desert Created by Water,education.nationalgeographic.org,verified
FACT-2027-02-06-S06,6,2027-02-06,Arizona is part of the range of 13 species of rattlesnakes.,6,February,Arizona rattlesnake variety,Animals,“The U.S. state of Arizona is part of the range of 13 species of rattlesnakes.”,high,https://education.nationalgeographic.org/resource/species-range/,Reptile diversity,Species Range,education.nationalgeographic.org,verified
FACT-2027-02-06-S07,6,2027-02-06,"The CODATA Task Group on Fundamental Constants provides internationally accepted, self-consistent values of fundamental physical constants and related conversion factors.",7,February,CODATA responsibility,Science,"“It is given the responsibility of periodically providing the scientific and technological communities with an internationally accepted, self-consistent set of values of fundamental physical constants and related conversion factors.”",high,https://physics.nist.gov/cuu/pdf/JPCRD2022CODATA.pdf,Physical constants,CODATA recommended values of the fundamental physical constants: 2022*,physics.nist.gov,verified
FACT-2027-02-06-S08,6,2027-02-06,Every living species on the planet has its own unique geographic range.,8,February,Unique geographic ranges,Nature,“Every living species on the planet has its own unique geographic range.”,high,https://education.nationalgeographic.org/resource/species-range/,Biodiversity,Species Range,education.nationalgeographic.org,verified
FACT-2027-02-06-S09,6,2027-02-06,Maternal mortality refers to deaths of women during pregnancy or within 42 days of ending the pregnancy.,9,February,Maternal mortality definition,Human Body,"It refers to the deaths of women during pregnancy, or within 42 days of ending the pregnancy.",high,https://ourworldindata.org/global-health,Maternal mortality,Explore the data on global health,ourworldindata.org,verified
FACT-2027-02-06-S10,6,2027-02-06,The Library of Congress is the oldest federal cultural institution in the United States.,10,February,Oldest federal cultural institution,History,"Founded in 1800, making it the oldest federal cultural institution in the nation.",high,https://loc.gov/about/fascinating-facts,Federal institutions,Fascinating Facts | About the Library of Congress | Library of Congress,loc.gov,verified
FACT-2027-02-06-S11,6,2027-02-06,"Over millions of years, rivers have eroded the Namib Desert’s hard rock to carve steep canyons and gorges.",11,February,River Erosion,Geography,"Throughout millions of years, rivers have eroded ... the desert’s hard rock to carve steep canyons and gorges.",high,https://education.nationalgeographic.org/resource/desert-created-water/,Erosion,A Desert Created by Water,education.nationalgeographic.org,verified
FACT-2027-02-06-S12,6,2027-02-06,"The leopard’s range encompasses almost nine million square kilometers across Africa, the Middle East, and Asia.",12,February,Leopard range,Animals,"“The range of the leopard ... encompasses almost nine million square kilometers ... across Africa, the Middle East, and Asia.”",high,https://education.nationalgeographic.org/resource/species-range/,Mammal distribution,Species Range,education.nationalgeographic.org,verified
FACT-2027-02-06-S13,6,2027-02-06,The income comparisons between countries are adjusted for differences in the cost of goods using purchasing power parity conversion factors.,13,February,Purchasing power adjustment,Money & Economics,“All incomes are adjusted for differences in the cost of goods between different countries (using purchasing power parity conversion factors).”,high,https://ourworldindata.org/economic-growth-since-1950,Purchasing power parity,Economic growth means that population growth and rising prosperity can go together,ourworldindata.org,verified
FACT-2027-02-06-S14,6,2027-02-06,Income did not grow everywhere in the world between 1950 and the period described as today.,14,February,Income stagnation,Money & Economics,“Incomes did not grow everywhere in the world.”,high,https://ourworldindata.org/economic-growth-since-1950,Income trends,Economic growth means that population growth and rising prosperity can go together,ourworldindata.org,verified
FACT-2027-02-06-S15,6,2027-02-06,Oyster population health in Chesapeake Bay is used to indicate the health of the entire ecosystem.,15,February,Oysters as indicator species,Ocean & Marine,"The health of oyster populations in the Chesapeake, therefore, is used to indicate the health of the entire ecosystem.",high,https://education.nationalgeographic.org/resource/role-keystone-species-ecosystem/,Indicator species,Role of Keystone Species in an Ecosystem,education.nationalgeographic.org,verified
FACT-2027-02-06-S16,6,2027-02-06,Blue whales are found in every ocean on the planet.,16,February,Blue whale distribution,Ocean & Marine,“Blue whales ... are found in every ocean on the planet.”,high,https://education.nationalgeographic.org/resource/species-range/,Marine mammal distribution,Species Range,education.nationalgeographic.org,verified
FACT-2027-02-06-S17,6,2027-02-06,One primary aim of Mesopotamian art was to capture the relationship between the terrestrial and divine realms.,17,February,Mesopotamian art’s primary aim,Ancient Civilizations,“One of the primary aims of Mesopotamian art was to capture the relationship between the terrestrial and divine realms.”,high,https://www.metmuseum.org/essays/art-of-the-first-cities-in-the-third-millennium-b-c,Art and religion,Art of the First Cities in the Third Millennium B.C. - The Metropolitan Museum of Art,metmuseum.org,verified
FACT-2027-02-06-S18,6,2027-02-06,Every moon discovered in the modern era receives a number first.,18,February,Moon naming system,Space,“Every moon discovered in the modern era gets a number first”,high,https://science.nasa.gov/solar-system/moons/facts/,Moon nomenclature,Moons: Facts,science.nasa.gov,verified
FACT-2027-02-06-S19,6,2027-02-06,The Indus Valley region interacted with the Near East during the third millennium B.C.,19,February,Indus-Mesopotamian interaction,Ancient Civilizations,“the distant Indus Valley region also interacted with the Near East in the third millennium B.C.”,high,https://www.metmuseum.org/essays/art-of-the-first-cities-in-the-third-millennium-b-c,Cultural interaction,Art of the First Cities in the Third Millennium B.C. - The Metropolitan Museum of Art,metmuseum.org,verified
FACT-2027-02-06-S20,6,2027-02-06,"Basic energy access is measured through two indicators: access to electricity, and clean fuels for cooking.",20,February,"Basic energy access is measured through two indicators: access to electricity, and clean f",Technology,"“Basic energy access is measured through two indicators: access to electricity, and clean fuels for cooking.”",high,https://ourworldindata.org/12-key-metrics,Energy access,(1) Extreme Poverty,ourworldindata.org,verified
FACT-2027-02-07-S01,7,2027-02-07,"A special CODATA adjustment in 2017 determined exact values of the Planck constant, elementary charge, Boltzmann constant, and Avogadro constant for the revised SI.",1,February,Exact SI constants,Science,"“There was a special CODATA adjustment completed by the TGFC in the summer of 2017 to determine the exact values of the Planck constant h, elementary charge e, Boltzmann constant k, and Avogadro constant NA as the basis for the revised International System of Units (SI).”",high,https://physics.nist.gov/cuu/pdf/JPCRD2022CODATA.pdf,SI units,CODATA recommended values of the fundamental physical constants: 2022*,physics.nist.gov,verified
FACT-2027-02-07-S02,7,2027-02-07,Species with ranges that cover most of Earth are said to have a cosmopolitan distribution.,2,February,Cosmopolitan distribution,Nature,“Species with ranges that cover most of Earth are said to have a cosmopolitan distribution.”,high,https://education.nationalgeographic.org/resource/species-range/,Distribution patterns,Species Range,education.nationalgeographic.org,verified
FACT-2027-02-07-S03,7,2027-02-07,"Maternal mortality rates in the high-income countries discussed had decreased to around 10 deaths per 100,000 live births.",3,February,Maternal mortality in high-income countries,Human Body,"Today, however, these rates have decreased to around 10 per 100,000 live births in those same countries.",high,https://ourworldindata.org/global-health,Maternal mortality,Explore the data on global health,ourworldindata.org,verified
FACT-2027-02-07-S04,7,2027-02-07,"British troops burned the Capitol building ... and destroyed the Library's core collection of 3,000 volumes.",4,February,British troops burned the Capitol building ... and destroyed the Library's core collection,History,"British troops burned the Capitol building ... and destroyed the Library's core collection of 3,000 volumes.",high,https://loc.gov/about/fascinating-facts,War and destruction,Fascinating Facts | About the Library of Congress | Library of Congress,loc.gov,verified
FACT-2027-02-07-S05,7,2027-02-07,Rock eroded from the Namib Desert becomes sand and is carried to the Atlantic Ocean as sediment.,5,February,Sediment Formation,Geography,"The eroded rock becomes sand, and is carried to the Atlantic Ocean as sediment.",high,https://education.nationalgeographic.org/resource/desert-created-water/,Sediment transport,A Desert Created by Water,education.nationalgeographic.org,verified
FACT-2027-02-07-S06,7,2027-02-07,The Iriomote cat lives only on Japan’s Iriomote Island.,6,February,Iriomote cat habitat,Animals,“The rare Iriomote cat ... lives only on Japan’s Iriomote Island.”,high,https://education.nationalgeographic.org/resource/species-range/,Wild cat distribution,Species Range,education.nationalgeographic.org,verified
FACT-2027-02-07-S07,7,2027-02-07,The 2022 adjustment included new measurements of hydrogen’s 1S1/2–3S1/2 and 2S1/2–8D5/2 transition frequencies.,7,February,Hydrogen transition data,Science,"“A new value of the 1S1/2−3S1/2 transition frequency … and of the 2S1/2−8D5/2 transition frequency … both for hydrogen, have become available for the 2022 adjustment.”",high,https://physics.nist.gov/cuu/pdf/JPCRD2022CODATA.pdf,Atomic spectroscopy,CODATA recommended values of the fundamental physical constants: 2022*,physics.nist.gov,verified
FACT-2027-02-07-S08,7,2027-02-07,Species with two or more ranges that do not connect with each other have a disjunct distribution.,8,February,Disjunct distribution,Nature,“Species with two or more ranges that do not connect with each other have a disjunct distribution.”,high,https://education.nationalgeographic.org/resource/species-range/,Distribution patterns,Species Range,education.nationalgeographic.org,verified
FACT-2027-02-07-S09,7,2027-02-07,"One DALY represents one lost year of healthy life because of premature death, disease, or disability.",9,February,DALY definition,Human Body,"Conceptually, one DALY represents one lost year of healthy life — it is the equivalent of losing one year in good health because of either premature death or disease or disability.",high,https://ourworldindata.org/global-health,Burden of disease,Explore the data on global health,ourworldindata.org,verified
FACT-2027-02-07-S10,7,2027-02-07,"Congress approved the purchase of Thomas Jefferson's personal library of 6,487 books for $23,950 on January 30, 1815.",10,February,Jefferson library purchase,History,"On January 30, 1815, Congress approved the purchase ... of 6,487 books for $23,950.",high,https://loc.gov/about/fascinating-facts,Thomas Jefferson,Fascinating Facts | About the Library of Congress | Library of Congress,loc.gov,verified
FACT-2027-02-07-S11,7,2027-02-07,"The Siberian tiger has a species range of more than 1,000 kilometers in Russia’s far east, extending into China and North Korea.",11,February,Siberian tiger range,Geography,"The Siberian tiger ... has a range of more than 1,000 kilometers (620 miles) in Russia’s far east, with territory stretching into China and North Korea.",high,https://education.nationalgeographic.org/resource/role-keystone-species-ecosystem/,Species range,Role of Keystone Species in an Ecosystem,education.nationalgeographic.org,verified
FACT-2027-02-07-S12,7,2027-02-07,The Antarctic midge is found only in Antarctica.,12,February,Antarctic midge distribution,Animals,“The Antarctic midge ... is found only in Antarctica.”,high,https://education.nationalgeographic.org/resource/species-range/,Insect distribution,Species Range,education.nationalgeographic.org,verified
FACT-2027-02-07-S13,7,2027-02-07,Differences between economic stagnation in some places and rapid growth in others increased global inequality.,13,February,Global income inequality,Money & Economics,“The difference between stagnation or even decline in some places and rapid growth in other places lead to a dramatic increase in inequality in the world.”,high,https://ourworldindata.org/economic-growth-since-1950,Income inequality,Economic growth means that population growth and rising prosperity can go together,ourworldindata.org,verified
FACT-2027-02-07-S14,7,2027-02-07,The average income of a person in the world at the time of the source was described as close to the income of the richest country in 1950.,14,February,US income comparison,Money & Economics,“The income in the richest country in 1950 is very close to the average income of the average person in the world today.”,high,https://ourworldindata.org/economic-growth-since-1950,Historical income comparison,Economic growth means that population growth and rising prosperity can go together,ourworldindata.org,verified
FACT-2027-02-07-S15,7,2027-02-07,"Chinook salmon can travel as far as 4,023 kilometers.",15,February,Chinook salmon travel,Ocean & Marine,"“Others, like the Chinook salmon ..., can travel as far as 4,023 kilometers.”",high,https://education.nationalgeographic.org/resource/species-range/,Salmon migration,Species Range,education.nationalgeographic.org,verified
FACT-2027-02-07-S16,7,2027-02-07,"During normal Pacific Ocean conditions, trade winds blow west along the equator and move warm water from South America toward Asia.",16,February,Normal Pacific trade winds,Ocean & Marine,"“During normal conditions in the Pacific ocean, trade winds blow west along the equator, taking warm water from South America towards Asia.”",high,https://oceanservice.noaa.gov/facts/ninonina.html,Pacific Ocean circulation,What are El Nino and La Nina?,oceanservice.noaa.gov,verified
FACT-2027-02-07-S17,7,2027-02-07,The Moon formed approximately 4.5 billion years ago.,17,February,Age of the Moon,Space,“Debris from early Earth and the impacting body accumulated to form the Moon approximately 4.5 billion years ago”,high,https://science.nasa.gov/solar-system/moons/facts/,Lunar history,Moons: Facts,science.nasa.gov,verified
FACT-2027-02-07-S18,7,2027-02-07,The Indus Valley civilization maintained merchant enclaves in Central Asia and possibly in Mesopotamia.,18,February,Indus merchant enclaves,Ancient Civilizations,“maintaining merchant enclaves in Central Asia and perhaps in Mesopotamia itself.”,high,https://www.metmuseum.org/essays/art-of-the-first-cities-in-the-third-millennium-b-c,Trade networks,Art of the First Cities in the Third Millennium B.C. - The Metropolitan Museum of Art,metmuseum.org,verified
FACT-2027-02-07-S19,7,2027-02-07,"Energy use is measured as average per-capita energy consumption from all sources, including biomass.",19,February,Energy Use,Technology,"“Energy use — the average per capita energy consumption ... from all sources, including biomass.”",high,https://ourworldindata.org/12-key-metrics,Energy consumption,(1) Extreme Poverty,ourworldindata.org,verified
FACT-2027-02-07-S20,7,2027-02-07,Mars has two moons named Phobos and Deimos.,20,February,Mars’s moons,Space,“The two moons of Mars — Phobos and Deimos”,high,https://science.nasa.gov/solar-system/moons/facts/,Planetary moons,Moons: Facts,science.nasa.gov,verified
FACT-2027-02-08-S01,8,2027-02-08,Hydrogen and deuterium transition frequencies contribute to determining the Rydberg constant and the proton and deuteron radii.,1,February,Hydrogen transition applications,Science,“The H and D transition frequencies and associated theory … determine the Rydberg constant R∞ but contribute to the determination of the proton and deuteron radii.”,high,https://physics.nist.gov/cuu/pdf/JPCRD2022CODATA.pdf,Atomic spectroscopy,CODATA recommended values of the fundamental physical constants: 2022*,physics.nist.gov,verified
FACT-2027-02-08-S02,8,2027-02-08,Climate is one factor that determines species range.,2,February,Climate and species range,Nature,“Several factors determine species range. Climate is one important factor.”,high,https://education.nationalgeographic.org/resource/species-range/,Range factors,Species Range,education.nationalgeographic.org,verified
FACT-2027-02-08-S03,8,2027-02-08,The immune system protects the body from microbes that could cause infection.,3,February,Immune system function,Human Body,"the immune system, which protects the body from microbes that could cause infection",high,https://science.education.nih.gov/stem-resources/8,Immune system,STEM Resources | STEM Teaching Resources,science.education.nih.gov,verified
FACT-2027-02-08-S04,8,2027-02-08,"Since 1962, the Library of Congress has maintained offices abroad to acquire, catalog, and preserve library and research materials.",4,February,Overseas offices,History,"Since 1962, the Library of Congress has maintained offices abroad to acquire, catalog and preserve library and research materials.",high,https://loc.gov/about/fascinating-facts,International operations,Fascinating Facts | About the Library of Congress | Library of Congress,loc.gov,verified
FACT-2027-02-08-S05,8,2027-02-08,Human beings inhabit every continent except Antarctica.,5,February,Human distribution,Geography,"“Human beings ... have cosmopolitan distribution, inhabiting every continent except Antarctica.”",high,https://education.nationalgeographic.org/resource/species-range/,Human settlement,Species Range,education.nationalgeographic.org,verified
FACT-2027-02-08-S06,8,2027-02-08,The limit of the polar bear’s range is determined by the amount of sea ice that forms in winter.,6,February,Polar bear range,Animals,"“Polar bears ... travel on sea ice, so the limit of their range is determined by the amount of sea ice that forms in the winter.”",high,https://education.nationalgeographic.org/resource/species-range/,Polar bear habitat,Species Range,education.nationalgeographic.org,verified
FACT-2027-02-08-S07,8,2027-02-08,"In a muonic atom or hydrogenic ion, the electron is replaced by a negative muon.",7,February,Muonic atom definition,Science,“In a muonic atom or hydrogenic ion the electron is replaced by a negative muon.”,high,https://physics.nist.gov/cuu/pdf/JPCRD2022CODATA.pdf,Particle physics,CODATA recommended values of the fundamental physical constants: 2022*,physics.nist.gov,verified
FACT-2027-02-08-S08,8,2027-02-08,Water is a critical component in a species range.,8,February,Water and species range,Nature,"“Like food, water is a critical component in a species range.”",high,https://education.nationalgeographic.org/resource/species-range/,Range factors,Species Range,education.nationalgeographic.org,verified
FACT-2027-02-08-S09,8,2027-02-08,Circadian rhythms influence processes such as hunger and the sleep-wake cycle.,9,February,Circadian rhythms,Human Body,These rhythms influence processes like hunger and the sleep-wake cycle.,high,https://science.education.nih.gov/stem-resources/8,Sleep and biological rhythms,STEM Resources | STEM Teaching Resources,science.education.nih.gov,verified
FACT-2027-02-08-S10,8,2027-02-08,The Library of Congress purchased its Gutenberg Bible in 1930.,10,February,Gutenberg Bible,History,The Gutenberg Bible ... was purchased in 1930.,high,https://loc.gov/about/fascinating-facts,Printing history,Fascinating Facts | About the Library of Congress | Library of Congress,loc.gov,verified
FACT-2027-02-08-S11,8,2027-02-08,"The Library of Congress holds Martin Waldseemüller's 1507 world map, known as ""America's Birth Certificate.""",11,February,Waldseemüller map,Geography,"The collection also includes the 1507 world map by Martin Waldseemüller, known as ""America’s Birth Certificate.""",high,https://loc.gov/about/fascinating-facts,Historical maps,Fascinating Facts | About the Library of Congress | Library of Congress,loc.gov,verified
FACT-2027-02-08-S12,8,2027-02-08,The giant panda obtains almost all of its nutrients from various species of bamboo.,12,February,Giant panda food,Animals,“The giant panda ... obtains almost all of its nutrients from various species of bamboo.”,high,https://education.nationalgeographic.org/resource/species-range/,Animal diet,Species Range,education.nationalgeographic.org,verified
FACT-2027-02-08-S13,8,2027-02-08,The extent to which people benefit from economic growth differs between countries and over time.,13,February,Shared economic growth,Money & Economics,“It very much differs between countries and over time who is benefiting from economic growth.”,high,https://ourworldindata.org/economic-growth-since-1950,Distribution of growth,Economic growth means that population growth and rising prosperity can go together,ourworldindata.org,verified
FACT-2027-02-08-S14,8,2027-02-08,"In the United States, most income gains were described as going to the richest members of society.",14,February,US income gains,Money & Economics,"“While in the US, for example, most of the income gains went to the richest members of society.”",high,https://ourworldindata.org/economic-growth-since-1950,Income distribution,Economic growth means that population growth and rising prosperity can go together,ourworldindata.org,verified
FACT-2027-02-08-S15,8,2027-02-08,Cold water rises from the depths to replace warm water moved westward in the Pacific Ocean.,15,February,Pacific upwelling,Ocean & Marine,"“To replace that warm water, cold water rises from the depths — a process called upwelling.”",high,https://oceanservice.noaa.gov/facts/ninonina.html,Upwelling,What are El Nino and La Nina?,oceanservice.noaa.gov,verified
FACT-2027-02-08-S16,8,2027-02-08,"During El Niño, trade winds weaken.",16,February,El Niño trade winds,Ocean & Marine,"“During El Niño, trade winds weaken.”",high,https://oceanservice.noaa.gov/facts/ninonina.html,Trade winds,What are El Nino and La Nina?,oceanservice.noaa.gov,verified
FACT-2027-02-08-S17,8,2027-02-08,"The Harappan world focused on private housing, public works, and urban infrastructure, including a sanitary and abundant water supply.",17,February,Harappan urban infrastructure,Ancient Civilizations,"“the focus seems to have been on private housing, public works, and urban infrastructure, with an emphasis on a sanitary and abundant water supply.”",high,https://www.metmuseum.org/essays/art-of-the-first-cities-in-the-third-millennium-b-c,Urban infrastructure,Art of the First Cities in the Third Millennium B.C. - The Metropolitan Museum of Art,metmuseum.org,verified
FACT-2027-02-08-S18,8,2027-02-08,Individuals using the internet represented 62.6 per 100 inhabitants worldwide in 2023.,18,February,World internet use,Technology,Individuals using the Internet (per 100 inhabitants) ... 62.6,high,https://unstats.un.org/unsd/publications/pocketbook/files/world-stats-pocketbook-2023.pdf,Internet access,Source page,unstats.un.org,verified
FACT-2027-02-08-S19,8,2027-02-08,Phobos is slowly drawing closer to Mars.,19,February,Phobos’s future,Space,“Phobos is slowly drawing closer to Mars”,high,https://science.nasa.gov/solar-system/moons/facts/,Martian moons,Moons: Facts,science.nasa.gov,verified
FACT-2027-02-08-S20,8,2027-02-08,Early South Asian art depicted nature as divine.,20,February,South Asian nature deities,Ancient Civilizations,Early South Asian art depicted nature as divine,high,https://www.metmuseum.org/essays/timeline-of-art-history,Early South Asian art,Heilbrunn Timeline of Art History - The Metropolitan Museum of Art,metmuseum.org,verified
FACT-2027-02-09-S01,9,2027-02-09,"The 2022 adjustment included measured Lamb shifts in muonic hydrogen, muonic deuterium, and a muonic helium ion.",1,February,Muonic Lamb-shift measurements,Science,"“Included as input data in the 2022 adjustment are the experimentally determined values of the Lamb-shift transitions in muonic hydrogen, μH, … in muonic deuterium, μD, … and in the muonic helium ion, μ4He+.”",high,https://physics.nist.gov/cuu/pdf/JPCRD2022CODATA.pdf,Muonic atoms,CODATA recommended values of the fundamental physical constants: 2022*,physics.nist.gov,verified
FACT-2027-02-09-S02,9,2027-02-09,El Niño and La Niña are opposing climate patterns in the Pacific Ocean that can affect weather worldwide.,2,February,ENSO climate patterns,Nature,“El Niño and La Niña are climate patterns in the Pacific Ocean that can affect weather worldwide.”,high,https://oceanservice.noaa.gov/facts/ninonina.html,Climate patterns,What are El Nino and La Nina?,oceanservice.noaa.gov,verified
FACT-2027-02-09-S03,9,2027-02-09,"The sense of smell can alert people to dangers such as a gas leak, spoiled food, or a fire.",3,February,Smell and danger detection,Human Body,"alerting people to dangers such as a gas leak, spoiled food, or a fire",high,https://science.education.nih.gov/stem-resources/8,Sense of smell,STEM Resources | STEM Teaching Resources,science.education.nih.gov,verified
FACT-2027-02-09-S04,9,2027-02-09,"The Library of Congress Manuscript Division holds the papers of 23 presidents, ranging from George Washington to Calvin Coolidge.",4,February,Presidential papers,History,"The holdings are the papers of 23 presidents, ranging from George Washington to Calvin Coolidge.",high,https://loc.gov/about/fascinating-facts,Presidential archives,Fascinating Facts | About the Library of Congress | Library of Congress,loc.gov,verified
FACT-2027-02-09-S05,9,2027-02-09,"Martin Waldseemüller's 1507 world map is identified as the first document on which the name ""America"" appears.",5,February,First use of America,Geography,"The first document on which the name ""America"" appears.",high,https://loc.gov/about/fascinating-facts,Place names,Fascinating Facts | About the Library of Congress | Library of Congress,loc.gov,verified
FACT-2027-02-09-S06,9,2027-02-09,The natural range of the giant panda is limited mostly to the mountains in western China where certain bamboo species grow.,6,February,Giant panda range,Animals,"“The natural range of the giant panda is limited to the location of certain bamboo species, mostly the mountains in western China.”",high,https://education.nationalgeographic.org/resource/species-range/,Panda habitat,Species Range,education.nationalgeographic.org,verified
FACT-2027-02-09-S07,9,2027-02-09,There is a 4.2σ discrepancy between experiment and theory.,7,February,There is a 4.2σ discrepancy between experiment and theory,Science,“There is a 4.2σ discrepancy between experiment and theory.”,high,https://physics.nist.gov/cuu/pdf/JPCRD2022CODATA.pdf,Muon physics,CODATA recommended values of the fundamental physical constants: 2022*,physics.nist.gov,verified
FACT-2027-02-09-S08,9,2027-02-09,"El Niño and La Niña can affect global weather, wildfires, ecosystems, and economies.",8,February,ENSO impacts,Nature,"“El Niño and La Niña can both have global impacts on weather, wildfires, ecosystems, and economies.”",high,https://oceanservice.noaa.gov/facts/ninonina.html,Global impacts,What are El Nino and La Nina?,oceanservice.noaa.gov,verified
FACT-2027-02-09-S09,9,2027-02-09,Producing voice and speech involves sequential bodily movements that start with breathing.,9,February,Voice and speech,Human Body,"the sequential movements within the body that allow us to create voice and speech, starting with breathing",high,https://science.education.nih.gov/stem-resources/8,Speech production,STEM Resources | STEM Teaching Resources,science.education.nih.gov,verified
FACT-2027-02-09-S10,9,2027-02-09,"The oldest comic book in the Library of Congress collection is ""Popular Comics,"" February 1936.",10,February,Oldest comic book,History,"The oldest comic book in the collection is “Popular Comics,” February 1936.",high,https://loc.gov/about/fascinating-facts,Comic books,Fascinating Facts | About the Library of Congress | Library of Congress,loc.gov,verified
FACT-2027-02-09-S11,9,2027-02-09,The warmer waters cause the Pacific jet stream to move south of its neutral position.,11,February,The warmer waters cause the Pacific jet stream to move south of its neutral position,Geography,“The warmer waters cause the Pacific jet stream to move south of its neutral position.”,high,https://oceanservice.noaa.gov/facts/ninonina.html,Jet stream effects,What are El Nino and La Nina?,oceanservice.noaa.gov,verified
FACT-2027-02-09-S12,9,2027-02-09,Many species of African elephants migrate more than 60 kilometers to find watering holes and streams during the dry season.,12,February,African elephant migration,Animals,“Many species of African elephants migrate more than 60 kilometers ... to find watering holes and streams in the dry season.”,high,https://education.nationalgeographic.org/resource/species-range/,Elephant migration,Species Range,education.nationalgeographic.org,verified
FACT-2027-02-09-S13,9,2027-02-09,Countries with higher healthcare spending per capita generally exhibit longer life expectancy.,13,February,Healthcare spending and life expectancy,Money & Economics,Countries with higher healthcare spending per capita generally exhibit longer life expectancy.,high,https://ourworldindata.org/global-health,Healthcare expenditure,Explore the data on global health,ourworldindata.org,verified
FACT-2027-02-09-S14,9,2027-02-09,"As healthcare spending increases, child mortality rates decline.",14,February,Healthcare spending and child mortality,Money & Economics,"The chart shows a global trend: as healthcare spending increases, child mortality rates decline.",high,https://ourworldindata.org/global-health,Healthcare expenditure,Explore the data on global health,ourworldindata.org,verified
FACT-2027-02-09-S15,9,2027-02-09,"During El Niño, warm water is pushed east toward the west coast of the Americas.",15,February,El Niño warm-water movement,Ocean & Marine,"“Warm water is pushed back east, toward the west coast of the Americas.”",high,https://oceanservice.noaa.gov/facts/ninonina.html,Ocean temperature and circulation,What are El Nino and La Nina?,oceanservice.noaa.gov,verified
FACT-2027-02-09-S16,9,2027-02-09,"During El Niño, upwelling off the Pacific coast weakens or stops altogether.",16,February,El Niño upwelling,Ocean & Marine,"“During El Niño, upwelling weakens or stops altogether.”",high,https://oceanservice.noaa.gov/facts/ninonina.html,Upwelling effects,What are El Nino and La Nina?,oceanservice.noaa.gov,verified
FACT-2027-02-09-S17,9,2027-02-09,Research & Development expenditure (% of GDP) ... 3.3,17,February,Research & Development expenditure (% of GDP) ... 3.3,Technology,Research & Development expenditure (% of GDP) ... 3.3,high,https://unstats.un.org/unsd/publications/pocketbook/files/world-stats-pocketbook-2023.pdf,Research and development,Source page,unstats.un.org,verified
FACT-2027-02-09-S18,9,2027-02-09,"Jupiter’s four large Galilean moons are Io, Europa, Ganymede, and Callisto.",18,February,Galilean moons,Space,"“The four moons are, from left to right: Io, Europa, Ganymede and Callisto”",high,https://science.nasa.gov/solar-system/moons/facts/,Jovian moons,Moons: Facts,science.nasa.gov,verified
FACT-2027-02-09-S19,9,2027-02-09,The source lists an Ancient Greece chronology spanning 1000 B.C. to 1 A.D.,19,February,Ancient Greece chronology,Ancient Civilizations,"Ancient Greece, 1000 B.C.–1 A.D.",high,https://www.metmuseum.org/essays/timeline-of-art-history,Ancient Greece,Heilbrunn Timeline of Art History - The Metropolitan Museum of Art,metmuseum.org,verified
FACT-2027-02-09-S20,9,2027-02-09,Communication is one of the topics covered by the indicators in the profiles.,20,February,Communication topic,Technology,“The indicators in the profiles cover the following topics: communication”,high,https://desapublications.un.org/publications/world-statistics-pocketbook-2025,Communication statistics,World Statistics Pocketbook 2025 | DESA Publications,desapublications.un.org,verified
FACT-2027-02-10-S01,10,2027-02-10,The 2022 and 2018 recommended values of the Newtonian constant of gravitation were identical.,1,February,Newtonian constant treatment,Science,“The 2022 and 2018 recommended values of G are therefore identical.”,high,https://physics.nist.gov/cuu/pdf/JPCRD2022CODATA.pdf,Gravitation,CODATA recommended values of the fundamental physical constants: 2022*,physics.nist.gov,verified
FACT-2027-02-10-S02,10,2027-02-10,El Niño and La Niña episodes typically last nine to twelve months.,2,February,Typical episode duration,Nature,“Episodes of El Niño and La Niña typically last nine to 12 months.”,high,https://oceanservice.noaa.gov/facts/ninonina.html,Climate-cycle duration,What are El Nino and La Nina?,oceanservice.noaa.gov,verified
FACT-2027-02-10-S03,10,2027-02-10,"The listed cannabis curriculum covers short- and long-term health effects of cannabis use, including memory problems and addiction.",3,February,Cannabis health effects,Human Body,"the short- and long-term health effects of cannabis use, such as memory problems and addiction",high,https://science.education.nih.gov/stem-resources/8,Substance effects,STEM Resources | STEM Teaching Resources,science.education.nih.gov,verified
FACT-2027-02-10-S04,10,2027-02-10,South American fishermen first noticed periods of unusually warm Pacific Ocean water in the 1600s.,4,February,El Niño name origin,History,“South American fishermen first noticed periods of unusually warm water in the Pacific Ocean in the 1600s.”,high,https://oceanservice.noaa.gov/facts/ninonina.html,Scientific observation history,What are El Nino and La Nina?,oceanservice.noaa.gov,verified
FACT-2027-02-10-S05,10,2027-02-10,"During El Niño, areas in the northern United States and Canada are drier and warmer than usual.",5,February,El Niño northern conditions,Geography,“areas in the northern U.S. and Canada are dryer and warmer than usual.”,high,https://oceanservice.noaa.gov/facts/ninonina.html,Regional weather effects,What are El Nino and La Nina?,oceanservice.noaa.gov,verified
FACT-2027-02-10-S06,10,2027-02-10,Canada geese spend summers in Canada and the northern United States and migrate to the southern United States and northern Mexico during winter.,6,February,Canada goose seasonal ranges,Animals,"“Canada geese ... spend summers in Canada and the northern United States, but migrate to the southern U.S. and northern Mexico during winter.”",high,https://education.nationalgeographic.org/resource/species-range/,Bird migration,Species Range,education.nationalgeographic.org,verified
FACT-2027-02-10-S07,10,2027-02-10,The 2022 CODATA adjustment used 133 input data and 79 adjusted constants.,7,February,Adjustment input count,Science,“The 2022 CODATA set of recommended values … [is] based on a least-squares adjustment of 133 input data and 79 adjusted constants.”,high,https://physics.nist.gov/cuu/pdf/JPCRD2022CODATA.pdf,Measurement standards,CODATA recommended values of the fundamental physical constants: 2022*,physics.nist.gov,verified
FACT-2027-02-10-S08,10,2027-02-10,El Niño and La Niña events occur every two to seven years on average.,8,February,ENSO recurrence,Nature,"“El Niño and La Niña events occur every two to seven years, on average.”",high,https://oceanservice.noaa.gov/facts/ninonina.html,Climate-cycle frequency,What are El Nino and La Nina?,oceanservice.noaa.gov,verified
FACT-2027-02-10-S09,10,2027-02-10,The Dangerous Decibels resource teaches about noise-induced hearing loss and tinnitus.,9,February,Noise-induced hearing loss,Human Body,teach students about noise-induced hearing loss (NIHL) and tinnitus (ringing in the ear),high,https://science.education.nih.gov/stem-resources/8,Hearing,STEM Resources | STEM Teaching Resources,science.education.nih.gov,verified
FACT-2027-02-10-S10,10,2027-02-10,Some country fertility estimates in the source extend back to the year 1541.,10,February,Historical Fertility Estimates,History,“These historical estimates go back to the year 1541 for some countries.”,high,https://ourworldindata.org/12-key-metrics,Historical demographics,(1) Extreme Poverty,ourworldindata.org,verified
FACT-2027-02-10-S11,10,2027-02-10,"During El Niño, the U.S. Gulf Coast and Southeast are wetter than usual and experience increased flooding.",11,February,El Niño southern U.S. conditions,Geography,"“in the U.S. Gulf Coast and Southeast, these periods are wetter than usual and have increased flooding.”",high,https://oceanservice.noaa.gov/facts/ninonina.html,Regional weather effects,What are El Nino and La Nina?,oceanservice.noaa.gov,verified
FACT-2027-02-10-S12,10,2027-02-10,The University of Washington Genome Sciences Education Outreach has lessons about how the nematode C. elegans maintains balance in a changing environment.,12,February,Nematode balance,Animals,lessons on what students can learn from how the nematode C. elegans maintains balance in a changing environment,high,https://science.education.nih.gov/stem-resources/8,Nematodes,STEM Resources | STEM Teaching Resources,science.education.nih.gov,verified
FACT-2027-02-10-S13,10,2027-02-10,The National Accounts Main Aggregates Database presents analytical national accounts tables from 1970 onwards for more than 200 countries and areas.,13,February,AMA database coverage,Money & Economics,“presents a series of analytical national accounts tables from 1970 onwards for more than 200 countries and areas of the world”,high,https://unstats.un.org/UNSD/snaama/,National accounts databases,National Accounts - Analysis of Main Aggregates (AMA),unstats.un.org,verified
FACT-2027-02-10-S14,10,2027-02-10,The database is updated in December of each year with newly available national accounts data for all countries and areas.,14,February,Annual database update,Money & Economics,“The database is updated in December of each year with newly available national accounts data for all countries and areas.”,high,https://unstats.un.org/UNSD/snaama/,Economic data updates,National Accounts - Analysis of Main Aggregates (AMA),unstats.un.org,verified
FACT-2027-02-10-S15,10,2027-02-10,"During La Niña, trade winds are stronger than usual and push more warm water toward Asia.",15,February,La Niña trade winds,Ocean & Marine,"“During La Niña events, trade winds are even stronger than usual, pushing more warm water toward Asia.”",high,https://oceanservice.noaa.gov/facts/ninonina.html,Trade winds,What are El Nino and La Nina?,oceanservice.noaa.gov,verified
FACT-2027-02-10-S16,10,2027-02-10,Enceladus and Titan are Saturn’s two ocean moons.,16,February,Saturn’s ocean moons,Ocean & Marine,“Saturn has two ocean moons – Enceladus and Titan”,high,https://science.nasa.gov/solar-system/moons/facts/,Subsurface oceans,Moons: Facts,science.nasa.gov,verified
FACT-2027-02-10-S17,10,2027-02-10,Ganymede is the largest moon in the solar system.,17,February,Largest moon,Space,“Jupiter's menagerie of moons includes the largest moon in the solar system — Ganymede”,high,https://science.nasa.gov/solar-system/moons/facts/,Moon size,Moons: Facts,science.nasa.gov,verified
FACT-2027-02-10-S18,10,2027-02-10,The book examines artistic and cultural exchanges across the Near East and Mediterranean in the early first millennium B.C.,18,February,Early first millennium exchanges,Ancient Civilizations,artistic and cultural exchanges that took place across the Near East and Mediterranean in the early first millennium B.C.,high,https://www.metmuseum.org/met-publications/assyria-to-iberia-at-the-dawn-of-the-classical-age,Cultural exchange,Assyria to Iberia at the Dawn of the Classical Age - The Metropolitan Museum of Art,metmuseum.org,verified
FACT-2027-02-10-S19,10,2027-02-10,The book is available in digital form.,19,February,Digital availability,Technology,Notes: Also available in digital form.,high,https://www.loc.gov/item/05033747/,Digital preservation,"Book/Printed Material
                 
            
            
        
        
         
        

        

         The great inventions : their history, from the earliest period to the present. Their influence on civilization, accompanied by sketches of lives of the principal inventors; their labors, their hardships and their triumphs.",loc.gov,verified
FACT-2027-02-10-S20,10,2027-02-10,Io is a volcanic moon.,20,February,Io’s geology,Space,"“Io, a volcanic moon”",high,https://science.nasa.gov/solar-system/moons/facts/,Volcanic moons,Moons: Facts,science.nasa.gov,verified
FACT-2027-02-11-S01,11,2027-02-11,The 2022 CODATA adjustment had 54 degrees of freedom.,1,February,Adjustment degrees of freedom,Science,“Thus its degrees of freedom is ν = N − M = 54.”,high,https://physics.nist.gov/cuu/pdf/JPCRD2022CODATA.pdf,Statistical analysis,CODATA recommended values of the fundamental physical constants: 2022*,physics.nist.gov,verified
FACT-2027-02-11-S02,11,2027-02-11,El Niño and La Niña events do not occur on a regular schedule.,2,February,Irregular ENSO schedule,Nature,“but they don’t occur on a regular schedule.”,high,https://oceanservice.noaa.gov/facts/ninonina.html,Climate-cycle variability,What are El Nino and La Nina?,oceanservice.noaa.gov,verified
FACT-2027-02-11-S03,11,2027-02-11,"The Our Cells, Our Selves resource follows a 7-year-old diagnosed with type 1 juvenile diabetes.",3,February,Type 1 juvenile diabetes,Human Body,a 7-year-old who has just been diagnosed with type 1 juvenile diabetes,high,https://science.education.nih.gov/stem-resources/8,Diabetes,STEM Resources | STEM Teaching Resources,science.education.nih.gov,verified
FACT-2027-02-11-S04,11,2027-02-11,Life expectancy in the United Kingdom doubled in less than two centuries.,4,February,Life expectancy in the United Kingdom,History,"In less than two centuries, life expectancy in the UK has doubled.",high,https://ourworldindata.org/global-health,Historical life expectancy,Explore the data on global health,ourworldindata.org,verified
FACT-2027-02-11-S05,11,2027-02-11,The source presents a long-run dataset on global and regional populations dating back to 1800.,5,February,Population Dataset,Geography,“This provides data on global and regional populations dating back to 1800.”,high,https://ourworldindata.org/12-key-metrics,Population history,(1) Extreme Poverty,ourworldindata.org,verified
FACT-2027-02-11-S06,11,2027-02-11,The Gulf of Maine distinct population segment of Atlantic salmon spends much of its life in the ocean and returns to freshwater rivers to spawn.,6,February,Atlantic salmon life cycle,Animals,"“It spends much of its life in the ocean, but returns to freshwater rivers to spawn.”",high,https://www.fisheries.noaa.gov/feature-story/climate-change-escalates-threats-species-spotlight,Fish migration,Climate Change Escalates Threats to Species in the Spotlight | NOAA Fisheries,fisheries.noaa.gov,verified
FACT-2027-02-11-S07,11,2027-02-11,The relative atomic mass of carbon-12 is exactly 12 by definition.,7,February,Carbon-12 relative mass,Science,“The 12C relative atomic mass is by definition simply the number 12.”,high,https://physics.nist.gov/cuu/pdf/JPCRD2022CODATA.pdf,Atomic masses,CODATA recommended values of the fundamental physical constants: 2022*,physics.nist.gov,verified
FACT-2027-02-11-S08,11,2027-02-11,El Niño generally occurs more frequently than La Niña.,8,February,El Niño frequency,Nature,"“Generally, El Niño occurs more frequently than La Niña.”",high,https://oceanservice.noaa.gov/facts/ninonina.html,Climate-cycle frequency,What are El Nino and La Nina?,oceanservice.noaa.gov,verified
FACT-2027-02-11-S09,11,2027-02-11,"In the Blood Sugar Balance web game, players regulate blood sugar levels through food choices and exercise decisions while regulating insulin and glucagon levels.",9,February,Blood sugar game,Human Body,"players keep blood sugar levels within range through their food choices and exercise decisions, while regulating insulin and glucagon levels",high,https://science.education.nih.gov/stem-resources/8,Blood sugar regulation,STEM Resources | STEM Teaching Resources,science.education.nih.gov,verified
FACT-2027-02-11-S10,11,2027-02-11,Life expectancy in India was less than 25 years in the early 1900s and had more than doubled a century later.,10,February,Historical life expectancy in India,History,"In the early 1900s, life expectancy in both India and South Korea was less than 25 years. A century later, life expectancy in India had more than doubled.",high,https://ourworldindata.org/global-health,Historical life expectancy,Explore the data on global health,ourworldindata.org,verified
FACT-2027-02-11-S11,11,2027-02-11,The world population increased from around 2.5 billion in 1950 to almost 7.5 billion by the period described as today.,11,February,World population growth,Geography,"“The world population increased 3-fold, from around 2.5 billion to almost 7.5 billion today.”",high,https://ourworldindata.org/economic-growth-since-1950,Population,Economic growth means that population growth and rising prosperity can go together,ourworldindata.org,verified
FACT-2027-02-11-S12,11,2027-02-11,Atlantic salmon streambed refuges are created by the flow of river water and sediment.,12,February,Salmon streambed refuges,Animals,"“Streambed refuges, which are created by the river’s flow of water and sediment.”",high,https://www.fisheries.noaa.gov/feature-story/climate-change-escalates-threats-species-spotlight,Atlantic salmon habitat,Climate Change Escalates Threats to Species in the Spotlight | NOAA Fisheries,fisheries.noaa.gov,verified
FACT-2027-02-11-S13,11,2027-02-11,"The database is produced through cooperation between the United Nations Statistics Division’s Economic Statistics Branch, international statistical agencies, and national statistical services.",13,February,Database cooperation,Money & Economics,"“It is the product of a global cooperation effort between the Economic Statistics Branch of the United Nations Statistics Division, international statistical agencies and the national statistical services”",high,https://unstats.un.org/UNSD/snaama/,International statistical cooperation,National Accounts - Analysis of Main Aggregates (AMA),unstats.un.org,verified
FACT-2027-02-11-S14,11,2027-02-11,Annual collections of official national accounts data reported through United Nations National Accounts Questionnaires serve as the basis for the database.,14,February,Official data collection,Money & Economics,“Annual collections of the official national accounts data reported to the United Nations Statistics Division by the countries in form of the United Nations National Accounts Questionnaires serve as the basis for the database.”,high,https://unstats.un.org/UNSD/snaama/,National accounts data collection,National Accounts - Analysis of Main Aggregates (AMA),unstats.un.org,verified
FACT-2027-02-11-S15,11,2027-02-11,The NOAA Fisheries Species in the Spotlight initiative focuses on 10 endangered marine and anadromous species listed under the Endangered Species Act.,15,February,Species in the Spotlight,Ocean & Marine,The initiative draws attention to “10 endangered marine and anadromous species listed under the Endangered Species Act.”,high,https://www.fisheries.noaa.gov/feature-story/climate-change-escalates-threats-species-spotlight,Endangered marine species,Climate Change Escalates Threats to Species in the Spotlight | NOAA Fisheries,fisheries.noaa.gov,verified
FACT-2027-02-11-S16,11,2027-02-11,The primary food source of white abalone is kelp.,16,February,White abalone diet,Ocean & Marine,“Their primary food source is kelp.”,high,https://www.fisheries.noaa.gov/feature-story/climate-change-escalates-threats-species-spotlight,Abalone diet,Climate Change Escalates Threats to Species in the Spotlight | NOAA Fisheries,fisheries.noaa.gov,verified
FACT-2027-02-11-S17,11,2027-02-11,Stone reliefs in the book adorned the palaces of ancient Assyria.,17,February,Assyrian palace reliefs,Ancient Civilizations,stone reliefs that adorned the majestic palaces of ancient Assyria,high,https://www.metmuseum.org/met-publications/assyria-to-iberia-at-the-dawn-of-the-classical-age,Assyrian art,Assyria to Iberia at the Dawn of the Classical Age - The Metropolitan Museum of Art,metmuseum.org,verified
FACT-2027-02-11-S18,11,2027-02-11,The Library of Congress provides the item in online text format.,18,February,Online text format,Technology,Online Format: image; online text; pdf.,high,https://www.loc.gov/item/05033747/,Online formats,"Book/Printed Material
                 
            
            
        
        
         
        

        

         The great inventions : their history, from the earliest period to the present. Their influence on civilization, accompanied by sketches of lives of the principal inventors; their labors, their hardships and their triumphs.",loc.gov,verified
FACT-2027-02-11-S19,11,2027-02-11,Titan is the only moon with a thick atmosphere.,19,February,Titan’s atmosphere,Space,"“Titan, the second largest in the solar system, is the only moon with a thick atmosphere”",high,https://science.nasa.gov/solar-system/moons/facts/,Moon atmospheres,Moons: Facts,science.nasa.gov,verified
FACT-2027-02-11-S20,11,2027-02-11,The Metropolitan Museum page identifies panels of a writing board as Assyrian and dates them to approximately 721–705 BCE.,20,February,Assyrian writing board,Ancient Civilizations,Panels of a writing board; Assyrian; ca. 721–705 BCE,high,https://www.metmuseum.org/met-publications/assyria-to-iberia-at-the-dawn-of-the-classical-age,Assyrian artifacts,Assyria to Iberia at the Dawn of the Classical Age - The Metropolitan Museum of Art,metmuseum.org,verified
FACT-2027-02-12-S01,12,2027-02-12,An ion with charge ne in a magnetic field of strength B has cyclotron angular frequency ωc = neB/m.,1,February,Cyclotron frequency,Science,“Atomic or molecular ions Xn+ with charge ne in a homogeneous flux density or magnetic field of strength B undergo circular motion with cyclotron frequency ωc(Xn+) = neB/m(Xn+).”,high,https://physics.nist.gov/cuu/pdf/JPCRD2022CODATA.pdf,Ion trapping,CODATA recommended values of the fundamental physical constants: 2022*,physics.nist.gov,verified
FACT-2027-02-12-S02,12,2027-02-12,El Niño typically peaks around December.,2,February,El Niño seasonal peak,Nature,“El Niño typically peaks around December.”,high,https://oceanservice.noaa.gov/facts/ninonina.html,Seasonal climate patterns,What are El Nino and La Nina?,oceanservice.noaa.gov,verified
FACT-2027-02-12-S03,12,2027-02-12,The University of Washington Genome Sciences Education Outreach has created curriculum about how food choices and the environment affect the human gut microbiome.,3,February,Gut microbiome curriculum,Human Body,curriculum that focuses on how food choices and the environment affect the human gut microbiome,high,https://science.education.nih.gov/stem-resources/8,Gut microbiome,STEM Resources | STEM Teaching Resources,science.education.nih.gov,verified
FACT-2027-02-12-S04,12,2027-02-12,No country shown in the 1800 comparison had a life expectancy above 40 years.,4,February,Life expectancy in 1800,History,"On the right-hand side, no country in 1800 had a life expectancy over 40 years.",high,https://ourworldindata.org/global-health,Historical life expectancy,Explore the data on global health,ourworldindata.org,verified
FACT-2027-02-12-S05,12,2027-02-12,"In 2021, life expectancy was below 60 years in several sub-Saharan African countries and above 80 years in countries such as Japan.",5,February,Life expectancy in 2021,Geography,"In 2021, the life expectancy in several sub-Saharan African countries is less than 60 years, compared to more than 80 years in countries such as Japan.",high,https://ourworldindata.org/global-health,Life expectancy by region,Explore the data on global health,ourworldindata.org,verified
FACT-2027-02-12-S06,12,2027-02-12,Central California Coast coho salmon live in freshwater rivers and streams for most of their lives.,6,February,Coho salmon habitat,Animals,“Central California Coast coho salmon live in freshwater rivers and streams for most of their lives.”,high,https://www.fisheries.noaa.gov/feature-story/climate-change-escalates-threats-species-spotlight,Coho salmon habitat,Climate Change Escalates Threats to Species in the Spotlight | NOAA Fisheries,fisheries.noaa.gov,verified
FACT-2027-02-12-S07,12,2027-02-12,"For ions measured in the same magnetic-field environment, cyclotron-frequency ratios are independent of field strength.",7,February,Cyclotron frequency ratios,Science,“Ratios of cyclotron frequencies for ions Xn+ and Yp+ in the same magnetic-field environment then satisfy … independent of field strength.”,high,https://physics.nist.gov/cuu/pdf/JPCRD2022CODATA.pdf,Ion trapping,CODATA recommended values of the fundamental physical constants: 2022*,physics.nist.gov,verified
FACT-2027-02-12-S08,12,2027-02-12,Global carbon dioxide emissions exceed 36 billion tonnes per year.,8,February,Global CO2 Emissions,Nature,"“Globally, we now emit more than 36 billion tonnes each year.”",high,https://ourworldindata.org/12-key-metrics,Climate change,(1) Extreme Poverty,ourworldindata.org,verified
FACT-2027-02-12-S09,12,2027-02-12,"The Human Body: Bones, Joints, Muscles, and Skin resources cover bones, joints, muscles, and skin.",9,February,Human body topics,Human Body,"These online resources explore bones, joints, muscles, and skin",high,https://science.education.nih.gov/stem-resources/8,Anatomy,STEM Resources | STEM Teaching Resources,science.education.nih.gov,verified
FACT-2027-02-12-S10,12,2027-02-12,Child mortality rates in pre-modern societies ranged between 30% and 50%.,10,February,Historical child mortality,History,"Historically, in pre-modern societies, child mortality rates ranged between 30% and 50%.",high,https://ourworldindata.org/global-health,Historical child mortality,Explore the data on global health,ourworldindata.org,verified
FACT-2027-02-12-S11,12,2027-02-12,"In 2021, average child mortality rates in low-income countries were more than ten times those in high-income countries.",11,February,Child mortality by income,Geography,"In 2021, low-income countries face child mortality rates that are more than ten times higher than those in high-income countries.",high,https://ourworldindata.org/global-health,Child mortality by income level,Explore the data on global health,ourworldindata.org,verified
FACT-2027-02-12-S12,12,2027-02-12,Cook Inlet beluga whales live in seasonally ice-covered waters within Alaska’s Cook Inlet.,12,February,Cook Inlet beluga habitat,Animals,“Cook Inlet beluga whales are cold-water mammals that live in seasonally ice-covered waters within Alaska’s Cook Inlet.”,high,https://www.fisheries.noaa.gov/feature-story/climate-change-escalates-threats-species-spotlight,Beluga whale habitat,Climate Change Escalates Threats to Species in the Spotlight | NOAA Fisheries,fisheries.noaa.gov,verified
FACT-2027-02-12-S13,12,2027-02-12,Estimation procedures are used to obtain estimates for an entire time series when a country does not report a full set of official data.,13,February,Estimation of incomplete series,Money & Economics,"“If a full set of official data is not reported for a specific country, estimation procedures are employed to obtain estimates for the entire time series.”",high,https://unstats.un.org/UNSD/snaama/,Economic data estimation,National Accounts - Analysis of Main Aggregates (AMA),unstats.un.org,verified
FACT-2027-02-12-S14,12,2027-02-12,Other data sources are analyzed to gather supplementary national accounts data for estimation purposes.,14,February,Supplementary data sources,Money & Economics,"“For estimation purposes, other data sources are analysed to gather supplementary data on the national accounts of a country.”",high,https://unstats.un.org/UNSD/snaama/,Economic data sources,National Accounts - Analysis of Main Aggregates (AMA),unstats.un.org,verified
FACT-2027-02-12-S15,12,2027-02-12,"Warming oceans, rising seas, ocean acidification, and changing storms are impacting marine life, fisheries, and local economies.",15,February,Climate impacts on marine systems,Ocean & Marine,"“Warming oceans, rising seas, ocean acidification and changing storms are impacting marine life, fisheries and local economies.”",high,https://www.fisheries.noaa.gov/national/climate-change/climate-vulnerability-assessments,Climate impacts,Climate Vulnerability Assessments | NOAA Fisheries,fisheries.noaa.gov,verified
FACT-2027-02-12-S16,12,2027-02-12,The Northeast Fish Stock Climate Vulnerability Assessment assesses 82 fish and invertebrate species.,16,February,Northeast fish assessment,Ocean & Marine,“Assesses vulnerability of 82 fish and invertebrate species”,high,https://www.fisheries.noaa.gov/national/climate-change/climate-vulnerability-assessments,Fish stock assessment,Climate Vulnerability Assessments | NOAA Fisheries,fisheries.noaa.gov,verified
FACT-2027-02-12-S17,12,2027-02-12,A complete PDF of the book is available.,17,February,PDF availability,Technology,Download: PDF (Complete).,high,https://www.loc.gov/item/05033747/,Digital documents,"Book/Printed Material
                 
            
            
        
        
         
        

        

         The great inventions : their history, from the earliest period to the present. Their influence on civilization, accompanied by sketches of lives of the principal inventors; their labors, their hardships and their triumphs.",loc.gov,verified
FACT-2027-02-12-S18,12,2027-02-12,Ceres has no moons.,18,February,Ceres’s moons,Space,"“Ceres, the closest dwarf planet to the Sun, has no moons”",high,https://science.nasa.gov/solar-system/moons/facts/,Dwarf-planet moons,Moons: Facts,science.nasa.gov,verified
FACT-2027-02-12-S19,12,2027-02-12,The development of cities in Mesopotamia stimulated inventions such as writing.,19,February,Writing in Mesopotamia,Inventions,"“These complex centers of civilization ... stimulated great inventions, such as writing”",high,https://www.metmuseum.org/essays/art-of-the-first-cities-in-the-third-millennium-b-c,Writing,Art of the First Cities in the Third Millennium B.C. - The Metropolitan Museum of Art,metmuseum.org,verified
FACT-2027-02-12-S20,12,2027-02-12,The page identifies a relief fragment depicting a cavalryman leading his horse beside a stream as Assyrian and dates it to approximately 704–681 BCE.,20,February,Assyrian cavalry relief,Ancient Civilizations,Relief fragment: cavalryman leading his horse beside a stream; Assyrian; ca. 704–681 BCE,high,https://www.metmuseum.org/met-publications/assyria-to-iberia-at-the-dawn-of-the-classical-age,Assyrian relief sculpture,Assyria to Iberia at the Dawn of the Classical Age - The Metropolitan Museum of Art,metmuseum.org,verified
FACT-2027-02-13-S01,13,2027-02-13,The reported deuteron binding energy is 2224.56640(38) keV.,1,February,Deuteron binding energy,Science,“We find EB(d) = 2224.566 40(38) keV.”,high,https://physics.nist.gov/cuu/pdf/JPCRD2022CODATA.pdf,Nuclear physics,CODATA recommended values of the fundamental physical constants: 2022*,physics.nist.gov,verified
FACT-2027-02-13-S02,13,2027-02-13,The source’s two core CO2 datasets present production-based per-capita CO2 emissions.,2,February,CO2 Dataset Basis,Nature,“The two core datasets we present are production-based per capita CO2 emissions.”,high,https://ourworldindata.org/12-key-metrics,Carbon emissions,(1) Extreme Poverty,ourworldindata.org,verified
FACT-2027-02-13-S03,13,2027-02-13,"BiblioTech CityHacks: In Search of Sleep addresses sleep, circadian rhythms, and health.",3,February,Sleep and circadian rhythms,Human Body,"an interactive reading experience about sleep, circadian rhythms, and health",high,https://science.education.nih.gov/stem-resources/8,Sleep,STEM Resources | STEM Teaching Resources,science.education.nih.gov,verified
FACT-2027-02-13-S04,13,2027-02-13,"A century ago, maternal mortality rates ranged between 500 and 1,000 deaths per 100,000 live births.",4,February,Historical maternal mortality,History,"A century ago, maternal mortality rates ranged between 500 and 1,000 deaths per 100,000 live births.",high,https://ourworldindata.org/global-health,Historical maternal mortality,Explore the data on global health,ourworldindata.org,verified
FACT-2027-02-13-S05,13,2027-02-13,"In 2017, the maternal mortality rate in sub-Saharan Africa exceeded 500 deaths per 100,000 live births.",5,February,Maternal mortality in sub-Saharan Africa,Geography,"In sub-Saharan Africa — where the rate in 2017 exceeded 500 maternal deaths per 100,000 live births.",high,https://ourworldindata.org/global-health,Maternal mortality by region,Explore the data on global health,ourworldindata.org,verified
FACT-2027-02-13-S06,13,2027-02-13,Cook Inlet beluga whales are social animals known for their white color and range of vocal sounds.,6,February,Cook Inlet beluga social behavior,Animals,“Cook Inlet beluga whales are social animals known for their white color and range of vocal sounds.”,high,https://www.fisheries.noaa.gov/feature-story/climate-change-escalates-threats-species-spotlight,Beluga whale behavior,Climate Change Escalates Threats to Species in the Spotlight | NOAA Fisheries,fisheries.noaa.gov,verified
FACT-2027-02-13-S07,13,2027-02-13,The experimentally observed rovibrational states discussed for HD+ belong to its ground X 2Σ+ electronic state.,7,February,HD+ electronic state,Science,“The experimentally observed rovibrational states all belong to the ground X 2Σ+ electronic state.”,high,https://physics.nist.gov/cuu/pdf/JPCRD2022CODATA.pdf,Molecular spectroscopy,CODATA recommended values of the fundamental physical constants: 2022*,physics.nist.gov,verified
FACT-2027-02-13-S08,13,2027-02-13,The source identifies total energy consumption and the sources in the energy mix as relevant resource and environmental metrics.,8,February,Energy Mix Scope,Nature,“Total energy consumption (and the sources of this energy mix) are also important to resource and environmental concerns.”,high,https://ourworldindata.org/12-key-metrics,Energy and environment,(1) Extreme Poverty,ourworldindata.org,verified
FACT-2027-02-13-S09,13,2027-02-13,The Brain and Anesthesia unit describes the function of anesthesia on the brain.,9,February,Brain and anesthesia,Human Body,It also describes the function of anesthesia on the brain,high,https://science.education.nih.gov/stem-resources/8,Anesthesia,STEM Resources | STEM Teaching Resources,science.education.nih.gov,verified
FACT-2027-02-13-S10,13,2027-02-13,The 2022 adjustment was the seventh adjustment conducted by the Task Group on Fundamental Constants since the 1998 adjustment.,10,February,2022 adjustment sequence,History,"“Since the 1998 adjustment, the TGFC has carried out an adjustment every four years and the 2022 adjustment is the seventh in the series.”",high,https://physics.nist.gov/cuu/pdf/JPCRD2022CODATA.pdf,Scientific chronology,CODATA recommended values of the fundamental physical constants: 2022*,physics.nist.gov,verified
FACT-2027-02-13-S11,13,2027-02-13,"In 2019, DALY rates were under 20,000 per 100,000 people in some regions with the best health and over 60,000 in several African countries.",11,February,Global DALY rates,Geography,"In some regions with the best health, the rate of DALYs was under 20,000 per 100,000 people in 2019... over 60,000 in several countries in Africa.",high,https://ourworldindata.org/global-health,Global disease burden,Explore the data on global health,ourworldindata.org,verified
FACT-2027-02-13-S12,13,2027-02-13,Hawaiian monk seals are found only in the Hawaiian archipelago.,12,February,Hawaiian monk seal range,Animals,“These seals are found only in the Hawaiian archipelago.”,high,https://www.fisheries.noaa.gov/feature-story/climate-change-escalates-threats-species-spotlight,Monk seal distribution,Climate Change Escalates Threats to Species in the Spotlight | NOAA Fisheries,fisheries.noaa.gov,verified
FACT-2027-02-13-S13,13,2027-02-13,The database applies estimation procedures to obtain a complete and consistent set of time series for main national accounts aggregates and their related growth rates and indices.,13,February,Complete time series,Money & Economics,“estimation procedures are applied to obtain a complete and consistent set of time series of main national accounts aggregates and their related growth rates and indices”,high,https://unstats.un.org/UNSD/snaama/,National accounts methodology,National Accounts - Analysis of Main Aggregates (AMA),unstats.un.org,verified
FACT-2027-02-13-S14,13,2027-02-13,Metadata describing the methods and sources used for each country’s database data are available through the Meta-Data link.,14,February,Country metadata,Money & Economics,“Metadata for each country describing the methods and sources used for all data included in the database are available via the Meta-Data link.”,high,https://unstats.un.org/UNSD/snaama/,Economic data metadata,National Accounts - Analysis of Main Aggregates (AMA),unstats.un.org,verified
FACT-2027-02-13-S15,13,2027-02-13,"The Bering Sea Fish Stock Climate Vulnerability Assessment assesses 36 groundfish, crab, and salmon stocks in the eastern Bering Sea.",15,February,Bering Sea assessment,Ocean & Marine,"“Assesses the vulnerability of 36 groundfish, crab, and salmon stocks in the eastern Bering Sea”",high,https://www.fisheries.noaa.gov/national/climate-change/climate-vulnerability-assessments,Fish stock assessment,Climate Vulnerability Assessments | NOAA Fisheries,fisheries.noaa.gov,verified
FACT-2027-02-13-S16,13,2027-02-13,The Pacific Islands Marine Life Climate Vulnerability Assessment assesses the susceptibility of 83 marine species to climate-change impacts projected to 2055.,16,February,Pacific Islands assessment,Ocean & Marine,“Assesses the susceptibility of 83 marine species to the impacts of climate change projected to 2055.”,high,https://www.fisheries.noaa.gov/national/climate-change/climate-vulnerability-assessments,Marine species assessment,Climate Vulnerability Assessments | NOAA Fisheries,fisheries.noaa.gov,verified
FACT-2027-02-13-S17,13,2027-02-13,The Library of Congress provides 700 images in sequence for the item.,17,February,Image sequence,Technology,View 700 images in sequence.,high,https://www.loc.gov/item/05033747/,Digital images,"Book/Printed Material
                 
            
            
        
        
         
        

        

         The great inventions : their history, from the earliest period to the present. Their influence on civilization, accompanied by sketches of lives of the principal inventors; their labors, their hardships and their triumphs.",loc.gov,verified
FACT-2027-02-13-S18,13,2027-02-13,"The solar system has eight planets: Mercury, Venus, Earth, Mars, Jupiter, Saturn, Uranus, and Neptune.",18,February,Solar system planets,Space,"Our solar system has eight planets: Mercury, Venus, Earth, Mars, Jupiter, Saturn, Uranus, and Neptune.",high,https://science.nasa.gov/solar-system/planets/,Solar system,About the Planets,science.nasa.gov,verified
FACT-2027-02-13-S19,13,2027-02-13,The book concerns inventors.,19,February,Book subject on inventors,Inventions,Headings: Inventors.,high,https://www.loc.gov/item/05033747/,Inventors,"Book/Printed Material
                 
            
            
        
        
         
        

        

         The great inventions : their history, from the earliest period to the present. Their influence on civilization, accompanied by sketches of lives of the principal inventors; their labors, their hardships and their triumphs.",loc.gov,verified
FACT-2027-02-13-S20,13,2027-02-13,The page identifies furniture plaques carved in relief with animal combat as Assyrian ivory works dating to approximately the eighth century BCE.,20,February,Assyrian ivory plaques,Ancient Civilizations,"Furniture plaques carved in relief with animal combat; Ivory, Assyrian; ca. 8th century BCE",high,https://www.metmuseum.org/met-publications/assyria-to-iberia-at-the-dawn-of-the-classical-age,Ivory carving,Assyria to Iberia at the Dawn of the Classical Age - The Metropolitan Museum of Art,metmuseum.org,verified
FACT-2027-02-14-S01,14,2027-02-14,The site is managed by the National Institute of General Medical Science.,1,February,Site management,Science,This site is managed by the National Institute of General Medical Science (NIGMS).,high,https://science.education.nih.gov/stem-resources/8,Science education organizations,STEM Resources | STEM Teaching Resources,science.education.nih.gov,verified
FACT-2027-02-14-S02,14,2027-02-14,Forested area represented 31.1 percent of the world's land area in 2023.,2,February,World forested area,Nature,Forested area (% of land area) ... 31.1,high,https://unstats.un.org/unsd/publications/pocketbook/files/world-stats-pocketbook-2023.pdf,Forests,Source page,unstats.un.org,verified
FACT-2027-02-14-S03,14,2027-02-14,The NEI for Kids web portal teaches children how their eyes work and how to keep them healthy.,3,February,Eye health education,Human Body,teaches kids about how their eyes work and how to keep them healthy,high,https://science.education.nih.gov/stem-resources/8,Vision,STEM Resources | STEM Teaching Resources,science.education.nih.gov,verified
FACT-2027-02-14-S04,14,2027-02-14,The revised International System of Units went into effect on 20 May 2019.,4,February,Revised SI effective date,History,“The revised International System of Units (SI) that went into effect on 20 May 2019.”,high,https://physics.nist.gov/cuu/pdf/JPCRD2022CODATA.pdf,Metrology history,CODATA recommended values of the fundamental physical constants: 2022*,physics.nist.gov,verified
FACT-2027-02-14-S05,14,2027-02-14,The 2023 World Statistics Pocketbook includes profiles for 30 world geographical regions and 232 countries or areas.,5,February,Pocketbook coverage,Geography,This edition includes profiles for the 30 world geographical regions and 232 countries or areas.,high,https://unstats.un.org/unsd/publications/pocketbook/files/world-stats-pocketbook-2023.pdf,Statistical coverage,Source page,unstats.un.org,verified
FACT-2027-02-14-S06,14,2027-02-14,"Hawaiian monk seals give birth and nurse their pups on sandy, protected beaches surrounded by shallow waters.",6,February,Monk seal reproduction,Animals,"“Monk seals haul out on sandy, protected beaches surrounded by shallow waters to give birth and nurse their pups.”",high,https://www.fisheries.noaa.gov/feature-story/climate-change-escalates-threats-species-spotlight,Monk seal reproduction,Climate Change Escalates Threats to Species in the Spotlight | NOAA Fisheries,fisheries.noaa.gov,verified
FACT-2027-02-14-S07,14,2027-02-14,"topics such as stem cells, growth factors, and regenerative medicine technologies",7,February,"topics such as stem cells, growth factors, and regenerative medicine technologies",Science,"topics such as stem cells, growth factors, and regenerative medicine technologies",high,https://science.education.nih.gov/stem-resources/8,Regenerative medicine,STEM Resources | STEM Teaching Resources,science.education.nih.gov,verified
FACT-2027-02-14-S08,14,2027-02-14,Important sites for terrestrial biodiversity protected represented 44.3 percent worldwide in 2023.,8,February,World protected biodiversity sites,Nature,Important sites for terrestrial biodiversity protected (%) ... 44.3,high,https://unstats.un.org/unsd/publications/pocketbook/files/world-stats-pocketbook-2023.pdf,Biodiversity protection,Source page,unstats.un.org,verified
FACT-2027-02-14-S09,14,2027-02-14,The world's total fertility rate was listed as 2.3 live births per woman in 2023.,9,February,World fertility rate,Human Body,"Fertility rate, total (live births per woman) ... 2.3",high,https://unstats.un.org/unsd/publications/pocketbook/files/world-stats-pocketbook-2023.pdf,Fertility,Source page,unstats.un.org,verified
FACT-2027-02-14-S10,14,2027-02-14,The NOAA-Wide Ocean Acidification Program was established by Congress in 2009.,10,February,Ocean acidification program,History,"“We support a NOAA-Wide Ocean Acidification Program, established by Congress in 2009...”",high,https://www.fisheries.noaa.gov/topic/climate-change,Environmental programs,Climate Change | NOAA Fisheries,fisheries.noaa.gov,verified
FACT-2027-02-14-S11,14,2027-02-14,"The world's population was listed as 7,975,105 thousand in 2023.",11,February,World population,Geography,"Population (000, 2023) 7 975 105",high,https://unstats.un.org/unsd/publications/pocketbook/files/world-stats-pocketbook-2023.pdf,Population,Source page,unstats.un.org,verified
FACT-2027-02-14-S12,14,2027-02-14,North Atlantic right whales primarily occur in Atlantic coastal waters on the continental shelf along the U.S. East Coast.,12,February,North Atlantic right whale range,Animals,“They primarily occur in Atlantic coastal waters on the continental shelf along the U.S. East Coast.”,high,https://www.fisheries.noaa.gov/feature-story/climate-change-escalates-threats-species-spotlight,Whale distribution,Climate Change Escalates Threats to Species in the Spotlight | NOAA Fisheries,fisheries.noaa.gov,verified
FACT-2027-02-14-S13,14,2027-02-14,Completed national accounts data in national currency are converted into US dollars for current-price and constant-price series.,13,February,Currency conversion,Money & Economics,"“Once the national accounts data in national currency are complete, the current and constant price series are converted into US Dollars”",high,https://unstats.un.org/UNSD/snaama/,Currency conversion,National Accounts - Analysis of Main Aggregates (AMA),unstats.un.org,verified
FACT-2027-02-14-S14,14,2027-02-14,The conversion of national accounts series into US dollars uses corresponding market exchange rates reported by the International Monetary Fund.,14,February,IMF exchange rates,Money & Economics,“by applying the corresponding market exchange rates as reported by the IMF”,high,https://unstats.un.org/UNSD/snaama/,Exchange rates,National Accounts - Analysis of Main Aggregates (AMA),unstats.un.org,verified
FACT-2027-02-14-S15,14,2027-02-14,The West Coast Fish Stock Climate Vulnerability Assessment assesses the climate vulnerability of 64 federally managed species in the California Current Large Marine Ecosystem.,15,February,West Coast assessment,Ocean & Marine,“Assesses the climate vulnerability of 64 federally-managed species in the California Current Large Marine Ecosystem”,high,https://www.fisheries.noaa.gov/national/climate-change/climate-vulnerability-assessments,Fish stock assessment,Climate Vulnerability Assessments | NOAA Fisheries,fisheries.noaa.gov,verified
FACT-2027-02-14-S16,14,2027-02-14,NOAA Fisheries lists an Atlantic Highly Migratory Fishes Climate Vulnerability Assessment from 2025.,16,February,Atlantic highly migratory fishes,Ocean & Marine,“Atlantic Highly Migratory Fishes Climate Vulnerability Assessment(2025).”,high,https://www.fisheries.noaa.gov/national/climate-change/climate-vulnerability-assessments,Migratory fish assessment,Climate Vulnerability Assessments | NOAA Fisheries,fisheries.noaa.gov,verified
FACT-2027-02-14-S17,14,2027-02-14,The book's Library of Congress Control Number is 05033747.,17,February,Library catalog identifier,Technology,Library of Congress Control Number: 05033747.,high,https://www.loc.gov/item/05033747/,Library identification,"Book/Printed Material
                 
            
            
        
        
         
        

        

         The great inventions : their history, from the earliest period to the present. Their influence on civilization, accompanied by sketches of lives of the principal inventors; their labors, their hardships and their triumphs.",loc.gov,verified
FACT-2027-02-14-S18,14,2027-02-14,"Mercury, Venus, Earth, and Mars are the first four planets from the Sun.",18,February,Inner planets,Space,"The first four planets from the Sun are Mercury, Venus, Earth, and Mars.",high,https://science.nasa.gov/solar-system/planets/,Inner planets,About the Planets,science.nasa.gov,verified
FACT-2027-02-14-S19,14,2027-02-14,The page states that Faraday’s recently invented electromagnet was much discussed by the ship’s passengers.,19,February,The page states that Faraday’s recently invented electromagnet was much discussed by the s,Inventions,The page states that Faraday’s recently invented electromagnet was much discussed by the ship’s passengers.,high,https://www.loc.gov/collections/samuel-morse-papers/articles-and-essays/invention-of-the-telegraph/,Electromagnet,"Invention of the Telegraph | Articles and Essays | Samuel F. B. Morse Papers at the Library of Congress, 1793 to 1919 | Digital Collections | Library of Congress",loc.gov,verified
FACT-2027-02-14-S20,14,2027-02-14,"The page identifies an ivory furniture plaque depicting a winged, falcon-headed sphinx as Assyrian and dates it to approximately the ninth–eighth century BCE.",20,February,Assyrian sphinx plaque,Ancient Civilizations,"Furniture plaque carved in relief with a winged, falcon-headed sphinx; Ivory, Assyrian; ca. 9th–8th century BCE",high,https://www.metmuseum.org/met-publications/assyria-to-iberia-at-the-dawn-of-the-classical-age,Ivory carving,Assyria to Iberia at the Dawn of the Classical Age - The Metropolitan Museum of Art,metmuseum.org,verified
FACT-2027-02-15-S01,15,2027-02-15,The Biomedical Beat genetics miniseries covers how people inherit genes and how researchers study genes.,1,February,Genetics education,Science,from how people inherit genes to how researchers study them,high,https://science.education.nih.gov/stem-resources/8,Genetics,STEM Resources | STEM Teaching Resources,science.education.nih.gov,verified
FACT-2027-02-15-S02,15,2027-02-15,"Climate change impacts described by NOAA Fisheries include warming oceans, floods and droughts, rising sea levels, and ocean acidification.",2,February,Climate impacts on marine species,Nature,"“Climate change impacts include warming oceans, the frequency and intensity of floods and droughts, rising sea levels, and ocean acidification.”",high,https://www.fisheries.noaa.gov/feature-story/climate-change-escalates-threats-species-spotlight,Climate impacts,Climate Change Escalates Threats to Species in the Spotlight | NOAA Fisheries,fisheries.noaa.gov,verified
FACT-2027-02-15-S03,15,2027-02-15,World life expectancy at birth in 2023 was listed as 74.4 years for females and 69.1 years for males.,3,February,World life expectancy,Human Body,"Life expectancy at birth (females/males, years) ... 74.4 / 69.1",high,https://unstats.un.org/unsd/publications/pocketbook/files/world-stats-pocketbook-2023.pdf,Life expectancy,Source page,unstats.un.org,verified
FACT-2027-02-15-S04,15,2027-02-15,"As a student at Yale College, Morse wrote to his parents about his interest in lectures on electricity.",4,February,Morse at Yale,History,The page states that Morse wrote his parents a letter about how interesting he found the lectures on electricity.,high,https://www.loc.gov/collections/samuel-morse-papers/articles-and-essays/invention-of-the-telegraph/,Samuel Morse,"Invention of the Telegraph | Articles and Essays | Samuel F. B. Morse Papers at the Library of Congress, 1793 to 1919 | Digital Collections | Library of Congress",loc.gov,verified
FACT-2027-02-15-S05,15,2027-02-15,Urban residents accounted for 55.7 percent of the world's population in 2023.,5,February,World urban population,Geography,Urban population (% of total population) ... 55.7,high,https://unstats.un.org/unsd/publications/pocketbook/files/world-stats-pocketbook-2023.pdf,Urbanization,Source page,unstats.un.org,verified
FACT-2027-02-15-S06,15,2027-02-15,"North Atlantic right whales have changed their distribution patterns, likely in response to changes in prey location and availability caused by warming oceans.",6,February,Right whale distribution changes,Animals,"“Right whales have changed their distribution patterns, likely in response to changes in prey location and availability due to warming oceans.”",high,https://www.fisheries.noaa.gov/feature-story/climate-change-escalates-threats-species-spotlight,Whale movement,Climate Change Escalates Threats to Species in the Spotlight | NOAA Fisheries,fisheries.noaa.gov,verified
FACT-2027-02-15-S07,15,2027-02-15,Biology of Human helps students and the public understand advances in biomedical research relating to human biology.,7,February,Human biology education,Science,helps students and the public better understand advances in biomedical research relating to human biology,high,https://science.education.nih.gov/stem-resources/8,Biomedical research education,STEM Resources | STEM Teaching Resources,science.education.nih.gov,verified
FACT-2027-02-15-S08,15,2027-02-15,"Wildfires can remove vegetation, increase erosion and landslides, and reduce water absorption in Central California Coast coho salmon riparian habitats.",8,February,Wildfire effects on coho habitat,Nature,"“The loss of vegetation from fires can lead to increased erosion, landslides, and reduced water absorption.”",high,https://www.fisheries.noaa.gov/feature-story/climate-change-escalates-threats-species-spotlight,Wildfire impacts,Climate Change Escalates Threats to Species in the Spotlight | NOAA Fisheries,fisheries.noaa.gov,verified
FACT-2027-02-15-S09,15,2027-02-15,The human genome consists of a nuclear genome and a mitochondrial genome.,9,February,Human genome components,Human Body,The human genome consists of two distinct parts: nuclear and mitochondrial.,high,https://www.ncbi.nlm.nih.gov/books/NBK21134/,Genomic organization,The Human Genome - Genomes - NCBI Bookshelf,ncbi.nlm.nih.gov,verified
FACT-2027-02-15-S10,15,2027-02-15,"By December 1837, Morse applied for a federal government appropriation for his telegraph system.",10,February,Morse’s 1837 Application,History,The page states that by December 1837 Morse applied for the federal government’s appropriation.,high,https://www.loc.gov/collections/samuel-morse-papers/articles-and-essays/invention-of-the-telegraph/,Telegraph development,"Invention of the Telegraph | Articles and Essays | Samuel F. B. Morse Papers at the Library of Congress, 1793 to 1919 | Digital Collections | Library of Congress",loc.gov,verified
FACT-2027-02-15-S11,15,2027-02-15,"The world surface area was reported as 130,094,010 square kilometres.",11,February,World surface area,Geography,Surface area (km2) 130 094 010,high,https://unstats.un.org/unsd/publications/pocketbook/files/world-stats-pocketbook-2024.pdf,Surface area,Source page,unstats.un.org,verified
FACT-2027-02-15-S12,15,2027-02-15,Leatherback sea turtles are the largest sea turtles in the world.,12,February,Leatherback sea turtle size,Animals,“Leatherback sea turtles are the largest sea turtles in the world.”,high,https://www.fisheries.noaa.gov/feature-story/climate-change-escalates-threats-species-spotlight,Sea turtle characteristics,Climate Change Escalates Threats to Species in the Spotlight | NOAA Fisheries,fisheries.noaa.gov,verified
FACT-2027-02-15-S13,15,2027-02-15,"When corresponding IMF conversion rates are unavailable, other IMF rates, including official or principal rates, are used.",13,February,Alternative IMF rates,Money & Economics,“When these conversion rates are not available other IMF rates are used (official rates or principal rates).”,high,https://unstats.un.org/UNSD/snaama/,Exchange rate alternatives,National Accounts - Analysis of Main Aggregates (AMA),unstats.un.org,verified
FACT-2027-02-15-S14,15,2027-02-15,"For countries whose exchange rates are not reported by the IMF, the annual average of United Nations operational rates of exchange is applied.",14,February,UN operational rates,Money & Economics,"“For countries whose exchange rates are not reported by the IMF, the annual average of United Nations operational rates of exchange (UNOPs) is applied.”",high,https://unstats.un.org/UNSD/snaama/,United Nations exchange rates,National Accounts - Analysis of Main Aggregates (AMA),unstats.un.org,verified
FACT-2027-02-15-S15,15,2027-02-15,NOAA Fisheries lists a 2020 method for assessing the vulnerability of sea turtles to a changing climate.,15,February,Sea turtle assessment method,Ocean & Marine,“A Method for Assessing the Vulnerability of Sea Turtles to a Changing Climate(2020).”,high,https://www.fisheries.noaa.gov/national/climate-change/climate-vulnerability-assessments,Sea turtle assessment,Climate Vulnerability Assessments | NOAA Fisheries,fisheries.noaa.gov,verified
FACT-2027-02-15-S16,15,2027-02-15,The site provides free STEM education materials for grades pre-K through 12.,16,February,NIH STEM materials,Technology,The free STEM education materials (grades pre-K through 12) on this site,high,https://science.education.nih.gov/stem-resources/8,Education resources,STEM Resources | STEM Teaching Resources,science.education.nih.gov,verified
FACT-2027-02-15-S17,15,2027-02-15,"Mercury, Venus, Earth, and Mars are called terrestrial planets because they have solid surfaces.",17,February,Terrestrial planets,Space,These inner planets also are known as terrestrial planets because they have solid surfaces.,high,https://science.nasa.gov/solar-system/planets/,Planet types,About the Planets,science.nasa.gov,verified
FACT-2027-02-15-S18,15,2027-02-15,Joseph Henry invented a relay system that could regularly boost the strength of an electrical signal.,18,February,Joseph Henry’s Relay,Inventions,The page says Gale showed Morse how to boost signal strength using a relay system Henry had invented.,high,https://www.loc.gov/collections/samuel-morse-papers/articles-and-essays/invention-of-the-telegraph/,Electrical relay,"Invention of the Telegraph | Articles and Essays | Samuel F. B. Morse Papers at the Library of Congress, 1793 to 1919 | Digital Collections | Library of Congress",loc.gov,verified
FACT-2027-02-15-S19,15,2027-02-15,The page identifies an ivory and gold-leaf fan or fly-whisk handle in the form of four female figures as Assyrian and dates it to approximately the eighth–seventh century BCE.,19,February,Assyrian female-figure handle,Ancient Civilizations,"Fan or fly-whisk handle in the form of four female figures; Ivory, gold leaf, Assyrian; ca. 8th–7th century BCE",high,https://www.metmuseum.org/met-publications/assyria-to-iberia-at-the-dawn-of-the-classical-age,Decorative arts,Assyria to Iberia at the Dawn of the Classical Age - The Metropolitan Museum of Art,metmuseum.org,verified
FACT-2027-02-15-S20,15,2027-02-15,Habitat vulnerability assessments assess the vulnerability of living marine resource habitats to changing climate and ocean conditions in a region.,20,February,Habitat assessment scope,Ocean & Marine,“Assesses vulnerability of living marine resource habitats to changing climate and ocean conditions in a region.”,high,https://www.fisheries.noaa.gov/national/climate-change/climate-vulnerability-assessments,Habitat assessment,Climate Vulnerability Assessments | NOAA Fisheries,fisheries.noaa.gov,verified
FACT-2027-02-16-S01,16,2027-02-16,"NOAA Fisheries assesses the vulnerability of fish stocks, protected species, habitats, and fishing communities to changing climate and ocean conditions.",1,February,NOAA vulnerability assessments,Science,"“NOAA Fisheries assesses the vulnerability of fish stocks, protected species (mammals, sea turtles), habitats and fishing communities to changing climate and ocean conditions”",high,https://www.fisheries.noaa.gov/national/climate-change/climate-vulnerability-assessments,Climate assessment,Climate Vulnerability Assessments | NOAA Fisheries,fisheries.noaa.gov,verified
FACT-2027-02-16-S02,16,2027-02-16,"Scientists expect warming oceans, rising sea levels, more frequent and intense floods and droughts, and ocean acidification to increase with continued shifts in the planet’s climate system.",2,February,Expected environmental changes,Nature,"“Scientists expect environmental changes such as warming oceans, rising sea levels, frequency and intensity of floods and droughts, and ocean acidification to increase...”",high,https://www.fisheries.noaa.gov/topic/climate-change,Climate change,Climate Change | NOAA Fisheries,fisheries.noaa.gov,verified
FACT-2027-02-16-S03,16,2027-02-16,The human nuclear genome comprises approximately 3.2 billion DNA nucleotides.,3,February,Nuclear genome size,Human Body,The nuclear genome comprises approximately 3 200 000 000 nucleotides of DNA.,high,https://www.ncbi.nlm.nih.gov/books/NBK21134/,Nuclear genome,The Human Genome - Genomes - NCBI Bookshelf,ncbi.nlm.nih.gov,verified
FACT-2027-02-16-S04,16,2027-02-16,"Queen Victoria opened the Great Exhibition of Works of Industry of All Nations in London's Hyde Park on May 1, 1851.",4,February,The Great Exhibition opened in 1851,History,"On May 1, 1851, Queen Victoria opened the Great Exhibition ... in London's Hyde Park.",high,https://www.loc.gov/exhibits/british/brit-5.html,World exhibitions,Inventions and Discoveries - John Bull and Uncle Sam: Four Centuries of British-American Relations  | Exhibitions (Library of Congress),loc.gov,verified
FACT-2027-02-16-S05,16,2027-02-16,The world population density was reported as 62.6 people per square kilometre in 2024.,5,February,World population density,Geography,"Pop. density (per km2, 2024) 62.6",high,https://unstats.un.org/unsd/publications/pocketbook/files/world-stats-pocketbook-2024.pdf,Population density,Source page,unstats.un.org,verified
FACT-2027-02-16-S06,16,2027-02-16,Leatherback sea turtles are the only species of sea turtle that lack scales and a hard shell.,6,February,Leatherback body structure,Animals,“They are the only species of sea turtle that lack scales and a hard shell.”,high,https://www.fisheries.noaa.gov/feature-story/climate-change-escalates-threats-species-spotlight,Sea turtle anatomy,Climate Change Escalates Threats to Species in the Spotlight | NOAA Fisheries,fisheries.noaa.gov,verified
FACT-2027-02-16-S07,16,2027-02-16,The impacts of changing climate and ocean conditions are expected to increase with continued changes in the planet’s climate system.,7,February,Expected increase in impacts,Science,“These impacts are expected to increase with continued changes in the planet’s climate system.”,high,https://www.fisheries.noaa.gov/national/climate-change/climate-vulnerability-assessments,Climate change effects,Climate Vulnerability Assessments | NOAA Fisheries,fisheries.noaa.gov,verified
FACT-2027-02-16-S08,16,2027-02-16,Coastal habitats provide nursery areas for fish and protected species and protection for people and property from storms and flooding.,8,February,Coastal habitat services,Nature,“Coastal habitats provide important services including nursery areas for fish and protected species and protection for people and property from storms and flooding.”,high,https://www.fisheries.noaa.gov/topic/climate-change,Coastal habitats,Climate Change | NOAA Fisheries,fisheries.noaa.gov,verified
FACT-2027-02-16-S09,16,2027-02-16,"The human nuclear genome is divided into 24 linear DNA molecules, each contained in a different chromosome.",9,February,Human chromosome count,Human Body,"DNA is divided into 24 linear molecules, each contained in a different chromosome.",high,https://www.ncbi.nlm.nih.gov/books/NBK21134/,Chromosomes,The Human Genome - Genomes - NCBI Bookshelf,ncbi.nlm.nih.gov,verified
FACT-2027-02-16-S10,16,2027-02-16,The 1851 Great Exhibition was the first world's fair.,10,February,The Great Exhibition was the first world's fair,History,"The first world's fair, the exhibition brought together...",high,https://www.loc.gov/exhibits/british/brit-5.html,World exhibitions,Inventions and Discoveries - John Bull and Uncle Sam: Four Centuries of British-American Relations  | Exhibitions (Library of Congress),loc.gov,verified
FACT-2027-02-16-S11,16,2027-02-16,"Africa's population was reported as 1,515,141 thousand in 2024.",11,February,Africa population,Geography,"Africa Population (000, 2024) 1 515 141",high,https://unstats.un.org/unsd/publications/pocketbook/files/world-stats-pocketbook-2024.pdf,Population,Source page,unstats.un.org,verified
FACT-2027-02-16-S12,16,2027-02-16,"Warmer nest temperatures produce female leatherback sea turtle hatchlings, while cooler temperatures produce male hatchlings.",12,February,Leatherback hatchling sex,Animals,"“Warmer nest temperatures produce female hatchlings, and cooler temperatures produce male hatchlings.”",high,https://www.fisheries.noaa.gov/feature-story/climate-change-escalates-threats-species-spotlight,Sea turtle reproduction,Climate Change Escalates Threats to Species in the Spotlight | NOAA Fisheries,fisheries.noaa.gov,verified
FACT-2027-02-16-S13,16,2027-02-16,United Nations operational rates of exchange are conversion rates applied in official United Nations transactions with countries.,13,February,UNOP definition,Money & Economics,“The UNOPs are conversion rates that are applied in official transactions of the United Nations with these countries.”,high,https://unstats.un.org/UNSD/snaama/,United Nations exchange rates,National Accounts - Analysis of Main Aggregates (AMA),unstats.un.org,verified
FACT-2027-02-16-S14,16,2027-02-16,"United Nations operational exchange rates are based on official, commercial, and/or tourist exchange rates.",14,February,UNOP rate basis,Money & Economics,"“These exchange rates are based on official, commercial and/or tourist rates of exchange.”",high,https://unstats.un.org/UNSD/snaama/,Exchange rate methodology,National Accounts - Analysis of Main Aggregates (AMA),unstats.un.org,verified
FACT-2027-02-16-S15,16,2027-02-16,Echo sounders measure water depths using sound waves.,15,February,Echo Sounders,Technology,"They used instruments called echo sounders, which measure water depths using sound waves.",high,https://education.nationalgeographic.org/resource/all-about-the-ocean/,Sonar,All About the Ocean,education.nationalgeographic.org,verified
FACT-2027-02-16-S16,16,2027-02-16,Mercury is the planet nearest to the Sun and the smallest planet in the solar system.,16,February,Mercury location and size,Space,"Mercury is the planet nearest to the Sun, and the smallest planet in our solar system.",high,https://science.nasa.gov/solar-system/planets/,Mercury,About the Planets,science.nasa.gov,verified
FACT-2027-02-16-S17,16,2027-02-16,Climate change has a profound effect on life in the oceans.,17,February,Climate effects on oceans,Ocean & Marine,“Climate change has a profound effect on life in the oceans.”,high,https://www.fisheries.noaa.gov/topic/climate-change,Marine ecosystems,Climate Change | NOAA Fisheries,fisheries.noaa.gov,verified
FACT-2027-02-16-S18,16,2027-02-16,Joseph Henry rang a bell at a distance by opening and closing an electric circuit.,18,February,Joseph Henry’s Distant Bell,Inventions,The page states that Henry rang a bell at a distance by opening and closing an electric circuit.,high,https://www.loc.gov/collections/samuel-morse-papers/articles-and-essays/invention-of-the-telegraph/,Electrical signaling,"Invention of the Telegraph | Articles and Essays | Samuel F. B. Morse Papers at the Library of Congress, 1793 to 1919 | Digital Collections | Library of Congress",loc.gov,verified
FACT-2027-02-16-S19,16,2027-02-16,The page identifies a limestone ostracon with a pharaoh spearing a lion and a royal hymn on its back and dates it to approximately 1186–1070 B.C.,19,February,Pharaoh ostracon,Ancient Civilizations,"Ostracon with Pharaoh Spearing a Lion and a Royal Hymn on its Back; Limestone, ink; ca. 1186–1070 B.C.",high,https://www.metmuseum.org/met-publications/assyria-to-iberia-at-the-dawn-of-the-classical-age,Egyptian artifacts,Assyria to Iberia at the Dawn of the Classical Age - The Metropolitan Museum of Art,metmuseum.org,verified
FACT-2027-02-16-S20,16,2027-02-16,"The item is available online as a PDF, image, and online text.",20,February,Online formats,Technology,Online Format: pdf; image; online text.,high,https://www.loc.gov/item/17031949/,Online formats,"The origin and history of the English language, and of the early literature it embodies.  | Library of Congress",loc.gov,verified
FACT-2027-02-17-S01,17,2027-02-17,"Climate vulnerability assessments identify potentially vulnerable species, habitats, or communities based on environmental exposure and their sensitivity or adaptability to projected changes.",1,February,Assessment basis,Science,"“Climate Vulnerability Assessments identify what species, habitats or communities may be most vulnerable based on their exposure to projected changes in the environment and their sensitivity or adaptability”",high,https://www.fisheries.noaa.gov/national/climate-change/climate-vulnerability-assessments,Vulnerability assessment,Climate Vulnerability Assessments | NOAA Fisheries,fisheries.noaa.gov,verified
FACT-2027-02-17-S02,17,2027-02-17,Global average sea level rise has risen by about 7–8 inches since 1900.,2,February,Global average sea level rise has risen by about 7–8 inches since 1900,Nature,“Global average sea level rise has risen by about 7–8 inches since 1900.”,high,https://www.fisheries.noaa.gov/topic/climate-change,Sea-level rise,Climate Change | NOAA Fisheries,fisheries.noaa.gov,verified
FACT-2027-02-17-S03,17,2027-02-17,"The 24 human chromosomes consist of 22 autosomes and two sex chromosomes, X and Y.",3,February,Autosomes and sex chromosomes,Human Body,"These 24 chromosomes consist of 22 autosomes and the two sex chromosomes, X and Y.",high,https://www.ncbi.nlm.nih.gov/books/NBK21134/,Chromosome types,The Human Genome - Genomes - NCBI Bookshelf,ncbi.nlm.nih.gov,verified
FACT-2027-02-17-S04,17,2027-02-17,The book was published in 1883.,4,February,Book publication year,History,"Created / Published: Philadelphia and Chicago, J. A. Ruth & co., 1883.",high,https://www.loc.gov/item/05033747/,Publication history,"Book/Printed Material
                 
            
            
        
        
         
        

        

         The great inventions : their history, from the earliest period to the present. Their influence on civilization, accompanied by sketches of lives of the principal inventors; their labors, their hardships and their triumphs.",loc.gov,verified
FACT-2027-02-17-S05,17,2027-02-17,Louisiana loses a football-field-size area of coastal wetlands to the sea every hour due to rising seas and sinking lands.,5,February,Louisiana wetland loss,Geography,“Louisiana loses a football-field-size area of coastal wetlands to the sea every hour due to rising seas and sinking lands.”,high,https://www.fisheries.noaa.gov/topic/climate-change,Louisiana coastal wetlands,Climate Change | NOAA Fisheries,fisheries.noaa.gov,verified
FACT-2027-02-17-S06,17,2027-02-17,Rice’s whales are only known to live in the Gulf of Mexico.,6,February,Rice’s whale range,Animals,"“Rice’s whales are one of the most endangered whale species in the world, and are only known to live in the Gulf of Mexico.”",high,https://www.fisheries.noaa.gov/feature-story/climate-change-escalates-threats-species-spotlight,Whale distribution,Climate Change Escalates Threats to Species in the Spotlight | NOAA Fisheries,fisheries.noaa.gov,verified
FACT-2027-02-17-S07,17,2027-02-17,Life-history characteristics used in vulnerability assessments include reproductive rates and diet.,7,February,Life-history characteristics,Science,“life history characteristics (such as reproductive rates and diet)”,high,https://www.fisheries.noaa.gov/national/climate-change/climate-vulnerability-assessments,Life history,Climate Vulnerability Assessments | NOAA Fisheries,fisheries.noaa.gov,verified
FACT-2027-02-17-S08,17,2027-02-17,Almost half of the global average sea-level rise since 1900 has occurred since 1993.,8,February,Recent contribution to sea-level rise,Nature,“Almost half of this rise has occurred since 1993...”,high,https://www.fisheries.noaa.gov/topic/climate-change,Sea-level rise,Climate Change | NOAA Fisheries,fisheries.noaa.gov,verified
FACT-2027-02-17-S09,17,2027-02-17,"The human mitochondrial genome is a circular DNA molecule containing 16,569 nucleotides.",9,February,Mitochondrial genome structure,Human Body,The mitochondrial genome is a circular DNA molecule of 16 569 nucleotides.,high,https://www.ncbi.nlm.nih.gov/books/NBK21134/,Mitochondrial genome,The Human Genome - Genomes - NCBI Bookshelf,ncbi.nlm.nih.gov,verified
FACT-2027-02-17-S10,17,2027-02-17,The book was written by Franc B. Wilkie.,10,February,Book author,History,"Names: Wilkie, Franc B. (Franc Bangs), 1832-1892.",high,https://www.loc.gov/item/05033747/,Authorship,"Book/Printed Material
                 
            
            
        
        
         
        

        

         The great inventions : their history, from the earliest period to the present. Their influence on civilization, accompanied by sketches of lives of the principal inventors; their labors, their hardships and their triumphs.",loc.gov,verified
FACT-2027-02-17-S11,17,2027-02-17,The Southern Flow Corridor project restored tidal wetland connectivity to more than 400 acres in the Tillamook estuary.,11,February,Southern Flow Corridor restoration,Geography,"“The Southern Flow Corridor project in Tillamook County, Oregon restored tidal wetland connectivity to more than 400 acres in the Tillamook estuary.”",high,https://www.fisheries.noaa.gov/topic/climate-change,Oregon habitat restoration,Climate Change | NOAA Fisheries,fisheries.noaa.gov,verified
FACT-2027-02-17-S12,17,2027-02-17,"Rice’s whales primarily eat small, high-energy-content schooling fish.",12,February,Rice’s whale diet,Animals,"“They primarily eat small, high-energy content schooling fish.”",high,https://www.fisheries.noaa.gov/feature-story/climate-change-escalates-threats-species-spotlight,Whale diet,Climate Change Escalates Threats to Species in the Spotlight | NOAA Fisheries,fisheries.noaa.gov,verified
FACT-2027-02-17-S13,17,2027-02-17,The United Nations Statistics Division uses price-adjusted rates of exchange as an alternative when a country experiences considerable distortion in conversion rates.,13,February,Price-adjusted exchange rates,Money & Economics,"“In cases where a country experiences considerable distortion in the conversion rates, the United Nations Statistics Division uses price-adjusted rates of exchange (PARE) as an alternative”",high,https://unstats.un.org/UNSD/snaama/,Price-adjusted exchange rates,National Accounts - Analysis of Main Aggregates (AMA),unstats.un.org,verified
FACT-2027-02-17-S14,17,2027-02-17,Conversion based on price-adjusted rates of exchange corrects distorting effects of uneven price changes that are not well reflected in other conversion rates.,14,February,PARE adjustment purpose,Money & Economics,“The conversion based on PARE corrects the distorting effects of uneven price changes that are not well reflected in the other conversion rates.”,high,https://unstats.un.org/UNSD/snaama/,Price-adjusted exchange rates,National Accounts - Analysis of Main Aggregates (AMA),unstats.un.org,verified
FACT-2027-02-17-S15,17,2027-02-17,Venus is the second planet from the Sun and the sixth-largest planet.,15,February,Venus location and size,Space,"Venus is the second planet from the Sun, and the sixth largest planet.",high,https://science.nasa.gov/solar-system/planets/,Venus,About the Planets,science.nasa.gov,verified
FACT-2027-02-17-S16,17,2027-02-17,A number of marine species are shifting poleward at a rate of about 44 miles per decade.,16,February,Marine species movement,Ocean & Marine,“A number of marine species are shifting poleward at a rate of about 44 miles per decade.”,high,https://www.fisheries.noaa.gov/topic/climate-change,Species distribution,Climate Change | NOAA Fisheries,fisheries.noaa.gov,verified
FACT-2027-02-17-S17,17,2027-02-17,James Watt patented an improved version of the steam engine in 1769.,17,February,Watt patented an improved steam engine,Inventions,"In 1769 the Scotsman, James Watt ... patented an improved version of the steam engine.",high,https://www.loc.gov/exhibits/british/brit-5.html,Steam engine,Inventions and Discoveries - John Bull and Uncle Sam: Four Centuries of British-American Relations  | Exhibitions (Library of Congress),loc.gov,verified
FACT-2027-02-17-S18,17,2027-02-17,The Metropolitan Museum page links to a Timeline of Art History essay titled The Phoenicians (1500–300 B.C.).,18,February,Phoenician timeline,Ancient Civilizations,Timeline of Art History | Essay; The Phoenicians (1500–300 B.C.),high,https://www.metmuseum.org/met-publications/assyria-to-iberia-at-the-dawn-of-the-classical-age,Phoenician history,Assyria to Iberia at the Dawn of the Classical Age - The Metropolitan Museum of Art,metmuseum.org,verified
FACT-2027-02-17-S19,17,2027-02-17,The Library of Congress page provides access to 614 images in sequence.,19,February,Image sequence,Technology,View 614 images in sequence.,high,https://www.loc.gov/item/17031949/,Digital imaging,"The origin and history of the English language, and of the early literature it embodies.  | Library of Congress",loc.gov,verified
FACT-2027-02-17-S20,17,2027-02-17,The giant planets in the outer solar system do not have hard surfaces and instead have swirling gases above a core.,20,February,Outer planet surfaces,Space,"The giant planets in the outer solar system don't have hard surfaces. Instead, they have swirling gases above a core.",high,https://science.nasa.gov/solar-system/planets/,Outer planets,About the Planets,science.nasa.gov,verified
FACT-2027-02-18-S01,18,2027-02-18,Vulnerability assessments can help identify areas where additional research and action are needed to reduce risks.,1,February,Research and action priorities,Science,“Vulnerability assessments can help identify areas where additional research and action is needed to reduce risks.”,high,https://www.fisheries.noaa.gov/national/climate-change/climate-vulnerability-assessments,Risk reduction,Climate Vulnerability Assessments | NOAA Fisheries,fisheries.noaa.gov,verified
FACT-2027-02-18-S02,18,2027-02-18,"Relative to the year 2000, sea level rise is likely to rise 1–4 feet by the end of the century.",2,February,Projected sea-level rise,Nature,"“Relative to the year 2000, sea level rise is likely to rise 1–4 feet by the end of the century.”",high,https://www.fisheries.noaa.gov/topic/climate-change,Sea-level projections,Climate Change | NOAA Fisheries,fisheries.noaa.gov,verified
FACT-2027-02-18-S03,18,2027-02-18,Most human somatic cells are diploid and contain 46 chromosomes.,3,February,Somatic cell chromosome number,Human Body,The vast majority of cells are diploid and have ... 46 chromosomes in all.,high,https://www.ncbi.nlm.nih.gov/books/NBK21134/,Somatic cells,The Human Genome - Genomes - NCBI Bookshelf,ncbi.nlm.nih.gov,verified
FACT-2027-02-18-S04,18,2027-02-18,The book concerns the history of inventions.,4,February,Book subject,History,Headings: Inventions--History.,high,https://www.loc.gov/item/05033747/,History of inventions,"Book/Printed Material
                 
            
            
        
        
         
        

        

         The great inventions : their history, from the earliest period to the present. Their influence on civilization, accompanied by sketches of lives of the principal inventors; their labors, their hardships and their triumphs.",loc.gov,verified
FACT-2027-02-18-S05,18,2027-02-18,"The telegraph line funded by Congress connected Washington and Baltimore, forty miles apart.",5,February,Washington–Baltimore Telegraph Line,Geography,"The page says Morse requested funds to build a line from Washington to Baltimore, forty miles away.",high,https://www.loc.gov/collections/samuel-morse-papers/articles-and-essays/invention-of-the-telegraph/,Communication infrastructure,"Invention of the Telegraph | Articles and Essays | Samuel F. B. Morse Papers at the Library of Congress, 1793 to 1919 | Digital Collections | Library of Congress",loc.gov,verified
FACT-2027-02-18-S06,18,2027-02-18,"Winter-run Chinook salmon need access to cold water during summer for successful spawning, egg incubation, and early rearing.",6,February,Winter-run Chinook habitat,Animals,"“The species needs access to cold water during the summer for successful spawning, egg incubation, and early rearing.”",high,https://www.fisheries.noaa.gov/feature-story/climate-change-escalates-threats-species-spotlight,Salmon reproduction,Climate Change Escalates Threats to Species in the Spotlight | NOAA Fisheries,fisheries.noaa.gov,verified
FACT-2027-02-18-S07,18,2027-02-18,"The NOAA Fisheries Vulnerability Assessment Methodology uses species’ life histories, species’ distributions, and projected future climate and ocean conditions.",7,February,Assessment methodology inputs,Science,"“uses information on species’ life histories, species’ distributions, and projected future climate and ocean conditions”",high,https://www.fisheries.noaa.gov/national/climate-change/climate-vulnerability-assessments,Assessment methodology,Climate Vulnerability Assessments | NOAA Fisheries,fisheries.noaa.gov,verified
FACT-2027-02-18-S08,18,2027-02-18,Annual average Arctic sea-ice extent has decreased between 3.5 percent and 4.1 percent per decade since the early 1980s.,8,February,Arctic sea-ice decline,Nature,“Annual average Arctic sea ice extent has decreased between 3.5 percent and 4.1 percent per decade” and “since the early 1980s.”,high,https://www.fisheries.noaa.gov/topic/climate-change,Arctic sea ice,Climate Change | NOAA Fisheries,fisheries.noaa.gov,verified
FACT-2027-02-18-S09,18,2027-02-18,Human gametes are haploid and contain 23 chromosomes.,9,February,Gamete chromosome number,Human Body,Sex cells or gametes ... are haploid and have just 23 chromosomes.,high,https://www.ncbi.nlm.nih.gov/books/NBK21134/,Gametes,The Human Genome - Genomes - NCBI Bookshelf,ncbi.nlm.nih.gov,verified
FACT-2027-02-18-S10,18,2027-02-18,The book has xvi and 687 pages.,10,February,Book length,History,"Medium: xvi, 17-687 p. incl. illus., plates, ports. 23 cm.",high,https://www.loc.gov/item/05033747/,Bibliographic details,"Book/Printed Material
                 
            
            
        
        
         
        

        

         The great inventions : their history, from the earliest period to the present. Their influence on civilization, accompanied by sketches of lives of the principal inventors; their labors, their hardships and their triumphs.",loc.gov,verified
FACT-2027-02-18-S11,18,2027-02-18,The book was published in Philadelphia and Chicago.,11,February,Publication cities,Geography,"Created / Published: Philadelphia and Chicago, J. A. Ruth & co., 1883.",high,https://www.loc.gov/item/05033747/,Publication locations,"Book/Printed Material
                 
            
            
        
        
         
        

        

         The great inventions : their history, from the earliest period to the present. Their influence on civilization, accompanied by sketches of lives of the principal inventors; their labors, their hardships and their triumphs.",loc.gov,verified
FACT-2027-02-18-S12,18,2027-02-18,"The preferred prey of Southern Resident killer whales is salmon, especially threatened and endangered Chinook salmon.",12,February,Southern Resident killer whale prey,Animals,"“Their preferred prey is salmon, especially threatened and endangered Chinook salmon.”",high,https://www.fisheries.noaa.gov/feature-story/climate-change-escalates-threats-species-spotlight,Killer whale diet,Climate Change Escalates Threats to Species in the Spotlight | NOAA Fisheries,fisheries.noaa.gov,verified
FACT-2027-02-18-S13,18,2027-02-18,GDP and other national accounts aggregates expressed in US dollars may be adjusted for certain periods when conversion rates produce unrealistic levels.,13,February,US-dollar aggregate adjustments,Money & Economics,“unrealistic levels in GDP and other national accounts aggregates expressed in US Dollars may have been adjusted for certain time periods”,high,https://unstats.un.org/UNSD/snaama/,GDP measurement,National Accounts - Analysis of Main Aggregates (AMA),unstats.un.org,verified
FACT-2027-02-18-S14,18,2027-02-18,International comparability of national accounts data expressed in US dollars between countries may not be entirely justified.,14,February,Dollar data comparability,Money & Economics,“the international comparability of data expressed in US Dollars between countries may not be entirely justified”,high,https://unstats.un.org/UNSD/snaama/,International data comparability,National Accounts - Analysis of Main Aggregates (AMA),unstats.un.org,verified
FACT-2027-02-18-S15,18,2027-02-18,Coral reefs provide shoreline protection and support fisheries and recreation.,15,February,Coral reef functions,Ocean & Marine,"“Coral reefs, which provide shoreline protection and support fisheries and recreation...”",high,https://www.fisheries.noaa.gov/topic/climate-change,Coral reefs,Climate Change | NOAA Fisheries,fisheries.noaa.gov,verified
FACT-2027-02-18-S16,18,2027-02-18,"John Fitch successfully launched and operated a steam-powered vessel on the Delaware River on August 22, 1787.",16,February,Fitch launched a steam vessel,Inventions,"He successfully launched and operated a steam powered vessel on the Delaware River on August 22, 1787.",high,https://www.loc.gov/exhibits/british/brit-5.html,Steamboats,Inventions and Discoveries - John Bull and Uncle Sam: Four Centuries of British-American Relations  | Exhibitions (Library of Congress),loc.gov,verified
FACT-2027-02-18-S17,18,2027-02-18,"In Europe, Celtic peoples excelled in intricate metalwork",17,February,"In Europe, Celtic peoples excelled in intricate metalwork",Ancient Civilizations,"In Europe, Celtic peoples excelled in intricate metalwork",high,https://www.metmuseum.org/met-publications/the-year-one-art-of-the-ancient-world-east-and-west,Celtic art,The Year One: Art of the Ancient World East and West - The Metropolitan Museum of Art,metmuseum.org,verified
FACT-2027-02-18-S18,18,2027-02-18,"Samuel F. B. Morse electrically transmitted the message ""What hath God wrought?"" from Washington to Baltimore on May 24, 1844.",18,February,Morse’s First Telegraph Message,Technology,"The page states that Morse transmitted the message from Washington to Baltimore on May 24, 1844.",high,https://www.loc.gov/collections/samuel-morse-papers/articles-and-essays/invention-of-the-telegraph/,Telegraph history,"Invention of the Telegraph | Articles and Essays | Samuel F. B. Morse Papers at the Library of Congress, 1793 to 1919 | Digital Collections | Library of Congress",loc.gov,verified
FACT-2027-02-18-S19,18,2027-02-18,Jupiter and Saturn are gas giants.,19,February,Gas giants,Space,Jupiter and Saturn are gas giants.,high,https://science.nasa.gov/solar-system/planets/,Planet types,About the Planets,science.nasa.gov,verified
FACT-2027-02-18-S20,18,2027-02-18,Ocean warming has led to mass bleaching and outbreaks of coral diseases off several U.S. coastlines and territories.,20,February,Coral bleaching and disease,Ocean & Marine,"“Warming has led to mass bleaching and outbreaks of coral diseases off the coastlines of Puerto Rico, the U.S. Virgin Islands, Florida, Hawai‘i, and the U.S.-affiliated Pacific Islands.”",high,https://www.fisheries.noaa.gov/topic/climate-change,Coral reef impacts,Climate Change | NOAA Fisheries,fisheries.noaa.gov,verified
FACT-2027-02-19-S01,19,2027-02-19,"The methodology estimates how climate-related changes could affect fish species’ abundance and, to some extent, their distribution.",1,February,Estimated climate effects,Science,"“estimate vulnerability—specifically, how climate-related changes could affect fish species’ abundance, and to some extent, their distribution.”",high,https://www.fisheries.noaa.gov/national/climate-change/climate-vulnerability-assessments,Species responses,Climate Vulnerability Assessments | NOAA Fisheries,fisheries.noaa.gov,verified
FACT-2027-02-19-S02,19,2027-02-19,Many herbal or dietary supplements come from natural sources.,2,February,Some supplements come from natural sources,Nature,“Although many herbal or dietary supplements ... come from natural sources...”,high,https://www.nccih.nih.gov/health/tips/10-things-to-know-about-the-science-of-health,Natural product sources,10 Things To Know About the Science of Health | NCCIH,nccih.nih.gov,verified
FACT-2027-02-19-S03,19,2027-02-19,Many normal physiological functions and many pathological functions are influenced directly or indirectly by sex-based biological differences.,3,February,Sex-based biology and health,Human Body,"“many normal physiological functions—and, in many cases, pathological functions—are influenced either directly or indirectly by sex-based differences in biology”",high,https://www.ncbi.nlm.nih.gov/books/NBK222294/,Sex differences,1 Introduction,ncbi.nlm.nih.gov,verified
FACT-2027-02-19-S04,19,2027-02-19,"The book includes illustrations, plates, and portraits.",4,February,Book illustrations,History,"Medium: xvi, 17-687 p. incl. illus., plates, ports. 23 cm.",high,https://www.loc.gov/item/05033747/,Book format,"Book/Printed Material
                 
            
            
        
        
         
        

        

         The great inventions : their history, from the earliest period to the present. Their influence on civilization, accompanied by sketches of lives of the principal inventors; their labors, their hardships and their triumphs.",loc.gov,verified
FACT-2027-02-19-S05,19,2027-02-19,"The Metropolitan Museum of Art's Fifth Avenue location is at 1000 Fifth Avenue, New York, New York 10028.",5,February,Metropolitan Museum address,Geography,"The Met Fifth Avenue

1000 Fifth Avenue

New York, NY 10028",high,https://www.metmuseum.org/essays/timeline-of-art-history,Museum locations,Heilbrunn Timeline of Art History - The Metropolitan Museum of Art,metmuseum.org,verified
FACT-2027-02-19-S06,19,2027-02-19,They are moving 5–10 times faster than terrestrial species.,6,February,They are moving 5–10 times faster than terrestrial species,Animals,“They are moving 5–10 times faster than terrestrial species.”,high,https://www.fisheries.noaa.gov/topic/climate-change,Climate-driven movement,Climate Change | NOAA Fisheries,fisheries.noaa.gov,verified
FACT-2027-02-19-S07,19,2027-02-19,Climate vulnerability assessment results are intended to guide research on possible climate impacts on species or groups of interest.,7,February,Assessment results,Science,“The results are intended to guide research on possible climate impacts on species or group of interest”,high,https://www.fisheries.noaa.gov/national/climate-change/climate-vulnerability-assessments,Research guidance,Climate Vulnerability Assessments | NOAA Fisheries,fisheries.noaa.gov,verified
FACT-2027-02-19-S08,19,2027-02-19,Some prescription drugs come from natural sources.,8,February,Some prescription drugs come from natural sources,Nature,“Although many herbal or dietary supplements (and some prescription drugs) come from natural sources...”,high,https://www.nccih.nih.gov/health/tips/10-things-to-know-about-the-science-of-health,Natural product sources,10 Things To Know About the Science of Health | NCCIH,nccih.nih.gov,verified
FACT-2027-02-19-S09,19,2027-02-19,"The biological characteristics of an individual include genetic, physiological, hormonal, environmental, behavioral, and societal influences.",9,February,Biology includes environmental influences,Human Body,"“the ‘biology’ of a given individual therefore includes genetic, physiological, and hormonal effects as well as the environmental, behavioral, and societal influences”",high,https://www.ncbi.nlm.nih.gov/books/NBK222294/,Biological development,1 Introduction,ncbi.nlm.nih.gov,verified
FACT-2027-02-19-S10,19,2027-02-19,The book measures 23 centimeters.,10,February,Book height,History,"Medium: xvi, 17-687 p. incl. illus., plates, ports. 23 cm.",high,https://www.loc.gov/item/05033747/,Physical dimensions,"Book/Printed Material
                 
            
            
        
        
         
        

        

         The great inventions : their history, from the earliest period to the present. Their influence on civilization, accompanied by sketches of lives of the principal inventors; their labors, their hardships and their triumphs.",loc.gov,verified
FACT-2027-02-19-S11,19,2027-02-19,"The North Carolina Department of Health and Human Services incorporated a whole person health approach by integrating physical, behavioral, and social health.",11,February,North Carolina whole person health approach,Geography,"“The North Carolina Department of Health and Human Services has incorporated a whole person health approach into its health care system by focusing on integrating physical, behavioral, and social health.”",high,https://www.nccih.nih.gov/health/whole-person-health-what-it-is-and-why-its-important,North Carolina health policy,Whole Person Health: What It Is and Why It's Important | NCCIH,nccih.nih.gov,verified
FACT-2027-02-19-S12,19,2027-02-19,The blue whale is the largest animal on Earth.,12,February,Blue whale size,Animals,"“the largest animal on Earth, the blue whale”",high,https://www.noaa.gov/education/resource-collections/marine-life,Marine mammals,Marine life | National Oceanic and Atmospheric Administration,noaa.gov,verified
FACT-2027-02-19-S13,19,2027-02-19,The organization contributes to the internationally coordinated development and updating of the System of National Accounts.,13,February,SNA development,Money & Economics,“Contributes to the international coordinated development and updating of the System of National Accounts (SNA).”,high,https://unstats.un.org/UNSD/snaama/,System of National Accounts,National Accounts - Analysis of Main Aggregates (AMA),unstats.un.org,verified
FACT-2027-02-19-S14,19,2027-02-19,The organization collects and disseminates annual national accounts statistics from countries.,14,February,National accounts dissemination,Money & Economics,“Collects and disseminates annual national accounts statistics from countries”,high,https://unstats.un.org/UNSD/snaama/,Economic statistics dissemination,National Accounts - Analysis of Main Aggregates (AMA),unstats.un.org,verified
FACT-2027-02-19-S15,19,2027-02-19,James B. Eads designed the St. Louis iron arch bridge in 1867 and saw it completed in 1874.,15,February,Eads designed the St. Louis Bridge,Inventions,Eads ... designed it in 1867 and saw it through to completion in 1874.,high,https://www.loc.gov/exhibits/british/brit-5.html,Bridge engineering,Inventions and Discoveries - John Bull and Uncle Sam: Four Centuries of British-American Relations  | Exhibitions (Library of Congress),loc.gov,verified
FACT-2027-02-19-S16,19,2027-02-19,A hybrid combining Greco-Roman and age-old Egyptian styles predominated in Egypt during the period around the Year One.,16,February,Egyptian artistic style,Ancient Civilizations,in Egypt a fascinating hybrid combining Greco-Roman and age-old Egyptian styles predominated,high,https://www.metmuseum.org/met-publications/the-year-one-art-of-the-ancient-world-east-and-west,Egyptian art,The Year One: Art of the Ancient World East and West - The Metropolitan Museum of Art,metmuseum.org,verified
FACT-2027-02-19-S17,19,2027-02-19,Many signaling systems before Morse’s electric telegraph were visual semaphore systems using flags or lights.,17,February,Early Semaphore Systems,Technology,The page describes earlier systems as mostly visual or semaphore systems using flags or lights.,high,https://www.loc.gov/collections/samuel-morse-papers/articles-and-essays/invention-of-the-telegraph/,Communication systems,"Invention of the Telegraph | Articles and Essays | Samuel F. B. Morse Papers at the Library of Congress, 1793 to 1919 | Digital Collections | Library of Congress",loc.gov,verified
FACT-2027-02-19-S18,19,2027-02-19,An enormous spinning hexagon in Saturn's northern-hemisphere clouds was first spotted in the 1980s.,18,February,Saturn's northern hexagon,Space,"In Saturn's northern hemisphere, an enormous spinning hexagon in the clouds at its north pole was first spotted in the 1980s.",high,https://science.nasa.gov/solar-system/planets/,Saturn's atmosphere,About the Planets,science.nasa.gov,verified
FACT-2027-02-19-S19,19,2027-02-19,"Oceans, coasts, and estuaries are home to diverse living things.",19,February,Marine habitat diversity,Ocean & Marine,"“Our ocean, coasts, and estuaries are home to diverse living things.”",high,https://www.noaa.gov/education/resource-collections/marine-life,Marine biodiversity,Marine life | National Oceanic and Atmospheric Administration,noaa.gov,verified
FACT-2027-02-19-S20,19,2027-02-19,Benjamin Henry Latrobe learned canal-building techniques in England from engineer John Smeaton.,20,February,Latrobe learned canal building in England,Inventions,"Latrobe ... learned the techniques of canal building in England from engineer, John Smeaton.",high,https://www.loc.gov/exhibits/british/brit-5.html,Canal engineering,Inventions and Discoveries - John Bull and Uncle Sam: Four Centuries of British-American Relations  | Exhibitions (Library of Congress),loc.gov,verified
FACT-2027-02-20-S01,20,2027-02-20,Climate vulnerability assessment results help decision-makers consider how to prepare for and respond to climate-related changes.,1,February,Decision-maker support,Science,“help decision-makers consider how to prepare for and respond to climate-related changes.”,high,https://www.fisheries.noaa.gov/national/climate-change/climate-vulnerability-assessments,Decision support,Climate Vulnerability Assessments | NOAA Fisheries,fisheries.noaa.gov,verified
FACT-2027-02-20-S02,20,2027-02-20,The semi-arid climate of the Southwest contributes to bedrock being exposed at the surface.,2,February,Semi-arid landscape,Nature,"“The semi arid climate that predominates in the Southwest means that instead of tree-covered slopes and thick soils, bedrock is at the surface.”",high,https://www.nps.gov/grca/planyourvisit/upload/life_geology.pdf,Climate and erosion,Journey Through Time: Grand Canyon Geology,nps.gov,verified
FACT-2027-02-20-S03,20,2027-02-20,"Humans are generally sexually dimorphic, with most individuals being chromosomally XX and developmentally female or chromosomally XY and developmentally male.",3,February,Human sexual dimorphism,Human Body,"“With some exceptions, individuals are either chromosomally XX and developmentally female or chromosomally XY and developmentally male.”",high,https://www.ncbi.nlm.nih.gov/books/NBK222294/,Sex chromosomes,1 Introduction,ncbi.nlm.nih.gov,verified
FACT-2027-02-20-S04,20,2027-02-20,The books in this collection are in the public domain.,4,February,Public-domain status,History,The books in this collection are in the public domain and are free to use and reuse.,high,https://www.loc.gov/item/05033747/,Copyright status,"Book/Printed Material
                 
            
            
        
        
         
        

        

         The great inventions : their history, from the earliest period to the present. Their influence on civilization, accompanied by sketches of lives of the principal inventors; their labors, their hardships and their triumphs.",loc.gov,verified
FACT-2027-02-20-S05,20,2027-02-20,Estuaries are areas of water and shoreline where rivers meet the ocean or another large body of water.,5,February,Estuary definition,Geography,“Estuaries are areas of water and shoreline where rivers meet the ocean or another large body of water”,high,https://www.noaa.gov/education/resource-collections/marine-life,Estuaries,Marine life | National Oceanic and Atmospheric Administration,noaa.gov,verified
FACT-2027-02-20-S06,20,2027-02-20,Marine mammals are found in marine ecosystems around the globe.,6,February,Marine mammal distribution,Animals,“Marine mammals are found in marine ecosystems around the globe.”,high,https://www.noaa.gov/education/resource-collections/marine-life,Marine mammals,Marine life | National Oceanic and Atmospheric Administration,noaa.gov,verified
FACT-2027-02-20-S07,20,2027-02-20,William Sturgeon demonstrated an electromagnet lifting nine pounds with a seven-ounce piece of iron.,7,February,Sturgeon's electromagnet lifted nine pounds,Science,Sturgeon displayed its power by lifting nine pounds with a seven-ounce piece of iron.,high,https://www.loc.gov/exhibits/british/brit-5.html,Electromagnetism,Inventions and Discoveries - John Bull and Uncle Sam: Four Centuries of British-American Relations  | Exhibitions (Library of Congress),loc.gov,verified
FACT-2027-02-20-S08,20,2027-02-20,Rain runoff carries grains of rock away in huge floods in the Grand Canyon region.,8,February,Flash-flood erosion,Nature,“rain does not soak into the ground; instead it runs off in huge floods carrying away grains of rock”,high,https://www.nps.gov/grca/planyourvisit/upload/life_geology.pdf,Erosion,Journey Through Time: Grand Canyon Geology,nps.gov,verified
FACT-2027-02-20-S09,20,2027-02-20,Genetic sex and phenotypic sex are distinct concepts.,9,February,Genetic and phenotypic sex,Human Body,“it is important to distinguish between ‘genetic sex’ and ‘phenotypic sex’”,high,https://www.ncbi.nlm.nih.gov/books/NBK222294/,Sex determination,1 Introduction,ncbi.nlm.nih.gov,verified
FACT-2027-02-20-S10,20,2027-02-20,The books in this collection are free to use and reuse.,10,February,Reuse permission,History,The books in this collection are in the public domain and are free to use and reuse.,high,https://www.loc.gov/item/05033747/,Reuse rights,"Book/Printed Material
                 
            
            
        
        
         
        

        

         The great inventions : their history, from the earliest period to the present. Their influence on civilization, accompanied by sketches of lives of the principal inventors; their labors, their hardships and their triumphs.",loc.gov,verified
FACT-2027-02-20-S11,20,2027-02-20,The Colorado River flows 277 river miles (446 km) from Lees Ferry to the Grand Wash Cliffs.,11,February,Colorado River through Grand Canyon,Geography,“The Colorado River flows 277 river miles (446 km) from Lees Ferry to the Grand Wash Cliffs”,high,https://www.nps.gov/grca/planyourvisit/upload/life_geology.pdf,Rivers,Journey Through Time: Grand Canyon Geology,nps.gov,verified
FACT-2027-02-20-S12,20,2027-02-20,"Marine mammals have physical adaptations that allow them to thrive in marine environments with extreme temperatures, depths, pressure, and darkness.",12,February,Marine mammal adaptations,Animals,"“unique physical adaptations that allow them to thrive in the marine environment with extreme temperatures, depths, pressure, and darkness.”",high,https://www.noaa.gov/education/resource-collections/marine-life,Marine mammal adaptations,Marine life | National Oceanic and Atmospheric Administration,noaa.gov,verified
FACT-2027-02-20-S13,20,2027-02-20,"World gross domestic product was listed as 96,698,005 million current US dollars in 2023.",13,February,World GDP,Money & Economics,GDP: Gross domestic product (million current US$) ... 96 698 005,high,https://unstats.un.org/unsd/publications/pocketbook/files/world-stats-pocketbook-2023.pdf,Gross domestic product,Source page,unstats.un.org,verified
FACT-2027-02-20-S14,20,2027-02-20,The world's annual GDP growth rate was listed as 5.9 percent in 2023.,14,February,World GDP growth,Money & Economics,"GDP growth rate (annual %, const. 2015 prices) ... 5.9",high,https://unstats.un.org/unsd/publications/pocketbook/files/world-stats-pocketbook-2023.pdf,Economic growth,Source page,unstats.un.org,verified
FACT-2027-02-20-S15,20,2027-02-20,Palmyra was described as a wealthy center of trade during the period around the Year One.,15,February,Palmyra trade center,Ancient Civilizations,such wealthy centers of trade as Palmyra,high,https://www.metmuseum.org/met-publications/the-year-one-art-of-the-ancient-world-east-and-west,Trade centers,The Year One: Art of the Ancient World East and West - The Metropolitan Museum of Art,metmuseum.org,verified
FACT-2027-02-20-S16,20,2027-02-20,"In the eighteenth century, signal systems used observers who deciphered signals from distant high towers and relayed them to the next station.",16,February,Eighteenth-Century Signal Stations,Technology,The page says an observer deciphered a signal from a high tower on a distant hill and sent it to the next station.,high,https://www.loc.gov/collections/samuel-morse-papers/articles-and-essays/invention-of-the-telegraph/,Optical telegraphy,"Invention of the Telegraph | Articles and Essays | Samuel F. B. Morse Papers at the Library of Congress, 1793 to 1919 | Digital Collections | Library of Congress",loc.gov,verified
FACT-2027-02-20-S17,20,2027-02-20,The planetary system is called the solar system because “solar” describes things related to the Sun and comes from the Latin word “solis.”,17,February,Solar system name,Space,"“Our planetary system is called ‘the solar system’ because we use the word ‘solar’ to describe things related to our star, after the Latin word for Sun, ‘solis.’”",high,https://science.nasa.gov/solar-system/solar-system-facts/,Naming,Solar System: Facts - NASA Science,science.nasa.gov,verified
FACT-2027-02-20-S18,20,2027-02-20,"Toxic spills, oxygen-depleted dead zones, marine debris, increasing ocean temperatures, overfishing, and shoreline development threaten marine life.",18,February,Marine life threats,Ocean & Marine,"“Toxic spills, oxygen-depleted dead zones, marine debris, increasing ocean temperatures, overfishing, and shoreline development are daily threats to marine life.”",high,https://www.noaa.gov/education/resource-collections/marine-life,Marine conservation,Marine life | National Oceanic and Atmospheric Administration,noaa.gov,verified
FACT-2027-02-20-S19,20,2027-02-20,George Stephenson constructed his first locomotive in northern England in 1814.,19,February,Stephenson built an early locomotive,Inventions,"George Stephenson's ... construction, in the north of England, of his first locomotive was in 1814.",high,https://www.loc.gov/exhibits/british/brit-5.html,Railroads,Inventions and Discoveries - John Bull and Uncle Sam: Four Centuries of British-American Relations  | Exhibitions (Library of Congress),loc.gov,verified
FACT-2027-02-20-S20,20,2027-02-20,"The Parthian Empire produced sculpture, ceramics, and precious objects during the period around the Year One.",20,February,Parthian artistic production,Ancient Civilizations,"the mighty Parthian Empire produced a wide range of sculpture, ceramics, and precious objects",high,https://www.metmuseum.org/met-publications/the-year-one-art-of-the-ancient-world-east-and-west,Parthian art,The Year One: Art of the Ancient World East and West - The Metropolitan Museum of Art,metmuseum.org,verified
FACT-2027-02-21-S01,21,2027-02-21,Frederick Griffith observed that live avirulent Streptococcus pneumoniae could acquire virulence after exposure to heat-killed virulent bacteria.,1,February,Griffith transformation,Science,Living harmless bacteria had acquired the ability to make the capsule sugars of the dead bacteria.,high,https://www.ncbi.nlm.nih.gov/books/NBK21134/,Genetic transformation,The Human Genome - Genomes - NCBI Bookshelf,ncbi.nlm.nih.gov,verified
FACT-2027-02-21-S02,21,2027-02-21,Cycles of freezing and thawing widen cracks in rocks and eventually produce rockfalls.,2,February,Freeze-thaw weathering,Nature,"“Cycles of freezing and thawing in the winter widen cracks in the rocks, eventually producing rockfalls.”",high,https://www.nps.gov/grca/planyourvisit/upload/life_geology.pdf,Weathering,Journey Through Time: Grand Canyon Geology,nps.gov,verified
FACT-2027-02-21-S03,21,2027-02-21,"Behavioral habits, hormones, genetics, and environmental influences affect the development of bone mass.",3,February,Bone mass influences,Human Body,"“a variety of factors, including behavioral habits, hormones, genetics, and environmental influences, affect the development of bone mass”",high,https://www.ncbi.nlm.nih.gov/books/NBK222294/,Bone development,1 Introduction,ncbi.nlm.nih.gov,verified
FACT-2027-02-21-S04,21,2027-02-21,The item is held by the Library of Congress.,4,February,Library of Congress location,History,Page header: Library of Congress.,high,https://www.loc.gov/item/05033747/,Library collection,"Book/Printed Material
                 
            
            
        
        
         
        

        

         The great inventions : their history, from the earliest period to the present. Their influence on civilization, accompanied by sketches of lives of the principal inventors; their labors, their hardships and their triumphs.",loc.gov,verified
FACT-2027-02-21-S05,21,2027-02-21,The Colorado River through Grand Canyon averages 300 feet (90 m) in width.,5,February,Colorado River width,Geography,“it averages 300 feet (90 m) wide”,high,https://www.nps.gov/grca/planyourvisit/upload/life_geology.pdf,Rivers,Journey Through Time: Grand Canyon Geology,nps.gov,verified
FACT-2027-02-21-S06,21,2027-02-21,"Marine mammals are classified into four taxonomic groups: cetaceans, pinnipeds, sirenians, and marine fissipeds.",6,February,Marine mammal groups,Animals,“Marine mammals are classified into four different taxonomic groups: cetaceans ... pinnipeds ... sirenians ... and marine fissipeds”,high,https://www.noaa.gov/education/resource-collections/marine-life,Marine mammal taxonomy,Marine life | National Oceanic and Atmospheric Administration,noaa.gov,verified
FACT-2027-02-21-S07,21,2027-02-21,The Hershey-Chase experiment found that DNA entered bacterial cells in greater proportion than phage protein.,7,February,Hershey-Chase experiment,Science,The bacterial pellet contained 70% of the 32P-labeled component ... but only 20% of the 35S-labeled material.,high,https://www.ncbi.nlm.nih.gov/books/NBK21134/,Genetic material,The Human Genome - Genomes - NCBI Bookshelf,ncbi.nlm.nih.gov,verified
FACT-2027-02-21-S08,21,2027-02-21,Dams changed the dynamics of the Colorado River through Grand Canyon and eliminated the large annual floods that carried sediment through the canyon.,8,February,River sediment changes,Nature,"“As a result of these dams, the dynamics of the Colorado River through Grand Canyon changed dramatically. Gone are the large annual floods that carried hundreds of thousands of tons of sediment through the canyon each day.”",high,https://www.nps.gov/grca/planyourvisit/upload/life_geology.pdf,River ecology,Journey Through Time: Grand Canyon Geology,nps.gov,verified
FACT-2027-02-21-S09,21,2027-02-21,Exercise contributes to bone formation.,9,February,Exercise and bone formation,Human Body,"“Exercise and body weight, for example, both contribute to bone formation.”",high,https://www.ncbi.nlm.nih.gov/books/NBK222294/,Bone development,1 Introduction,ncbi.nlm.nih.gov,verified
FACT-2027-02-21-S10,21,2027-02-21,The item is classified as a book or printed material.,10,February,Book format,History,Format: Book/Printed Material.,high,https://www.loc.gov/item/05033747/,Publication format,"Book/Printed Material
                 
            
            
        
        
         
        

        

         The great inventions : their history, from the earliest period to the present. Their influence on civilization, accompanied by sketches of lives of the principal inventors; their labors, their hardships and their triumphs.",loc.gov,verified
FACT-2027-02-21-S11,21,2027-02-21,"From its origins in the Colorado Rockies, the Colorado River drops more than 12,000 feet (3,700 m).",11,February,Colorado River elevation drop,Geography,"“From its origins high in the Colorado Rockies, the river drops more than 12,000 feet (3,700 m)”",high,https://www.nps.gov/grca/planyourvisit/upload/life_geology.pdf,Elevation,Journey Through Time: Grand Canyon Geology,nps.gov,verified
FACT-2027-02-21-S12,21,2027-02-21,"Cetaceans include whales, dolphins, and porpoises.",12,February,Cetacean examples,Animals,"“cetaceans (whales, dolphins, and porpoises)”",high,https://www.noaa.gov/education/resource-collections/marine-life,Cetaceans,Marine life | National Oceanic and Atmospheric Administration,noaa.gov,verified
FACT-2027-02-21-S13,21,2027-02-21,World GDP growth was reported as 3.1 percent in 2024 at constant 2015 prices.,13,February,World GDP growth,Money & Economics,"GDP growth rate (annual %, const. 2015 prices) ... 3.1",high,https://unstats.un.org/unsd/publications/pocketbook/files/world-stats-pocketbook-2024.pdf,Economic growth,Source page,unstats.un.org,verified
FACT-2027-02-21-S14,21,2027-02-21,U.S. fisheries supported 2.1 million jobs and $319 billion in sales impacts in 2023.,14,February,U.S. fisheries economic impact,Money & Economics,“fisheries supported 2.1 million jobs and $319 billion in sales impacts in the United States in 2023.”,high,https://www.fisheries.noaa.gov/topic/climate-change,Fisheries economy,Climate Change | NOAA Fisheries,fisheries.noaa.gov,verified
FACT-2027-02-21-S15,21,2027-02-21,"The young American republic offered a prize of $30,000 for a workable communication system along its Atlantic coast.",15,February,Atlantic Coast Telegraph Prize,Technology,"The page states that the republic wanted such a system along its Atlantic coast and offered $30,000 for a workable proposal.",high,https://www.loc.gov/collections/samuel-morse-papers/articles-and-essays/invention-of-the-telegraph/,Telegraph development,"Invention of the Telegraph | Articles and Essays | Samuel F. B. Morse Papers at the Library of Congress, 1793 to 1919 | Digital Collections | Library of Congress",loc.gov,verified
FACT-2027-02-21-S16,21,2027-02-21,"About 1,000 Earths could fit inside Jupiter if Jupiter were a hollow shell.",16,February,Jupiter volume comparison,Space,"“If Jupiter was a hollow shell, 1,000 Earths could fit inside.”",high,https://science.nasa.gov/solar-system/solar-system-facts/,Planet size,Solar System: Facts - NASA Science,science.nasa.gov,verified
FACT-2027-02-21-S17,21,2027-02-21,Aquatic food webs show how plants and animals are connected through feeding relationships.,17,February,Aquatic food webs,Ocean & Marine,“Aquatic food webs show how plants and animals are connected through feeding relationships.”,high,https://www.noaa.gov/education/resource-collections/marine-life,Food webs,Marine life | National Oceanic and Atmospheric Administration,noaa.gov,verified
FACT-2027-02-21-S18,21,2027-02-21,George Stephenson's first locomotive made its first successful run in 1825.,18,February,Stephenson's locomotive first succeeded in 1825,Inventions,his first successful run was in 1825.,high,https://www.loc.gov/exhibits/british/brit-5.html,Railroads,Inventions and Discoveries - John Bull and Uncle Sam: Four Centuries of British-American Relations  | Exhibitions (Library of Congress),loc.gov,verified
FACT-2027-02-21-S19,21,2027-02-21,"Objects produced by the Parthian Empire served religious, luxury, and everyday purposes.",19,February,Parthian object uses,Ancient Civilizations,served both religious and luxury purposes as well as everyday uses,high,https://www.metmuseum.org/met-publications/the-year-one-art-of-the-ancient-world-east-and-west,Parthian material culture,The Year One: Art of the Ancient World East and West - The Metropolitan Museum of Art,metmuseum.org,verified
FACT-2027-02-21-S20,21,2027-02-21,The idea of using electricity to communicate over distance is said to have occurred to Morse during a shipboard conversation in 1832.,20,February,Morse’s Shipboard Idea,Technology,The page says the idea is said to have occurred to Morse while returning from Europe in 1832.,high,https://www.loc.gov/collections/samuel-morse-papers/articles-and-essays/invention-of-the-telegraph/,Telegraph invention,"Invention of the Telegraph | Articles and Essays | Samuel F. B. Morse Papers at the Library of Congress, 1793 to 1919 | Digital Collections | Library of Congress",loc.gov,verified
FACT-2027-02-22-S01,22,2027-02-22,"DNA is a linear, unbranched polymer made from four chemically distinct nucleotides.",1,February,DNA polymer composition,Science,"DNA is a linear, unbranched polymer in which the monomeric subunits are four chemically distinct nucleotides.",high,https://www.ncbi.nlm.nih.gov/books/NBK21134/,DNA structure,The Human Genome - Genomes - NCBI Bookshelf,ncbi.nlm.nih.gov,verified
FACT-2027-02-22-S02,22,2027-02-22,Great Smoky Mountains National Park is the most biologically diverse national park in the United States.,2,February,Park biodiversity,Nature,It is the most biologically diverse National Park in the United States.,high,https://www.nps.gov/grsm/learn/nature/index.htm,Biodiversity,Nature - Great Smoky Mountains National Park (U.S. National Park Service),nps.gov,verified
FACT-2027-02-22-S03,22,2027-02-22,Females are more likely than males to recover language ability after a left-hemisphere stroke.,3,February,Language recovery after stroke,Human Body,“females are more likely than males to recover language ability after suffering a left-hemisphere stroke”,high,https://www.ncbi.nlm.nih.gov/books/NBK222294/,Neurology,1 Introduction,ncbi.nlm.nih.gov,verified
FACT-2027-02-22-S04,22,2027-02-22,Franc B. Wilkie was born in 1832.,4,February,Author birth year,History,"Names: Wilkie, Franc B. (Franc Bangs), 1832-1892.",high,https://www.loc.gov/item/05033747/,Author biography,"Book/Printed Material
                 
            
            
        
        
         
        

        

         The great inventions : their history, from the earliest period to the present. Their influence on civilization, accompanied by sketches of lives of the principal inventors; their labors, their hardships and their triumphs.",loc.gov,verified
FACT-2027-02-22-S05,22,2027-02-22,"The Colorado River travels 1,450 miles (2,300 km) to the Gulf of California.",5,February,Colorado River journey,Geography,"“on its 1,450-mile (2,300 km) journey to the Gulf of California”",high,https://www.nps.gov/grca/planyourvisit/upload/life_geology.pdf,Rivers,Journey Through Time: Grand Canyon Geology,nps.gov,verified
FACT-2027-02-22-S06,22,2027-02-22,"Pinnipeds include seals, sea lions, and walruses.",6,February,Pinniped examples,Animals,"“pinnipeds (seals, sea lions, and walruses)”",high,https://www.noaa.gov/education/resource-collections/marine-life,Pinnipeds,Marine life | National Oceanic and Atmospheric Administration,noaa.gov,verified
FACT-2027-02-22-S07,22,2027-02-22,Each nucleotide in a DNA polymer is made up of three components.,7,February,Each nucleotide in a DNA polymer is made up of three components,Science,Each nucleotide in a DNA polymer is made up of three components.,high,https://www.ncbi.nlm.nih.gov/books/NBK21134/,Nucleotides,The Human Genome - Genomes - NCBI Bookshelf,ncbi.nlm.nih.gov,verified
FACT-2027-02-22-S08,22,2027-02-22,"More than 19,000 species have been documented in Great Smoky Mountains National Park.",8,February,Documented species,Nature,"Over 19,000 species have been documented in the park",high,https://www.nps.gov/grsm/learn/nature/index.htm,Species diversity,Nature - Great Smoky Mountains National Park (U.S. National Park Service),nps.gov,verified
FACT-2027-02-22-S09,22,2027-02-22,"The source states that females rely on both sides of the brain for certain aspects of language, whereas males predominantly rely on the left hemisphere.",9,February,Sex differences in language processing,Human Body,"“functional magnetic resonance imaging has shown that females rely on both sides of the brain for certain aspects of language, whereas males predominantly rely on the left hemisphere”",high,https://www.ncbi.nlm.nih.gov/books/NBK222294/,Brain function,1 Introduction,ncbi.nlm.nih.gov,verified
FACT-2027-02-22-S10,22,2027-02-22,The book was published in New York by C. Scribner & Co. in 1869.,10,February,Book publication,History,"Created / Published: New York, C. Scribner & co., 1869.",high,https://www.loc.gov/item/17031949/,Book publication,"The origin and history of the English language, and of the early literature it embodies.  | Library of Congress",loc.gov,verified
FACT-2027-02-22-S11,22,2027-02-22,The Colorado Plateau is characterized by mostly flat-lying sedimentary rocks raised thousands of feet above sea level and carved by erosion.,11,February,Colorado Plateau rocks,Geography,"“a region characterized by mostly flat-lying sedimentary rocks that have been raised thousands of feet above sea level, then carved by erosion”",high,https://www.nps.gov/grca/planyourvisit/upload/life_geology.pdf,Geology,Journey Through Time: Grand Canyon Geology,nps.gov,verified
FACT-2027-02-22-S12,22,2027-02-22,Sea turtles breathe air like all reptiles.,12,February,Sea turtle respiration,Animals,"“Sea turtles breathe air, like all reptiles”",high,https://www.noaa.gov/education/resource-collections/marine-life,Sea turtle biology,Marine life | National Oceanic and Atmospheric Administration,noaa.gov,verified
FACT-2027-02-22-S13,22,2027-02-22,The loss of recreational benefits from coral reefs in the United States is expected to reach $140 billion by 2100.,13,February,Coral reef economic loss,Money & Economics,“$140 billion by 2100” and “The loss of the recreational benefits alone from coral reefs in the United States expected by 2100.”,high,https://www.fisheries.noaa.gov/topic/climate-change,Coral reef benefits,Climate Change | NOAA Fisheries,fisheries.noaa.gov,verified
FACT-2027-02-22-S14,22,2027-02-22,A recent study found that habitat restoration created an average of 15 jobs per million dollars spent.,14,February,Habitat restoration employment,Money & Economics,“A recent study found that habitat restoration created on average 15 jobs per million dollars spent.”,high,https://www.fisheries.noaa.gov/topic/climate-change,Habitat restoration,Climate Change | NOAA Fisheries,fisheries.noaa.gov,verified
FACT-2027-02-22-S15,22,2027-02-22,Life is currently known only on Earth.,15,February,Known life,Space,"“So far, we only know of life on Earth.”",high,https://science.nasa.gov/solar-system/solar-system-facts/,Potential for life,Solar System: Facts - NASA Science,science.nasa.gov,verified
FACT-2027-02-22-S16,22,2027-02-22,"Tiny plants and algae are eaten by small animals, which are eaten by larger animals such as fish and birds.",16,February,Food-web sequence,Ocean & Marine,"“Tiny plants and algae get eaten by small animals, which in turn are eaten by larger animals, like fish and birds.”",high,https://www.noaa.gov/education/resource-collections/marine-life,Predator-prey relationships,Marine life | National Oceanic and Atmospheric Administration,noaa.gov,verified
FACT-2027-02-22-S17,22,2027-02-22,William Sturgeon exhibited an electromagnet in 1825.,17,February,Sturgeon exhibited an electromagnet,Inventions,"In 1825, British inventor William Sturgeon ... exhibited ... the electromagnet.",high,https://www.loc.gov/exhibits/british/brit-5.html,Electromagnetism,Inventions and Discoveries - John Bull and Uncle Sam: Four Centuries of British-American Relations  | Exhibitions (Library of Congress),loc.gov,verified
FACT-2027-02-22-S18,22,2027-02-22,The Kushan Empire produced a distinctive early Buddhist art that sometimes incorporated influences from Greece and Rome.,18,February,Kushan Buddhist art,Ancient Civilizations,"the eclectic arts of the Kushan Empire, where a distinctive early Buddhist art sometimes incorporated influences from Greece and Rome",high,https://www.metmuseum.org/met-publications/the-year-one-art-of-the-ancient-world-east-and-west,Kushan art,The Year One: Art of the Ancient World East and West - The Metropolitan Museum of Art,metmuseum.org,verified
FACT-2027-02-22-S19,22,2027-02-22,"After understanding how the electromagnet worked, Morse speculated that a coded message might be sent over a wire.",19,February,Morse’s Coded-Wire Concept,Technology,The page says Morse speculated that it might be possible to send a coded message over a wire.,high,https://www.loc.gov/collections/samuel-morse-papers/articles-and-essays/invention-of-the-telegraph/,Electrical communication,"Invention of the Telegraph | Articles and Essays | Samuel F. B. Morse Papers at the Library of Congress, 1793 to 1919 | Digital Collections | Library of Congress",loc.gov,verified
FACT-2027-02-22-S20,22,2027-02-22,"The solar system includes the Sun, eight planets, five officially named dwarf planets, hundreds of moons, and thousands of asteroids and comets.",20,February,Solar system contents,Space,"“Our solar system includes the Sun, eight planets, five officially named dwarf planets, hundreds of moons, and thousands of asteroids and comets.”",high,https://science.nasa.gov/solar-system/solar-system-facts/,Solar system composition,Solar System: Facts - NASA Science,science.nasa.gov,verified
FACT-2027-02-23-S01,23,2027-02-23,Natural DNA polymerases synthesize DNA only in the 5′→3′ direction.,1,February,DNA synthesis direction,Science,All natural DNA polymerase enzymes are only able to carry out 5′→3′ synthesis.,high,https://www.ncbi.nlm.nih.gov/books/NBK21134/,DNA replication,The Human Genome - Genomes - NCBI Bookshelf,ncbi.nlm.nih.gov,verified
FACT-2027-02-23-S02,23,2027-02-23,"Over 1,500 additional flowering plant species have been identified in the park.",2,February,"Over 1,500 additional flowering plant species have been identified in the park",Nature,"Over 1,500 additional flowering plant species have been identified in the park.",high,https://www.nps.gov/grsm/learn/nature/index.htm,Flowering plants,Nature - Great Smoky Mountains National Park (U.S. National Park Service),nps.gov,verified
FACT-2027-02-23-S03,23,2027-02-23,Females have a greater risk than males of developing life-threatening ventricular arrhythmias in response to certain potassium channel-blocking drugs.,3,February,Drug-induced arrhythmia risk,Human Body,“females have a far greater risk than males of developing life-threatening ventricular arrhythmias in response to a variety of potassium channel-blocking drugs”,high,https://www.ncbi.nlm.nih.gov/books/NBK222294/,Cardiovascular physiology,1 Introduction,ncbi.nlm.nih.gov,verified
FACT-2027-02-23-S04,23,2027-02-23,"The book was written by George P. Marsh, also known as George Perkins Marsh.",4,February,Book author,History,"Names: Marsh, George P. (George Perkins), 1801-1882.",high,https://www.loc.gov/item/17031949/,Authorship,"The origin and history of the English language, and of the early literature it embodies.  | Library of Congress",loc.gov,verified
FACT-2027-02-23-S05,23,2027-02-23,"Shales erode to slopes, while harder sandstones and limestones tend to form cliffs.",5,February,Rock-layer erosion,Geography,"“Shales erode to slopes, while harder sandstones and limestones tend to form cliffs.”",high,https://www.nps.gov/grca/planyourvisit/upload/life_geology.pdf,Rock formations,Journey Through Time: Grand Canyon Geology,nps.gov,verified
FACT-2027-02-23-S06,23,2027-02-23,Six of the seven sea turtle species are found in U.S. waters.,6,February,Sea turtle species in U.S. waters,Animals,"“Of the seven species of sea turtles, six are found in U.S. waters”",high,https://www.noaa.gov/education/resource-collections/marine-life,Sea turtle distribution,Marine life | National Oceanic and Atmospheric Administration,noaa.gov,verified
FACT-2027-02-23-S07,23,2027-02-23,"The sugar in an RNA nucleotide is ribose; RNA contains ribonucleotides, in which the sugar is ribose rather than 2′-deoxyribose.",7,February,"The sugar in an RNA nucleotide is ribose; RNA contains ribonucleotides, in which the sugar",Science,"The sugar in an RNA nucleotide is ribose; RNA contains ribonucleotides, in which the sugar is ribose rather than 2′-deoxyribose.",high,https://www.ncbi.nlm.nih.gov/books/NBK21134/,DNA-RNA differences,The Human Genome - Genomes - NCBI Bookshelf,ncbi.nlm.nih.gov,verified
FACT-2027-02-23-S08,23,2027-02-23,About 25% of the forested area of Great Smoky Mountains National Park is old-growth forest.,8,February,Old-growth forest,Nature,"Almost 95% of the park is forested, and about 25% of that area is old-growth forest.",high,https://www.nps.gov/grsm/learn/nature/index.htm,Forests,Nature - Great Smoky Mountains National Park (U.S. National Park Service),nps.gov,verified
FACT-2027-02-23-S09,23,2027-02-23,Sex steroid hormones influence the activities of specific cardiac ion channels.,9,February,Sex steroid hormones and ion channels,Human Body,“data suggest that sex steroid hormones influence the activities of specific cardiac ion channels”,high,https://www.ncbi.nlm.nih.gov/books/NBK222294/,Cardiac physiology,1 Introduction,ncbi.nlm.nih.gov,verified
FACT-2027-02-23-S10,23,2027-02-23,The lectures composing the volume were delivered at the Lowell Institute in 1860–1861.,10,February,Lecture dates,History,"""The lectures which compose the present volume were delivered at the Lowell institute ... in 1860-1861.""",high,https://www.loc.gov/item/17031949/,Lectures,"The origin and history of the English language, and of the early literature it embodies.  | Library of Congress",loc.gov,verified
FACT-2027-02-23-S11,23,2027-02-23,The extremely hard metamorphic rocks at the bottom of Grand Canyon produce the steep-walled and narrow Inner Gorge.,11,February,Inner Gorge rocks,Geography,“The extremely hard metamorphic rocks at the bottom of the canyon produce the steep-walled and narrow Inner Gorge”,high,https://www.nps.gov/grca/planyourvisit/upload/life_geology.pdf,Canyon geology,Journey Through Time: Grand Canyon Geology,nps.gov,verified
FACT-2027-02-23-S12,23,2027-02-23,Great Smoky Mountains National Park is home to more than 200 species of birds.,12,February,Bird species,Animals,and is home to more than 200 species of birds,high,https://www.nps.gov/grsm/learn/nature/index.htm,Birds,Nature - Great Smoky Mountains National Park (U.S. National Park Service),nps.gov,verified
FACT-2027-02-23-S13,23,2027-02-23,The economic depression following the Panic of 1837 forced Morse to wait before advancing his telegraph project.,13,February,Panic of 1837 Delayed Morse,Money & Economics,The page states that the Panic of 1837 caused a long depression and forced Morse to wait for better times.,high,https://www.loc.gov/collections/samuel-morse-papers/articles-and-essays/invention-of-the-telegraph/,Economic history,"Invention of the Telegraph | Articles and Essays | Samuel F. B. Morse Papers at the Library of Congress, 1793 to 1919 | Digital Collections | Library of Congress",loc.gov,verified
FACT-2027-02-23-S14,23,2027-02-23,The page identifies a gold stater as Lydian and dates it to approximately 560–546 BCE.,14,February,Lydian gold stater,Money & Economics,Gold stater; Lydian; ca. 560–546 BCE,high,https://www.metmuseum.org/met-publications/assyria-to-iberia-at-the-dawn-of-the-classical-age,Ancient coinage,Assyria to Iberia at the Dawn of the Classical Age - The Metropolitan Museum of Art,metmuseum.org,verified
FACT-2027-02-23-S15,23,2027-02-23,Coral reefs are some of the most diverse ecosystems in the world.,15,February,Coral reef diversity,Ocean & Marine,“Coral reefs are some of the most diverse ecosystems in the world.”,high,https://www.noaa.gov/education/resource-collections/marine-life,Coral reefs,Marine life | National Oceanic and Atmospheric Administration,noaa.gov,verified
FACT-2027-02-23-S16,23,2027-02-23,"In 1830, Joseph Henry sent an electric current over one mile of wire to activate an electromagnet that struck a bell.",16,February,Joseph Henry demonstrated long-distance signaling,Inventions,In 1830 ... sending an electronic current over one mile of wire to activate an electromagnet which caused a bell to strike.,high,https://www.loc.gov/exhibits/british/brit-5.html,Telegraphy,Inventions and Discoveries - John Bull and Uncle Sam: Four Centuries of British-American Relations  | Exhibitions (Library of Congress),loc.gov,verified
FACT-2027-02-23-S17,23,2027-02-23,China's empire under the Han dynasty was home to sophisticated arts in every medium.,17,February,Han dynasty arts,Ancient Civilizations,China's great empire under the Han dynasty was home to sophisticated arts in every medium,high,https://www.metmuseum.org/met-publications/the-year-one-art-of-the-ancient-world-east-and-west,Han dynasty art,The Year One: Art of the Ancient World East and West - The Metropolitan Museum of Art,metmuseum.org,verified
FACT-2027-02-23-S18,23,2027-02-23,Leonard D. Gale helped Morse develop his telegraph system by identifying flaws and showing him how to strengthen signals with a relay system.,18,February,Leonard Gale’s Assistance,Technology,The page credits Gale with pointing out flaws and showing Morse how to boost signal strength using a relay system.,high,https://www.loc.gov/collections/samuel-morse-papers/articles-and-essays/invention-of-the-telegraph/,Telegraph engineering,"Invention of the Telegraph | Articles and Essays | Samuel F. B. Morse Papers at the Library of Congress, 1793 to 1919 | Digital Collections | Library of Congress",loc.gov,verified
FACT-2027-02-23-S19,23,2027-02-23,The Kuiper Belt lies past Neptune's orbit and is a ring of icy bodies.,19,February,Kuiper Belt,Space,“The solar system also includes the Kuiper Belt that lies past Neptune's orbit. This is a ring of icy bodies.”,high,https://science.nasa.gov/solar-system/solar-system-facts/,Outer solar system,Solar System: Facts - NASA Science,science.nasa.gov,verified
FACT-2027-02-23-S20,23,2027-02-23,Coral polyps are the animals primarily responsible for building reefs.,20,February,Reef-building animals,Ocean & Marine,"“Coral polyps, the animals primarily responsible for building reefs”",high,https://www.noaa.gov/education/resource-collections/marine-life,Coral biology,Marine life | National Oceanic and Atmospheric Administration,noaa.gov,verified
FACT-2027-02-24-S01,24,2027-02-24,RNA contains uracil instead of the thymine found in DNA.,1,February,DNA and RNA base difference,Science,RNA contains uracil instead of thymine.,high,https://www.ncbi.nlm.nih.gov/books/NBK21134/,DNA-RNA differences,The Human Genome - Genomes - NCBI Bookshelf,ncbi.nlm.nih.gov,verified
FACT-2027-02-24-S02,24,2027-02-24,Average annual rainfall in the park varies from approximately 55 inches in the valleys to over 85 inches on some peaks.,2,February,Annual rainfall,Nature,the average annual rainfall varies from approximately 55 inches in the valleys to over 85 inches on some peaks.,high,https://www.nps.gov/grsm/learn/nature/index.htm,Rainfall,Nature - Great Smoky Mountains National Park (U.S. National Park Service),nps.gov,verified
FACT-2027-02-24-S03,24,2027-02-24,The relapsing intermittent form of multiple sclerosis occurs predominantly in females but has a more severe effect on males.,3,February,Multiple sclerosis sex disparity,Human Body,"“The relapsing intermittent form of multiple sclerosis, for example, occurs predominantly in females but has a more severe effect on males”",high,https://www.ncbi.nlm.nih.gov/books/NBK222294/,Neurological disease,1 Introduction,ncbi.nlm.nih.gov,verified
FACT-2027-02-24-S04,24,2027-02-24,"The book contains xv, 574 pages.",4,February,Book length,History,"Medium: xv, 574 p. 21 cm.",high,https://www.loc.gov/item/17031949/,Bibliographic details,"The origin and history of the English language, and of the early literature it embodies.  | Library of Congress",loc.gov,verified
FACT-2027-02-24-S05,24,2027-02-24,Glen Canyon Dam is upstream of Grand Canyon and Hoover Dam is downstream.,5,February,Grand Canyon dams,Geography,“Dams now bracket Grand Canyon—Glen Canyon Dam (Lake Powell) upstream and Hoover Dam (Lake Mead) downstream.”,high,https://www.nps.gov/grca/planyourvisit/upload/life_geology.pdf,Water infrastructure,Journey Through Time: Grand Canyon Geology,nps.gov,verified
FACT-2027-02-24-S06,24,2027-02-24,Great Smoky Mountains National Park is a center of diversity for salamanders.,6,February,Salamander diversity,Animals,The park is also the center of diversity for salamanders,high,https://www.nps.gov/grsm/learn/nature/index.htm,Salamanders,Nature - Great Smoky Mountains National Park (U.S. National Park Service),nps.gov,verified
FACT-2027-02-24-S07,24,2027-02-24,The DNA double helix is right-handed.,7,February,DNA double helix handedness,Science,The double helix is right-handed.,high,https://www.ncbi.nlm.nih.gov/books/NBK21134/,Double helix,The Human Genome - Genomes - NCBI Bookshelf,ncbi.nlm.nih.gov,verified
FACT-2027-02-24-S08,24,2027-02-24,Yellowstone is one of the most geologically dynamic areas on Earth because of a shallow source of magma and resulting volcanic activity.,8,February,Yellowstone's volcanic activity,Nature,One of the most geologically dynamic areas on Earth due to a shallow source of magma and resulting volcanic activity.,high,https://www.nps.gov/yell/learn/nature/geology.htm,Volcanism,Geology - Yellowstone National Park (U.S. National Park Service),nps.gov,verified
FACT-2027-02-24-S09,24,2027-02-24,"On average, males are taller than females.",9,February,Average height difference,Human Body,"“On average, males are taller than females.”",high,https://www.ncbi.nlm.nih.gov/books/NBK222294/,Physical variation,1 Introduction,ncbi.nlm.nih.gov,verified
FACT-2027-02-24-S10,24,2027-02-24,"The item is part of the Library of Congress Online Catalog, General Collections, and Selected Digitized Books.",10,February,Collection membership,History,Part of: Library of Congress Online Catalog; General Collections; Selected Digitized Books.,high,https://www.loc.gov/item/17031949/,Library collections,"The origin and history of the English language, and of the early literature it embodies.  | Library of Congress",loc.gov,verified
FACT-2027-02-24-S11,24,2027-02-24,The North Rim and South Rim are separated by ten miles (16 km) as the raven flies.,11,February,North and South Rim distance,Geography,“The North Rim and the South Rim are only separated by ten miles (16 km) as the raven flies.”,high,https://www.nps.gov/grca/planyourvisit/upload/life_geology.pdf,Distances,Journey Through Time: Grand Canyon Geology,nps.gov,verified
FACT-2027-02-24-S12,24,2027-02-24,Thirty point twenty-five miles of brook trout habitat have been restored in 13 streams since 1981.,12,February,Brook trout restoration,Animals,We have restored 30.25 miles of brook trout habitat in 13 streams since 1981.,high,https://www.nps.gov/grsm/learn/nature/index.htm,Brook trout conservation,Nature - Great Smoky Mountains National Park (U.S. National Park Service),nps.gov,verified
FACT-2027-02-24-S13,24,2027-02-24,The SI has become the dominant language of international commerce and trade.,13,February,SI and Commerce,Money & Economics,the SI has become the dominant language of international commerce and trade.,high,https://www.nist.gov/pml/fundamental-physical-constants,International trade standards,Fundamental Physical Constants | NIST,nist.gov,verified
FACT-2027-02-24-S14,24,2027-02-24,The building for the 1851 Great Exhibition was known as the Crystal Palace and was devised by Joseph Paxton using iron and glass.,14,February,The Crystal Palace used iron and glass,Inventions,"The building ... nick-named the 'Crystal Palace,' was itself a technological marvel of iron and glass devised by Joseph Paxton.",high,https://www.loc.gov/exhibits/british/brit-5.html,Architecture,Inventions and Discoveries - John Bull and Uncle Sam: Four Centuries of British-American Relations  | Exhibitions (Library of Congress),loc.gov,verified
FACT-2027-02-24-S15,24,2027-02-24,"Semi-nomadic peoples in northern China made metalwork ornaments, often to adorn their horses' gear.",15,February,Northern Chinese metalwork,Ancient Civilizations,"semi-nomadic peoples in northern China made metalwork ornaments, often to adorn the gear for their horses",high,https://www.metmuseum.org/met-publications/the-year-one-art-of-the-ancient-world-east-and-west,Chinese metalwork,The Year One: Art of the Ancient World East and West - The Metropolitan Museum of Art,metmuseum.org,verified
FACT-2027-02-24-S16,24,2027-02-24,"Smithson's legacy amounted to more than 100,000 gold sovereigns.",16,February,Legacy Value,Money & Economics,"Smithson's legacy, which amounted to more than 100,000 gold sovereigns",high,https://www.si.edu/about/history,Historical currency,history,si.edu,verified
FACT-2027-02-24-S17,24,2027-02-24,The page says Morse conducted demonstrations of his telegraph in New York and Washington during the following year.,17,February,The page says Morse conducted demonstrations of his telegraph in New York and Washington d,Technology,The page says Morse conducted demonstrations of his telegraph in New York and Washington during the following year.,high,https://www.loc.gov/collections/samuel-morse-papers/articles-and-essays/invention-of-the-telegraph/,Telegraph demonstrations,"Invention of the Telegraph | Articles and Essays | Samuel F. B. Morse Papers at the Library of Congress, 1793 to 1919 | Digital Collections | Library of Congress",loc.gov,verified
FACT-2027-02-24-S18,24,2027-02-24,The Oort Cloud is a giant spherical shell surrounding the solar system.,18,February,Oort Cloud,Space,“Beyond the fringes of the Kuiper Belt is the Oort Cloud. This giant spherical shell surrounds our solar system.”,high,https://science.nasa.gov/solar-system/solar-system-facts/,Outer solar system,Solar System: Facts - NASA Science,science.nasa.gov,verified
FACT-2027-02-24-S19,24,2027-02-24,"Some corals live in warm, shallow, tropical seas, while others live in the cold, dark depths of the ocean.",19,February,Coral habitats,Ocean & Marine,"“some live in warm, shallow, tropical seas and others in the cold, dark depths of the ocean.”",high,https://www.noaa.gov/education/resource-collections/marine-life,Coral habitats,Marine life | National Oceanic and Atmospheric Administration,noaa.gov,verified
FACT-2027-02-24-S20,24,2027-02-24,An Atlantic cable was successfully laid in 1866 after five expeditions attempted to span the Atlantic between 1857 and 1866.,20,February,The Atlantic cable succeeded in 1866,Inventions,Between 1857 and 1866 five expeditions attempted to span the Atlantic with a cable ... in 1866 success was achieved.,high,https://www.loc.gov/exhibits/british/brit-5.html,Telecommunications,Inventions and Discoveries - John Bull and Uncle Sam: Four Centuries of British-American Relations  | Exhibitions (Library of Congress),loc.gov,verified
FACT-2027-02-25-S01,25,2027-02-25,"In DNA, adenine pairs with thymine and guanine pairs with cytosine.",1,February,DNA base pairing,Science,Base-pairing ... involves ... adenine ... and thymine ... or ... cytosine and ... guanine.,high,https://www.ncbi.nlm.nih.gov/books/NBK21134/,Base pairing,The Human Genome - Genomes - NCBI Bookshelf,ncbi.nlm.nih.gov,verified
FACT-2027-02-25-S02,25,2027-02-25,"Yellowstone has more than 10,000 hydrothermal features, including approximately 500 geysers.",2,February,Yellowstone's hydrothermal features,Nature,"More than 10,000 hydrothermal features, including approximately 500 geysers.",high,https://www.nps.gov/yell/learn/nature/geology.htm,Hydrothermal features,Geology - Yellowstone National Park (U.S. National Park Service),nps.gov,verified
FACT-2027-02-25-S03,25,2027-02-25,Height is influenced by environmental factors such as nutrition.,3,February,Nutrition and height,Human Body,"“height is also influenced by environmental factors, such as nutrition”",high,https://www.ncbi.nlm.nih.gov/books/NBK222294/,Growth and development,1 Introduction,ncbi.nlm.nih.gov,verified
FACT-2027-02-25-S04,25,2027-02-25,The item's Library of Congress Control Number is 17031949.,4,February,Library of Congress identifier,History,Library of Congress Control Number: 17031949.,high,https://www.loc.gov/item/17031949/,Library identification,"The origin and history of the English language, and of the early literature it embodies.  | Library of Congress",loc.gov,verified
FACT-2027-02-25-S05,25,2027-02-25,"The north wall of Grand Canyon rises 1,000 feet (305 m) higher than the South Rim.",5,February,North Rim elevation,Geography,“the north wall of the canyon rises a thousand feet (305 m) higher than the South Rim”,high,https://www.nps.gov/grca/planyourvisit/upload/life_geology.pdf,Elevation,Journey Through Time: Grand Canyon Geology,nps.gov,verified
FACT-2027-02-25-S06,25,2027-02-25,The Flamed Tigersnail emits bioluminescent bubbly orange mucus as a defense mechanism.,6,February,Flamed Tigersnail defense,Animals,The Flamed Tigersnail emits a bioluminescent bubbly orange mucus as a defense mechanism.,high,https://www.nps.gov/grsm/learn/nature/index.htm,Mollusk defenses,Nature - Great Smoky Mountains National Park (U.S. National Park Service),nps.gov,verified
FACT-2027-02-25-S07,25,2027-02-25,There is considerable biological variability within each sex.,7,February,Variability within each sex,Science,“there is also considerable variability within each sex”,high,https://www.ncbi.nlm.nih.gov/books/NBK222294/,Biological variation,1 Introduction,ncbi.nlm.nih.gov,verified
FACT-2027-02-25-S08,25,2027-02-25,The Lyell and Maclure glaciers remain in the highest peaks of Yosemite National Park.,8,February,Modern Yosemite glaciers,Nature,"Currently, two directly adjacent glaciers, the Lyell and Maclure glaciers, remain in the highest peaks of the park.",high,https://www.nps.gov/yose/learn/nature/geology.htm,Glaciers,Geology - Yosemite National Park (U.S. National Park Service),nps.gov,verified
FACT-2027-02-25-S09,25,2027-02-25,"Females are generally more likely than males to be obese, although the size of this sex difference varies among ethnic groups.",9,February,Sex differences in obesity,Human Body,"“Females are generally more likely than males to be obese, but the sex difference is much more striking in some ethnic groups”",high,https://www.ncbi.nlm.nih.gov/books/NBK222294/,Obesity,1 Introduction,ncbi.nlm.nih.gov,verified
FACT-2027-02-25-S10,25,2027-02-25,The item's OCLC Number is 3693614.,10,February,OCLC identifier,History,OCLC Number: 3693614.,high,https://www.loc.gov/item/17031949/,Library identification,"The origin and history of the English language, and of the early literature it embodies.  | Library of Congress",loc.gov,verified
FACT-2027-02-25-S11,25,2027-02-25,The North Rim receives nearly twice the annual precipitation of the South Rim.,11,February,North Rim precipitation,Geography,“giving the North Rim nearly twice the annual precipitation as South Rim”,high,https://www.nps.gov/grca/planyourvisit/upload/life_geology.pdf,Climate,Journey Through Time: Grand Canyon Geology,nps.gov,verified
FACT-2027-02-25-S12,25,2027-02-25,The park has 146 native land snail species.,12,February,Native land snails,Animals,They are one of 146 native land snail species in the park.,high,https://www.nps.gov/grsm/learn/nature/index.htm,Land snails,Nature - Great Smoky Mountains National Park (U.S. National Park Service),nps.gov,verified
FACT-2027-02-25-S13,25,2027-02-25,"After being recoined in U.S. currency, Smithson's gift amounted to more than $500,000.",13,February,Recoinage Value,Money & Economics,"Recoined in U.S. currency, the gift amounted to more than $500,000.",high,https://www.si.edu/about/history,Historical currency,history,si.edu,verified
FACT-2027-02-25-S14,25,2027-02-25,characteristic arts had begun to develop in Korea and Japan,14,February,characteristic arts had begun to develop in Korea and Japan,Ancient Civilizations,characteristic arts had begun to develop in Korea and Japan,high,https://www.metmuseum.org/met-publications/the-year-one-art-of-the-ancient-world-east-and-west,East Asian art,The Year One: Art of the Ancient World East and West - The Metropolitan Museum of Art,metmuseum.org,verified
FACT-2027-02-25-S15,25,2027-02-25,The page describes an automatic sender consisting of a plate with long and short metal bars representing Morse code.,15,February,The page describes an automatic sender consisting of a plate with long and short metal bar,Technology,The page describes an automatic sender consisting of a plate with long and short metal bars representing Morse code.,high,https://www.loc.gov/collections/samuel-morse-papers/articles-and-essays/invention-of-the-telegraph/,Telegraph apparatus,"Invention of the Telegraph | Articles and Essays | Samuel F. B. Morse Papers at the Library of Congress, 1793 to 1919 | Digital Collections | Library of Congress",loc.gov,verified
FACT-2027-02-25-S16,25,2027-02-25,"One astronomical unit is the distance from the Sun to Earth, or about 93 million miles.",16,February,Astronomical unit,Space,"“One astronomical unit (or AU) is the distance from the Sun to Earth, or about 93 million miles (150 million kilometers).”",high,https://science.nasa.gov/solar-system/solar-system-facts/,Distance measurement,Solar System: Facts - NASA Science,science.nasa.gov,verified
FACT-2027-02-25-S17,25,2027-02-25,"Organisms in estuaries must adapt to variations in water chemistry, including salinity.",17,February,Estuary salinity variation,Ocean & Marine,"“Organisms that live in estuaries must be adapted to these dynamic environments, where there are variations in water chemistry including salinity”",high,https://www.noaa.gov/education/resource-collections/marine-life,Estuary ecology,Marine life | National Oceanic and Atmospheric Administration,noaa.gov,verified
FACT-2027-02-25-S18,25,2027-02-25,Alexander Graham Bell invented the telephone.,18,February,Bell invented the telephone,Inventions,Invented by Alexander Graham Bell ... the telephone revolutionized communications...,high,https://www.loc.gov/exhibits/british/brit-5.html,Telephone,Inventions and Discoveries - John Bull and Uncle Sam: Four Centuries of British-American Relations  | Exhibitions (Library of Congress),loc.gov,verified
FACT-2027-02-25-S19,25,2027-02-25,James Smithson's estate totaled half a million dollars.,19,February,Smithson's Estate,Money & Economics,his sizable estate—which totaled half a million dollars,high,https://www.si.edu/about/history,Historical wealth,history,si.edu,verified
FACT-2027-02-25-S20,25,2027-02-25,Elegant bronzework produced in Southeast Asia testified to artistic interchange in that region.,20,February,Southeast Asian bronzework,Ancient Civilizations,The elegant bronzework produced in Southeast Asia testifies to a fertile artistic interchange in that region,high,https://www.metmuseum.org/met-publications/the-year-one-art-of-the-ancient-world-east-and-west,Southeast Asian art,The Year One: Art of the Ancient World East and West - The Metropolitan Museum of Art,metmuseum.org,verified
FACT-2027-02-26-S01,26,2027-02-26,Scientists study many herbal and dietary products to identify potentially active ingredients.,1,February,Scientists study supplement ingredients,Science,“Scientists are studying many of these products to identify what ingredients may be active...”,high,https://www.nccih.nih.gov/health/tips/10-things-to-know-about-the-science-of-health,Health research,10 Things To Know About the Science of Health | NCCIH,nccih.nih.gov,verified
FACT-2027-02-26-S02,26,2027-02-26,The Smithsonian is involved in conserving biodiversity.,2,February,Biodiversity conservation,Nature,The Smithsonian is a global organization actively involved in conserving biodiversity,high,https://www.si.edu/about,Biodiversity conservation,About the Smithsonian | Smithsonian Institution,si.edu,verified
FACT-2027-02-26-S03,26,2027-02-26,"Exceptions to typical male and female chromosomal, gonadal, hormonal, or genital constitutions occur more commonly than most people realize.",3,February,Sex-related biological exceptions,Human Body,"“exceptions are more common than most people realize, resulting in chromosomal, gonadal, hormonal, or genital deviations”",high,https://www.ncbi.nlm.nih.gov/books/NBK222294/,Sex development,1 Introduction,ncbi.nlm.nih.gov,verified
FACT-2027-02-26-S04,26,2027-02-26,Sargon of Akkad founded the Akkadian dynasty in approximately 2340–2285 B.C.,4,February,Akkadian dynasty,History,“With the foundation of the Akkadian dynasty by Sargon of Akkad (r. ca. 2340–2285 B.C.)”,high,https://www.metmuseum.org/essays/art-of-the-first-cities-in-the-third-millennium-b-c,Akkadian Empire,Art of the First Cities in the Third Millennium B.C. - The Metropolitan Museum of Art,metmuseum.org,verified
FACT-2027-02-26-S05,26,2027-02-26,"Grand Canyon resulted from erosion caused by a river incising a high, arid plateau.",5,February,Grand Canyon formation,Geography,"“Grand Canyon is the result of erosion, specifically incision by a river into a high, arid plateau.”",high,https://www.nps.gov/grca/planyourvisit/upload/life_geology.pdf,Canyon formation,Journey Through Time: Grand Canyon Geology,nps.gov,verified
FACT-2027-02-26-S06,26,2027-02-26,Salamanders can sense sound vibrations through the ground with their feet.,6,February,Salamander hearing,Animals,"Salamanders “hear” through their feet! They do not have ears, but can sense sound vibrations through the ground.",high,https://www.nps.gov/grsm/learn/nature/index.htm,Salamander senses,Nature - Great Smoky Mountains National Park (U.S. National Park Service),nps.gov,verified
FACT-2027-02-26-S07,26,2027-02-26,Scientists study herbal and dietary products to better understand their effects in the body.,7,February,Scientists study effects in the body,Science,“Scientists are studying many of these products ... to better understand their effects in the body.”,high,https://www.nccih.nih.gov/health/tips/10-things-to-know-about-the-science-of-health,Health research,10 Things To Know About the Science of Health | NCCIH,nccih.nih.gov,verified
FACT-2027-02-26-S08,26,2027-02-26,"Smithsonian Gardens has a collection of more than 8,000 orchid specimens, including species and hybrids.",8,February,Smithsonian orchid collection,Nature,"“a significant collection of over 8,000 orchids specimens, both species and hybrids”",high,https://www.si.edu/newsdesk/factsheets/smithsonian-collections,Botanical collections,Source page,si.edu,verified
FACT-2027-02-26-S09,26,2027-02-26,Taking a prescription drug and a dietary supplement together may increase the drug’s effects.,9,February,Drug and supplement effects may increase,Human Body,“Sometimes taking a prescription drug and dietary supplement together may increase the drug’s effects.”,high,https://www.nccih.nih.gov/health/tips/10-things-to-know-about-the-science-of-health,Drug-supplement interactions,10 Things To Know About the Science of Health | NCCIH,nccih.nih.gov,verified
FACT-2027-02-26-S10,26,2027-02-26,The Akkadian kings created what the source identifies as the world’s first empire.,10,February,First empire,History,“The Akkadian kings created the world’s first empire”,high,https://www.metmuseum.org/essays/art-of-the-first-cities-in-the-third-millennium-b-c,Empires,Art of the First Cities in the Third Millennium B.C. - The Metropolitan Museum of Art,metmuseum.org,verified
FACT-2027-02-26-S11,26,2027-02-26,"The Kaibab Plateau is more than 7,000 feet (2,100 m) above sea level.",11,February,Grand Canyon elevation,Geography,"“the Kaibab Plateau which is more than 7,000 feet (2,100 m) above sea level”",high,https://www.nps.gov/grca/planyourvisit/upload/life_geology.pdf,Elevation,Journey Through Time: Grand Canyon Geology,nps.gov,verified
FACT-2027-02-26-S12,26,2027-02-26,The Smithsonian Institution includes the National Zoo.,12,February,National Zoo,Animals,and the National Zoo,high,https://www.si.edu/about,Zoos,About the Smithsonian | Smithsonian Institution,si.edu,verified
FACT-2027-02-26-S13,26,2027-02-26,The Morse telegraph receiver used an electromagnet and stylus to make impressions in a moving paper tape.,13,February,Telegraph Receiver,Technology,The page states that the receiver used an electromagnet with a stylus that made dents in paper tape.,high,https://www.loc.gov/collections/samuel-morse-papers/articles-and-essays/invention-of-the-telegraph/,Telegraph apparatus,"Invention of the Telegraph | Articles and Essays | Samuel F. B. Morse Papers at the Library of Congress, 1793 to 1919 | Digital Collections | Library of Congress",loc.gov,verified
FACT-2027-02-26-S14,26,2027-02-26,The solar system formed about 4.6 billion years ago from a dense cloud of interstellar gas and dust.,14,February,Solar system formation,Space,“Our solar system formed about 4.6 billion years ago from a dense cloud of interstellar gas and dust.”,high,https://science.nasa.gov/solar-system/solar-system-facts/,Formation,Solar System: Facts - NASA Science,science.nasa.gov,verified
FACT-2027-02-26-S15,26,2027-02-26,Estuaries are productive ecosystems that receive nutrients from both bodies of water.,15,February,Estuary productivity,Ocean & Marine,“estuaries are also very productive ecosystems. They receive nutrients from both bodies of water”,high,https://www.noaa.gov/education/resource-collections/marine-life,Estuary productivity,Marine life | National Oceanic and Atmospheric Administration,noaa.gov,verified
FACT-2027-02-26-S16,26,2027-02-26,The Smithsonian launched a $2.5 billion campaign in 2024.,16,February,Smithsonian campaign,Money & Economics,“The Smithsonian launched a $2.5 billion campaign in 2024.”,high,https://www.si.edu/newsdesk/factsheets/facts-about-smithsonian-institution-short,Fundraising,facts-about-smithsonian-institution-short,si.edu,verified
FACT-2027-02-26-S17,26,2027-02-26,Henry Bessemer patented a process in the mid-1850s for cheaply and rapidly converting pig iron into steel.,17,February,Bessemer patented steel conversion,Inventions,In the mid 1850s the English inventor Henry Bessemer ... patented a process for cheaply and rapidly converting pig iron into steel.,high,https://www.loc.gov/exhibits/british/brit-5.html,Steelmaking,Inventions and Discoveries - John Bull and Uncle Sam: Four Centuries of British-American Relations  | Exhibitions (Library of Congress),loc.gov,verified
FACT-2027-02-26-S18,26,2027-02-26,The Metropolitan Museum of Art lists a Roman silver skyphos dating to the mid-1st century BCE.,18,February,Roman silver skyphos,Ancient Civilizations,"Silver skyphos (drinking cup); Silver, Roman; mid-1st century BCE",high,https://www.metmuseum.org/met-publications/the-year-one-art-of-the-ancient-world-east-and-west,Roman objects,The Year One: Art of the Ancient World East and West - The Metropolitan Museum of Art,metmuseum.org,verified
FACT-2027-02-26-S19,26,2027-02-26,Ezra Cornell suggested stringing telegraph wires overhead on trees and poles as the fastest and cheapest way to connect Washington and Baltimore.,19,February,Overhead Telegraph Wires,Technology,The page states that Cornell suggested overhead wires on trees and poles as the fastest and cheapest connection method.,high,https://www.loc.gov/collections/samuel-morse-papers/articles-and-essays/invention-of-the-telegraph/,Telegraph infrastructure,"Invention of the Telegraph | Articles and Essays | Samuel F. B. Morse Papers at the Library of Congress, 1793 to 1919 | Digital Collections | Library of Congress",loc.gov,verified
FACT-2027-02-26-S20,26,2027-02-26,The Sun eventually amassed more than 99 percent of the available matter during the solar system's formation.,20,February,Sun's matter share,Space,"“Our Sun was born, and it eventually amassed more than 99% of the available matter.”",high,https://science.nasa.gov/solar-system/solar-system-facts/,Formation,Solar System: Facts - NASA Science,science.nasa.gov,verified
FACT-2027-02-27-S01,27,2027-02-27,Clinical trials testing whether a treatment is useful and safe in humans may vary in size and type.,1,February,Clinical trials vary,Science,“Clinical trials to test whether a treatment is useful and safe in humans may vary in size and type.”,high,https://www.nccih.nih.gov/health/tips/10-things-to-know-about-the-science-of-health,Clinical trials,10 Things To Know About the Science of Health | NCCIH,nccih.nih.gov,verified
FACT-2027-02-27-S02,27,2027-02-27,Kīlauea is described as one of the world's most active volcanoes.,2,February,Kīlauea eruptions,Nature,"“Kīlauea, one of the world's most active volcanoes”",high,https://www.usgs.gov/,Volcanoes,USGS.gov | Science for a changing world,usgs.gov,verified
FACT-2027-02-27-S03,27,2027-02-27,"When a prescription drug’s effects become too strong, unwanted side effects may increase.",3,February,Drug effects may become too strong,Human Body,"“The drug’s effects may become too strong, and unwanted side effects may increase.”",high,https://www.nccih.nih.gov/health/tips/10-things-to-know-about-the-science-of-health,Drug-supplement interactions,10 Things To Know About the Science of Health | NCCIH,nccih.nih.gov,verified
FACT-2027-02-27-S04,27,2027-02-27,"At its height, the Akkadian Empire united Mesopotamia, parts of western Syria and Anatolia, and Iran.",4,February,Akkadian imperial extent,History,"“at the height of its power united an area that included not only Mesopotamia but also parts of western Syria and Anatolia, and Iran”",high,https://www.metmuseum.org/essays/art-of-the-first-cities-in-the-third-millennium-b-c,Akkadian Empire,Art of the First Cities in the Third Millennium B.C. - The Metropolitan Museum of Art,metmuseum.org,verified
FACT-2027-02-27-S05,27,2027-02-27,Great Smoky Mountains National Park encompasses over 800 square miles.,5,February,Park area,Geography,Encompassing over 800 square miles in the Southern Appalachian Mountains,high,https://www.nps.gov/grsm/learn/nature/index.htm,Protected area,Nature - Great Smoky Mountains National Park (U.S. National Park Service),nps.gov,verified
FACT-2027-02-27-S06,27,2027-02-27,"The Smithsonian’s largest single collection is the National Museum of Natural History’s invertebrate zoology collection, with more than 49.8 million specimens.",6,February,Largest Smithsonian collection,Animals,“The largest single collection is Natural History’s invertebrate zoology collection with more than 49.8 million specimens”,high,https://www.si.edu/newsdesk/factsheets/smithsonian-collections,Invertebrate zoology,Source page,si.edu,verified
FACT-2027-02-27-S07,27,2027-02-27,Estuaries can support a variety of life.,7,February,Estuary biodiversity,Ocean & Marine,“can support a variety of life.”,high,https://www.noaa.gov/education/resource-collections/marine-life,Estuary biodiversity,Marine life | National Oceanic and Atmospheric Administration,noaa.gov,verified
FACT-2027-02-27-S08,27,2027-02-27,The Smithsonian’s current federal appropriation is more than $1 billion.,8,February,Federal appropriation,Money & Economics,“The Smithsonian’s current federal appropriation is more than $1 billion.”,high,https://www.si.edu/newsdesk/factsheets/facts-about-smithsonian-institution-short,Federal funding,facts-about-smithsonian-institution-short,si.edu,verified
FACT-2027-02-27-S09,27,2027-02-27,Thomas Edison's Vitascope accomplished the transition from the peep show to projecting images over a distance in the 1890s.,9,February,The Vitascope projected images,Inventions,"the transition from the 'peep show' to the projection of images over a distance, accomplished in the 1890s by Thomas A. Edison's ... Vitascope",high,https://www.loc.gov/exhibits/british/brit-5.html,Motion pictures,Inventions and Discoveries - John Bull and Uncle Sam: Four Centuries of British-American Relations  | Exhibitions (Library of Congress),loc.gov,verified
FACT-2027-02-27-S10,27,2027-02-27,"The Metropolitan Museum of Art lists a marble portrait bust of the emperor Gaius, known as Caligula, dating to 37–41 CE.",10,February,Roman portrait of Caligula,Ancient Civilizations,"Marble portrait bust of the emperor Gaius, known as Caligula; Marble, Roman; 37–41 CE",high,https://www.metmuseum.org/met-publications/the-year-one-art-of-the-ancient-world-east-and-west,Roman portraiture,The Year One: Art of the Ancient World East and West - The Metropolitan Museum of Art,metmuseum.org,verified
FACT-2027-02-27-S11,27,2027-02-27,Well-planned clinical trials give the clearest information about whether a treatment is effective and safe.,11,February,Well-planned trials provide clearer information,Science,“Well-planned clinical trials give the clearest information about whether a treatment is effective and safe.”,high,https://www.nccih.nih.gov/health/tips/10-things-to-know-about-the-science-of-health,Clinical trials,10 Things To Know About the Science of Health | NCCIH,nccih.nih.gov,verified
FACT-2027-02-27-S12,27,2027-02-27,"Great Sitkin had an Orange Watch volcano alert listed on March 27, 2026, at 21:15:39 UTC.",12,February,Great Sitkin alert,Nature,“Great Sitkin” and “ORANGE - WATCH” followed by “2026-03-27 21:15:39 (UTC)”,high,https://www.usgs.gov/,Volcano alerts,USGS.gov | Science for a changing world,usgs.gov,verified
FACT-2027-02-27-S13,27,2027-02-27,A decrease in a drug’s effects can mean that a person does not receive the full benefit intended by their health care provider.,13,February,Reduced drug effects may reduce benefit,Human Body,“This means that you aren’t getting the full benefit from the drug that your health care provider wants you to have.”,high,https://www.nccih.nih.gov/health/tips/10-things-to-know-about-the-science-of-health,Drug-supplement interactions,10 Things To Know About the Science of Health | NCCIH,nccih.nih.gov,verified
FACT-2027-02-27-S14,27,2027-02-27,"The Heilbrunn Timeline of Art History presents a thematic, chronological, and geographical exploration of global art history through The Metropolitan Museum of Art collection.",14,February,Timeline scope,History,"presents a thematic, chronological, and geographical exploration of global art history through The Met collection",high,https://www.metmuseum.org/essays/timeline-of-art-history,Art history,Heilbrunn Timeline of Art History - The Metropolitan Museum of Art,metmuseum.org,verified
FACT-2027-02-27-S15,27,2027-02-27,The Smoky Mountains formed perhaps 200–300 million years ago.,15,February,Mountain age,Geography,"The Smokies are one of the oldest mountain ranges in the world, formed perhaps 200-300 million years ago.",high,https://www.nps.gov/grsm/learn/nature/index.htm,Mountain formation,Nature - Great Smoky Mountains National Park (U.S. National Park Service),nps.gov,verified
FACT-2027-02-27-S16,27,2027-02-27,The Fairfly wasp is listed as measuring 0.0067 of an inch.,16,February,Smallest listed collection item,Animals,“the Fairfly wasp at .0067 of an inch”,high,https://www.si.edu/newsdesk/factsheets/smithsonian-collections,Insects,Source page,si.edu,verified
FACT-2027-02-27-S17,27,2027-02-27,The page describes the successful link between those two locations.,17,February,The page describes the successful link between those two locations,Technology,The page describes the successful link between those two locations.,high,https://www.loc.gov/collections/samuel-morse-papers/articles-and-essays/invention-of-the-telegraph/,Telegraph infrastructure,"Invention of the Telegraph | Articles and Essays | Samuel F. B. Morse Papers at the Library of Congress, 1793 to 1919 | Digital Collections | Library of Congress",loc.gov,verified
FACT-2027-02-27-S18,27,2027-02-27,"The National Air and Space Museum collection includes full-size planes, missiles, satellites, and spacecraft.",18,February,National Air and Space Museum collection,Space,"“Collection includes full-size planes, missiles, satellites, spacecraft”",high,https://www.si.edu/newsdesk/factsheets/smithsonian-collections,Aviation and space artifacts,Source page,si.edu,verified
FACT-2027-02-27-S19,27,2027-02-27,Sea turtles inhabit tropical and subtropical ocean waters around the world.,19,February,Sea turtle habitat,Ocean & Marine,“inhabit tropical and subtropical ocean waters around the world.”,high,https://www.noaa.gov/education/resource-collections/marine-life,Sea turtle habitats,Marine life | National Oceanic and Atmospheric Administration,noaa.gov,verified
FACT-2027-02-27-S20,27,2027-02-27,The Smithsonian is about 62% federally funded.,20,February,Federal funding share,Money & Economics,“The Institution is about 62% federally funded.”,high,https://www.si.edu/newsdesk/factsheets/facts-about-smithsonian-institution-short,Institutional funding,facts-about-smithsonian-institution-short,si.edu,verified
FACT-2027-02-28-S01,28,2027-02-28,Clinical trials are usually conducted after smaller preliminary studies have shown some promise that a treatment may be helpful.,1,February,Clinical trials often follow preliminary studies,Science,“They’re usually done only after smaller preliminary studies have shown some promise that the treatment may be helpful.”,high,https://www.nccih.nih.gov/health/tips/10-things-to-know-about-the-science-of-health,Clinical trials,10 Things To Know About the Science of Health | NCCIH,nccih.nih.gov,verified
FACT-2027-02-28-S02,28,2027-02-28,A few large regional earthquakes greater than magnitude 6 are considered related to a subsequent eruption or unrest at a nearby volcano.,2,February,Earthquakes and eruptions,Nature,“A few large regional earthquakes (greater than magnitude 6) are considered to be related to a subsequent eruption or to some type of unrest at a nearby volcano.”,high,https://www.usgs.gov/faqs/can-earthquakes-trigger-volcanic-eruptions,Volcanic activity,Can earthquakes trigger volcanic eruptions? | U.S. Geological Survey,usgs.gov,verified
FACT-2027-02-28-S03,28,2027-02-28,The American movie The Jazz Singer introduced the talking picture in 1927.,3,February,The Jazz Singer introduced talking pictures,Inventions,"the talking picture, introduced in the American movie the Jazz Singer in 1927.",high,https://www.loc.gov/exhibits/british/brit-5.html,Motion pictures,Inventions and Discoveries - John Bull and Uncle Sam: Four Centuries of British-American Relations  | Exhibitions (Library of Congress),loc.gov,verified
FACT-2027-02-28-S04,28,2027-02-28,The term “natural” does not always mean that a product is safe.,4,February,Natural does not always mean safe,Human Body,“‘Natural’ does not always mean ‘safe.’”,high,https://www.nccih.nih.gov/health/tips/10-things-to-know-about-the-science-of-health,Natural products,10 Things To Know About the Science of Health | NCCIH,nccih.nih.gov,verified
FACT-2027-02-28-S05,28,2027-02-28,The Heilbrunn Timeline of Art History is authored by experts from The Metropolitan Museum of Art.,5,February,Timeline authorship,History,Authored by The Met’s experts,high,https://www.metmuseum.org/essays/timeline-of-art-history,Art scholarship,Heilbrunn Timeline of Art History - The Metropolitan Museum of Art,metmuseum.org,verified
FACT-2027-02-28-S06,28,2027-02-28,"Elevations in Great Smoky Mountains National Park range from approximately 850 to 6,643 feet.",6,February,Elevation range,Geography,"Elevations in the park range from approximately 850 to 6,643 feet.",high,https://www.nps.gov/grsm/learn/nature/index.htm,Elevation,Nature - Great Smoky Mountains National Park (U.S. National Park Service),nps.gov,verified
FACT-2027-02-28-S07,28,2027-02-28,The National Museum of Natural History’s entomology collection includes all 30 known orders of insects.,7,February,Insect orders represented,Animals,“collection includes all 30 of the known orders of insects”,high,https://www.si.edu/newsdesk/factsheets/smithsonian-collections,Entomology,Source page,si.edu,verified
FACT-2027-02-28-S08,28,2027-02-28,Egyptian art around Year One combined Greco-Roman and ancient Egyptian styles.,8,February,Egyptian artistic hybrid,Ancient Civilizations,“in Egypt a fascinating hybrid combining Greco-Roman and age-old Egyptian styles predominated.”,high,https://www.metmuseum.org/toah/hd/yron/hd/_yron.htm,Egyptian art,The Year One - The Metropolitan Museum of Art,metmuseum.org,verified
FACT-2027-02-28-S09,28,2027-02-28,"Within Morse’s lifetime, telegraph lines connected the continents of Europe and America.",9,February,Telegraph Networks Across Continents,Technology,The page states that telegraph lines extended westward and connected Europe and America within Morse’s lifetime.,high,https://www.loc.gov/collections/samuel-morse-papers/articles-and-essays/invention-of-the-telegraph/,Global communications,"Invention of the Telegraph | Articles and Essays | Samuel F. B. Morse Papers at the Library of Congress, 1793 to 1919 | Digital Collections | Library of Congress",loc.gov,verified
FACT-2027-02-28-S10,28,2027-02-28,New Deep Ice Seismometers were installed at the South Pole.,10,February,South Pole seismometers,Space,“Installation of new Deep Ice Seismometers at the South Pole”,high,https://www.usgs.gov/,Seismology,USGS.gov | Science for a changing world,usgs.gov,verified
FACT-2027-02-28-S11,28,2027-02-28,About 800 miles of streams in the Smokies contain fish.,11,February,Fish-bearing streams,Ocean & Marine,but only about 800 miles contain fish.,high,https://www.nps.gov/grsm/learn/nature/index.htm,Freshwater fish habitat,Nature - Great Smoky Mountains National Park (U.S. National Park Service),nps.gov,verified
FACT-2027-02-28-S12,28,2027-02-28,An estimate reported 28.3 trillion cubic feet of gas and 1.6 billion barrels of oil in New Mexico and Texas.,12,February,New Mexico and Texas resource estimates,Money & Economics,"“28.3 trillion cubic feet of gas, 1.6 billion barrels of oil estimated in New Mexico, Texas”",high,https://www.usgs.gov/,Energy resources,USGS.gov | Science for a changing world,usgs.gov,verified
FACT-2027-02-28-S13,28,2027-02-28,Larger studies can increase the accuracy of findings and reduce the probability that an observed effect was due to chance.,13,February,Larger studies can reduce chance findings,Science,“Larger studies can increase the accuracy of the study findings and reduce the probability that any effect observed in the study was due to chance.”,high,https://www.nccih.nih.gov/health/tips/10-things-to-know-about-the-science-of-health,Study size and evidence,10 Things To Know About the Science of Health | NCCIH,nccih.nih.gov,verified
FACT-2027-02-28-S14,28,2027-02-28,A nearby tectonic earthquake can trigger a volcano into eruption only when the volcano is already poised to erupt.,14,February,Conditions for earthquake-triggered eruptions,Nature,“Volcanoes can only be triggered into eruption by nearby tectonic earthquakes if they are already poised to erupt.”,high,https://www.usgs.gov/faqs/can-earthquakes-trigger-volcanic-eruptions,Volcanic eruptions,Can earthquakes trigger volcanic eruptions? | U.S. Geological Survey,usgs.gov,verified
FACT-2027-02-28-S15,28,2027-02-28,"The first successful manned flight occurred at Kitty Hawk, North Carolina, on December 17, 1903.",15,February,The first successful manned flight occurred in 1903,Inventions,"Orville Wright's diary entry of December 17, 1903, describing the first successful manned flight at Kitty Hawk, North Carolina.",high,https://www.loc.gov/exhibits/british/brit-5.html,Aviation,Inventions and Discoveries - John Bull and Uncle Sam: Four Centuries of British-American Relations  | Exhibitions (Library of Congress),loc.gov,verified
FACT-2027-02-28-S16,28,2027-02-28,Whole person health considers the whole person rather than separate organs or body systems.,16,February,Whole person health definition,Human Body,“Whole person health involves looking at the whole person—not just separate organs or body systems”,high,https://www.nccih.nih.gov/health/whole-person-health-what-it-is-and-why-its-important,Holistic health,Whole Person Health: What It Is and Why It's Important | NCCIH,nccih.nih.gov,verified
FACT-2027-02-28-S17,28,2027-02-28,"The Heilbrunn Timeline of Art History is a reference, research, and teaching tool for students and scholars of art history.",17,February,Timeline function,History,"the digital publication is a reference, research, and teaching tool conceived for students and scholars of art history",high,https://www.metmuseum.org/essays/timeline-of-art-history,Art education,Heilbrunn Timeline of Art History - The Metropolitan Museum of Art,metmuseum.org,verified
FACT-2027-02-28-S18,28,2027-02-28,"The Smokies contain 2,900 miles of streams.",18,February,Stream mileage,Geography,"There are 2,900 miles of streams in the Smokies",high,https://www.nps.gov/grsm/learn/nature/index.htm,Streams,Nature - Great Smoky Mountains National Park (U.S. National Park Service),nps.gov,verified
FACT-2027-02-28-S19,28,2027-02-28,"The National Zoological Park has a living collection of 3,134 animals.",19,February,National Zoo animal count,Animals,"“National Zoological Park— 3,134 animals”",high,https://www.si.edu/newsdesk/factsheets/smithsonian-collections,Zoos,Source page,si.edu,verified
FACT-2027-02-28-S20,28,2027-02-28,"The Mayan civilization created objects made of stone, ceramic, and gold.",20,February,Mayan artistic materials,Ancient Civilizations,"“the Mayan civilization in Mesoamerica were creating powerful and expressive objects made of stone, ceramic, and gold.”",high,https://www.metmuseum.org/toah/hd/yron/hd/_yron.htm,Maya art,The Year One - The Metropolitan Museum of Art,metmuseum.org,verified