ID,Day,Date,Fact,Slot,Month,Title,Category,Evidence,Confidence,Source URL,Subcategory,Source title,Source domain,Verification status
FACT-2027-01-01-S01,1,2027-01-01,"Of 220 unique cortical-thickness-associated loci, 95 showed evidence of interaction with depression or cardiovascular conditions.",1,January,Genetic interactions,Human Body,The abstract states that 95 of 220 loci showed evidence of interaction with depression or cardiovascular conditions.,high,https://pmc.ncbi.nlm.nih.gov/articles/PMC11189393/,Gene-environment interaction,Genetic influences on brain and cognitive health and their interactions with cardiovascular conditions and depression,pmc.ncbi.nlm.nih.gov,verified
FACT-2027-01-01-S02,1,2027-01-01,The Florida Wildlife Corridor is a proposed network of connected land and water stretching across Florida to support native wildlife.,2,January,Florida Wildlife Corridor definition,Geography,The source defines the Florida Wildlife Corridor as a proposed connected land-and-water network across the state designed to support native wildlife.,high,https://education.nationalgeographic.org/resource/animal-migration/,Conservation networks,Animal Migration,education.nationalgeographic.org,verified
FACT-2027-01-01-S03,1,2027-01-01,Human-specific NOTCH2NL gene duplication enhances Notch signaling in neural stem and progenitor cells and is associated with prolonged neurogenesis.,3,January,NOTCH2NL and cortical growth,Human Body,"The source lists NOTCH2NL as enhancing Notch signaling, increasing progenitors and neurons, and enlarging the cortex.",high,https://pmc.ncbi.nlm.nih.gov/articles/PMC10926850/,Developmental genetics,Genetics of human brain development - PMC,pmc.ncbi.nlm.nih.gov,verified
FACT-2027-01-01-S04,1,2027-01-01,"Mineral commodities are used in smartphones, roads, homes, and food.",4,January,Mineral uses,Everyday Life,The source identifies mineral commodities as starting ingredients in each of these areas.,high,https://www.usgs.gov/science/science-explorer/minerals/minerals-101,Materials,Minerals 101 | U.S. Geological Survey,www.usgs.gov,verified
FACT-2027-01-01-S05,1,2027-01-01,"Ice worms are small worms that live in glacial ice in Alaska, Washington, Oregon, and British Columbia.",5,January,Ice worms,Animals,The source identifies these locations as places where ice worms live in glacial ice.,high,https://www.usgs.gov/faqs/what-glacier?qt-news_science_products=0,Glacial fauna,What is a glacier?,www.usgs.gov,verified
FACT-2027-01-01-S06,1,2027-01-01,An ocean-literate person understands essential principles and fundamental concepts about how the ocean functions.,6,January,Ocean-literate knowledge,Ocean & Marine,The source states that an ocean-literate person understands principles and concepts about the functioning of the ocean.,high,https://oceanservice.noaa.gov/education/literacy.html,Ocean education,Ocean and Climate Literacy,oceanservice.noaa.gov,verified
FACT-2027-01-01-S07,1,2027-01-01,The listed NMEA ocean literacy materials are licensed under Creative Commons CC BY-NC-SA 4.0.,7,January,Creative Commons license,Technology,The source explicitly identifies the CC BY-NC-SA 4.0 license.,high,https://oceanservice.noaa.gov/education/literacy.html,Licensing and copyright,Ocean and Climate Literacy,oceanservice.noaa.gov,verified
FACT-2027-01-01-S08,1,2027-01-01,Shaking at a site with soft sediments can last three times as long as shaking at a stable granite bedrock site.,8,January,Soft-soil amplification,Nature,USGS gives this explicit comparison of shaking duration by geology.,high,https://www.usgs.gov/programs/earthquake-hazards/earthquake-facts-earthquake-fantasy,Ground motion,Earthquake Facts & Earthquake Fantasy | U.S. Geological Survey,www.usgs.gov,verified
FACT-2027-01-01-S09,1,2027-01-01,The Alpide seismic belt accounts for about 17 percent of the world's largest earthquakes.,9,January,Alpide seismic belt,Geography,The source describes the Alpide belt from Java and Sumatra through the Himalayas and Mediterranean and gives its share as about 17 percent.,high,https://www.usgs.gov/programs/earthquake-hazards/earthquake-facts-earthquake-fantasy,Seismic zones,Earthquake Facts & Earthquake Fantasy | U.S. Geological Survey,www.usgs.gov,verified
FACT-2027-01-01-S10,1,2027-01-01,"In the saturated zone, water fills pores between rock particles and fractures in rocks.",10,January,Saturated zone storage,Science,USGS identifies pores and rock fractures as spaces filled with water below the water table.,high,https://www.usgs.gov/water-science-school/science/groundwater-what-groundwater,Hydrogeology,Groundwater: What is Groundwater? | U.S. Geological Survey,www.usgs.gov,verified
FACT-2027-01-01-S11,1,2027-01-01,The two main components of an ocean current are speed and direction.,11,January,Current components,Ocean & Marine,NOAA identifies speed and direction as the two main current components.,high,https://oceanservice.noaa.gov/navigation/tidesandcurrents/,Ocean Currents,Tides and Currents,oceanservice.noaa.gov,verified
FACT-2027-01-01-S12,1,2027-01-01,High-frequency radar systems in the Integrated Ocean Observing System develop surface-current maps for U.S. Coast Guard search and rescue operations.,12,January,Radar maps for search and rescue,Technology,NOAA describes the radar mapping system and its Coast Guard use.,high,https://oceanservice.noaa.gov/navigation/tidesandcurrents/,Search and Rescue,Tides and Currents,oceanservice.noaa.gov,verified
FACT-2027-01-01-S13,1,2027-01-01,Neptune's magnetic field is about 27 times stronger than Earth's magnetic field.,13,January,Neptune's Magnetic Field,Space,The magnetosphere section directly compares Neptune's magnetic-field strength with Earth's.,high,https://science.nasa.gov/neptune/neptune-facts/,Magnetosphere,Neptune: Facts - NASA Science,science.nasa.gov,verified
FACT-2027-01-01-S14,1,2027-01-01,Hurricane Gustav was one of a series of hurricanes to strike the United States in 2008.,14,January,Hurricane Gustav’s U.S. impact,History,The source explicitly describes Gustav as one of a series of hurricanes that struck the United States in 2008.,high,https://oceanservice.noaa.gov/facts/ocean_weather.html,Weather events,What role does the ocean play in the weather?,oceanservice.noaa.gov,verified
FACT-2027-01-01-S15,1,2027-01-01,Groundwater often looks clear because the ground naturally filters particulate matter.,15,January,Groundwater clarity,Science,USGS states that groundwater normally looks clear and clean because the ground filters particulate matter.,high,https://www.usgs.gov/water-science-school/science/groundwater-what-groundwater,Water quality,Groundwater: What is Groundwater? | U.S. Geological Survey,www.usgs.gov,verified
FACT-2027-01-01-S16,1,2027-01-01,The late Shang dynasty is dated in the source to approximately 1300–1050 BCE.,16,January,Late Shang dynasty dates,Ancient Civilizations,The source gives the late Shang dynasty dates as ca. 1300–1050 BCE.,high,https://asia-archive.si.edu/exhibition/ancient-chinese-jades-and-bronzes/,Shang Dynasty,Ancient Chinese Jades and Bronzes - Smithsonian's National Museum of Asian Art,asia-archive.si.edu,verified
FACT-2027-01-01-S17,1,2027-01-01,Ancient Egyptians often buried the dead with materials believed to be needed in the next world.,17,January,Afterlife Materials,Ancient Civilizations,The source says bodies were entombed with materials needed for life in the next world.,high,https://naturalhistory.si.edu/exhibits/eternal-life-ancient-egypt,Afterlife beliefs,Eternal Life in Ancient Egypt | Smithsonian National Museum of Natural History,naturalhistory.si.edu,verified
FACT-2027-01-01-S18,1,2027-01-01,Atmospheric pressure at Venus's surface is about 93 times Earth's sea-level pressure.,18,January,Venus's Surface Pressure,Space,The source gives Venus's surface pressure as about 93 times that at sea level on Earth.,high,https://science.nasa.gov/venus/venus-facts/,Planetary atmosphere,Venus: Facts - NASA Science,science.nasa.gov,verified
FACT-2027-01-01-S19,1,2027-01-01,"The oldest glacier ice in Antarctica may approach 1,000,000 years in age.",19,January,Oldest Antarctic glacier ice,Nature,The USGS states that Antarctic glacier ice may approach one million years old.,high,https://www.usgs.gov/faqs/what-glacier?qt-news_science_products=0,Glacial history,What is a glacier?,www.usgs.gov,verified
FACT-2027-01-01-S20,1,2027-01-01,"The largest earthquake in U.S. history occurred in Alaska on March 28, 1964, had magnitude 9.2, and killed 131 people.",20,January,Largest U.S. earthquake,History,"The source provides the date, location, magnitude, and fatalities.",high,https://www.usgs.gov/programs/earthquake-hazards/earthquake-facts-earthquake-fantasy,U.S. earthquakes,Earthquake Facts & Earthquake Fantasy | U.S. Geological Survey,www.usgs.gov,verified
FACT-2027-01-02-S01,2,2027-01-02,"In the United States, shallow coral reefs occur in American Samoa, Florida, Guam, Hawaii, the Northern Mariana Islands, Pacific Remote Islands Areas, Puerto Rico, and the U.S. Virgin Islands.",1,January,U.S. shallow reef locations,Country Facts,NOAA lists these eight U.S. locations for shallow coral reefs.,high,https://www.fisheries.noaa.gov/national/habitat-conservation/shallow-coral-reef-habitat,Marine geography,Shallow Coral Reef Habitat | NOAA Fisheries,www.fisheries.noaa.gov,verified
FACT-2027-01-02-S02,2,2027-01-02,"NOAA's coral-reef conservation work includes mapping, monitoring, modeling, and on-the-ground and in-water restoration.",2,January,NOAA reef conservation methods,Science,NOAA lists these activities as components of its ridge-to-reef conservation efforts.,high,https://www.noaa.gov/explainers/coral-reefs-essential-and-threatened,Conservation science,Coral reefs: Essential and threatened | National Oceanic and Atmospheric Administration,www.noaa.gov,verified
FACT-2027-01-02-S03,2,2027-01-02,"The source’s image caption identifies Hurricane Gustav on September 10, 2008.",3,January,Hurricane Gustav date,History,"The image caption reads “Hurricane Gustav on Sept. 10, 2008.”",high,https://oceanservice.noaa.gov/facts/ocean_weather.html,Weather events,What role does the ocean play in the weather?,oceanservice.noaa.gov,verified
FACT-2027-01-02-S04,2,2027-01-02,Nubia was an ancient civilization located along the upper Nile River.,4,January,Nubia's location,Ancient Civilizations,The source explicitly describes Nubia as an ancient civilization that existed along the upper Nile River.,high,https://www.si.edu/exhibitions/ancient-nubia-egypts-rival-africa-event-exhib-1221,Geography,,www.si.edu,verified
FACT-2027-01-02-S05,2,2027-01-02,An ebb current is the movement of water away from the coast as low tide approaches.,5,January,Ebb current,Ocean & Marine,NOAA describes water receding from the coast during an ebb current.,high,https://www.noaa.gov/education/resource-collections/ocean-coasts/tides,Tidal currents,Tides | National Oceanic and Atmospheric Administration,www.noaa.gov,verified
FACT-2027-01-02-S06,2,2027-01-02,Yellowstone National Park sits on top of an active volcano.,6,January,Active Volcano,Nature,The geology section explicitly states that the park sits on an active volcano.,high,https://www.nps.gov/yell/planyourvisit/parkfacts.htm,Volcanology,Park Facts - Yellowstone National Park (U.S. National Park Service),www.nps.gov,verified
FACT-2027-01-02-S07,2,2027-01-02,Human pluripotent stem-cell-derived two-dimensional cultures and three-dimensional brain organoids are used to test causal links between genetic variants and human brain phenotypes.,7,January,Human pluripotent stem-cell models,Technology,The abstract and applications section identify these models as platforms for genotype-phenotype causation.,high,https://pmc.ncbi.nlm.nih.gov/articles/PMC10926850/,Biomedical research,Genetics of human brain development - PMC,pmc.ncbi.nlm.nih.gov,verified
FACT-2027-01-02-S08,2,2027-01-02,Extreme hot and cold temperatures may cause death among elderly people.,8,January,Extreme temperatures and mortality,Human Body,The source states that extreme hot and cold temperatures may cause death among the elderly.,high,https://oceanservice.noaa.gov/facts/ocean_weather.html,Temperature risks,What role does the ocean play in the weather?,oceanservice.noaa.gov,verified
FACT-2027-01-02-S09,2,2027-01-02,The linked StoryMap contains a student activity.,9,January,Student Activity,Everyday Life,The source lists a student activity among the StoryMap contents.,high,https://education.nationalgeographic.org/resource/where-are-the-worlds-biomes/,Education,Where Are the World's Biomes and Why Are They There,education.nationalgeographic.org,verified
FACT-2027-01-02-S10,2,2027-01-02,Mummification was the ancient Egyptian practice of treating a dead body by removing its moisture so that it became a dried form resistant to decay.,10,January,Definition of mummification,Ancient Civilizations,The source defines mummification as embalming that removed all moisture and reduced decay.,high,https://www.si.edu/spotlight/ancient-egypt/mummies,Funerary practices,Egyptian Mummies | Smithsonian Institution,www.si.edu,verified
FACT-2027-01-02-S11,2,2027-01-02,"Spring tides occur during a full or new Moon when the Sun’s and Moon’s gravitational forces reinforce each other, producing the largest tidal range.",11,January,Spring tides,Space,The source states that alignment during full or new Moon creates stronger spring tides.,high,https://www.noaa.gov/education/resource-collections/ocean-coasts/tides,Lunar phases,Tides | National Oceanic and Atmospheric Administration,www.noaa.gov,verified
FACT-2027-01-02-S12,2,2027-01-02,"Coastal and sea floor features influence the location, direction, and speed of ocean currents.",12,January,Coastal and seafloor influence,Geography,"NOAA explicitly describes these features as influencing current location, direction, and speed.",high,https://www.noaa.gov/education/resource-collections/ocean-coasts/ocean-currents,Coastal processes,Ocean currents | National Oceanic and Atmospheric Administration,www.noaa.gov,verified
FACT-2027-01-02-S13,2,2027-01-02,Some genes encode proteins involved in producing neurotransmitters that transmit information between neurons.,13,January,Neurotransmitter proteins,Human Body,NINDS states that certain genes make proteins that make neurotransmitters.,high,https://www.ninds.nih.gov/health-information/patient-caregiver-education/brain-basics-genes-work-brain,Neural communication,Brain Basics: Genes At Work In The Brain | National Institute of Neurological Disorders and Stroke,www.ninds.nih.gov,verified
FACT-2027-01-02-S14,2,2027-01-02,Continuous snow accumulation over multiple decades can create a mass of snow large enough for metamorphism into glacier ice to begin.,14,January,Snow-to-ice transformation,Nature,The USGS states that accumulation over multiple decades initiates the metamorphism from snow to glacier ice.,high,https://www.usgs.gov/faqs/what-glacier?qt-news_science_products=0,Glaciology,What is a glacier?,www.usgs.gov,verified
FACT-2027-01-02-S15,2,2027-01-02,Uranus's moons are named for characters from works by William Shakespeare and Alexander Pope.,15,January,Moon Naming Tradition,History,NASA describes this naming tradition as distinctive among planetary satellites.,high,https://science.nasa.gov/uranus/facts/,Astronomical naming,Uranus: Facts - NASA Science,science.nasa.gov,verified
FACT-2027-01-02-S16,2,2027-01-02,More than 800 known species of reef-building coral exist worldwide.,16,January,Reef-building coral species,Ocean & Marine,The source states that there are more than 800 known reef-building coral species worldwide.,high,https://www.noaa.gov/explainers/coral-reefs-essential-and-threatened,Coral diversity,Coral reefs: Essential and threatened | National Oceanic and Atmospheric Administration,www.noaa.gov,verified
FACT-2027-01-02-S17,2,2027-01-02,The activity is designed for grades 6 through 8.,17,January,Target Grade Range,Everyday Life,The source lists the grade range as 6–8.,high,https://education.nationalgeographic.org/resource/where-are-the-worlds-biomes/,Education,Where Are the World's Biomes and Why Are They There,education.nationalgeographic.org,verified
FACT-2027-01-02-S18,2,2027-01-02,Some extraterrestrial impacts caused catastrophic ecological changes.,18,January,Impact events,Geography,The text states that some impact craters record impacts that caused catastrophic ecological changes.,high,https://pubs.usgs.gov/imap/2800/,Impact events,Geologic Investigations Map I-2800: This Dynamic Planet,pubs.usgs.gov,verified
FACT-2027-01-02-S19,2,2027-01-02,Tectonic plates are pieces of Earth’s crust and upper mantle that slowly move across the planet’s surface.,19,January,Tectonic Plates,Science,The source describes the crust and top mantle as puzzle-like pieces called tectonic plates that slowly move.,high,https://www.usgs.gov/programs/earthquake-hazards/science-earthquakes,Plate Tectonics,The Science of Earthquakes | U.S. Geological Survey,www.usgs.gov,verified
FACT-2027-01-02-S20,2,2027-01-02,"At least 80 percent of Neptune's mass consists of hot, dense fluidic water, methane, and ammonia above a small rocky core.",20,January,Neptune's Interior Composition,Space,NASA states that 80% or more of Neptune's mass is made of these icy materials above a rocky core.,high,https://science.nasa.gov/neptune/neptune-facts/,Planetary interior,Neptune: Facts - NASA Science,science.nasa.gov,verified
FACT-2027-01-03-S01,3,2027-01-03,"The chromosome 17q21.31 region contained two independent cortical-thickness-associated SNPs, rs7206949 and rs55684829.",1,January,Chromosome 17 locus,Human Body,The chromosome 17 analysis identifies these two independent SNPs.,high,https://pmc.ncbi.nlm.nih.gov/articles/PMC11189393/,Brain genetics,Genetic influences on brain and cognitive health and their interactions with cardiovascular conditions and depression,pmc.ncbi.nlm.nih.gov,verified
FACT-2027-01-03-S02,3,2027-01-03,"Zoozve was discovered on November 11, 2002, by Brian Skiff at Lowell Observatory's Near-Earth-Object Search.",2,January,Zoozve's Discovery,Space,"The Moons section gives the discovery date, discoverer, and observing program.",high,https://science.nasa.gov/venus/venus-facts/,Astronomical discovery,Venus: Facts - NASA Science,science.nasa.gov,verified
FACT-2027-01-03-S03,3,2027-01-03,Scientists have studied the Galápagos ecosystem for more than 180 years.,3,January,Scientific Study,Science,The source states that scientists have studied the complex ecosystem for more than 180 years.,high,https://education.nationalgeographic.org/resource/galapagos-islands/,Ecology,Galápagos Islands,education.nationalgeographic.org,verified
FACT-2027-01-03-S04,3,2027-01-03,Water management experts study anticipated rainfall to manage reservoir levels.,4,January,Rainfall forecasting for reservoirs,Everyday Life,The source states that water management experts study expected rainfall to manage reservoir levels.,high,https://oceanservice.noaa.gov/facts/ocean_weather.html,Water management,What role does the ocean play in the weather?,oceanservice.noaa.gov,verified
FACT-2027-01-03-S05,3,2027-01-03,Late-born upper-layer cortical neurons migrate past early-born deep-layer neurons in an inside-out pattern.,5,January,Inside-out cortical layering,Human Body,The cortical-development section explicitly defines this stereotypical migration pattern.,high,https://pmc.ncbi.nlm.nih.gov/articles/PMC10926850/,Neuronal migration,Genetics of human brain development - PMC,pmc.ncbi.nlm.nih.gov,verified
FACT-2027-01-03-S06,3,2027-01-03,Pronghorns are presented as a species whose migration can be studied through wildlife crossings and migration bridges.,6,January,Pronghorn migration,Animals,"The section ""Bridges for Migration"" focuses on investigating pronghorn migration and the importance of wildlife bridges.",high,https://education.nationalgeographic.org/resource/animal-migration/,Pronghorns,Animal Migration,education.nationalgeographic.org,verified
FACT-2027-01-03-S07,3,2027-01-03,Isabela is the largest island in the Galápagos archipelago.,7,January,Largest Galápagos Island,Geography,The source identifies Isabela as the largest of the islands.,high,https://education.nationalgeographic.org/resource/galapagos-islands/,Islands,Galápagos Islands,education.nationalgeographic.org,verified
FACT-2027-01-03-S08,3,2027-01-03,"For religious reasons, Egyptians sometimes mummified sacred bulls, baboons, cats, birds, and crocodiles.",8,January,Mummified animals,Ancient Civilizations,The source lists these animals and connects their mummification to religious significance.,high,https://www.si.edu/spotlight/ancient-egypt/mummies,Animal mummification,Egyptian Mummies | Smithsonian Institution,www.si.edu,verified
FACT-2027-01-03-S09,3,2027-01-03,The amount that water level changes over a day varies by location and date.,9,January,Tidal change varies,Ocean & Marine,NOAA says daily water-level change depends on where and when it is observed.,high,https://oceanservice.noaa.gov/navigation/tidesandcurrents/,Tides,Tides and Currents,oceanservice.noaa.gov,verified
FACT-2027-01-03-S10,3,2027-01-03,"Many Galápagos species are endemic, meaning they are not found anywhere else in the world.",10,January,Endemic Species,Nature,The source defines endemic species as those not found anywhere else and states that many Galápagos species have this status.,high,https://education.nationalgeographic.org/resource/galapagos-islands/,Endemism,Galápagos Islands,education.nationalgeographic.org,verified
FACT-2027-01-03-S11,3,2027-01-03,The third edition of This Dynamic Planet was published in 2006.,11,January,Map publication,History,"The source heading labels the work as the third edition, published in 2006.",high,https://pubs.usgs.gov/imap/2800/,Scientific publications,Geologic Investigations Map I-2800: This Dynamic Planet,pubs.usgs.gov,verified
FACT-2027-01-03-S12,3,2027-01-03,The USGS Volcano Notification Service allows people to sign up for volcano activity notifications.,12,January,Volcano Notification Service,Technology,The source says observatories issue updates and notifications and that people can sign up through the USGS Volcano Notification Service.,high,https://www.usgs.gov/news/featured-story/volcanoes-and-usgs-volcano-science-just-facts,Emergency notifications,Volcanoes and USGS Volcano Science: Just the Facts | U.S. Geological Survey,www.usgs.gov,verified
FACT-2027-01-03-S13,3,2027-01-03,An ecosystem is a community and the interactions of living and nonliving things in an area.,13,January,Ecosystem Definition,Science,The source’s glossary defines ecosystem as a community and interactions of living and nonliving things in an area.,high,https://education.nationalgeographic.org/resource/galapagos-islands/,Ecology,Galápagos Islands,education.nationalgeographic.org,verified
FACT-2027-01-03-S14,3,2027-01-03,Special priests served as embalmers and required knowledge of human anatomy in addition to ritual knowledge.,14,January,Embalmers and anatomy,Ancient Civilizations,The source says priests performed the treatment and wrapping and needed anatomical knowledge.,high,https://www.si.edu/spotlight/ancient-egypt/mummies,Funerary specialists,Egyptian Mummies | Smithsonian Institution,www.si.edu,verified
FACT-2027-01-03-S15,3,2027-01-03,An earthquake is ground shaking caused by a sudden slip on a fault that releases energy in waves through the Earth's crust.,15,January,Earthquake mechanism,Nature,"USGS defines earthquakes as ground shaking from sudden fault slip and describes stress buildup, rupture, and seismic waves.",high,https://www.usgs.gov/programs/earthquake-hazards/earthquake-facts-earthquake-fantasy,Earthquakes,Earthquake Facts & Earthquake Fantasy | U.S. Geological Survey,www.usgs.gov,verified
FACT-2027-01-03-S16,3,2027-01-03,The Freer Gallery supported Li Chi and his first two seasons of work at Anyang.,16,January,Freer Support for Excavations,History,The text explicitly states that the Freer supported Li Chi’s first two seasons at Anyang.,high,https://asia.si.edu/whats-on/exhibitions/anyang-chinas-ancient-city-of-kings/,Sino-American relations,https://asia.si.edu/whats-on/exhibitions/anyang-chinas-ancient-city-of-kings/,asia.si.edu,verified
FACT-2027-01-03-S17,3,2027-01-03,Animal behavior cannot currently be used to predict earthquakes because no reproducible connection exists between a specific behavior and an earthquake's occurrence.,17,January,Animal behavior and earthquakes,Animals,USGS reports unusual behaviors before earthquakes but says no reproducible predictive relationship has been established.,high,https://www.usgs.gov/programs/earthquake-hazards/earthquake-facts-earthquake-fantasy,Animal behavior,Earthquake Facts & Earthquake Fantasy | U.S. Geological Survey,www.usgs.gov,verified
FACT-2027-01-03-S18,3,2027-01-03,"Saturn has 274 confirmed moons, more than any other planet in the solar system.",18,January,Saturn’s Confirmed Moons,Space,NASA identifies Saturn as having 274 confirmed moons.,high,https://science.nasa.gov/solar-system/moons/facts/,Saturn,Moons: Facts,science.nasa.gov,verified
FACT-2027-01-03-S19,3,2027-01-03,Scientists study plant and animal species living on and around underwater deep-sea volcanoes in the Galápagos.,19,January,Deep-Sea Volcano Research,Ocean & Marine,The source describes marine ecologist Salome Ursula Burglass identifying and describing species around Galápagos seamounts.,high,https://education.nationalgeographic.org/resource/galapagos-islands/,Marine Ecology,Galápagos Islands,education.nationalgeographic.org,verified
FACT-2027-01-03-S20,3,2027-01-03,Most continental bedrock is older than the oldest oceanic bedrock.,20,January,Relative bedrock ages,Geography,The source explicitly states that most continental bedrock is far older than the oldest oceanic bedrock.,high,https://pubs.usgs.gov/imap/2800/,Geologic history,Geologic Investigations Map I-2800: This Dynamic Planet,pubs.usgs.gov,verified
FACT-2027-01-04-S01,4,2027-01-04,"Surface-current maps can also support oil-spill response, harmful algal bloom monitoring, and water-quality assessments.",1,January,Current maps support environmental response,Nature,The source explicitly lists these additional applications.,high,https://oceanservice.noaa.gov/navigation/tidesandcurrents/,Environmental Monitoring,Tides and Currents,oceanservice.noaa.gov,verified
FACT-2027-01-04-S02,4,2027-01-04,"Frequent large spatter bursts occurred at Kīlauea’s west vent during increased eruptive activity on the evening of December 15, 2021.",2,January,Kīlauea Activity Date,History,"The source’s photograph caption reports frequent large spatter bursts during a period of increased activity lasting several hours on December 15, 2021.",high,https://www.usgs.gov/news/featured-story/volcanoes-and-usgs-volcano-science-just-facts,Volcanic eruptions,Volcanoes and USGS Volcano Science: Just the Facts | U.S. Geological Survey,www.usgs.gov,verified
FACT-2027-01-04-S03,4,2027-01-04,"The size of an earthquake is called its magnitude, and each earthquake has one magnitude.",3,January,Earthquake Magnitude,Science,The source states that earthquake size is magnitude and that there is one magnitude for each earthquake.,high,https://www.usgs.gov/programs/earthquake-hazards/science-earthquakes,Earthquake Measurement,The Science of Earthquakes | U.S. Geological Survey,www.usgs.gov,verified
FACT-2027-01-04-S04,4,2027-01-04,Embalmers removed the brain by inserting hooked instruments through the nostrils and pulling out brain tissue.,4,January,Brain removal,Ancient Civilizations,The source describes the nasal insertion of special hooked instruments for brain removal.,high,https://www.si.edu/spotlight/ancient-egypt/mummies,Embalming techniques,Egyptian Mummies | Smithsonian Institution,www.si.edu,verified
FACT-2027-01-04-S05,4,2027-01-04,"Venus orbits the Sun at an average distance of about 67 million miles (108 million kilometers), or 0.72 astronomical units.",5,January,Venus's Orbital Distance,Space,"The Size and Distance section provides Venus's average solar distance in miles, kilometers, and astronomical units.",high,https://science.nasa.gov/venus/venus-facts/,Orbit,Venus: Facts - NASA Science,science.nasa.gov,verified
FACT-2027-01-04-S06,4,2027-01-04,Modern tide stations use engineered air-acoustic and pressure systems to automatically detect and record water-level changes.,6,January,Modern water-level sensors,Technology,NOAA describes these systems in its tide-measurement section.,high,https://oceanservice.noaa.gov/navigation/tidesandcurrents/,Environmental Monitoring,Tides and Currents,oceanservice.noaa.gov,verified
FACT-2027-01-04-S07,4,2027-01-04,Recent findings suggest that sleep performs a housekeeping role that removes toxins accumulating in the brain during wakefulness.,7,January,Sleep may remove brain toxins,Human Body,The source identifies removal of wakefulness-associated brain toxins as a suggested housekeeping function of sleep.,high,https://www.ninds.nih.gov/health-information/public-education/brain-basics/brain-basics-understanding-sleep,Brain physiology,Brain Basics: Understanding Sleep | National Institute of Neurological Disorders and Stroke,www.ninds.nih.gov,verified
FACT-2027-01-04-S08,4,2027-01-04,"Neptune has at least five main rings named Galle, Leverrier, Lassell, Arago, and Adams.",8,January,Neptune's Main Rings,Space,NASA lists at least five main rings and provides their names in order outward from Neptune.,high,https://science.nasa.gov/neptune/neptune-facts/,Planetary rings,Neptune: Facts - NASA Science,science.nasa.gov,verified
FACT-2027-01-04-S09,4,2027-01-04,"The Canadian Longitudinal Study on Aging analysis included 25,387 adults aged 45–86 from seven Canadian provinces.",9,January,CLSA cohort,Country Facts,"The Methods section gives the CLSA sample size, age range, and provincial coverage.",high,https://pmc.ncbi.nlm.nih.gov/articles/PMC11189393/,Canada,Genetic influences on brain and cognitive health and their interactions with cardiovascular conditions and depression,pmc.ncbi.nlm.nih.gov,verified
FACT-2027-01-04-S10,4,2027-01-04,"The homeostatic sleep drive becomes stronger with every hour a person remains awake and promotes longer, deeper sleep after sleep loss.",10,January,Sleep drive increases during wakefulness,Human Body,NINDS describes homeostatic sleep pressure as increasing hourly during wakefulness and intensifying subsequent sleep.,high,https://www.ninds.nih.gov/health-information/public-education/brain-basics/brain-basics-understanding-sleep,Sleep regulation,Brain Basics: Understanding Sleep | National Institute of Neurological Disorders and Stroke,www.ninds.nih.gov,verified
FACT-2027-01-04-S11,4,2027-01-04,"After drying, embalmers filled sunken areas with linen and other materials and added false eyes to make the mummy appear more life-like.",11,January,Body restoration,Ancient Civilizations,The source describes filling the body's depressions and adding false eyes.,high,https://www.si.edu/spotlight/ancient-egypt/mummies,Mummy preparation,Egyptian Mummies | Smithsonian Institution,www.si.edu,verified
FACT-2027-01-04-S12,4,2027-01-04,The 1980 Mount St. Helens lateral blast scorched 230 square miles of forest.,12,January,Mount St. Helens Forest Damage,Nature,The source states that the blast scorched 230 square miles of forest.,high,https://www.usgs.gov/news/featured-story/volcanoes-and-usgs-volcano-science-just-facts,Environmental impacts,Volcanoes and USGS Volcano Science: Just the Facts | U.S. Geological Survey,www.usgs.gov,verified
FACT-2027-01-04-S13,4,2027-01-04,Bronze vessels standing on legs were placed over fires to warm wine and cook food.,13,January,Uses of Legged Vessels,Everyday Life,The exhibition states that legged vessels were placed over fires for warming wine and cooking food.,high,https://asia.si.edu/whats-on/exhibitions/anyang-chinas-ancient-city-of-kings/,Ancient dining practices,https://asia.si.edu/whats-on/exhibitions/anyang-chinas-ancient-city-of-kings/,asia.si.edu,verified
FACT-2027-01-04-S14,4,2027-01-04,Barium produces bright green fireworks.,14,January,Firework green color,Everyday Life,The USGS fireworks resource identifies barium as producing bright greens.,high,https://www.usgs.gov/science/science-explorer/minerals/minerals-101,Fireworks,Minerals 101 | U.S. Geological Survey,www.usgs.gov,verified
FACT-2027-01-04-S15,4,2027-01-04,"The map depicts 44,000 earthquakes.",15,January,Mapped earthquakes,Geography,"The introduction explicitly lists 44,000 earthquakes among the map's features.",high,https://pubs.usgs.gov/imap/2800/,Seismic activity,Geologic Investigations Map I-2800: This Dynamic Planet,pubs.usgs.gov,verified
FACT-2027-01-04-S16,4,2027-01-04,"While working as a fur trader in Labrador, Canada, Clarence Birdseye observed fish freezing almost immediately after being pulled from the water.",16,January,Birdseye’s Labrador Observation,History,The source describes Birdseye’s observation of fish caught with local Inuit freezing rapidly in Labrador.,high,https://www.loc.gov/everyday-mysteries/categories/technology/item/who-invented-frozen-food/,Scientific observation,Who invented frozen food?  | Library of Congress,www.loc.gov,verified
FACT-2027-01-04-S17,4,2027-01-04,"The source identifies Ocean Literacy as Version 3.2, published in January 2024.",17,January,Ocean Literacy edition,Ocean & Marine,The Ocean Literacy heading is followed by 'Version 3.2: January 2024.',high,https://oceanservice.noaa.gov/education/literacy.html,Publication facts,Ocean and Climate Literacy,oceanservice.noaa.gov,verified
FACT-2027-01-04-S18,4,2027-01-04,Large-scale surface ocean currents are driven by global wind systems fueled by energy from the Sun.,18,January,Surface-current energy source,Science,"NOAA directly connects global winds, solar energy, and large-scale surface currents.",high,https://www.noaa.gov/education/resource-collections/ocean-coasts/ocean-currents,Solar energy,Ocean currents | National Oceanic and Atmospheric Administration,www.noaa.gov,verified
FACT-2027-01-04-S19,4,2027-01-04,Tidal charts record wave height over time to identify high- and low-tide points.,19,January,Tidal charts,Ocean & Marine,The source says scientists use tidal charts or plots to record wave height and identify extrema.,high,https://www.noaa.gov/education/resource-collections/ocean-coasts/tides,Tide prediction,Tides | National Oceanic and Atmospheric Administration,www.noaa.gov,verified
FACT-2027-01-04-S20,4,2027-01-04,USGS volcano science is primarily focused on volcanoes located within the United States.,20,January,USGS International Focus,Geography,The source explicitly states that USGS volcano science is primarily focused on volcanoes within the United States.,high,https://www.usgs.gov/news/featured-story/volcanoes-and-usgs-volcano-science-just-facts,Volcanology programs,Volcanoes and USGS Volcano Science: Just the Facts | U.S. Geological Survey,www.usgs.gov,verified
FACT-2027-01-05-S01,5,2027-01-05,Amulets were placed among the linen wrappings to protect the dead from mishap.,1,January,Protective amulets,Ancient Civilizations,The source states that amulets were inserted among the wrappings for protection.,high,https://www.si.edu/spotlight/ancient-egypt/mummies,Funerary objects,Egyptian Mummies | Smithsonian Institution,www.si.edu,verified
FACT-2027-01-05-S02,5,2027-01-05,The source includes the creation of a wildlife corridor in Brazil as an example for evaluating wildlife-corridor projects.,2,January,Wildlife corridor in Brazil,Geography,The conclusion directs students to read an article about creating a wildlife corridor in Brazil and compare it with the Florida project.,high,https://education.nationalgeographic.org/resource/animal-migration/,Brazil,Animal Migration,education.nationalgeographic.org,verified
FACT-2027-01-05-S03,5,2027-01-05,Released earthquake energy radiates outward from the fault in all directions as seismic waves.,3,January,Seismic Waves,Science,The source compares the outward radiation of seismic waves to ripples on a pond.,high,https://www.usgs.gov/programs/earthquake-hazards/science-earthquakes,Seismology,The Science of Earthquakes | U.S. Geological Survey,www.usgs.gov,verified
FACT-2027-01-05-S04,5,2027-01-05,Coral reefs reflect thousands of years of history.,4,January,Reefs reflect history,History,NOAA states that coral reefs reflect thousands of years of history.,high,https://oceanservice.noaa.gov/facts/coral_species.html,Natural history,What species live in and around coral reefs?,oceanservice.noaa.gov,verified
FACT-2027-01-05-S05,5,2027-01-05,"White matter hyperintensities on MRI are a marker of cerebral small-vessel disease and are associated with dementia, cognitive impairment, and disability risk.",5,January,White-matter hyperintensities,Human Body,The introduction defines WMH as a critical marker of cerebral small-vessel disease and lists these associated risks.,high,https://pmc.ncbi.nlm.nih.gov/articles/PMC11189393/,Brain imaging,Genetic influences on brain and cognitive health and their interactions with cardiovascular conditions and depression,pmc.ncbi.nlm.nih.gov,verified
FACT-2027-01-05-S06,5,2027-01-05,Foreshocks are smaller earthquakes occurring in the same place as a larger earthquake that follows.,6,January,Foreshocks,Science,The source gives this definition of foreshocks.,high,https://www.usgs.gov/programs/earthquake-hazards/science-earthquakes,Seismology,The Science of Earthquakes | U.S. Geological Survey,www.usgs.gov,verified
FACT-2027-01-05-S07,5,2027-01-05,The source was authored by the National Oceanic and Atmospheric Administration.,7,January,NOAA authored the source,Technology,The page identifies NOAA as the author and lists the National Oceanic and Atmospheric Administration.,high,https://oceanservice.noaa.gov/facts/coral_species.html,Institutional information,What species live in and around coral reefs?,oceanservice.noaa.gov,verified
FACT-2027-01-05-S08,5,2027-01-05,The Smithsonian National Museum of Natural History is open every day except December 25.,8,January,Museum Opening Days,Everyday Life,The source states that the museum is open every day except Dec. 25.,high,https://naturalhistory.si.edu/exhibits/eternal-life-ancient-egypt,Opening hours,Eternal Life in Ancient Egypt | Smithsonian National Museum of Natural History,naturalhistory.si.edu,verified
FACT-2027-01-05-S09,5,2027-01-05,Warm ocean waters provide energy that fuels storm systems.,9,January,Warm-water storm energy,Ocean & Marine,The source states that warm ocean waters provide the energy to fuel storm systems.,high,https://oceanservice.noaa.gov/facts/ocean_weather.html,Storms,What role does the ocean play in the weather?,oceanservice.noaa.gov,verified
FACT-2027-01-05-S10,5,2027-01-05,"Earth's history spans approximately 4,500 million years.",10,January,Earth's age,Geography,"The introduction describes Earth's history as 4,500 million years long.",high,https://pubs.usgs.gov/imap/2800/,Geologic time,Geologic Investigations Map I-2800: This Dynamic Planet,pubs.usgs.gov,verified
FACT-2027-01-05-S11,5,2027-01-05,Twelve American astronauts landed on the Moon during NASA’s Apollo program from 1969 to 1972.,11,January,Apollo Moon Landings,History,NASA states that 12 American astronauts landed on the Moon during Apollo missions between 1969 and 1972.,high,https://science.nasa.gov/solar-system/moons/facts/,Space Exploration,Moons: Facts,science.nasa.gov,verified
FACT-2027-01-05-S12,5,2027-01-05,The ba was understood as a soul that could fly out of the tomb and return to it.,12,January,Role of the ba,Ancient Civilizations,The source describes the ba's ability to leave and return to the tomb.,high,https://www.si.edu/spotlight/ancient-egypt/mummies,Afterlife beliefs,Egyptian Mummies | Smithsonian Institution,www.si.edu,verified
FACT-2027-01-05-S13,5,2027-01-05,"Igneous rocks form when hot, molten rock crystallizes and solidifies.",13,January,Igneous rock formation,Nature,The USGS gives this formation process in its igneous-rock explanation.,high,https://www.usgs.gov/faqs/what-difference-between-a-rock-and-a-mineral,Igneous Rocks,What is the difference between a rock and a mineral? | U.S. Geological Survey,www.usgs.gov,verified
FACT-2027-01-05-S14,5,2027-01-05,"Neptune is one of the solar system's two ice giants, the other being Uranus.",14,January,Neptune's Ice-Giant Classification,Space,The structure section explicitly identifies Neptune and Uranus as the two ice giants.,high,https://science.nasa.gov/neptune/neptune-facts/,Planetary classification,Neptune: Facts - NASA Science,science.nasa.gov,verified
FACT-2027-01-05-S15,5,2027-01-05,Accurate tide and current data are needed to aid navigation.,15,January,Tide data support navigation,Ocean & Marine,NOAA states that accurate tide and current data aid navigation.,high,https://oceanservice.noaa.gov/navigation/tidesandcurrents/,Marine Navigation,Tides and Currents,oceanservice.noaa.gov,verified
FACT-2027-01-05-S16,5,2027-01-05,Fish are among the creatures that rely on coral reefs for survival.,16,January,Fish rely on reefs,Animals,The source lists fish among creatures that rely on reefs for their survival.,high,https://oceanservice.noaa.gov/facts/coral_species.html,Marine animals,What species live in and around coral reefs?,oceanservice.noaa.gov,verified
FACT-2027-01-05-S17,5,2027-01-05,The Galápagos penguin is the only penguin species that lives in the Northern Hemisphere.,17,January,Galápagos Penguin Range,Animals,The source explicitly identifies the Galápagos penguin as the only penguin species living in the Northern Hemisphere.,high,https://education.nationalgeographic.org/resource/galapagos-islands/,Birds,Galápagos Islands,education.nationalgeographic.org,verified
FACT-2027-01-05-S18,5,2027-01-05,No correlation has been found between weather and earthquake occurrence.,18,January,Weather and earthquakes,Nature,The source states that earthquakes begin kilometers below the region affected by surface weather and that no weather correlation has been found.,high,https://www.usgs.gov/programs/earthquake-hazards/earthquake-facts-earthquake-fantasy,Earthquake causes,Earthquake Facts & Earthquake Fantasy | U.S. Geological Survey,www.usgs.gov,verified
FACT-2027-01-05-S19,5,2027-01-05,The SNP-based heritability estimate was 0.25 for global cortical thickness.,19,January,Global-thickness heritability,Human Body,The results report h²SNP=0.25 with SE=0.021 for global thickness.,high,https://pmc.ncbi.nlm.nih.gov/articles/PMC11189393/,Brain genetics,Genetic influences on brain and cognitive health and their interactions with cardiovascular conditions and depression,pmc.ncbi.nlm.nih.gov,verified
FACT-2027-01-05-S20,5,2027-01-05,"NASA’s Hubble observations revealed a giant, evolving, 10-sided atmospheric wave encircling Saturn’s south pole.",20,January,Saturn’s southern decagon,Space,The source describes Hubble observations of the 10-sided wave around Saturn’s south pole.,high,https://science.nasa.gov/solar-system/planets/,Planetary atmospheres,About the Planets,science.nasa.gov,verified
FACT-2027-01-06-S01,6,2027-01-06,Strontium and sodium together produce brilliant orange fireworks.,1,January,Orange fireworks mixture,Everyday Life,The source states that mixing strontium and sodium produces brilliant orange.,high,https://www.usgs.gov/science/science-explorer/minerals/minerals-101,Fireworks,Minerals 101 | U.S. Geological Survey,www.usgs.gov,verified
FACT-2027-01-06-S02,6,2027-01-06,"The NMEA ocean literacy framework includes the Ocean Literacy Guide, The Handbook for Increasing Ocean Literacy, the Ocean Literacy Scope and Sequence for Grades K-12, and an alignment of ocean literacy with the NGSS.",2,January,Ocean literacy framework components,Ocean & Marine,The source lists these four framework components.,high,https://oceanservice.noaa.gov/education/literacy.html,Educational resources,Ocean and Climate Literacy,oceanservice.noaa.gov,verified
FACT-2027-01-06-S03,6,2027-01-06,"Yellowstone has approximately 330 bird species, of which 150 are nesting species.",3,January,Bird Diversity,Animals,The wildlife section lists approximately 330 bird species and 150 nesting species.,high,https://www.nps.gov/yell/planyourvisit/parkfacts.htm,Birds,Park Facts - Yellowstone National Park (U.S. National Park Service),www.nps.gov,verified
FACT-2027-01-06-S04,6,2027-01-06,Rivers and lakes are sources of most of the water people use every day.,4,January,Freshwater use sources,Everyday Life,The source explicitly states that rivers and lakes are the sources of most daily human water use.,high,https://www.usgs.gov/index.php/water-science-school/science/where-earths-water,Water use,Where is Earth's Water? | U.S. Geological Survey,www.usgs.gov,verified
FACT-2027-01-06-S05,6,2027-01-06,"The Smithsonian Institution's This Dynamic Planet website provides interactive mapping functions, including zoom.",5,January,Interactive companion,Technology,The linked-websites section explicitly describes the Smithsonian site as providing interactive mapping and zoom.,high,https://pubs.usgs.gov/imap/2800/,Interactive maps,Geologic Investigations Map I-2800: This Dynamic Planet,pubs.usgs.gov,verified
FACT-2027-01-06-S06,6,2027-01-06,"Without sleep, the brain cannot form or maintain pathways that enable learning and the creation of new memories.",6,January,Sleep supports learning and memory,Human Body,The source directly links sleep with forming and maintaining learning and memory pathways.,high,https://www.ninds.nih.gov/health-information/public-education/brain-basics/brain-basics-understanding-sleep,Brain function,Brain Basics: Understanding Sleep | National Institute of Neurological Disorders and Stroke,www.ninds.nih.gov,verified
FACT-2027-01-06-S07,6,2027-01-06,Neptune is the eighth and most distant planet in the solar system.,7,January,Neptune's Solar-System Position,Space,NASA's introduction explicitly identifies Neptune as the eighth and most distant planet.,high,https://science.nasa.gov/neptune/neptune-facts/,Planetary classification,Neptune: Facts - NASA Science,science.nasa.gov,verified
FACT-2027-01-06-S08,6,2027-01-06,"Depending on the mainshock’s size, aftershocks can continue for weeks, months, or years.",8,January,Aftershock Duration,Science,"The USGS states that aftershocks may continue for weeks, months, and even years.",high,https://www.usgs.gov/programs/earthquake-hazards/science-earthquakes,Seismology,The Science of Earthquakes | U.S. Geological Survey,www.usgs.gov,verified
FACT-2027-01-06-S09,6,2027-01-06,"Glacier ice appears blue because ice absorbs the red, long-wavelength portion of white light while transmitting and scattering blue, short-wavelength light.",9,January,Blue glacier ice,Science,"The USGS gives this light-absorption, transmission, and scattering mechanism.",high,https://www.usgs.gov/faqs/what-glacier?qt-news_science_products=0,Optics,What is a glacier?,www.usgs.gov,verified
FACT-2027-01-06-S10,6,2027-01-06,"The Galápagos Islands lie about 966 kilometers, or 600 miles, off the Ecuadorian coast.",10,January,Distance from Ecuador,Geography,The source gives the islands’ distance from the Ecuadorian coast as approximately 966 kilometers (600 miles).,high,https://education.nationalgeographic.org/resource/galapagos-islands/,Distance,Galápagos Islands,education.nationalgeographic.org,verified
FACT-2027-01-06-S11,6,2027-01-06,The exhibition included fittings from the late Shang dynasty.,11,January,Late Shang fittings,Ancient Civilizations,The source states that fittings from the late Shang dynasty were highlighted.,high,https://asia-archive.si.edu/exhibition/ancient-chinese-jades-and-bronzes/,Shang Dynasty,Ancient Chinese Jades and Bronzes - Smithsonian's National Museum of Asian Art,asia-archive.si.edu,verified
FACT-2027-01-06-S12,6,2027-01-06,The outer subventricular zone is a distinctive cortical feature of humans and species with larger gyrified cortices and is virtually absent in rodents.,12,January,Human cortical outer SVZ,Human Body,The evolutionary-development section explicitly compares the outer subventricular zone across species.,high,https://pmc.ncbi.nlm.nih.gov/articles/PMC10926850/,Cortical anatomy,Genetics of human brain development - PMC,pmc.ncbi.nlm.nih.gov,verified
FACT-2027-01-06-S13,6,2027-01-06,"Upwelling currents bring cold, nutrient-rich water from the ocean bottom to the surface.",13,January,Upwelling nutrients,Ocean & Marine,NOAA explicitly defines the movement of cold nutrient-rich deep water to the surface.,high,https://www.noaa.gov/education/resource-collections/ocean-coasts/ocean-currents,Upwelling,Ocean currents | National Oceanic and Atmospheric Administration,www.noaa.gov,verified
FACT-2027-01-06-S14,6,2027-01-06,"Glaciers typically form where mean annual temperatures are near freezing, winter precipitation produces substantial snow accumulation, and the rest of the year does not remove the previous winter's snow completely.",14,January,Glacier formation conditions,Nature,The source lists these three typical conditions for glacier formation and persistence.,high,https://www.usgs.gov/faqs/what-glacier?qt-news_science_products=0,Glaciology,What is a glacier?,www.usgs.gov,verified
FACT-2027-01-06-S15,6,2027-01-06,Most new crust forms at ocean-ridge crests.,15,January,Ocean-ridge crust formation,Geography,The text explicitly identifies ocean-ridge crests as the site where most new crust forms.,high,https://pubs.usgs.gov/imap/2800/,Plate tectonics,Geologic Investigations Map I-2800: This Dynamic Planet,pubs.usgs.gov,verified
FACT-2027-01-06-S16,6,2027-01-06,Voyager 2 became the first spacecraft to fly by Neptune in 1989.,16,January,Voyager 2 Neptune Flyby,Space,The source says Neptune's image was produced from Voyager 2 observations as it became the first spacecraft to fly by the planet in 1989.,high,https://science.nasa.gov/neptune/neptune-facts/,Space exploration,Neptune: Facts - NASA Science,science.nasa.gov,verified
FACT-2027-01-06-S17,6,2027-01-06,The Liangzhu culture is dated in the source to approximately 3300–2250 BCE.,17,January,Liangzhu culture period,Ancient Civilizations,The source gives the Liangzhu culture dates as ca. 3300–2250 BCE.,high,https://asia-archive.si.edu/exhibition/ancient-chinese-jades-and-bronzes/,Liangzhu Culture,Ancient Chinese Jades and Bronzes - Smithsonian's National Museum of Asian Art,asia-archive.si.edu,verified
FACT-2027-01-06-S18,6,2027-01-06,"Metamorphic rocks form when rocks undergo high heat, high pressure, hot mineral-rich fluids, or a combination of these factors.",18,January,Metamorphism factors,Nature,The USGS lists these conditions as causes of metamorphism.,high,https://www.usgs.gov/faqs/what-difference-between-a-rock-and-a-mineral,Metamorphism,What is the difference between a rock and a mineral? | U.S. Geological Survey,www.usgs.gov,verified
FACT-2027-01-06-S19,6,2027-01-06,Uranus was the first planet discovered with the aid of a telescope.,19,January,First Telescope-Discovered Planet,History,NASA states that Uranus was the first planet found with the aid of a telescope.,high,https://science.nasa.gov/uranus/facts/,Astronomical discovery,Uranus: Facts - NASA Science,science.nasa.gov,verified
FACT-2027-01-06-S20,6,2027-01-06,Corals have been on Earth for at least 400 million years.,20,January,Corals have existed for at least 400 million years,History,NOAA gives the minimum age of corals as at least 400 million years.,high,https://www.fisheries.noaa.gov/national/habitat-conservation/shallow-coral-reef-habitat,Natural history,Shallow Coral Reef Habitat | NOAA Fisheries,www.fisheries.noaa.gov,verified
FACT-2027-01-07-S01,7,2027-01-07,Oceans supply evaporated water to the water cycle and transport water globally through ocean currents.,1,January,Ocean role in water cycle,Ocean & Marine,The source states that oceans provide evaporated water and allow water to move around the globe as ocean currents.,high,https://www.usgs.gov/index.php/water-science-school/science/where-earths-water,Ocean currents,Where is Earth's Water? | U.S. Geological Survey,www.usgs.gov,verified
FACT-2027-01-07-S02,7,2027-01-07,The Smithsonian National Museum of Natural History lists admission as free.,2,January,Museum Admission,History,The source states “Always Free” and later describes the museum as having free admission.,high,https://naturalhistory.si.edu/exhibits/eternal-life-ancient-egypt,Museums,Eternal Life in Ancient Egypt | Smithsonian National Museum of Natural History,naturalhistory.si.edu,verified
FACT-2027-01-07-S03,7,2027-01-07,National Geographic and Esri developed the activity.,3,January,Activity Development,Everyday Life,The source credits National Geographic and Esri as the developers.,high,https://education.nationalgeographic.org/resource/where-are-the-worlds-biomes/,Education,Where Are the World's Biomes and Why Are They There,education.nationalgeographic.org,verified
FACT-2027-01-07-S04,7,2027-01-07,Venus takes 243 Earth days to rotate once on its axis.,4,January,Venus's Rotation Period,Space,The Orbit and Rotation section states that a day on Venus lasts 243 Earth days.,high,https://science.nasa.gov/venus/venus-facts/,Rotation,Venus: Facts - NASA Science,science.nasa.gov,verified
FACT-2027-01-07-S05,7,2027-01-07,"As of March 25, 2025, the solar system had more than 891 confirmed moons.",5,January,Moons in the Solar System,Space,"NASA states that more than 891 confirmed moons existed as of March 25, 2025.",high,https://science.nasa.gov/solar-system/moons/facts/,Planetary Satellites,Moons: Facts,science.nasa.gov,verified
FACT-2027-01-07-S06,7,2027-01-07,Monarch butterflies migrate through North America.,6,January,Monarch migration region,Animals,"The section titled ""Migrating Monarchs"" directs students to trace monarch migration through North America.",high,https://education.nationalgeographic.org/resource/animal-migration/,Butterflies,Animal Migration,education.nationalgeographic.org,verified
FACT-2027-01-07-S07,7,2027-01-07,The National Museum of Asian Art's Ancient Near East collection contains more than 200 seals.,7,January,Seal Collection,Ancient Civilizations,The source explicitly states that the collection includes more than two hundred seals.,high,https://asia.si.edu/explore-art-culture/collections/collections-areas/ancient-near-east/,Seals,,asia.si.edu,verified
FACT-2027-01-07-S08,7,2027-01-07,Mission: Iconic Reefs aims to restore coral cover across seven Florida Keys reef sites from 2 percent to an average of 25 percent.,8,January,Mission Iconic Reefs restoration target,Nature,NOAA states the project’s seven-site restoration target and both coral-cover percentages.,high,https://www.fisheries.noaa.gov/national/habitat-conservation/shallow-coral-reef-habitat,Habitat restoration,Shallow Coral Reef Habitat | NOAA Fisheries,www.fisheries.noaa.gov,verified
FACT-2027-01-07-S09,7,2027-01-07,Most earthquakes around the world occur on faults at tectonic plate boundaries.,9,January,Earthquake Concentration,Science,The source states that plate boundaries contain many faults and that most earthquakes occur on them.,high,https://www.usgs.gov/programs/earthquake-hazards/science-earthquakes,Plate Tectonics,The Science of Earthquakes | U.S. Geological Survey,www.usgs.gov,verified
FACT-2027-01-07-S10,7,2027-01-07,"The map depicts more than 1,500 volcanoes worldwide.",10,January,Mapped volcanoes,Geography,"The introduction states that the map illustrates over 1,500 volcanoes.",high,https://pubs.usgs.gov/imap/2800/,Geologic features,Geologic Investigations Map I-2800: This Dynamic Planet,pubs.usgs.gov,verified
FACT-2027-01-07-S11,7,2027-01-07,Dense or poorly permeable layers such as granite or clay can retard the vertical movement of groundwater.,11,January,Confining layers,Science,USGS identifies dense granite and clay as materials that can act as confining layers.,high,https://www.usgs.gov/water-science-school/science/groundwater-what-groundwater,Hydrogeology,Groundwater: What is Groundwater? | U.S. Geological Survey,www.usgs.gov,verified
FACT-2027-01-07-S12,7,2027-01-07,Oligodendrocytes modulate neuronal function partly by myelinating neuronal axons.,12,January,Oligodendrocyte function,Human Body,The source identifies axon myelination as a function of oligodendrocytes.,high,https://pmc.ncbi.nlm.nih.gov/articles/PMC10926850/,Myelination,Genetics of human brain development - PMC,pmc.ncbi.nlm.nih.gov,verified
FACT-2027-01-07-S13,7,2027-01-07,The page's interactives can only be played while visiting the National Geographic website.,13,January,Interactive Access,Technology,The user permissions section states that interactives can only be played on the website.,high,https://education.nationalgeographic.org/resource/where-are-the-worlds-biomes/,Interactive Media,Where Are the World's Biomes and Why Are They There,education.nationalgeographic.org,verified
FACT-2027-01-07-S14,7,2027-01-07,Approximately 91% of Earth's glaciers are in Antarctica.,14,January,Antarctic glacier share,Geography,The USGS gives Antarctica an approximate 91% share of global glaciers.,high,https://www.usgs.gov/faqs/what-glacier?qt-news_science_products=0,Glacier distribution,What is a glacier?,www.usgs.gov,verified
FACT-2027-01-07-S15,7,2027-01-07,The National Ocean Service has measured and predicted tides since the early 1800s.,15,January,NOAA tide measurements began in the early 1800s,History,The source gives the early 1800s as the start of NOS tide measurement and prediction.,high,https://oceanservice.noaa.gov/navigation/tidesandcurrents/,Ocean Observation,Tides and Currents,oceanservice.noaa.gov,verified
FACT-2027-01-07-S16,7,2027-01-07,The USGS National Water Information System contains extensive groundwater data for thousands of sites nationwide.,16,January,National groundwater data,Technology,The page describes NWIS as containing extensive groundwater data for thousands of nationwide sites.,high,https://www.usgs.gov/water-science-school/science/groundwater-what-groundwater,Scientific data,Groundwater: What is Groundwater? | U.S. Geological Survey,www.usgs.gov,verified
FACT-2027-01-07-S17,7,2027-01-07,The frequency of aftershocks decreases with time.,17,January,Aftershock frequency,Nature,The source explicitly states that aftershock frequency declines over time.,high,https://www.usgs.gov/programs/earthquake-hazards/earthquake-facts-earthquake-fantasy,Aftershocks,Earthquake Facts & Earthquake Fantasy | U.S. Geological Survey,www.usgs.gov,verified
FACT-2027-01-07-S18,7,2027-01-07,The study identified 367 loci associated with cortical thickness at genome-wide significance.,18,January,Cortical-thickness loci,Human Body,The abstract reports 367 loci associated with cortical thickness at P<5×10−8.,high,https://pmc.ncbi.nlm.nih.gov/articles/PMC11189393/,Brain genetics,Genetic influences on brain and cognitive health and their interactions with cardiovascular conditions and depression,pmc.ncbi.nlm.nih.gov,verified
FACT-2027-01-07-S19,7,2027-01-07,"Hurricane formation occurs under conditions combining high humidity, light winds, and warm sea surface temperatures.",19,January,Hurricane formation conditions,Ocean & Marine,"The source identifies high humidity, light winds, and warm sea surface temperatures as the combined conditions for hurricane origin.",high,https://oceanservice.noaa.gov/facts/ocean_weather.html,Hurricanes,What role does the ocean play in the weather?,oceanservice.noaa.gov,verified
FACT-2027-01-07-S20,7,2027-01-07,"Embalmers dried bodies by covering them with natron, a salt with strong drying properties, and placing additional natron packets inside the body.",20,January,Natron drying agent,Ancient Civilizations,The source directly describes natron's use on and inside the body.,high,https://www.si.edu/spotlight/ancient-egypt/mummies,Embalming materials,Egyptian Mummies | Smithsonian Institution,www.si.edu,verified
FACT-2027-01-08-S01,8,2027-01-08,Charles Darwin first visited the Galápagos Islands in 1835 aboard the HMS Beagle.,1,January,Darwin’s Visit,History,The source states that Darwin came to the Galápagos in 1835 on the HMS Beagle.,high,https://education.nationalgeographic.org/resource/galapagos-islands/,Exploration,Galápagos Islands,education.nationalgeographic.org,verified
FACT-2027-01-08-S02,8,2027-01-08,Glaciers are sensitive indicators of changing climate.,2,January,Climate indicators,Nature,The USGS explicitly describes glaciers as sensitive indicators of changing climate.,high,https://www.usgs.gov/faqs/what-glacier?qt-news_science_products=0,Climate science,What is a glacier?,www.usgs.gov,verified
FACT-2027-01-08-S03,8,2027-01-08,"Continental crust is thicker and less dense than thinner, younger oceanic crust.",3,January,Continental crust density,Geography,The text explicitly compares continental crust with oceanic crust using these properties.,high,https://pubs.usgs.gov/imap/2800/,Earth's crust,Geologic Investigations Map I-2800: This Dynamic Planet,pubs.usgs.gov,verified
FACT-2027-01-08-S04,8,2027-01-08,"At Anyang, jade was used for jewelry and ceremonial and ritual objects, including symbolic weapons.",4,January,Jade Prestige Uses,Ancient Civilizations,"The “Made in Anyang” section lists jewelry, ceremonial objects, ritual objects, and symbolic weapons among jade uses.",high,https://asia.si.edu/whats-on/exhibitions/anyang-chinas-ancient-city-of-kings/,Prestige objects,https://asia.si.edu/whats-on/exhibitions/anyang-chinas-ancient-city-of-kings/,asia.si.edu,verified
FACT-2027-01-08-S05,8,2027-01-08,NEO Surveyor is intended to search for asteroids and comets that could pose hazards to Earth.,5,January,NEO Surveyor purpose,Space,The source says NEO Surveyor will hunt potentially hazardous asteroids and comets.,high,https://science.nasa.gov/solar-system/,Space missions,Solar System Exploration,science.nasa.gov,verified
FACT-2027-01-08-S06,8,2027-01-08,New crust formed at ocean ridges is carried slowly away by plate movement.,6,January,Crust movement,Geography,The source states that new crust is slowly transported away from ridge crests by plate movement.,high,https://pubs.usgs.gov/imap/2800/,Plate tectonics,Geologic Investigations Map I-2800: This Dynamic Planet,pubs.usgs.gov,verified
FACT-2027-01-08-S07,8,2027-01-08,Dissolved chemicals and gases can occur in groundwater at concentrations large enough to cause problems.,7,January,Groundwater contaminants,Science,The source explicitly warns that dissolved chemicals and gases may reach problematic concentrations.,high,https://www.usgs.gov/water-science-school/science/groundwater-what-groundwater,Water quality,Groundwater: What is Groundwater? | U.S. Geological Survey,www.usgs.gov,verified
FACT-2027-01-08-S08,8,2027-01-08,Yellowstone has more than 840 historic buildings.,8,January,Historic Buildings,History,The cultural resources section states that the park has more than 840 historic buildings.,high,https://www.nps.gov/yell/planyourvisit/parkfacts.htm,Historic resources,Park Facts - Yellowstone National Park (U.S. National Park Service),www.nps.gov,verified
FACT-2027-01-08-S09,8,2027-01-08,The deepest earthquakes occur at subduction zones where cold crustal rock is pushed deep into Earth.,9,January,Deep earthquake setting,Nature,The source directly links the deepest earthquakes to subduction zones and descending cold crust.,high,https://www.usgs.gov/programs/earthquake-hazards/earthquake-facts-earthquake-fantasy,Subduction zones,Earthquake Facts & Earthquake Fantasy | U.S. Geological Survey,www.usgs.gov,verified
FACT-2027-01-08-S10,8,2027-01-08,"When ocean water freezes into sea ice, salt is left behind, making the surrounding seawater saltier and denser.",10,January,Sea-ice salinity effect,Ocean & Marine,NOAA explicitly explains salt rejection during sea-ice formation.,high,https://www.noaa.gov/education/resource-collections/ocean-coasts/ocean-currents,Sea ice,Ocean currents | National Oceanic and Atmospheric Administration,www.noaa.gov,verified
FACT-2027-01-08-S11,8,2027-01-08,"The connected global system of deep and surface currents circulates around the globe on a timescale of about 1,000 years.",11,January,Global conveyor-belt timescale,Ocean & Marine,"NOAA gives an approximately 1,000-year timescale for this global conveyor belt.",high,https://www.noaa.gov/education/resource-collections/ocean-coasts/ocean-currents,Global circulation,Ocean currents | National Oceanic and Atmospheric Administration,www.noaa.gov,verified
FACT-2027-01-08-S12,8,2027-01-08,The linked StoryMap contains a teacher guide.,12,January,Teacher Guide,Everyday Life,The source lists a teacher guide among the StoryMap contents.,high,https://education.nationalgeographic.org/resource/where-are-the-worlds-biomes/,Education,Where Are the World's Biomes and Why Are They There,education.nationalgeographic.org,verified
FACT-2027-01-08-S13,8,2027-01-08,Media without a download button cannot be downloaded or saved.,13,January,Non-downloadable Media,Technology,The source explicitly states this restriction.,high,https://education.nationalgeographic.org/resource/where-are-the-worlds-biomes/,Digital Media,Where Are the World's Biomes and Why Are They There,education.nationalgeographic.org,verified
FACT-2027-01-08-S14,8,2027-01-08,The entorhinal and anterior prefrontal cortices had the lowest reported regional cortical-thickness heritability at approximately 0.10.,14,January,Lowest regional heritability,Human Body,The results report h²SNP=0.1 for these regions.,high,https://pmc.ncbi.nlm.nih.gov/articles/PMC11189393/,Brain genetics,Genetic influences on brain and cognitive health and their interactions with cardiovascular conditions and depression,pmc.ncbi.nlm.nih.gov,verified
FACT-2027-01-08-S15,8,2027-01-08,"For rs11126806, the interaction term explained an additional 0.08% of regional cortical-thickness variance beyond the main-effect model.",15,January,Interaction variance,Human Body,The study compares the 0.08% variance contribution of the interaction with the 0.08% contribution of the SNP main effect.,high,https://pmc.ncbi.nlm.nih.gov/articles/PMC11189393/,Gene-environment interaction,Genetic influences on brain and cognitive health and their interactions with cardiovascular conditions and depression,pmc.ncbi.nlm.nih.gov,verified
FACT-2027-01-08-S16,8,2027-01-08,"NOAA provides tidal predictions for more than 3,000 water-level stations around the United States.",16,January,U.S. tide prediction coverage,Country Facts,"The high- and low-tide section specifies more than 3,000 U.S. stations.",high,https://oceanservice.noaa.gov/navigation/tidesandcurrents/,Marine Data,Tides and Currents,oceanservice.noaa.gov,verified
FACT-2027-01-08-S17,8,2027-01-08,"The mineral ice is the crystalline form of water, H2O.",17,January,Ice chemical composition,Science,The USGS identifies ice as the crystalline form of water and gives its formula as H2O.,high,https://www.usgs.gov/faqs/what-glacier?qt-news_science_products=0,Mineralogy,What is a glacier?,www.usgs.gov,verified
FACT-2027-01-08-S18,8,2027-01-08,"Drifters, buoys, and Argo floats help scientists monitor the global ocean, including areas difficult to reach by research ship.",18,January,Current monitoring tools,Technology,NOAA identifies these instruments and their role in global-ocean monitoring.,high,https://www.noaa.gov/education/resource-collections/ocean-coasts/ocean-currents,Ocean monitoring,Ocean currents | National Oceanic and Atmospheric Administration,www.noaa.gov,verified
FACT-2027-01-08-S19,8,2027-01-08,The Psyche spacecraft is expected to arrive at the metal-rich asteroid Psyche in August 2029.,19,January,Psyche arrival,Space,NASA states that Psyche will arrive at the asteroid of the same name in August 2029.,high,https://science.nasa.gov/solar-system/,Space missions,Solar System Exploration,science.nasa.gov,verified
FACT-2027-01-08-S20,8,2027-01-08,Priests sometimes wrapped each finger and toe separately before wrapping the entire hand or foot.,20,January,Individual digit wrapping,Ancient Civilizations,The source describes separate wrapping of fingers and toes.,high,https://www.si.edu/spotlight/ancient-egypt/mummies,Wrapping techniques,Egyptian Mummies | Smithsonian Institution,www.si.edu,verified
FACT-2027-01-09-S01,9,2027-01-09,The locations of identified protected areas can be used to predict areas likely to be natural habitat and home to wildlife.,1,January,Protected areas and habitat prediction,Geography,The Florida activity directs students to base habitat predictions on land cover or the locations of identified protected areas.,high,https://education.nationalgeographic.org/resource/animal-migration/,Land use,Animal Migration,education.nationalgeographic.org,verified
FACT-2027-01-09-S02,9,2027-01-09,Ceres is the only dwarf planet in the inner solar system and lies in the main asteroid belt between Mars and Jupiter.,2,January,Ceres in the asteroid belt,Space,NASA identifies Ceres as the only inner-solar-system dwarf planet and places it between Mars and Jupiter.,high,https://science.nasa.gov/solar-system/planets/,Dwarf planets,About the Planets,science.nasa.gov,verified
FACT-2027-01-09-S03,9,2027-01-09,An ocean-literate person can communicate about the ocean in a meaningful way.,3,January,Ocean communication,Ocean & Marine,The source includes meaningful communication about the ocean as a characteristic of ocean literacy.,high,https://oceanservice.noaa.gov/education/literacy.html,Ocean education,Ocean and Climate Literacy,oceanservice.noaa.gov,verified
FACT-2027-01-09-S04,9,2027-01-09,"Yellowstone National Park was established on March 1, 1872.",4,January,Establishment Date,History,"The source lists March 1, 1872, as Yellowstone's establishment date.",high,https://www.nps.gov/yell/planyourvisit/parkfacts.htm,National parks,Park Facts - Yellowstone National Park (U.S. National Park Service),www.nps.gov,verified
FACT-2027-01-09-S05,9,2027-01-09,"Water moves more freely through more-porous rock layers, particularly in a horizontal direction.",5,January,Porous rock layers,Science,The source states that water moves more freely horizontally through porous layers.,high,https://www.usgs.gov/water-science-school/science/groundwater-what-groundwater,Groundwater flow,Groundwater: What is Groundwater? | U.S. Geological Survey,www.usgs.gov,verified
FACT-2027-01-09-S06,9,2027-01-09,Zooxanthellae use chlorophyll and sunlight to produce food and oxygen for coral polyps.,6,January,Zooxanthellae produce food and oxygen,Ocean & Marine,NOAA explains that zooxanthellae turn sunlight into sugar and produce food and oxygen for the polyp.,high,https://www.fisheries.noaa.gov/national/habitat-conservation/shallow-coral-reef-habitat,Coral metabolism,Shallow Coral Reef Habitat | NOAA Fisheries,www.fisheries.noaa.gov,verified
FACT-2027-01-09-S07,9,2027-01-09,"Around 3,600 years ago, an eruption around Mount St. Helens was four times larger than the 1980 eruption described in the source.",7,January,Earlier Mount St. Helens Eruption,History,"The source says that around 3,600 years ago an eruption four times larger devastated the area.",high,https://www.usgs.gov/news/featured-story/volcanoes-and-usgs-volcano-science-just-facts,Ancient eruptions,Volcanoes and USGS Volcano Science: Just the Facts | U.S. Geological Survey,www.usgs.gov,verified
FACT-2027-01-09-S08,9,2027-01-09,The suprachiasmatic nucleus contains thousands of cells that receive light information directly from the eyes and control behavioral rhythms.,8,January,The SCN receives light information,Human Body,NINDS identifies the SCN as light-responsive and involved in behavioral rhythm control.,high,https://www.ninds.nih.gov/health-information/public-education/brain-basics/brain-basics-understanding-sleep,Circadian rhythm,Brain Basics: Understanding Sleep | National Institute of Neurological Disorders and Stroke,www.ninds.nih.gov,verified
FACT-2027-01-09-S09,9,2027-01-09,The teacher guide and student activity are available in Google document and Microsoft formats.,9,January,Available Document Formats,Technology,The source specifies Google document or Microsoft format availability.,high,https://education.nationalgeographic.org/resource/where-are-the-worlds-biomes/,Digital Documents,Where Are the World's Biomes and Why Are They There,education.nationalgeographic.org,verified
FACT-2027-01-09-S10,9,2027-01-09,Managing reservoir levels and water usage helps ensure abundant water supplies for everyone.,10,January,Water-supply planning,Everyday Life,The source states that these management activities help ensure everyone has abundant water supplies.,high,https://oceanservice.noaa.gov/facts/ocean_weather.html,Water management,What role does the ocean play in the weather?,oceanservice.noaa.gov,verified
FACT-2027-01-09-S11,9,2027-01-09,The ASPM gene produces a protein needed to generate new neurons in the developing brain.,11,January,ASPM and neurons,Human Body,NINDS gives ASPM as an example of a gene required for producing developing-brain nerve cells.,high,https://www.ninds.nih.gov/health-information/patient-caregiver-education/brain-basics-genes-work-brain,Brain development,Brain Basics: Genes At Work In The Brain | National Institute of Neurological Disorders and Stroke,www.ninds.nih.gov,verified
FACT-2027-01-09-S12,9,2027-01-09,"Water in the saturated groundwater system may eventually discharge into streams, lakes, and oceans.",12,January,Groundwater discharge,Nature,The source explicitly describes eventual discharge into these surface-water bodies.,high,https://www.usgs.gov/water-science-school/science/groundwater-what-groundwater,Water cycle,Groundwater: What is Groundwater? | U.S. Geological Survey,www.usgs.gov,verified
FACT-2027-01-09-S13,9,2027-01-09,Venus is one of the two planets in the solar system without a moon.,13,January,Venus Has No Moon,Space,The Moons section identifies Venus as one of only two moonless planets.,high,https://science.nasa.gov/venus/venus-facts/,Planetary satellites,Venus: Facts - NASA Science,science.nasa.gov,verified
FACT-2027-01-09-S14,9,2027-01-09,Promotional images generally link to another page containing their media credit.,14,January,Promotional Image Credits,Everyday Life,The media credits section explicitly describes this practice.,high,https://education.nationalgeographic.org/resource/where-are-the-worlds-biomes/,Publishing,Where Are the World's Biomes and Why Are They There,education.nationalgeographic.org,verified
FACT-2027-01-09-S15,9,2027-01-09,Ancient Egyptians sought to preserve the dead body in a life-like condition because they believed preservation was important to their religion.,15,January,Religious purpose of preservation,Ancient Civilizations,The source states that preserving the body as life-like as possible was religiously important.,high,https://www.si.edu/spotlight/ancient-egypt/mummies,Religion,Egyptian Mummies | Smithsonian Institution,www.si.edu,verified
FACT-2027-01-09-S16,9,2027-01-09,"Yellowstone lies 96% in Wyoming, 3% in Montana, and 1% in Idaho.",16,January,State Distribution,Geography,The source gives the park's percentage distribution among the three states.,high,https://www.nps.gov/yell/planyourvisit/parkfacts.htm,State boundaries,Park Facts - Yellowstone National Park (U.S. National Park Service),www.nps.gov,verified
FACT-2027-01-09-S17,9,2027-01-09,Onions produce the chemical irritant syn-Propanethial-S-oxide.,17,January,Onion irritant,Food,The source explicitly identifies syn-Propanethial-S-oxide as the chemical irritant produced by onions.,high,https://www.loc.gov/everyday-mysteries/food-and-nutrition/,Food chemistry,Everyday Mysteries,www.loc.gov,verified
FACT-2027-01-09-S18,9,2027-01-09,"Yellowstone has more than 500 active geysers, representing more than half of the world's geysers.",18,January,Active Geysers,Nature,The source provides both the number of active geysers and their share of the world's total.,high,https://www.nps.gov/yell/planyourvisit/parkfacts.htm,Geysers,Park Facts - Yellowstone National Park (U.S. National Park Service),www.nps.gov,verified
FACT-2027-01-09-S19,9,2027-01-09,Ancient Egyptians often placed amulets with the dead to help ease the deceased person’s passage.,19,January,Protective Amulets,Ancient Civilizations,The source identifies amulets as objects included to help ease the deceased person’s passage.,high,https://naturalhistory.si.edu/exhibits/eternal-life-ancient-egypt,Funerary objects,Eternal Life in Ancient Egypt | Smithsonian National Museum of Natural History,naturalhistory.si.edu,verified
FACT-2027-01-09-S20,9,2027-01-09,An earthquake occurs when the force of moving blocks overcomes fault friction and releases stored energy.,20,January,Frictional Release,Science,"The USGS explains that fault edges unstick when moving-block force overcomes friction, releasing stored energy.",high,https://www.usgs.gov/programs/earthquake-hazards/science-earthquakes,Earthquake Causes,The Science of Earthquakes | U.S. Geological Survey,www.usgs.gov,verified
FACT-2027-01-10-S01,10,2027-01-10,Neural circuits are pathways that connect different areas of the brain.,1,January,Neural circuits,Human Body,The source calls the pathways built by neurons neural circuits and describes them as information highways between brain areas.,high,https://www.ninds.nih.gov/health-information/public-education/brain-basics,Neural networks,Brain Basics | National Institute of Neurological Disorders and Stroke,www.ninds.nih.gov,verified
FACT-2027-01-10-S02,10,2027-01-10,"The source gives ice sheets, ice caps, valley glaciers, and cirque glaciers as examples of glacier size classes.",2,January,Named glacier size classes,Nature,These four types appear in the USGS classification examples.,high,https://www.usgs.gov/faqs/what-glacier?qt-news_science_products=0,Glaciology,What is a glacier?,www.usgs.gov,verified
FACT-2027-01-10-S03,10,2027-01-10,"The Moon’s differential gravitational pull produces two tidal bulges, one on the side facing the Moon and one on the opposite side.",3,January,Two tidal bulges,Space,"The source describes stronger lunar pull on the near side and weaker pull on the far side, forming two bulges.",high,https://www.noaa.gov/education/resource-collections/ocean-coasts/tides,Tidal bulges,Tides | National Oceanic and Atmospheric Administration,www.noaa.gov,verified
FACT-2027-01-10-S04,10,2027-01-10,"The source was published on June 21, 2013.",4,January,Source publication date,History,"The source metadata states “Published June 21, 2013.”",high,https://oceanexplorer.noaa.gov/ocean-fact/climate/,Publication information,How does the ocean affect climate and weather on land? - NOAA Ocean Exploration,oceanexplorer.noaa.gov,verified
FACT-2027-01-10-S05,10,2027-01-10,Sodium produces yellow fireworks.,5,January,Firework yellow color,Everyday Life,The USGS fireworks resource identifies sodium as producing yellow.,high,https://www.usgs.gov/science/science-explorer/minerals/minerals-101,Fireworks,Minerals 101 | U.S. Geological Survey,www.usgs.gov,verified
FACT-2027-01-10-S06,10,2027-01-10,"When a confining layer limits downward movement, groundwater can pool in porous layers and flow horizontally toward an exposed surface-water body.",6,January,Horizontal aquifer flow,Science,The source explains this flow pattern toward bodies such as rivers.,high,https://www.usgs.gov/water-science-school/science/groundwater-what-groundwater,Groundwater flow,Groundwater: What is Groundwater? | U.S. Geological Survey,www.usgs.gov,verified
FACT-2027-01-10-S07,10,2027-01-10,"Some groundwater underlies Earth's surface almost everywhere, including beneath hills, mountains, plains, and deserts.",7,January,Widespread groundwater,Geography,The source explicitly lists these landforms as places underlain by groundwater.,high,https://www.usgs.gov/water-science-school/science/groundwater-what-groundwater,Subsurface water,Groundwater: What is Groundwater? | U.S. Geological Survey,www.usgs.gov,verified
FACT-2027-01-10-S08,10,2027-01-10,Charles Darwin’s observations of Galápagos wildlife inspired his theory of evolution by natural selection.,8,January,Darwin’s Galápagos Observations,Science,The source directly connects Darwin’s wildlife observations in the islands with his theory of evolution by natural selection.,high,https://education.nationalgeographic.org/resource/galapagos-islands/,Evolution,Galápagos Islands,education.nationalgeographic.org,verified
FACT-2027-01-10-S09,10,2027-01-10,A warmer climate can raise sea levels through melting sea ice and expansion of seawater.,9,January,Climate and sea level,Nature,The source identifies both processes as contributors to higher sea levels.,high,https://oceanservice.noaa.gov/navigation/tidesandcurrents/,Sea-Level Change,Tides and Currents,oceanservice.noaa.gov,verified
FACT-2027-01-10-S10,10,2027-01-10,Oceanic crust is ultimately recycled deep into Earth.,10,January,Crust recycling,Geography,The text says newly formed crust is ultimately recycled deep into Earth.,high,https://pubs.usgs.gov/imap/2800/,Plate tectonics,Geologic Investigations Map I-2800: This Dynamic Planet,pubs.usgs.gov,verified
FACT-2027-01-10-S11,10,2027-01-10,Objects in the collection date to as early as 2500 BCE.,11,January,Earliest collection date,Ancient Civilizations,The source explicitly dates some objects to as early as 2500 BCE.,high,https://asia.si.edu/explore-art-culture/collections/collections-areas/ancient-egyptian-art/,Chronology,https://asia.si.edu/explore-art-culture/collections/collections-areas/ancient-egyptian-art/,asia.si.edu,verified
FACT-2027-01-10-S12,10,2027-01-10,Spinal cord injury and head injury are listed as forms of neurological trauma.,12,January,Neurological trauma,Human Body,The source lists spinal cord and head injury under trauma.,high,https://www.ninds.nih.gov/health-information/public-education/brain-basics,Neurological injury,Brain Basics | National Institute of Neurological Disorders and Stroke,www.ninds.nih.gov,verified
FACT-2027-01-10-S13,10,2027-01-10,Ocean currents flow both at the ocean surface and in the ocean depths.,13,January,Current locations,Ocean & Marine,NOAA states that currents occur on the surface and in the depths and flow locally and globally.,high,https://www.noaa.gov/education/resource-collections/ocean-coasts/ocean-currents,Ocean circulation,Ocean currents | National Oceanic and Atmospheric Administration,www.noaa.gov,verified
FACT-2027-01-10-S14,10,2027-01-10,A DNA microarray is a chip coated with DNA fragments that act as probes for DNA or RNA from blood or tissue samples.,14,January,DNA microarrays,Technology,NINDS defines microarrays and describes their probes and sample sources.,high,https://www.ninds.nih.gov/health-information/patient-caregiver-education/brain-basics-genes-work-brain,Genomic research,Brain Basics: Genes At Work In The Brain | National Institute of Neurological Disorders and Stroke,www.ninds.nih.gov,verified
FACT-2027-01-10-S15,10,2027-01-10,Galileo recorded Neptune as a fixed star during observations in 1612 and 1613.,15,January,Galileo's Neptune Observation,History,The discovery section states that Galileo recorded Neptune as a fixed star during those observations.,high,https://science.nasa.gov/neptune/neptune-facts/,Astronomical observation,Neptune: Facts - NASA Science,science.nasa.gov,verified
FACT-2027-01-10-S16,10,2027-01-10,An ocean-literate person can make informed and responsible decisions regarding the ocean and its resources.,16,January,Ocean decision-making,Ocean & Marine,The source explicitly lists informed and responsible decisions about the ocean and its resources.,high,https://oceanservice.noaa.gov/education/literacy.html,Ocean stewardship,Ocean and Climate Literacy,oceanservice.noaa.gov,verified
FACT-2027-01-10-S17,10,2027-01-10,Wildlife bridges are used to facilitate animal migration.,17,January,Wildlife bridges,Animals,The source explicitly introduces wildlife bridges as structures that help facilitate animal migration.,high,https://education.nationalgeographic.org/resource/animal-migration/,Wildlife crossings,Animal Migration,education.nationalgeographic.org,verified
FACT-2027-01-10-S18,10,2027-01-10,The exhibition highlighted the remarkable jade production of the Liangzhu culture.,18,January,Liangzhu jade production,Ancient Civilizations,The source explicitly identifies Liangzhu jade production as a featured subject.,high,https://asia-archive.si.edu/exhibition/ancient-chinese-jades-and-bronzes/,Jade Production,Ancient Chinese Jades and Bronzes - Smithsonian's National Museum of Asian Art,asia-archive.si.edu,verified
FACT-2027-01-10-S19,10,2027-01-10,The page's interactives cannot be downloaded.,19,January,Interactive Download Restriction,Technology,The source explicitly states that interactives cannot be downloaded.,high,https://education.nationalgeographic.org/resource/where-are-the-worlds-biomes/,Interactive Media,Where Are the World's Biomes and Why Are They There,education.nationalgeographic.org,verified
FACT-2027-01-10-S20,10,2027-01-10,The complete cycle of Venus's phases from new to full takes 584 days.,20,January,Venus's Orbital Phase Cycle,Space,NASA states that Venus's phase cycle takes 584 days.,high,https://science.nasa.gov/venus/venus-facts/,Planetary observation,Venus: Facts - NASA Science,science.nasa.gov,verified
FACT-2027-01-11-S01,11,2027-01-11,Earth’s Moon probably formed when a Mars-sized body collided with Earth and debris from the impact accumulated in orbit.,1,January,Earth’s Moon Formation,Space,NASA describes this impact scenario and says the debris formed the Moon.,high,https://science.nasa.gov/solar-system/moons/facts/,Lunar Origin,Moons: Facts,science.nasa.gov,verified
FACT-2027-01-11-S02,11,2027-01-11,The Gulf Stream originates in the tropical Caribbean.,2,January,Gulf Stream origin,Geography,NOAA identifies the tropical Caribbean as the Gulf Stream’s origin.,high,https://www.noaa.gov/education/resource-collections/ocean-coasts/ocean-currents,Ocean currents,Ocean currents | National Oceanic and Atmospheric Administration,www.noaa.gov,verified
FACT-2027-01-11-S03,11,2027-01-11,Injecting crown-of-thorns starfish with ox bile kills the starfish without harming the reef.,3,January,Crown-of-thorns control,Ocean & Marine,The source describes NOAA divers injecting the starfish's central disk near an arm with ox bile.,high,https://www.noaa.gov/explainers/coral-reefs-essential-and-threatened,Conservation methods,Coral reefs: Essential and threatened | National Oceanic and Atmospheric Administration,www.noaa.gov,verified
FACT-2027-01-11-S04,11,2027-01-11,"Titanium, zirconium, and magnesium alloys together produce silvery-white fireworks.",4,January,Silvery-white fireworks mixture,Everyday Life,The USGS fireworks resource attributes silvery white to these alloys.,high,https://www.usgs.gov/science/science-explorer/minerals/minerals-101,Fireworks,Minerals 101 | U.S. Geological Survey,www.usgs.gov,verified
FACT-2027-01-11-S05,11,2027-01-11,"Reference stations provide full daily tide predictions, while subordinate stations require applying differences from specified reference stations.",5,January,Reference and subordinate stations,Ocean & Marine,The source defines these two station types and their prediction methods.,high,https://oceanservice.noaa.gov/navigation/tidesandcurrents/,Tide Predictions,Tides and Currents,oceanservice.noaa.gov,verified
FACT-2027-01-11-S06,11,2027-01-11,One Birdseye method held packaged food between two metal belts chilled to between -40°F and -45°F.,6,January,Metal-Belt Freezing Method,Technology,The source specifies the metal belts and their temperature range.,high,https://www.loc.gov/everyday-mysteries/categories/technology/item/who-invented-frozen-food/,Industrial freezing,Who invented frozen food?  | Library of Congress,www.loc.gov,verified
FACT-2027-01-11-S07,11,2027-01-11,The exhibition was presented by the Smithsonian's National Museum of Asian Art.,7,January,Museum institution,History,The source title identifies the Smithsonian's National Museum of Asian Art.,high,https://asia-archive.si.edu/exhibition/ancient-chinese-jades-and-bronzes/,Museums,Ancient Chinese Jades and Bronzes - Smithsonian's National Museum of Asian Art,asia-archive.si.edu,verified
FACT-2027-01-11-S08,11,2027-01-11,The Smithsonian offers distance-learning collections featuring mummies.,8,January,Distance Learning Collections,Technology,The source directs visitors to Smithsonian distance-learning lab collections featuring mummies.,high,https://naturalhistory.si.edu/exhibits/eternal-life-ancient-egypt,Online education,Eternal Life in Ancient Egypt | Smithsonian National Museum of Natural History,naturalhistory.si.edu,verified
FACT-2027-01-11-S09,11,2027-01-11,Aftershocks are smaller earthquakes that occur after and in the same place as the mainshock.,9,January,Aftershocks,Science,The source defines aftershocks as smaller earthquakes occurring afterward in the mainshock’s location.,high,https://www.usgs.gov/programs/earthquake-hazards/science-earthquakes,Seismology,The Science of Earthquakes | U.S. Geological Survey,www.usgs.gov,verified
FACT-2027-01-11-S10,11,2027-01-11,The akh was understood as a spirit that traveled through the Underworld to Final Judgment and entry into the afterlife.,10,January,Role of the akh,Ancient Civilizations,The source gives this description of the akh.,high,https://www.si.edu/spotlight/ancient-egypt/mummies,Afterlife beliefs,Egyptian Mummies | Smithsonian Institution,www.si.edu,verified
FACT-2027-01-11-S11,11,2027-01-11,More than one hundred Freer jades and bronzes returned to public view.,11,January,Jade and bronze collection,History,The source states that more than one hundred of the Freer's jades and bronzes returned to public view.,high,https://asia-archive.si.edu/exhibition/ancient-chinese-jades-and-bronzes/,Museum Collections,Ancient Chinese Jades and Bronzes - Smithsonian's National Museum of Asian Art,asia-archive.si.edu,verified
FACT-2027-01-11-S12,11,2027-01-11,"Venus's equatorial diameter is about 7,521 miles (12,104 kilometers).",12,January,Venus's Diameter,Space,"The source gives Venus's equatorial diameter as 7,521 miles (12,104 kilometers).",high,https://science.nasa.gov/venus/venus-facts/,Planetary dimensions,Venus: Facts - NASA Science,science.nasa.gov,verified
FACT-2027-01-11-S13,11,2027-01-11,"Coastal development and agricultural runoff can impede coral growth and reproduction, disturb ecological function, and cause disease.",13,January,Pollution impacts,Nature,NOAA identifies these effects of land-based pollution sources.,high,https://www.noaa.gov/explainers/coral-reefs-essential-and-threatened,Pollution impacts,Coral reefs: Essential and threatened | National Oceanic and Atmospheric Administration,www.noaa.gov,verified
FACT-2027-01-11-S14,11,2027-01-11,The Galápagos penguin is identified by the scientific name Spheniscus mendiculus.,14,January,Galápagos Penguin Scientific Name,Animals,The source gives the Galápagos penguin’s scientific name as Spheniscus mendiculus.,high,https://education.nationalgeographic.org/resource/galapagos-islands/,Birds,Galápagos Islands,education.nationalgeographic.org,verified
FACT-2027-01-11-S15,11,2027-01-11,The source defines a stroke as occurring when the brain fails to get enough blood.,15,January,Stroke mechanism,Human Body,The Preventing Stroke section explicitly states this mechanism.,high,https://www.ninds.nih.gov/health-information/public-education/brain-basics,Stroke,Brain Basics | National Institute of Neurological Disorders and Stroke,www.ninds.nih.gov,verified
FACT-2027-01-11-S16,11,2027-01-11,Salt marshes are coastal wetlands flooded and drained by salt water brought in by tides.,16,January,Salt marsh definition,Nature,NOAA defines salt marshes by their tidal flooding and drainage.,high,https://www.noaa.gov/education/resource-collections/ocean-coasts/tides,Coastal ecosystems,Tides | National Oceanic and Atmospheric Administration,www.noaa.gov,verified
FACT-2027-01-11-S17,11,2027-01-11,The pair of stone falcons probably came from a temple near Alexandria.,17,January,Possible falcon origin,Ancient Civilizations,The source describes the falcons as probably from a temple near Alexandria.,high,https://asia.si.edu/explore-art-culture/collections/collections-areas/ancient-egyptian-art/,Archaeological Provenance,https://asia.si.edu/explore-art-culture/collections/collections-areas/ancient-egyptian-art/,asia.si.edu,verified
FACT-2027-01-11-S18,11,2027-01-11,"The neural tube segments into vesicles that become the forebrain, midbrain, and hindbrain.",18,January,Brain vesicle segmentation,Human Body,The key-steps section explicitly identifies these three neural-tube-derived regions.,high,https://pmc.ncbi.nlm.nih.gov/articles/PMC10926850/,Brain development,Genetics of human brain development - PMC,pmc.ncbi.nlm.nih.gov,verified
FACT-2027-01-11-S19,11,2027-01-11,P waves travel faster than S waves.,19,January,P-Wave Speed,Science,The source explicitly states that P waves are faster than S waves.,high,https://www.usgs.gov/programs/earthquake-hazards/science-earthquakes,Seismic Waves,The Science of Earthquakes | U.S. Geological Survey,www.usgs.gov,verified
FACT-2027-01-11-S20,11,2027-01-11,"Isabela Island is approximately 129 kilometers, or 80 miles, long.",20,January,Length of Isabela,Geography,The source gives Isabela’s length as approximately 129 kilometers (80 miles).,high,https://education.nationalgeographic.org/resource/galapagos-islands/,Measurements,Galápagos Islands,education.nationalgeographic.org,verified
FACT-2027-01-12-S01,12,2027-01-12,Tide prediction requires recording water levels at one location for at least 30 days and preferably a year or longer.,1,January,Tide prediction records,Technology,The source specifies these minimum and preferred observation periods.,high,https://www.noaa.gov/education/resource-collections/ocean-coasts/tides,Environmental measurement,Tides | National Oceanic and Atmospheric Administration,www.noaa.gov,verified
FACT-2027-01-12-S02,12,2027-01-12,Unsustainable fishing in coral-reef areas can cause the loss of ecologically and economically important fish species.,2,January,Fishing impacts,Animals,The source directly states that unsustainable fishing can lead to these fish-species losses.,high,https://www.noaa.gov/explainers/coral-reefs-essential-and-threatened,Fishing impacts,Coral reefs: Essential and threatened | National Oceanic and Atmospheric Administration,www.noaa.gov,verified
FACT-2027-01-12-S03,12,2027-01-12,"The linked StoryMap contains a MapMaker map titled ""Where Are the World's Biomes?"".",3,January,StoryMap Contents,Technology,The source states that educators will find this MapMaker map in the StoryMap.,high,https://education.nationalgeographic.org/resource/where-are-the-worlds-biomes/,Digital Mapping,Where Are the World's Biomes and Why Are They There,education.nationalgeographic.org,verified
FACT-2027-01-12-S04,12,2027-01-12,The source includes the Freer and Sackler Galleries logo.,4,January,Former gallery names,History,The page displays an image labeled with the Freer and Sackler Galleries logo.,high,https://asia-archive.si.edu/exhibition/ancient-chinese-jades-and-bronzes/,Museums,Ancient Chinese Jades and Bronzes - Smithsonian's National Museum of Asian Art,asia-archive.si.edu,verified
FACT-2027-01-12-S05,12,2027-01-12,Hurricanes originate over tropical regions of the ocean.,5,January,Hurricane formation region,Ocean & Marine,The source states that hurricanes originate over tropical regions of the ocean.,high,https://oceanservice.noaa.gov/facts/ocean_weather.html,Hurricanes,What role does the ocean play in the weather?,oceanservice.noaa.gov,verified
FACT-2027-01-12-S06,12,2027-01-12,"DNA contains four nucleotide types: adenine, thymine, cytosine, and guanine.",6,January,DNA nucleotides,Science,"NINDS lists the four nucleotides as A, T, C, and G.",high,https://www.ninds.nih.gov/health-information/patient-caregiver-education/brain-basics-genes-work-brain,Molecular biology,Brain Basics: Genes At Work In The Brain | National Institute of Neurological Disorders and Stroke,www.ninds.nih.gov,verified
FACT-2027-01-12-S07,12,2027-01-12,The study identified 13 loci associated with white matter hyperintensity volume at genome-wide significance.,7,January,White-matter loci,Human Body,The abstract reports 13 loci associated with white matter hyperintensities at P<5×10−8.,high,https://pmc.ncbi.nlm.nih.gov/articles/PMC11189393/,Cerebrovascular markers,Genetic influences on brain and cognitive health and their interactions with cardiovascular conditions and depression,pmc.ncbi.nlm.nih.gov,verified
FACT-2027-01-12-S08,12,2027-01-12,Corals are animals despite sometimes exhibiting plant-like characteristics and being mistaken for rocks.,8,January,Corals are animals,Ocean & Marine,NOAA explicitly states that corals are animals and are often mistaken for rocks.,high,https://www.noaa.gov/explainers/coral-reefs-essential-and-threatened,Coral biology,Coral reefs: Essential and threatened | National Oceanic and Atmospheric Administration,www.noaa.gov,verified
FACT-2027-01-12-S09,12,2027-01-12,Zoozve is a quasi-satellite of Venus that orbits the Sun while staying close to Venus.,9,January,Zoozve's Classification,Space,NASA describes Zoozve as Venus's quasi-satellite and defines quasi-satellites as asteroids orbiting the Sun near a planet.,high,https://science.nasa.gov/venus/venus-facts/,Small bodies,Venus: Facts - NASA Science,science.nasa.gov,verified
FACT-2027-01-12-S10,12,2027-01-12,Most continental crust does not sink deeply enough to be recycled and therefore remains largely preserved on land.,10,January,Continental crust preservation,Geography,The introduction states that continental crust generally avoids deep recycling and remains preserved on land.,high,https://pubs.usgs.gov/imap/2800/,Earth's crust,Geologic Investigations Map I-2800: This Dynamic Planet,pubs.usgs.gov,verified
FACT-2027-01-12-S11,12,2027-01-12,Overexpression of the human-specific ARHGAP11B gene promotes outer radial glial amplification and neocortical expansion.,11,January,ARHGAP11B and neocortex expansion,Human Body,"The source reports this effect in mice, ferrets, marmosets, and chimpanzee organoids.",high,https://pmc.ncbi.nlm.nih.gov/articles/PMC10926850/,Developmental genetics,Genetics of human brain development - PMC,pmc.ncbi.nlm.nih.gov,verified
FACT-2027-01-12-S12,12,2027-01-12,"Tropical storms, disease outbreaks, vessel damage, marine debris, and invasive species also threaten coral reefs.",12,January,Additional reef threats,Nature,NOAA lists these factors as additional threats that combine with the main threats.,high,https://www.noaa.gov/explainers/coral-reefs-essential-and-threatened,Environmental threats,Coral reefs: Essential and threatened | National Oceanic and Atmospheric Administration,www.noaa.gov,verified
FACT-2027-01-12-S13,12,2027-01-12,"Yellowstone's highest point is Eagle Peak at 11,358 feet, while its lowest point is Reese Creek at 5,282 feet.",13,January,Park Elevation Range,Geography,The geography section identifies Eagle Peak and Reese Creek as the highest and lowest points.,high,https://www.nps.gov/yell/planyourvisit/parkfacts.htm,Elevation,Park Facts - Yellowstone National Park (U.S. National Park Service),www.nps.gov,verified
FACT-2027-01-12-S14,12,2027-01-12,Much knowledge of Egyptian mummification derives from Herodotus's account of the process during his travels in Egypt around 450 BCE.,14,January,Herodotus as a source,History,The source identifies Herodotus and dates his Egyptian travels to around 450 BCE.,high,https://www.si.edu/spotlight/ancient-egypt/mummies,Historical sources,Egyptian Mummies | Smithsonian Institution,www.si.edu,verified
FACT-2027-01-12-S15,12,2027-01-12,Coral ecosystems protect coastlines from storms and erosion.,15,January,Coastal protection,Nature,NOAA identifies protection from storms and erosion as a coral-reef service.,high,https://www.noaa.gov/explainers/coral-reefs-essential-and-threatened,Ecosystem services,Coral reefs: Essential and threatened | National Oceanic and Atmospheric Administration,www.noaa.gov,verified
FACT-2027-01-12-S16,12,2027-01-12,Monarch migration planning must account for the butterflies' dependence on milkweed.,16,January,Monarch dependence on milkweed,Animals,The source repeatedly highlights monarchs' dependence on milkweed when discussing migration routes and possible threats.,high,https://education.nationalgeographic.org/resource/animal-migration/,Butterflies,Animal Migration,education.nationalgeographic.org,verified
FACT-2027-01-12-S17,12,2027-01-12,Ancient Iranian ceramics are among the highlights of the National Museum of Asian Art's Ancient Near East collection.,17,January,Ancient Iranian Ceramics,Ancient Civilizations,The source identifies ancient Iranian ceramics as a collection highlight.,high,https://asia.si.edu/explore-art-culture/collections/collections-areas/ancient-near-east/,Iranian art,,asia.si.edu,verified
FACT-2027-01-12-S18,12,2027-01-12,The unsaturated zone contains air and some water in its soil and rock.,18,January,Unsaturated zone contents,Science,The source states that dirt and rock above the water table contain air and some water.,high,https://www.usgs.gov/water-science-school/science/groundwater-what-groundwater,Hydrogeology,Groundwater: What is Groundwater? | U.S. Geological Survey,www.usgs.gov,verified
FACT-2027-01-12-S19,12,2027-01-12,The Moon has a greater influence on Earth’s tides than the Sun.,19,January,Moon’s dominant influence,Space,The source explicitly states that the Moon has the largest influence on tides.,high,https://www.noaa.gov/education/resource-collections/ocean-coasts/tides,Lunar influence,Tides | National Oceanic and Atmospheric Administration,www.noaa.gov,verified
FACT-2027-01-12-S20,12,2027-01-12,The ancient Egyptian collection includes more than one thousand objects.,20,January,Collection size,Ancient Civilizations,The source states that the collection now includes more than one thousand objects.,high,https://asia.si.edu/explore-art-culture/collections/collections-areas/ancient-egyptian-art/,Museum Collections,https://asia.si.edu/explore-art-culture/collections/collections-areas/ancient-egyptian-art/,asia.si.edu,verified
FACT-2027-01-13-S01,13,2027-01-13,Copper produces blue fireworks.,1,January,Firework blue color,Everyday Life,The USGS fireworks resource identifies copper as producing blues.,high,https://www.usgs.gov/science/science-explorer/minerals/minerals-101,Fireworks,Minerals 101 | U.S. Geological Survey,www.usgs.gov,verified
FACT-2027-01-13-S02,13,2027-01-13,The exhibition highlighted approximately forty ritual vessels.,2,January,Ritual vessels,Ancient Civilizations,The source refers to powerful animal motifs and forms featured on some forty ritual vessels.,high,https://asia-archive.si.edu/exhibition/ancient-chinese-jades-and-bronzes/,Ritual Objects,Ancient Chinese Jades and Bronzes - Smithsonian's National Museum of Asian Art,asia-archive.si.edu,verified
FACT-2027-01-13-S03,13,2027-01-13,Forty-nine SNPs showed significant interactions with cardiovascular conditions on regional cortical thickness.,3,January,Cardiovascular interactions,Human Body,The gene-by-environment analysis reports 49 SNPs with cardiovascular-condition interactions.,high,https://pmc.ncbi.nlm.nih.gov/articles/PMC11189393/,Gene-environment interaction,Genetic influences on brain and cognitive health and their interactions with cardiovascular conditions and depression,pmc.ncbi.nlm.nih.gov,verified
FACT-2027-01-13-S04,13,2027-01-13,Anyang was the capital of China’s Shang dynasty and was occupied approximately from 1250 BCE to 1050 BCE.,4,January,Anyang as Shang Capital,History,The exhibition describes Anyang as the Shang dynasty capital occupied ca. 1250–1050 BCE.,high,https://asia.si.edu/whats-on/exhibitions/anyang-chinas-ancient-city-of-kings/,Shang dynasty,https://asia.si.edu/whats-on/exhibitions/anyang-chinas-ancient-city-of-kings/,asia.si.edu,verified
FACT-2027-01-13-S05,13,2027-01-13,The Galápagos archipelago contains thirteen major islands and a handful of smaller islands.,5,January,Number of Major Islands,Geography,The source explicitly states that thirteen major islands and a handful of smaller islands make up the archipelago.,high,https://education.nationalgeographic.org/resource/galapagos-islands/,Archipelago,Galápagos Islands,education.nationalgeographic.org,verified
FACT-2027-01-13-S06,13,2027-01-13,"A comprehensive 2011 survey estimated that Alaska had about 27,000 glaciers.",6,January,Alaskan glacier count,Country Facts,"The USGS gives approximately 27,000 glaciers based on its most recent comprehensive 2011 survey.",high,https://www.usgs.gov/faqs/what-glacier?qt-news_science_products=0,Alaska,What is a glacier?,www.usgs.gov,verified
FACT-2027-01-13-S07,13,2027-01-13,A climate-literate person can communicate meaningfully about climate and climate change.,7,January,Climate communication,Science,The source explicitly includes meaningful communication about climate and climate change.,high,https://oceanservice.noaa.gov/education/literacy.html,Climate education,Ocean and Climate Literacy,oceanservice.noaa.gov,verified
FACT-2027-01-13-S08,13,2027-01-13,"Earthquakes induced by human activity have been documented in the United States, Japan, and Canada.",8,January,Human-induced earthquakes,Nature,USGS lists these three countries and attributes documented cases to activities including fluid injection and reservoir filling.,high,https://www.usgs.gov/programs/earthquake-hazards/earthquake-facts-earthquake-fantasy,Induced seismicity,Earthquake Facts & Earthquake Fantasy | U.S. Geological Survey,www.usgs.gov,verified
FACT-2027-01-13-S09,13,2027-01-13,The U.S. Geological Survey published This dynamic planet in 2006.,9,January,Publication date,History,The publication details identify the publisher as the U.S. Geological Survey and the year published as 2006.,high,https://pubs.usgs.gov/publication/i2800,Scientific publications,"This dynamic planet: World map of volcanoes, earthquakes, impact craters and plate tectonics",pubs.usgs.gov,verified
FACT-2027-01-13-S10,13,2027-01-13,NOAA supported the National Marine Educators Association's development of an extensive ocean literacy framework.,10,January,NOAA support,Ocean & Marine,The source states that NMEA developed the framework with NOAA support.,high,https://oceanservice.noaa.gov/education/literacy.html,Ocean education organizations,Ocean and Climate Literacy,oceanservice.noaa.gov,verified
FACT-2027-01-13-S11,13,2027-01-13,"Metamorphic rocks began as igneous, sedimentary, or earlier metamorphic rocks and were substantially changed from their original form.",11,January,Metamorphic rock origin,Nature,The USGS defines metamorphic rocks by their changed preexisting forms.,high,https://www.usgs.gov/faqs/what-difference-between-a-rock-and-a-mineral,Metamorphic Rocks,What is the difference between a rock and a mineral? | U.S. Geological Survey,www.usgs.gov,verified
FACT-2027-01-13-S12,13,2027-01-13,Buoys used to measure currents can carry Global Positioning System technology or satellite communications to relay data.,12,January,Buoy current tracking,Technology,NOAA gives GPS and satellite communications as buoy technologies for current measurement.,high,https://oceanservice.noaa.gov/navigation/tidesandcurrents/,Ocean Instruments,Tides and Currents,oceanservice.noaa.gov,verified
FACT-2027-01-13-S13,13,2027-01-13,Coral colonies grow at a typical rate of 0.008 to 0.12 inches per year.,13,January,Typical coral growth rate,Ocean & Marine,The source provides the growth range of 0.008 to 0.12 inches annually.,high,https://www.fisheries.noaa.gov/national/habitat-conservation/shallow-coral-reef-habitat,Coral growth,Shallow Coral Reef Habitat | NOAA Fisheries,www.fisheries.noaa.gov,verified
FACT-2027-01-13-S14,13,2027-01-13,Approximately 500 million people worldwide depend on coral reefs for food and livelihoods.,14,January,Reef-dependent people,Geography,NOAA gives an estimate of approximately 500 million people worldwide.,high,https://www.noaa.gov/explainers/coral-reefs-essential-and-threatened,Human dependence,Coral reefs: Essential and threatened | National Oceanic and Atmospheric Administration,www.noaa.gov,verified
FACT-2027-01-13-S15,13,2027-01-13,Each mummy required hundreds of yards of linen for wrapping.,15,January,Linen wrapping,Ancient Civilizations,The source explicitly states that hundreds of yards of linen were needed.,high,https://www.si.edu/spotlight/ancient-egypt/mummies,Funerary textiles,Egyptian Mummies | Smithsonian Institution,www.si.edu,verified
FACT-2027-01-13-S16,13,2027-01-13,A climate-literate person understands the essential principles of the Earth system that govern climate patterns.,16,January,Climate-literate knowledge,Science,The source states that climate literacy includes understanding Earth-system principles governing climate patterns.,high,https://oceanservice.noaa.gov/education/literacy.html,Climate education,Ocean and Climate Literacy,oceanservice.noaa.gov,verified
FACT-2027-01-13-S17,13,2027-01-13,The 2006 IAU definition reclassified Pluto from a planet to a dwarf planet and reduced the solar-system planet count from nine to eight.,17,January,Pluto reclassification,Space,NASA directly links Pluto’s reclassification to the 2006 IAU decision and the change in the planet census.,high,https://science.nasa.gov/solar-system/planets/,Pluto,About the Planets,science.nasa.gov,verified
FACT-2027-01-13-S18,13,2027-01-13,"Groundwater wells provide water for home uses, irrigation, and industries in many places.",18,January,Groundwater uses,Everyday Life,USGS lists these three uses when describing the importance of wells.,high,https://www.usgs.gov/water-science-school/science/groundwater-what-groundwater,Water supply,Groundwater: What is Groundwater? | U.S. Geological Survey,www.usgs.gov,verified
FACT-2027-01-13-S19,13,2027-01-13,"Precentral, postcentral, precuneus, and visual cortical regions showed the highest regional cortical-thickness heritability, ranging from 0.23 to 0.28.",19,January,Regional heritability,Human Body,The results give a regional heritability range of 0.23–0.28 for these regions.,high,https://pmc.ncbi.nlm.nih.gov/articles/PMC11189393/,Brain genetics,Genetic influences on brain and cognitive health and their interactions with cardiovascular conditions and depression,pmc.ncbi.nlm.nih.gov,verified
FACT-2027-01-13-S20,13,2027-01-13,Neptune's atmosphere consists mostly of hydrogen and helium with a small amount of methane.,20,January,Neptune's Atmospheric Composition,Space,"The atmosphere section explicitly gives hydrogen, helium, and methane as Neptune's primary atmospheric components.",high,https://science.nasa.gov/neptune/neptune-facts/,Atmosphere,Neptune: Facts - NASA Science,science.nasa.gov,verified
FACT-2027-01-14-S01,14,2027-01-14,A flood current is the movement of water toward the coast as high tide approaches.,1,January,Flood current,Ocean & Marine,NOAA defines a flood current as water moving toward the coast during rising tide.,high,https://www.noaa.gov/education/resource-collections/ocean-coasts/tides,Tidal currents,Tides | National Oceanic and Atmospheric Administration,www.noaa.gov,verified
FACT-2027-01-14-S02,14,2027-01-14,"The National Water Level Observation Network consists of long-term, continuously operating water-level stations.",2,January,National water-level network,Technology,NOAA identifies this network as the backbone of its water-level system.,high,https://oceanservice.noaa.gov/navigation/tidesandcurrents/,Observation Networks,Tides and Currents,oceanservice.noaa.gov,verified
FACT-2027-01-14-S03,14,2027-01-14,More than 160 earthquakes of magnitude 6.0 or higher occurred in 2004.,3,January,2004 major earthquakes,Geography,The source states that over 160 earthquakes reached magnitude 6.0 or above in 2004.,high,https://pubs.usgs.gov/imap/2800/,Seismic activity,Geologic Investigations Map I-2800: This Dynamic Planet,pubs.usgs.gov,verified
FACT-2027-01-14-S04,14,2027-01-14,"Yellowstone has nine conifer species, and lodgepole pine makes up more than 80% of its forest.",4,January,Lodgepole Pine Dominance,Nature,The vegetation section gives the conifer count and lodgepole pine's share of forest.,high,https://www.nps.gov/yell/planyourvisit/parkfacts.htm,Vegetation,Park Facts - Yellowstone National Park (U.S. National Park Service),www.nps.gov,verified
FACT-2027-01-14-S05,14,2027-01-14,Human-specific SRGAP2C expression prolongs pyramidal-neuron maturation and increases synapse density and connectivity.,5,January,SRGAP2C and neuronal maturation,Human Body,The source describes these effects after ectopic SRGAP2C expression in embryonic mice.,high,https://pmc.ncbi.nlm.nih.gov/articles/PMC10926850/,Synaptic development,Genetics of human brain development - PMC,pmc.ncbi.nlm.nih.gov,verified
FACT-2027-01-14-S06,14,2027-01-14,The African Art Museum is open daily from 10 a.m. to 5:30 p.m.,6,January,Museum daily hours,Everyday Life,The source gives the museum hours as 10 a.m. to 5:30 p.m. daily.,high,https://www.si.edu/exhibitions/ancient-nubia-egypts-rival-africa-event-exhib-1221,Operating Hours,,www.si.edu,verified
FACT-2027-01-14-S07,14,2027-01-14,Monarch migration maps can be used to identify locations where monarchs breed and feed throughout the year.,7,January,Monarch breeding and feeding,Animals,The source instructs students to use monarch migration maps to identify specific breeding and feeding locations.,high,https://education.nationalgeographic.org/resource/animal-migration/,Butterflies,Animal Migration,education.nationalgeographic.org,verified
FACT-2027-01-14-S08,14,2027-01-14,"Huntington’s disease results from an expanded triplet repeat in the huntingtin gene, with affected individuals having 40 or more repeats compared with 20 to 30 normally.",8,January,Huntington repeat expansion,Human Body,The source gives the normal and disease-associated repeat ranges.,high,https://www.ninds.nih.gov/health-information/patient-caregiver-education/brain-basics-genes-work-brain,Inherited neurological disorders,Brain Basics: Genes At Work In The Brain | National Institute of Neurological Disorders and Stroke,www.ninds.nih.gov,verified
FACT-2027-01-14-S09,14,2027-01-14,Water can dissolve limestone and create large cavities that fill with groundwater.,9,January,Limestone cavities,Science,USGS describes limestone dissolution as producing large water-filled cavities.,high,https://www.usgs.gov/water-science-school/science/groundwater-what-groundwater,Groundwater geology,Groundwater: What is Groundwater? | U.S. Geological Survey,www.usgs.gov,verified
FACT-2027-01-14-S10,14,2027-01-14,The edges of tectonic plates are called plate boundaries.,10,January,Plate Boundaries,Science,The source directly defines the edges of tectonic plates as plate boundaries.,high,https://www.usgs.gov/programs/earthquake-hazards/science-earthquakes,Plate Tectonics,The Science of Earthquakes | U.S. Geological Survey,www.usgs.gov,verified
FACT-2027-01-14-S11,14,2027-01-14,Twenty-four U.S. astronauts have traveled to the Moon.,11,January,Astronauts who traveled to the Moon,Space,NASA states that 24 U.S. astronauts have traveled to the Moon.,high,https://science.nasa.gov/solar-system/,Human spaceflight,Solar System Exploration,science.nasa.gov,verified
FACT-2027-01-14-S12,14,2027-01-14,The ancient Near East extended from the eastern shores of the Mediterranean Sea to present-day Afghanistan.,12,January,Extent of the Ancient Near East,Geography,The source explicitly defines the region's extent.,high,https://asia.si.edu/explore-art-culture/collections/collections-areas/ancient-near-east/,Historical regions,,asia.si.edu,verified
FACT-2027-01-14-S13,14,2027-01-14,The exhibition identifies Anyang as the birthplace of Chinese archaeology.,13,January,Birthplace of Chinese Archaeology,History,The introductory text explicitly calls Anyang the birthplace of Chinese archaeology.,high,https://asia.si.edu/whats-on/exhibitions/anyang-chinas-ancient-city-of-kings/,Archaeology,https://asia.si.edu/whats-on/exhibitions/anyang-chinas-ancient-city-of-kings/,asia.si.edu,verified
FACT-2027-01-14-S14,14,2027-01-14,Egyptians probably began intentionally mummifying the dead around 2600 BCE during the Fourth and Fifth Dynasties.,14,January,Intentional mummification begins,Ancient Civilizations,The source dates the probable beginning of intentional mummification to about 2600 BCE.,high,https://www.si.edu/spotlight/ancient-egypt/mummies,Chronology,Egyptian Mummies | Smithsonian Institution,www.si.edu,verified
FACT-2027-01-14-S15,14,2027-01-14,"The earthquake magnitude scale is open-ended, although the Earth's size imposes a physical limit on possible earthquake size.",15,January,Magnitude scale,Nature,USGS states that scientists have not set a magnitude limit but that Earth’s size limits possible earthquakes.,high,https://www.usgs.gov/programs/earthquake-hazards/earthquake-facts-earthquake-fantasy,Seismology,Earthquake Facts & Earthquake Fantasy | U.S. Geological Survey,www.usgs.gov,verified
FACT-2027-01-14-S16,14,2027-01-14,"The page’s structured metadata lists its publication date as April 4, 2023.",16,January,Page publication date,Technology,The JSON-LD metadata gives datePublished as 2023-04-04T19:00:07+00:00.,high,https://asia.si.edu/explore-art-culture/collections/collections-areas/ancient-egyptian-art/,Web Metadata,https://asia.si.edu/explore-art-culture/collections/collections-areas/ancient-egyptian-art/,asia.si.edu,verified
FACT-2027-01-14-S17,14,2027-01-14,Tides are very long ocean waves that contribute to the rise and fall of sea levels.,17,January,Tides are long ocean waves,Ocean & Marine,NOAA defines tides as very long ocean waves associated with changing sea levels.,high,https://www.noaa.gov/education/resource-collections/ocean-coasts/tides,Tidal science,Tides | National Oceanic and Atmospheric Administration,www.noaa.gov,verified
FACT-2027-01-14-S18,14,2027-01-14,"Neptune completes one orbit around the Sun in about 165 Earth years, or 60,190 Earth days.",18,January,Neptune's Year,Space,"NASA gives Neptune's orbital period as about 165 Earth years and 60,190 Earth days.",high,https://science.nasa.gov/neptune/neptune-facts/,Orbit,Neptune: Facts - NASA Science,science.nasa.gov,verified
FACT-2027-01-14-S19,14,2027-01-14,Ceramic vessels are among the objects included in the Nubia exhibition.,19,January,Ceramic vessels,Ancient Civilizations,The source lists ceramic vessels among the exhibition objects.,high,https://www.si.edu/exhibitions/ancient-nubia-egypts-rival-africa-event-exhib-1221,Artifacts,,www.si.edu,verified
FACT-2027-01-14-S20,14,2027-01-14,"The National Museum of Asian Art's Ancient Near East collection contains more than 1,100 objects.",20,January,Collection Size,History,"The source states that more than 1,100 objects are included.",high,https://asia.si.edu/explore-art-culture/collections/collections-areas/ancient-near-east/,Museum collections,,asia.si.edu,verified
FACT-2027-01-15-S01,15,2027-01-15,More than 300 robotic spacecraft have left Earth’s orbit.,1,January,Robotic spacecraft beyond Earth orbit,Space,NASA’s “Getting Out There” section gives the figure as more than 300.,high,https://science.nasa.gov/solar-system/,Space exploration,Solar System Exploration,science.nasa.gov,verified
FACT-2027-01-15-S02,15,2027-01-15,Parts of the Eternal Life in Ancient Egypt exhibition and surrounding spaces are scheduled to remain closed through spring 2027.,2,January,Temporary Exhibit Closure,History,The source states that these areas will be closed through the Spring of 2027.,high,https://naturalhistory.si.edu/exhibits/eternal-life-ancient-egypt,Museums,Eternal Life in Ancient Egypt | Smithsonian National Museum of Natural History,naturalhistory.si.edu,verified
FACT-2027-01-15-S03,15,2027-01-15,The SOD1 gene produces a protein that protects neuronal DNA from damage.,3,January,SOD1 function,Human Body,The source states that SOD1 makes a protein that fights DNA damage in neurons.,high,https://www.ninds.nih.gov/health-information/patient-caregiver-education/brain-basics-genes-work-brain,Neural maintenance,Brain Basics: Genes At Work In The Brain | National Institute of Neurological Disorders and Stroke,www.ninds.nih.gov,verified
FACT-2027-01-15-S04,15,2027-01-15,The study’s global cortical-thickness results had a genetic correlation of 0.82 with the ENIGMA consortium’s global-thickness analysis.,4,January,Thickness genetic correlation,Human Body,The results report rg=0.82 and P=5×10−95.,high,https://pmc.ncbi.nlm.nih.gov/articles/PMC11189393/,Brain genetics,Genetic influences on brain and cognitive health and their interactions with cardiovascular conditions and depression,pmc.ncbi.nlm.nih.gov,verified
FACT-2027-01-15-S05,15,2027-01-15,S waves cause crustal material to move back and forth perpendicular to their direction of travel.,5,January,S-Wave Motion,Science,The source’s diagram caption describes S-wave motion perpendicular to propagation.,high,https://www.usgs.gov/programs/earthquake-hazards/science-earthquakes,Seismic Waves,The Science of Earthquakes | U.S. Geological Survey,www.usgs.gov,verified
FACT-2027-01-15-S06,15,2027-01-15,Groundwater may occur near the land surface or hundreds of feet below it.,6,January,Variable groundwater depth,Nature,USGS contrasts groundwater in marshes with water hundreds of feet below the surface in arid western areas.,high,https://www.usgs.gov/water-science-school/science/groundwater-what-groundwater,Groundwater depth,Groundwater: What is Groundwater? | U.S. Geological Survey,www.usgs.gov,verified
FACT-2027-01-15-S07,15,2027-01-15,The source presents Liangzhu jade production as influential on other Chinese Neolithic and Bronze Age civilizations.,7,January,Liangzhu influence,Ancient Civilizations,The exhibition description states that Liangzhu jade production influenced other Chinese Neolithic and Bronze Age civilizations.,high,https://asia-archive.si.edu/exhibition/ancient-chinese-jades-and-bronzes/,Cultural Influence,Ancient Chinese Jades and Bronzes - Smithsonian's National Museum of Asian Art,asia-archive.si.edu,verified
FACT-2027-01-15-S08,15,2027-01-15,The USGS and USAID operate the Volcano Disaster Assistance Program to assist international partners when requested.,8,January,Volcano Disaster Assistance,History,The source identifies the program as a partnership between USGS and USAID’s Bureau of Humanitarian Assistance and says assistance is provided when international partners ask.,high,https://www.usgs.gov/news/featured-story/volcanoes-and-usgs-volcano-science-just-facts,International cooperation,Volcanoes and USGS Volcano Science: Just the Facts | U.S. Geological Survey,www.usgs.gov,verified
FACT-2027-01-15-S09,15,2027-01-15,Groundwater eventually emerges in some locations into oceans as part of the water cycle.,9,January,Groundwater and oceans,Ocean & Marine,USGS states that groundwater may eventually discharge into oceans.,high,https://www.usgs.gov/water-science-school/science/groundwater-what-groundwater,Water cycle,Groundwater: What is Groundwater? | U.S. Geological Survey,www.usgs.gov,verified
FACT-2027-01-15-S10,15,2027-01-15,Seamounts are underwater mountains.,10,January,Seamounts,Ocean & Marine,The source defines seamounts as underwater mountains.,high,https://education.nationalgeographic.org/resource/galapagos-islands/,Underwater Landforms,Galápagos Islands,education.nationalgeographic.org,verified
FACT-2027-01-15-S11,15,2027-01-15,Winds at the tops of Venus's clouds have been measured at speeds as high as 224 miles per hour (360 kilometers per hour).,11,January,Venusian Cloud Winds,Space,The Potential for Life section reports cloud-top winds reaching 224 mph (360 kph).,high,https://science.nasa.gov/venus/venus-facts/,Planetary weather,Venus: Facts - NASA Science,science.nasa.gov,verified
FACT-2027-01-15-S12,15,2027-01-15,The person or group credited for a media asset is its rights holder.,12,January,Media Rights Holder,Everyday Life,The source defines the rights holder as the credited person or group.,high,https://education.nationalgeographic.org/resource/where-are-the-worlds-biomes/,Intellectual Property,Where Are the World's Biomes and Why Are They There,education.nationalgeographic.org,verified
FACT-2027-01-15-S13,15,2027-01-15,The hollow metal plates in Birdseye’s second method were chilled by the evaporation of ammonia.,13,January,Ammonia Evaporation Cooling,Technology,The Library of Congress states that ammonia evaporation chilled the plates.,high,https://www.loc.gov/everyday-mysteries/categories/technology/item/who-invented-frozen-food/,Refrigeration,Who invented frozen food?  | Library of Congress,www.loc.gov,verified
FACT-2027-01-15-S14,15,2027-01-15,A downloadable media asset displays a download button in the corner of its media viewer.,14,January,Downloadable Media Indicator,Technology,The source states that downloadable assets show a download button.,high,https://education.nationalgeographic.org/resource/where-are-the-worlds-biomes/,Digital Media,Where Are the World's Biomes and Why Are They There,education.nationalgeographic.org,verified
FACT-2027-01-15-S15,15,2027-01-15,Glaciers exist on every continent except Australia.,15,January,Continental glacier distribution,Geography,The source explicitly identifies Australia as the only continent without glaciers.,high,https://www.usgs.gov/faqs/what-glacier?qt-news_science_products=0,Glacier distribution,What is a glacier?,www.usgs.gov,verified
FACT-2027-01-15-S16,15,2027-01-15,Sponges are among the creatures living in and around coral reefs.,16,January,Sponges inhabit reefs,Animals,The source lists sponges among the creatures found in and around coral reefs.,high,https://oceanservice.noaa.gov/facts/coral_species.html,Marine invertebrates,What species live in and around coral reefs?,oceanservice.noaa.gov,verified
FACT-2027-01-15-S17,15,2027-01-15,"Earth has four major layers: the inner core, outer core, mantle, and crust.",17,January,Earth’s Major Layers,Science,The source explicitly lists Earth’s four major layers.,high,https://www.usgs.gov/programs/earthquake-hazards/science-earthquakes,Earth Structure,The Science of Earthquakes | U.S. Geological Survey,www.usgs.gov,verified
FACT-2027-01-15-S18,15,2027-01-15,Tephra consists of airborne lava fragments produced by volcanic eruptions.,18,January,Tephra Definition,Nature,The source labels the image caption 'Tephra (airborne lava fragments)' and describes fragments carried downwind.,high,https://www.usgs.gov/news/featured-story/volcanoes-and-usgs-volcano-science-just-facts,Volcanic materials,Volcanoes and USGS Volcano Science: Just the Facts | U.S. Geological Survey,www.usgs.gov,verified
FACT-2027-01-15-S19,15,2027-01-15,Powerful animal motifs and forms were featured on some of the exhibition's ritual vessels.,19,January,Animal motifs,Ancient Civilizations,The source explicitly describes animal motifs and forms on some forty ritual vessels.,high,https://asia-archive.si.edu/exhibition/ancient-chinese-jades-and-bronzes/,Bronze Decoration,Ancient Chinese Jades and Bronzes - Smithsonian's National Museum of Asian Art,asia-archive.si.edu,verified
FACT-2027-01-15-S20,15,2027-01-15,The Pacific Plate moves northwestward past the North American Plate along the San Andreas Fault at about two inches per year.,20,January,San Andreas movement,Geography,The source gives the San Andreas relative-motion rate as approximately two inches annually.,high,https://www.usgs.gov/programs/earthquake-hazards/earthquake-facts-earthquake-fantasy,Tectonic plates,Earthquake Facts & Earthquake Fantasy | U.S. Geological Survey,www.usgs.gov,verified
FACT-2027-01-16-S01,16,2027-01-16,"Mount Rainier is 14,410 feet (4,393 meters) high.",1,January,Mount Rainier elevation,Geography,"The USGS gives Mount Rainier's elevation as 14,410 feet or 4,393 meters.",high,https://www.usgs.gov/faqs/what-glacier?qt-news_science_products=0,Mountains,What is a glacier?,www.usgs.gov,verified
FACT-2027-01-16-S02,16,2027-01-16,Cardiovascular conditions were associated with significant cortical-thickness differences in nearly half of the tested regions.,2,January,Cardiovascular cortical effects,Human Body,The results state that cardiovascular conditions affected nearly half of tested regions at FDR<0.05.,high,https://pmc.ncbi.nlm.nih.gov/articles/PMC11189393/,Cardiovascular-brain links,Genetic influences on brain and cognitive health and their interactions with cardiovascular conditions and depression,pmc.ncbi.nlm.nih.gov,verified
FACT-2027-01-16-S03,16,2027-01-16,"The oldest glacier ice in Greenland is more than 100,000 years old.",3,January,Oldest Greenland glacier ice,Nature,"The source gives Greenland's oldest glacier ice as more than 100,000 years old.",high,https://www.usgs.gov/faqs/what-glacier?qt-news_science_products=0,Glacial history,What is a glacier?,www.usgs.gov,verified
FACT-2027-01-16-S04,16,2027-01-16,"Neptune has an equatorial diameter of 30,775 miles (49,528 kilometers).",4,January,Neptune's Diameter,Space,"NASA gives Neptune's equatorial diameter as 30,775 miles or 49,528 kilometers.",high,https://science.nasa.gov/neptune/neptune-facts/,Planetary dimensions,Neptune: Facts - NASA Science,science.nasa.gov,verified
FACT-2027-01-16-S05,16,2027-01-16,Gravity pulls surface water toward Earth's center and promotes its downward seepage into the ground.,5,January,Gravity and infiltration,Science,"The source explains that gravity pulls water downward, causing surface water to try to seep into the ground.",high,https://www.usgs.gov/water-science-school/science/groundwater-what-groundwater,Hydrology,Groundwater: What is Groundwater? | U.S. Geological Survey,www.usgs.gov,verified
FACT-2027-01-16-S06,16,2027-01-16,The source identifies an illustrated object as a ritual grain server called a gui.,6,January,Ritual grain server,Ancient Civilizations,The image caption names the object “Ritual grain server (gui).”,high,https://asia-archive.si.edu/exhibition/ancient-chinese-jades-and-bronzes/,Ritual Vessels,Ancient Chinese Jades and Bronzes - Smithsonian's National Museum of Asian Art,asia-archive.si.edu,verified
FACT-2027-01-16-S07,16,2027-01-16,"The Physical Oceanographic Real-Time System provides real-time information on water levels, current speed and direction, winds, air temperature, water temperature, and salinity.",7,January,PORTS real-time data,Technology,NOAA lists these data types as PORTS information.,high,https://oceanservice.noaa.gov/navigation/tidesandcurrents/,Real-Time Monitoring,Tides and Currents,oceanservice.noaa.gov,verified
FACT-2027-01-16-S08,16,2027-01-16,"Although the Galápagos Islands are near the equator, they receive cool ocean currents.",8,January,Cool Ocean Currents,Ocean & Marine,The source directly contrasts the islands’ equatorial location with their receipt of cool ocean currents.,high,https://education.nationalgeographic.org/resource/galapagos-islands/,Ocean Currents,Galápagos Islands,education.nationalgeographic.org,verified
FACT-2027-01-16-S09,16,2027-01-16,One rotation of Neptune takes about 16 hours.,9,January,Neptune's Day,Space,The orbit and rotation section defines a Neptunian day as approximately 16 hours.,high,https://science.nasa.gov/neptune/neptune-facts/,Rotation,Neptune: Facts - NASA Science,science.nasa.gov,verified
FACT-2027-01-16-S10,16,2027-01-16,The African Art Museum is closed on December 25.,10,January,Annual closure,Everyday Life,The source explicitly states that the museum is closed Dec. 25.,high,https://www.si.edu/exhibitions/ancient-nubia-egypts-rival-africa-event-exhib-1221,Operating Hours,,www.si.edu,verified
FACT-2027-01-16-S11,16,2027-01-16,Mount Rainier has more glacier ice cover than any other mountain in the conterminous United States.,11,January,Mount Rainier glacier distinction,Country Facts,The source identifies Mount Rainier as having the greatest glacier ice cover among mountains in the conterminous United States.,high,https://www.usgs.gov/faqs/what-glacier?qt-news_science_products=0,United States geography,What is a glacier?,www.usgs.gov,verified
FACT-2027-01-16-S12,16,2027-01-16,Charles Lang Freer’s trips to Egypt initiated the museum’s ancient Egyptian collection.,12,January,Collection’s origin,History,The source says that Freer’s trips initiated the collection.,high,https://asia.si.edu/explore-art-culture/collections/collections-areas/ancient-egyptian-art/,Museum History,https://asia.si.edu/explore-art-culture/collections/collections-areas/ancient-egyptian-art/,asia.si.edu,verified
FACT-2027-01-16-S13,16,2027-01-16,The chemical irritant from onions stimulates the eyes’ lachrymal glands and causes tearing.,13,January,Onion-induced tears,Human Body,The source says the onion irritant stimulates the eyes’ lachrymal glands.,high,https://www.loc.gov/everyday-mysteries/food-and-nutrition/,Sensory response,Everyday Mysteries,www.loc.gov,verified
FACT-2027-01-16-S14,16,2027-01-16,Ancient Egyptian tombs often contained offerings to the gods.,14,January,Offerings to Gods,Ancient Civilizations,The source states that offerings to the gods were often included.,high,https://naturalhistory.si.edu/exhibits/eternal-life-ancient-egypt,Religious practices,Eternal Life in Ancient Egypt | Smithsonian National Museum of Natural History,naturalhistory.si.edu,verified
FACT-2027-01-16-S15,16,2027-01-16,The museum’s listed telephone number is 202.633.1000.,15,January,Museum telephone number,Everyday Life,The source lists 202.633.1000 beneath the museum address.,high,https://asia.si.edu/explore-art-culture/collections/collections-areas/ancient-egyptian-art/,Contact Information,https://asia.si.edu/explore-art-culture/collections/collections-areas/ancient-egyptian-art/,asia.si.edu,verified
FACT-2027-01-16-S16,16,2027-01-16,"Oceans, seas, and bays contain approximately 96.54 percent of Earth's total water.",16,January,Oceans' share of total water,Ocean & Marine,"The table gives oceans, seas, and bays 96.54 percent of total water.",high,https://www.usgs.gov/index.php/water-science-school/science/where-earths-water,Ocean water,Where is Earth's Water? | U.S. Geological Survey,www.usgs.gov,verified
FACT-2027-01-16-S17,16,2027-01-16,Academia Sinica began archaeological work at Anyang in 1928.,17,January,Academia Sinica Excavations,History,"The text says that Li Chi assumed leadership in 1929, one year after Academia Sinica began archaeological work there.",high,https://asia.si.edu/whats-on/exhibitions/anyang-chinas-ancient-city-of-kings/,Archaeological excavations,https://asia.si.edu/whats-on/exhibitions/anyang-chinas-ancient-city-of-kings/,asia.si.edu,verified
FACT-2027-01-16-S18,16,2027-01-16,The map depicts 170 impact craters.,18,January,Mapped impact craters,Geography,The introduction states that the map illustrates 170 impact craters.,high,https://pubs.usgs.gov/imap/2800/,Impact structures,Geologic Investigations Map I-2800: This Dynamic Planet,pubs.usgs.gov,verified
FACT-2027-01-16-S19,16,2027-01-16,DNA consists of two strands wound together into a double helix.,19,January,DNA structure,Science,The source directly describes DNA as two strands forming a double helix.,high,https://www.ninds.nih.gov/health-information/patient-caregiver-education/brain-basics-genes-work-brain,Molecular biology,Brain Basics: Genes At Work In The Brain | National Institute of Neurological Disorders and Stroke,www.ninds.nih.gov,verified
FACT-2027-01-16-S20,16,2027-01-16,Biomes are areas containing similar plants and animals.,20,January,Biome Definition,Nature,The source explicitly defines biomes as areas containing similar plants and animals.,high,https://education.nationalgeographic.org/resource/where-are-the-worlds-biomes/,Ecology,Where Are the World's Biomes and Why Are They There,education.nationalgeographic.org,verified
FACT-2027-01-17-S01,17,2027-01-17,Many U.S. coral reefs were alive and thriving centuries before European colonization of nearby shores.,1,January,Ancient U.S. reefs,History,The source states that many U.S. reefs predated European colonization of nearby shores by centuries.,high,https://oceanservice.noaa.gov/facts/coral_species.html,U.S. environmental history,What species live in and around coral reefs?,oceanservice.noaa.gov,verified
FACT-2027-01-17-S02,17,2027-01-17,Tides are large waves that move through the ocean in response to forces exerted by the Moon and the Sun.,2,January,Tides are ocean waves,Ocean & Marine,NOAA states that tides are really big waves caused by the forces of the Moon and Sun.,high,https://oceanservice.noaa.gov/navigation/tidesandcurrents/,Tides,Tides and Currents,oceanservice.noaa.gov,verified
FACT-2027-01-17-S03,17,2027-01-17,Clarence Birdseye is generally credited with inventing the quick-freezing method in 1924.,3,January,Modern Frozen Food Innovator,Technology,The Library of Congress states that Birdseye is credited with inventing quick freezing in 1924.,high,https://www.loc.gov/everyday-mysteries/categories/technology/item/who-invented-frozen-food/,Food preservation,Who invented frozen food?  | Library of Congress,www.loc.gov,verified
FACT-2027-01-17-S04,17,2027-01-17,"Pharaohs usually received mummification and elaborate tombs, while nobles and officials often did, common people occasionally did, and many could not afford the process.",4,January,Social access to mummification,Ancient Civilizations,"The source compares mummification practices across pharaohs, elites, common people, and those lacking the means.",high,https://www.si.edu/spotlight/ancient-egypt/mummies,Social status,Egyptian Mummies | Smithsonian Institution,www.si.edu,verified
FACT-2027-01-17-S05,17,2027-01-17,"The Galápagos Islands’ long-term isolation, combined with environmental conditions, contributed to an unusual mix of plant and animal species.",5,January,Evolutionary Isolation,Science,The source links the islands’ isolation and environmental conditions to the evolution of an unusual species mix.,high,https://education.nationalgeographic.org/resource/galapagos-islands/,Evolution,Galápagos Islands,education.nationalgeographic.org,verified
FACT-2027-01-17-S06,17,2027-01-17,Scientists cannot identify an earthquake as a foreshock until the larger earthquake occurs.,6,January,Foreshock Identification,Science,The USGS states that an earthquake is not known to be a foreshock until the larger event happens.,high,https://www.usgs.gov/programs/earthquake-hazards/science-earthquakes,Seismology,The Science of Earthquakes | U.S. Geological Survey,www.usgs.gov,verified
FACT-2027-01-17-S07,17,2027-01-17,Approximately 40% of dementia cases could be prevented or delayed through modification of lifestyle- and environment-related risk factors.,7,January,Dementia risk factors,Human Body,The abstract states that approximately 40% of dementia cases could be prevented or delayed by modifiable risk factors.,high,https://pmc.ncbi.nlm.nih.gov/articles/PMC11189393/,Dementia,Genetic influences on brain and cognitive health and their interactions with cardiovascular conditions and depression,pmc.ncbi.nlm.nih.gov,verified
FACT-2027-01-17-S08,17,2027-01-17,Elkhorn and staghorn coral populations in the Caribbean have declined by more than 90 percent in the last 25 years.,8,January,Caribbean coral decline,Nature,The source reports a decline exceeding 90 percent over 25 years.,high,https://www.fisheries.noaa.gov/national/habitat-conservation/shallow-coral-reef-habitat,Coral population trends,Shallow Coral Reef Habitat | NOAA Fisheries,www.fisheries.noaa.gov,verified
FACT-2027-01-17-S09,17,2027-01-17,"Continuing plate movements, erosion, and redeposition progressively mask or obliterate older geological traces.",9,January,Plate movement and erosion,Geography,The source directly states that these processes obscure earlier plate-tectonic and impact records.,high,https://pubs.usgs.gov/imap/2800/,Geologic processes,Geologic Investigations Map I-2800: This Dynamic Planet,pubs.usgs.gov,verified
FACT-2027-01-17-S10,17,2027-01-17,The Galápagos Islands are located near the equator.,10,January,Equatorial Location,Geography,The source states that the islands are located near the equator.,high,https://education.nationalgeographic.org/resource/galapagos-islands/,Latitude,Galápagos Islands,education.nationalgeographic.org,verified
FACT-2027-01-17-S11,17,2027-01-17,Jupiter’s four largest moons were the first moons discovered beyond Earth.,11,January,First Moons Discovered Beyond Earth,History,NASA states that Jupiter’s four largest moons were the first discovered beyond Earth.,high,https://science.nasa.gov/solar-system/moons/facts/,Astronomical Discoveries,Moons: Facts,science.nasa.gov,verified
FACT-2027-01-17-S12,17,2027-01-17,Neptune has 16 known moons.,12,January,Neptune's Known Moons,Space,The moons section explicitly states that Neptune has 16 known moons.,high,https://science.nasa.gov/neptune/neptune-facts/,Natural satellites,Neptune: Facts - NASA Science,science.nasa.gov,verified
FACT-2027-01-17-S13,17,2027-01-17,"Yellowstone has 67 species of mammals, including seven native ungulate species and two bear species.",13,January,Mammal Diversity,Animals,The wildlife section provides the mammal total and included group counts.,high,https://www.nps.gov/yell/planyourvisit/parkfacts.htm,Mammals,Park Facts - Yellowstone National Park (U.S. National Park Service),www.nps.gov,verified
FACT-2027-01-17-S14,17,2027-01-17,The Smithsonian National Museum of Natural History lists its regular hours as 10 AM to 5:30 PM.,14,January,Museum Hours,Everyday Life,The source gives the museum’s hours as 10 AM to 5:30 PM.,high,https://naturalhistory.si.edu/exhibits/eternal-life-ancient-egypt,Opening hours,Eternal Life in Ancient Egypt | Smithsonian National Museum of Natural History,naturalhistory.si.edu,verified
FACT-2027-01-17-S15,17,2027-01-17,"Coral reefs provide habitat, spawning grounds, and nursery grounds for economically important fish species.",15,January,Fish nursery habitat,Animals,"The source explicitly lists habitat, spawning, and nursery grounds among reef functions.",high,https://www.noaa.gov/explainers/coral-reefs-essential-and-threatened,Marine reproduction,Coral reefs: Essential and threatened | National Oceanic and Atmospheric Administration,www.noaa.gov,verified
FACT-2027-01-17-S16,17,2027-01-17,The solar system is located in the Milky Way galaxy.,16,January,Solar system location,Space,NASA’s Solar System Facts section states that the solar system is located in the Milky Way.,high,https://science.nasa.gov/solar-system/,Galactic location,Solar System Exploration,science.nasa.gov,verified
FACT-2027-01-17-S17,17,2027-01-17,Radial glial cells produce postmitotic excitatory and inhibitory neurons and subsequently glial cells.,17,January,Radial glial cell function,Human Body,The source states that neuroepithelial stem cells transform into radial glial cells that generate neurons and later glia.,high,https://pmc.ncbi.nlm.nih.gov/articles/PMC10926850/,Neurogenesis,Genetics of human brain development - PMC,pmc.ncbi.nlm.nih.gov,verified
FACT-2027-01-17-S18,17,2027-01-17,Iron pyrite is also known as Fool's Gold because it resembles gold.,18,January,Pyrite nickname,Nature,The USGS pyrite description gives the nickname and reason.,high,https://www.usgs.gov/faqs/what-difference-between-a-rock-and-a-mineral,Mineral Names,What is the difference between a rock and a mineral? | U.S. Geological Survey,www.usgs.gov,verified
FACT-2027-01-17-S19,17,2027-01-17,"In cold regions such as the North Atlantic, ocean water loses heat to the atmosphere and becomes cold and dense.",19,January,Cooling in cold regions,Ocean & Marine,NOAA describes this cooling and densification process in the North Atlantic.,high,https://www.noaa.gov/education/resource-collections/ocean-coasts/ocean-currents,Deep ocean circulation,Ocean currents | National Oceanic and Atmospheric Administration,www.noaa.gov,verified
FACT-2027-01-17-S20,17,2027-01-17,The exhibition included fittings from the early Western Zhou dynasty.,20,January,Early Western Zhou fittings,Ancient Civilizations,The source states that fittings from the early Western Zhou dynasty were highlighted.,high,https://asia-archive.si.edu/exhibition/ancient-chinese-jades-and-bronzes/,Western Zhou Dynasty,Ancient Chinese Jades and Bronzes - Smithsonian's National Museum of Asian Art,asia-archive.si.edu,verified
FACT-2027-01-18-S01,18,2027-01-18,"In the thirteenth century BCE, Shang kings founded a new capital on the southern banks of the Huan River at Anyang.",1,January,Southern-Bank Capital,History,The exhibition says the kings abandoned a settlement north of the Huan River and founded a capital on its southern banks.,high,https://asia.si.edu/whats-on/exhibitions/anyang-chinas-ancient-city-of-kings/,Urban foundations,https://asia.si.edu/whats-on/exhibitions/anyang-chinas-ancient-city-of-kings/,asia.si.edu,verified
FACT-2027-01-18-S02,18,2027-01-18,"Lower Falls of the Yellowstone River is the tallest waterfall near a road in the park, measuring 308 feet.",2,January,Tallest Roadside Waterfall,Nature,The source identifies Lower Falls and gives its height as 308 feet.,high,https://www.nps.gov/yell/planyourvisit/parkfacts.htm,Waterfalls,Park Facts - Yellowstone National Park (U.S. National Park Service),www.nps.gov,verified
FACT-2027-01-18-S03,18,2027-01-18,The solar system takes about 230 million years to complete one orbit around the galactic center.,3,January,Galactic orbital period,Space,NASA states that one orbit around the galactic center takes about 230 million years.,high,https://science.nasa.gov/solar-system/,Galactic orbit,Solar System Exploration,science.nasa.gov,verified
FACT-2027-01-18-S04,18,2027-01-18,The study’s WMH results had a genetic correlation of 0.976 with Persyn and colleagues’ WMH analysis.,4,January,WMH genetic correlation,Human Body,The results report rg=0.976 and P=6×10−70.,high,https://pmc.ncbi.nlm.nih.gov/articles/PMC11189393/,Cerebrovascular genetics,Genetic influences on brain and cognitive health and their interactions with cardiovascular conditions and depression,pmc.ncbi.nlm.nih.gov,verified
FACT-2027-01-18-S05,18,2027-01-18,Mixed semidiurnal tides have two high tides and two low tides of different sizes during each lunar day.,5,January,Mixed semidiurnal tides,Ocean & Marine,NOAA’s glossary provides this definition for mixed semidiurnal tides.,high,https://www.noaa.gov/education/resource-collections/ocean-coasts/tides,Tide types,Tides | National Oceanic and Atmospheric Administration,www.noaa.gov,verified
FACT-2027-01-18-S06,18,2027-01-18,Li Chi assumed leadership of the Anyang excavations in 1929.,6,January,Li Chi at Anyang,History,The exhibition states that Li Chi assumed leadership of the excavations in 1929.,high,https://asia.si.edu/whats-on/exhibitions/anyang-chinas-ancient-city-of-kings/,Archaeologists,https://asia.si.edu/whats-on/exhibitions/anyang-chinas-ancient-city-of-kings/,asia.si.edu,verified
FACT-2027-01-18-S07,18,2027-01-18,"In deserts and other areas where surface water is scarce, people use wells to obtain underground water.",7,January,Groundwater in deserts,Geography,The source specifically identifies deserts as places where wells provide access to groundwater.,high,https://www.usgs.gov/water-science-school/science/groundwater-what-groundwater,Water access,Groundwater: What is Groundwater? | U.S. Geological Survey,www.usgs.gov,verified
FACT-2027-01-18-S08,18,2027-01-18,The giant Galápagos tortoise is an endemic species identified by the scientific name Chelonoidis nigra.,8,January,Galápagos Giant Tortoise,Animals,The source lists the giant Galápagos tortoise (Chelonoidis nigra) among endemic species.,high,https://education.nationalgeographic.org/resource/galapagos-islands/,Reptiles,Galápagos Islands,education.nationalgeographic.org,verified
FACT-2027-01-18-S09,18,2027-01-18,Embalmers generally left the heart inside the body because Egyptians regarded it as the center of a person's being and intelligence.,9,January,Heart left in place,Ancient Civilizations,The source states that the heart was left in place for this reason.,high,https://www.si.edu/spotlight/ancient-egypt/mummies,Beliefs about the body,Egyptian Mummies | Smithsonian Institution,www.si.edu,verified
FACT-2027-01-18-S10,18,2027-01-18,"Yellowstone contains one of the world's largest calderas, measuring approximately 45 by 30 miles.",10,January,Yellowstone Caldera,Nature,The geology section gives the caldera's dimensions and describes its global size.,high,https://www.nps.gov/yell/planyourvisit/parkfacts.htm,Volcanology,Park Facts - Yellowstone National Park (U.S. National Park Service),www.nps.gov,verified
FACT-2027-01-18-S11,18,2027-01-18,The largest earthquake in an earthquake sequence is called the mainshock.,11,January,Mainshock,Science,The source identifies the largest earthquake as the mainshock.,high,https://www.usgs.gov/programs/earthquake-hazards/science-earthquakes,Seismology,The Science of Earthquakes | U.S. Geological Survey,www.usgs.gov,verified
FACT-2027-01-18-S12,18,2027-01-18,The ancient Near East was home to several of the world's oldest civilizations.,12,January,Ancient Civilizations,Ancient Civilizations,The source directly describes the region as home to several of the world's oldest civilizations.,high,https://asia.si.edu/explore-art-culture/collections/collections-areas/ancient-near-east/,Civilizational history,,asia.si.edu,verified
FACT-2027-01-18-S13,18,2027-01-18,Climate literacy is an understanding of climate's influence on people and society and people's influence on climate.,13,January,Climate literacy definition,Science,The source directly defines climate literacy using these reciprocal influences.,high,https://oceanservice.noaa.gov/education/literacy.html,Climate education,Ocean and Climate Literacy,oceanservice.noaa.gov,verified
FACT-2027-01-18-S14,18,2027-01-18,"The page’s structured metadata lists its modification date as May 9, 2025.",14,January,Page modification date,Technology,The JSON-LD metadata gives dateModified as 2025-05-09T15:39:29+00:00.,high,https://asia.si.edu/explore-art-culture/collections/collections-areas/ancient-egyptian-art/,Web Metadata,https://asia.si.edu/explore-art-culture/collections/collections-areas/ancient-egyptian-art/,asia.si.edu,verified
FACT-2027-01-18-S15,18,2027-01-18,"Humans have 23 pairs of chromosomes, including one pair of sex chromosomes.",15,January,Human chromosomes,Human Body,The source explicitly states that humans have 23 chromosome pairs.,high,https://www.ninds.nih.gov/health-information/patient-caregiver-education/brain-basics-genes-work-brain,Genetics,Brain Basics: Genes At Work In The Brain | National Institute of Neurological Disorders and Stroke,www.ninds.nih.gov,verified
FACT-2027-01-18-S16,18,2027-01-18,"Winds, water density, and tides drive ocean currents.",16,January,Drivers of currents,Ocean & Marine,"NOAA lists winds, water density, and tides as drivers of ocean currents.",high,https://www.noaa.gov/education/resource-collections/ocean-coasts/ocean-currents,Current drivers,Ocean currents | National Oceanic and Atmospheric Administration,www.noaa.gov,verified
FACT-2027-01-18-S17,18,2027-01-18,Anyang bronze vessels were produced in officially run facilities organized like factories with a division of skilled labor.,17,January,Bronze Workshop Organization,Technology,"The exhibition directly describes the facilities as officially run, factory-like, and divided by skilled labor.",high,https://asia.si.edu/whats-on/exhibitions/anyang-chinas-ancient-city-of-kings/,Manufacturing,https://asia.si.edu/whats-on/exhibitions/anyang-chinas-ancient-city-of-kings/,asia.si.edu,verified
FACT-2027-01-18-S18,18,2027-01-18,Tides are set in motion primarily by the gravitational pulls of the Moon and Sun on Earth’s oceans.,18,January,Main tidal forces,Space,NOAA identifies the Moon’s and Sun’s gravitational pulls as the forces that initiate tides.,high,https://www.noaa.gov/education/resource-collections/ocean-coasts/tides,Lunar and solar gravity,Tides | National Oceanic and Atmospheric Administration,www.noaa.gov,verified
FACT-2027-01-18-S19,18,2027-01-18,About 81 percent of the world's largest earthquakes occur in the circum-Pacific seismic belt.,19,January,Circum-Pacific seismic belt,Geography,USGS identifies the circum-Pacific belt around the Pacific Ocean and provides the 81 percent figure.,high,https://www.usgs.gov/programs/earthquake-hazards/earthquake-facts-earthquake-fantasy,Seismic zones,Earthquake Facts & Earthquake Fantasy | U.S. Geological Survey,www.usgs.gov,verified
FACT-2027-01-18-S20,18,2027-01-18,The Canada lynx and grizzly bear are the two threatened species identified for Yellowstone.,20,January,Threatened Species,Animals,The wildlife section names Canada lynx and grizzly bears as the park's two threatened species.,high,https://www.nps.gov/yell/planyourvisit/parkfacts.htm,Conservation status,Park Facts - Yellowstone National Park (U.S. National Park Service),www.nps.gov,verified
FACT-2027-01-19-S01,19,2027-01-19,Wildlife corridors are paths intended to facilitate movement between natural habitat areas.,1,January,Wildlife corridors,Animals,The source asks students to propose corridors connecting identified natural habitat areas to facilitate wildlife movement.,high,https://education.nationalgeographic.org/resource/animal-migration/,Wildlife corridors,Animal Migration,education.nationalgeographic.org,verified
FACT-2027-01-19-S02,19,2027-01-19,Lachrymatory-factor synthase converts onion amino acid sulfoxides into sulfenic acid.,2,January,Synthase Converts Sulfoxides,Science,Step 3 identifies this conversion as part of the onion-tear process.,high,https://www.loc.gov/item/why-does-chopping-an-onion-make-you-cry/,Enzymes,Why does chopping an onion make you cry?  | Library of Congress,www.loc.gov,verified
FACT-2027-01-19-S03,19,2027-01-19,Cool ocean currents contribute to a combination of tropical and temperate climates in the Galápagos Islands.,3,January,Mixed Climate,Geography,The source states that the cool currents create a strange mix of tropical and temperate climates.,high,https://education.nationalgeographic.org/resource/galapagos-islands/,Climate,Galápagos Islands,education.nationalgeographic.org,verified
FACT-2027-01-19-S04,19,2027-01-19,Aftershocks are smaller earthquakes occurring in the same general area during the days to years following a larger mainshock.,4,January,Aftershock definition,Nature,USGS provides this definition and time range.,high,https://www.usgs.gov/programs/earthquake-hazards/earthquake-facts-earthquake-fantasy,Aftershocks,Earthquake Facts & Earthquake Fantasy | U.S. Geological Survey,www.usgs.gov,verified
FACT-2027-01-19-S05,19,2027-01-19,"Mutations affecting centrosome function or mitosis in neural progenitors can cause premature radial glial differentiation, progenitor depletion, and reduced cortical size.",5,January,Microcephaly mechanism,Human Body,"The source gives ASPM, CDK5RAP2, CENPJ, and WDR62 as examples in microcephaly models.",high,https://pmc.ncbi.nlm.nih.gov/articles/PMC10926850/,Neurodevelopmental disorders,Genetics of human brain development - PMC,pmc.ncbi.nlm.nih.gov,verified
FACT-2027-01-19-S06,19,2027-01-19,Wells can be drilled into water-bearing aquifers to withdraw groundwater.,6,January,Groundwater and wells,Technology,The source describes wells being drilled into aquifers and used to withdraw water.,high,https://www.usgs.gov/water-science-school/science/groundwater-what-groundwater,Water wells,Groundwater: What is Groundwater? | U.S. Geological Survey,www.usgs.gov,verified
FACT-2027-01-19-S07,19,2027-01-19,Uranus was universally accepted as a new planet two years after its discovery.,7,January,Planetary Acceptance,History,"NASA says the object was universally accepted as a new planet two years after its discovery, partly due to Johann Elert Bode's observations.",high,https://science.nasa.gov/uranus/facts/,Astronomical discovery,Uranus: Facts - NASA Science,science.nasa.gov,verified
FACT-2027-01-19-S08,19,2027-01-19,"Winds on Neptune can exceed 1,200 miles per hour (2,000 kilometers per hour).",8,January,Neptune's Wind Speeds,Space,"NASA reports clouds of frozen methane being driven across Neptune at speeds above 1,200 miles per hour or 2,000 kilometers per hour.",high,https://science.nasa.gov/neptune/neptune-facts/,Atmospheric dynamics,Neptune: Facts - NASA Science,science.nasa.gov,verified
FACT-2027-01-19-S09,19,2027-01-19,The museums hold a world-famous collection of glass vessels produced during Dynasty 18.,9,January,Glass vessel collection,Ancient Civilizations,The source calls the glass-vessel collection world-famous and identifies its production period as Dynasty 18.,high,https://asia.si.edu/explore-art-culture/collections/collections-areas/ancient-egyptian-art/,Ancient Egyptian Glass,https://asia.si.edu/explore-art-culture/collections/collections-areas/ancient-egyptian-art/,asia.si.edu,verified
FACT-2027-01-19-S10,19,2027-01-19,Tiny one-celled algae called zooxanthellae live inside coral polyps.,10,January,Zooxanthellae live inside coral polyps,Ocean & Marine,The source states that one-celled algae called zooxanthellae live inside the polyp’s body.,high,https://www.fisheries.noaa.gov/national/habitat-conservation/shallow-coral-reef-habitat,Symbiosis,Shallow Coral Reef Habitat | NOAA Fisheries,www.fisheries.noaa.gov,verified
FACT-2027-01-19-S11,19,2027-01-19,The source cites Imai and colleagues’ study on the onion tear-producing enzyme as published in Nature in 2002.,11,January,Discovery Date,History,"The further-reading citation lists Imai et al., Nature 419, dated October 17, 2002.",high,https://www.loc.gov/item/why-does-chopping-an-onion-make-you-cry/,Scientific publications,Why does chopping an onion make you cry?  | Library of Congress,www.loc.gov,verified
FACT-2027-01-19-S12,19,2027-01-19,"In later mummies, the organs were treated, wrapped, and returned inside the body.",12,January,Later organ treatment,Ancient Civilizations,The source contrasts later internal replacement with earlier separate storage.,high,https://www.si.edu/spotlight/ancient-egypt/mummies,Changes in embalming,Egyptian Mummies | Smithsonian Institution,www.si.edu,verified
FACT-2027-01-19-S13,19,2027-01-19,A tidal datum is a fixed reference representing normal water levels against which tidal-chart numbers are measured.,13,January,Tidal datum,Ocean & Marine,NOAA explains that changing water levels are compared with a fixed reference called a datum.,high,https://www.noaa.gov/education/resource-collections/ocean-coasts/tides,Water-level measurement,Tides | National Oceanic and Atmospheric Administration,www.noaa.gov,verified
FACT-2027-01-19-S14,19,2027-01-19,Groundwater recharge is precipitation that continues downward through soil until it reaches saturated rock material.,14,January,Groundwater recharge,Nature,USGS defines the downward-moving portion of precipitation reaching saturated rock as groundwater recharge.,high,https://www.usgs.gov/water-science-school/science/groundwater-what-groundwater,Water cycle,Groundwater: What is Groundwater? | U.S. Geological Survey,www.usgs.gov,verified
FACT-2027-01-19-S15,19,2027-01-19,The United States has more than 160 active volcanoes.,15,January,U.S. Active Volcanoes,Geography,The source states that there are 'over 160 active volcanoes in the United States.',high,https://www.usgs.gov/news/featured-story/volcanoes-and-usgs-volcano-science-just-facts,U.S. volcanoes,Volcanoes and USGS Volcano Science: Just the Facts | U.S. Geological Survey,www.usgs.gov,verified
FACT-2027-01-19-S16,19,2027-01-19,Extreme heat and extreme cold affect livestock management.,16,January,Extreme temperatures and livestock,Everyday Life,The source states that extreme heat and cold affect livestock management.,high,https://oceanservice.noaa.gov/facts/ocean_weather.html,Livestock,What role does the ocean play in the weather?,oceanservice.noaa.gov,verified
FACT-2027-01-19-S17,19,2027-01-19,Natural selection is the process by which organisms better adapted to their environments produce more offspring that transmit their genetic characteristics.,17,January,Natural Selection Definition,Science,The source glossary provides this definition of natural selection.,high,https://education.nationalgeographic.org/resource/galapagos-islands/,Evolution,Galápagos Islands,education.nationalgeographic.org,verified
FACT-2027-01-19-S18,19,2027-01-19,Triton's surface temperature is around minus 391 degrees Fahrenheit (minus 235 degrees Celsius).,18,January,Triton's Surface Temperature,Space,NASA gives Triton's approximate surface temperature in both Fahrenheit and Celsius.,high,https://science.nasa.gov/neptune/neptune-facts/,Moon environment,Neptune: Facts - NASA Science,science.nasa.gov,verified
FACT-2027-01-19-S19,19,2027-01-19,Outer radial glial cells have enhanced proliferative capacity and generate most upper-layer cortical neurons.,19,January,Outer radial glia,Human Body,The source links outer radial glia to increased proliferation and production of upper-layer neurons.,high,https://pmc.ncbi.nlm.nih.gov/articles/PMC10926850/,Neurogenesis,Genetics of human brain development - PMC,pmc.ncbi.nlm.nih.gov,verified
FACT-2027-01-19-S20,19,2027-01-19,Farmers use soil moisture levels as one factor when deciding which crops to plant and how deeply to plant them.,20,January,Soil moisture in planting,Everyday Life,The source says farmers make these decisions partly based on soil moisture levels.,high,https://oceanservice.noaa.gov/facts/ocean_weather.html,Agriculture,What role does the ocean play in the weather?,oceanservice.noaa.gov,verified
FACT-2027-01-20-S01,20,2027-01-20,Voyager 2 observed geysers on Triton ejecting icy material more than 5 miles (8 kilometers) upward.,1,January,Triton's Geysers,Space,The source reports Voyager 2's discovery of Tritonian geysers and their stated height.,high,https://science.nasa.gov/neptune/neptune-facts/,Geological activity,Neptune: Facts - NASA Science,science.nasa.gov,verified
FACT-2027-01-20-S02,20,2027-01-20,"Commercially important species such as grouper, snapper, and lobster depend on coral reefs for food and shelter.",2,January,Commercial species depend on reefs,Animals,"NOAA names grouper, snapper, and lobster as commercially important reef-dependent species.",high,https://www.fisheries.noaa.gov/national/habitat-conservation/shallow-coral-reef-habitat,Reef-dependent species,Shallow Coral Reef Habitat | NOAA Fisheries,www.fisheries.noaa.gov,verified
FACT-2027-01-20-S03,20,2027-01-20,"There is no scientifically plausible method currently available to predict a particular earthquake's magnitude, timing, and location.",3,January,Earthquake prediction,Science,The source states that prediction in this sense is not currently possible.,high,https://www.usgs.gov/programs/earthquake-hazards/earthquake-facts-earthquake-fantasy,Earthquake forecasting,Earthquake Facts & Earthquake Fantasy | U.S. Geological Survey,www.usgs.gov,verified
FACT-2027-01-20-S04,20,2027-01-20,Neptune is the only planet in the solar system that is not visible to the naked eye.,4,January,Neptune's Naked-Eye Visibility,Space,NASA states that Neptune is the only planet in the solar system not visible without optical aid.,high,https://science.nasa.gov/neptune/neptune-facts/,Observation,Neptune: Facts - NASA Science,science.nasa.gov,verified
FACT-2027-01-20-S05,20,2027-01-20,The SNP-based heritability estimate was 0.22 for white matter hyperintensity volume.,5,January,WMH heritability,Human Body,The results report h²SNP=0.22 with SE=0.047 for WMH.,high,https://pmc.ncbi.nlm.nih.gov/articles/PMC11189393/,Brain genetics,Genetic influences on brain and cognitive health and their interactions with cardiovascular conditions and depression,pmc.ncbi.nlm.nih.gov,verified
FACT-2027-01-20-S06,20,2027-01-20,"The activity uses MapMaker, a digital mapping tool for the classroom.",6,January,MapMaker Tool,Technology,The source describes the activity as developed for use with MapMaker.,high,https://education.nationalgeographic.org/resource/where-are-the-worlds-biomes/,Digital Mapping,Where Are the World's Biomes and Why Are They There,education.nationalgeographic.org,verified
FACT-2027-01-20-S07,20,2027-01-20,"Sleep-promoting cells in the hypothalamus and brainstem produce GABA, which reduces activity in those regions.",7,January,GABA promotes sleep,Human Body,NINDS describes GABA production by sleep-promoting cells and its activity-reducing effect.,high,https://www.ninds.nih.gov/health-information/public-education/brain-basics/brain-basics-understanding-sleep,Neurotransmitters,Brain Basics: Understanding Sleep | National Institute of Neurological Disorders and Stroke,www.ninds.nih.gov,verified
FACT-2027-01-20-S08,20,2027-01-20,"The Library of Congress page was last updated on May 27, 2025.",8,January,Source Update Date,History,The page metadata states “Last Updated: 5/27/2025.”,high,https://www.loc.gov/item/why-does-chopping-an-onion-make-you-cry/,Publication history,Why does chopping an onion make you cry?  | Library of Congress,www.loc.gov,verified
FACT-2027-01-20-S09,20,2027-01-20,Neptune was discovered in 1846 through mathematical predictions based on irregularities in Uranus's orbit.,9,January,Neptune's Discovery,History,NASA describes Le Verrier's predicted position and mass for an unknown planet and Galle's discovery of Neptune in 1846.,high,https://science.nasa.gov/neptune/neptune-facts/,Astronomical discovery,Neptune: Facts - NASA Science,science.nasa.gov,verified
FACT-2027-01-20-S10,20,2027-01-20,Corals are animals that take root on the ocean floor rather than plants or rocks.,10,January,Corals are animals,Animals,The source directly identifies corals as animals and contrasts them with plants and rocks.,high,https://www.fisheries.noaa.gov/national/habitat-conservation/shallow-coral-reef-habitat,Coral classification,Shallow Coral Reef Habitat | NOAA Fisheries,www.fisheries.noaa.gov,verified
FACT-2027-01-20-S11,20,2027-01-20,Birdseye’s second and more popular method held packaged food under pressure between hollow metal plates chilled to -25°F.,11,January,Plate Freezing Method,Technology,"The source directly describes the pressure, hollow plates, and temperature used in the second method.",high,https://www.loc.gov/everyday-mysteries/categories/technology/item/who-invented-frozen-food/,Industrial freezing,Who invented frozen food?  | Library of Congress,www.loc.gov,verified
FACT-2027-01-20-S12,20,2027-01-20,Repeated volcanic eruptions helped form the rugged mountain landscape of the Galápagos Islands.,12,January,Volcanic Formation,Geography,The source directly attributes the rugged mountain landscape to repeated volcanic eruptions.,high,https://education.nationalgeographic.org/resource/galapagos-islands/,Volcanism,Galápagos Islands,education.nationalgeographic.org,verified
FACT-2027-01-20-S13,20,2027-01-20,The earliest Egyptian mummies were probably accidental results of dry sand and air preserving bodies buried in shallow pits.,13,January,Natural prehistoric mummies,Ancient Civilizations,The source attributes the earliest prehistoric mummies to Egypt's dry conditions and shallow sand burials.,high,https://www.si.edu/spotlight/ancient-egypt/mummies,Origins of mummification,Egyptian Mummies | Smithsonian Institution,www.si.edu,verified
FACT-2027-01-20-S14,20,2027-01-20,"A mineral is a naturally occurring inorganic element or compound with an orderly internal structure, characteristic chemical composition, crystal form, and physical properties.",14,January,Mineral definition,Nature,The USGS defines a mineral using these criteria in the opening paragraph.,high,https://www.usgs.gov/faqs/what-difference-between-a-rock-and-a-mineral,Mineralogy,What is the difference between a rock and a mineral? | U.S. Geological Survey,www.usgs.gov,verified
FACT-2027-01-20-S15,20,2027-01-20,Diurnal tides have one high tide and one low tide during each lunar day.,15,January,Diurnal tides,Ocean & Marine,The glossary defines diurnal tides as one high and one low tide per lunar day.,high,https://www.noaa.gov/education/resource-collections/ocean-coasts/tides,Tide types,Tides | National Oceanic and Atmospheric Administration,www.noaa.gov,verified
FACT-2027-01-20-S16,20,2027-01-20,Coral reefs act as natural breakwaters that buffer shorelines from waves and storms.,16,January,Reefs act as natural breakwaters,Nature,The source describes reefs as natural breakwaters that buffer shorelines.,high,https://www.fisheries.noaa.gov/national/habitat-conservation/shallow-coral-reef-habitat,Coastal protection,Shallow Coral Reef Habitat | NOAA Fisheries,www.fisheries.noaa.gov,verified
FACT-2027-01-20-S17,20,2027-01-20,"Shallow corals prefer clear, warm, moving water in subtropical and tropical seas.",17,January,Shallow corals prefer warm moving water,Ocean & Marine,The source directly lists these preferred conditions.,high,https://www.fisheries.noaa.gov/national/habitat-conservation/shallow-coral-reef-habitat,Coral habitat,Shallow Coral Reef Habitat | NOAA Fisheries,www.fisheries.noaa.gov,verified
FACT-2027-01-20-S18,20,2027-01-20,About 60 historically active volcanoes are in eruption each year on average.,18,January,Annual volcanic eruptions,Geography,The introduction gives an average of about 60 erupting volcanoes per year.,high,https://pubs.usgs.gov/imap/2800/,Volcanism,Geologic Investigations Map I-2800: This Dynamic Planet,pubs.usgs.gov,verified
FACT-2027-01-20-S19,20,2027-01-20,"The stomach, liver, lungs, and intestines were preserved separately in containers now called canopic jars.",19,January,Organs in canopic containers,Ancient Civilizations,The source identifies these four organs and says they were placed in special boxes or jars called canopic jars.,high,https://www.si.edu/spotlight/ancient-egypt/mummies,Burial objects,Egyptian Mummies | Smithsonian Institution,www.si.edu,verified
FACT-2027-01-20-S20,20,2027-01-20,The hypocenter is the location below Earth’s surface where an earthquake starts.,20,January,Hypocenter,Science,The source explicitly defines the hypocenter as the underground starting location of an earthquake.,high,https://www.usgs.gov/programs/earthquake-hazards/science-earthquakes,Seismology,The Science of Earthquakes | U.S. Geological Survey,www.usgs.gov,verified
FACT-2027-01-21-S01,21,2027-01-21,The National Museum of Asian Art is part of the Smithsonian Institution.,1,January,Museum identity,History,The source identifies the Smithsonian Institution in the copyright and structured organization information.,high,https://asia.si.edu/explore-art-culture/collections/collections-areas/ancient-egyptian-art/,Museums,https://asia.si.edu/explore-art-culture/collections/collections-areas/ancient-egyptian-art/,asia.si.edu,verified
FACT-2027-01-21-S02,21,2027-01-21,"When atmospheric carbon dioxide is absorbed by the ocean, seawater becomes more acidic and can dissolve the shells of ocean creatures such as corals.",2,January,Ocean acidification dissolves shells,Science,NOAA directly describes this carbon dioxide mechanism and its effect on shells.,high,https://www.fisheries.noaa.gov/national/habitat-conservation/shallow-coral-reef-habitat,Ocean acidification,Shallow Coral Reef Habitat | NOAA Fisheries,www.fisheries.noaa.gov,verified
FACT-2027-01-21-S03,21,2027-01-21,An archipelago is a group of closely scattered islands in a large body of water.,3,January,Archipelago Definition,Geography,The source glossary defines archipelago in these terms.,high,https://education.nationalgeographic.org/resource/galapagos-islands/,Geographic Terms,Galápagos Islands,education.nationalgeographic.org,verified
FACT-2027-01-21-S04,21,2027-01-21,The illustrated ritual grain server is decorated with taotie and dragons.,4,January,Gui decoration,Ancient Civilizations,The image caption describes the gui as having taotie and dragons.,high,https://asia-archive.si.edu/exhibition/ancient-chinese-jades-and-bronzes/,Bronze Decoration,Ancient Chinese Jades and Bronzes - Smithsonian's National Museum of Asian Art,asia-archive.si.edu,verified
FACT-2027-01-21-S05,21,2027-01-21,Unstable sulfenic acid rearranges into syn-Propanethial-S-oxide.,5,January,Sulfenic Acid Rearrangement,Science,Step 2 explicitly states that unstable sulfenic acid rearranges into syn-Propanethial-S-oxide.,high,https://www.loc.gov/item/why-does-chopping-an-onion-make-you-cry/,Chemical reactions,Why does chopping an onion make you cry?  | Library of Congress,www.loc.gov,verified
FACT-2027-01-21-S06,21,2027-01-21,"Neptune orbits at an average distance of about 2.8 billion miles (4.5 billion kilometers), or 30 astronomical units, from the Sun.",6,January,Neptune's Solar Distance,Space,"The source provides Neptune's average distance, kilometer conversion, and distance in astronomical units.",high,https://science.nasa.gov/neptune/neptune-facts/,Planetary distance,Neptune: Facts - NASA Science,science.nasa.gov,verified
FACT-2027-01-21-S07,21,2027-01-21,Yellowstone is described as the world's first national park.,7,January,First National Park,History,The source explicitly calls Yellowstone the world's first national park.,high,https://www.nps.gov/yell/planyourvisit/parkfacts.htm,Protected areas,Park Facts - Yellowstone National Park (U.S. National Park Service),www.nps.gov,verified
FACT-2027-01-21-S08,21,2027-01-21,Admission to the African Art Museum is free and does not require passes.,8,January,Museum admission,Everyday Life,"The source lists tickets as free, with no passes needed.",high,https://www.si.edu/exhibitions/ancient-nubia-egypts-rival-africa-event-exhib-1221,Museum Access,,www.si.edu,verified
FACT-2027-01-21-S09,21,2027-01-21,Synaptic assembly and later dendritic and synaptic pruning are activity-dependent and continue into young adulthood.,9,January,Synaptic pruning,Human Body,"The source states that these processes are highly plastic, neuronal-activity dependent, and persist into young adulthood.",high,https://pmc.ncbi.nlm.nih.gov/articles/PMC10926850/,Synaptic development,Genetics of human brain development - PMC,pmc.ncbi.nlm.nih.gov,verified
FACT-2027-01-21-S10,21,2027-01-21,"The pineal gland increases melatonin production in response to signals from the suprachiasmatic nucleus, helping induce sleep when lights go down.",10,January,Melatonin helps initiate sleep,Human Body,The source describes SCN signals to the pineal gland and melatonin's role after darkness.,high,https://www.ninds.nih.gov/health-information/public-education/brain-basics/brain-basics-understanding-sleep,Hormones,Brain Basics: Understanding Sleep | National Institute of Neurological Disorders and Stroke,www.ninds.nih.gov,verified
FACT-2027-01-21-S11,21,2027-01-21,Ship groundings have destroyed or severely damaged many of the world’s coral reefs.,11,January,Ship groundings damage reefs,Ocean & Marine,NOAA lists ship groundings among causes of destruction or severe damage to many reefs.,high,https://oceanservice.noaa.gov/facts/coral_species.html,Human impacts,What species live in and around coral reefs?,oceanservice.noaa.gov,verified
FACT-2027-01-21-S12,21,2027-01-21,Mean high water is the average of all observed high-water levels and is used to represent shoreline on charts.,12,January,Mean high water datum,Ocean & Marine,NOAA states both the definition and charting use of mean high water.,high,https://oceanservice.noaa.gov/navigation/tidesandcurrents/,Tidal Datums,Tides and Currents,oceanservice.noaa.gov,verified
FACT-2027-01-21-S13,21,2027-01-21,About 30 million people are almost totally dependent upon coral reefs.,13,January,Almost total reef dependence,Geography,The source states that 30 million people are almost totally dependent on reefs.,high,https://www.noaa.gov/explainers/coral-reefs-essential-and-threatened,Human dependence,Coral reefs: Essential and threatened | National Oceanic and Atmospheric Administration,www.noaa.gov,verified
FACT-2027-01-21-S14,21,2027-01-21,The Smithsonian provides a virtual tour of the Eternal Life in Ancient Egypt exhibition.,14,January,Virtual Tour,Technology,The source includes a “Take the Virtual Tour” section and links to the exhibition’s virtual tour.,high,https://naturalhistory.si.edu/exhibits/eternal-life-ancient-egypt,Digital access,Eternal Life in Ancient Egypt | Smithsonian National Museum of Natural History,naturalhistory.si.edu,verified
FACT-2027-01-21-S15,21,2027-01-21,Venus takes 225 Earth days to complete one orbit around the Sun.,15,January,Venus's Year,Space,"NASA states that one Venus year, or one trip around the Sun, takes 225 Earth days.",high,https://science.nasa.gov/venus/venus-facts/,Orbit,Venus: Facts - NASA Science,science.nasa.gov,verified
FACT-2027-01-21-S16,21,2027-01-21,Mount Rainier has approximately 26 glaciers.,16,January,Mount Rainier glaciers,Country Facts,The source states that Mount Rainier contains approximately 26 glaciers.,high,https://www.usgs.gov/faqs/what-glacier?qt-news_science_products=0,United States geography,What is a glacier?,www.usgs.gov,verified
FACT-2027-01-21-S17,21,2027-01-21,"The top threats to coral reefs are global climate change, unsustainable fishing, and land-based pollution.",17,January,Primary reef threats,Nature,NOAA identifies these three threats as the top threats to coral reefs.,high,https://www.noaa.gov/explainers/coral-reefs-essential-and-threatened,Environmental threats,Coral reefs: Essential and threatened | National Oceanic and Atmospheric Administration,www.noaa.gov,verified
FACT-2027-01-21-S18,21,2027-01-21,"The exhibition includes pottery vessels, jewelry, tools, and other artifacts excavated from ancient Egyptian tombs.",18,January,Tomb Artifacts,Ancient Civilizations,The source lists these artifact types as excavated from ancient Egyptian tombs.,high,https://naturalhistory.si.edu/exhibits/eternal-life-ancient-egypt,Archaeological artifacts,Eternal Life in Ancient Egypt | Smithsonian National Museum of Natural History,naturalhistory.si.edu,verified
FACT-2027-01-21-S19,21,2027-01-21,"The oldest Alaskan glacier ice ever recovered is about 30,000 years old.",19,January,Oldest Alaskan glacier ice,Nature,"The USGS reports approximately 30,000 years for ice recovered from a basin between Mount Bona and Mount Churchill.",high,https://www.usgs.gov/faqs/what-glacier?qt-news_science_products=0,Glacial history,What is a glacier?,www.usgs.gov,verified
FACT-2027-01-21-S20,21,2027-01-21,"Highways, cropland, and dense urban areas are identified as possible issues for monarchs along their migration routes.",20,January,Threats along monarch routes,Animals,"The source gives highways, cropland, and dense urban areas as example responses when students assess land-use issues affecting monarch migration.",high,https://education.nationalgeographic.org/resource/animal-migration/,Butterflies,Animal Migration,education.nationalgeographic.org,verified
FACT-2027-01-22-S01,22,2027-01-22,"Ancient Egyptians embalmed, preserved, and entombed their dead for more than 3,000 years.",1,January,Ancient Egyptian Embalming,Ancient Civilizations,"The source states that ancient Egyptians performed these practices for more than 3,000 years.",high,https://naturalhistory.si.edu/exhibits/eternal-life-ancient-egypt,Funerary practices,Eternal Life in Ancient Egypt | Smithsonian National Museum of Natural History,naturalhistory.si.edu,verified
FACT-2027-01-22-S02,22,2027-01-22,Shabtis are small human figures placed in tombs to represent servants for the deceased person in the afterlife.,2,January,Shabtis,Ancient Civilizations,The source defines shabtis as small human figures representing servants who would perform tasks for the deceased.,high,https://naturalhistory.si.edu/exhibits/eternal-life-ancient-egypt,Funerary figures,Eternal Life in Ancient Egypt | Smithsonian National Museum of Natural History,naturalhistory.si.edu,verified
FACT-2027-01-22-S03,22,2027-01-22,Europa Clipper was launched to conduct a detailed investigation of Jupiter’s moon Europa.,3,January,Europa Clipper objective,Space,NASA describes Europa Clipper’s mission objective in the Featured Missions section.,high,https://science.nasa.gov/solar-system/,Space missions,Solar System Exploration,science.nasa.gov,verified
FACT-2027-01-22-S04,22,2027-01-22,The teacher guide and student activity are designed to be adapted as needed.,4,January,Adaptable Materials,Everyday Life,The source explicitly states that the materials are designed for adaptation.,high,https://education.nationalgeographic.org/resource/where-are-the-worlds-biomes/,Education,Where Are the World's Biomes and Why Are They There,education.nationalgeographic.org,verified
FACT-2027-01-22-S05,22,2027-01-22,Thermohaline circulation is ocean circulation caused by differences in water density resulting from temperature and salinity variability.,5,January,Thermohaline circulation,Ocean & Marine,NOAA defines thermohaline circulation through temperature-related and salinity-related density differences.,high,https://www.noaa.gov/education/resource-collections/ocean-coasts/ocean-currents,Thermohaline circulation,Ocean currents | National Oceanic and Atmospheric Administration,www.noaa.gov,verified
FACT-2027-01-22-S06,22,2027-01-22,Water-level data from the described system are transmitted by satellite every six minutes.,6,January,Tide data transmission interval,Technology,The source explicitly states the six-minute satellite transmission interval.,high,https://oceanservice.noaa.gov/navigation/tidesandcurrents/,Data Transmission,Tides and Currents,oceanservice.noaa.gov,verified
FACT-2027-01-22-S07,22,2027-01-22,The ancient Near East was favored with an abundance of natural resources.,7,January,Natural Resources,Geography,The source explicitly states that the region had abundant natural resources.,high,https://asia.si.edu/explore-art-culture/collections/collections-areas/ancient-near-east/,Natural resources,,asia.si.edu,verified
FACT-2027-01-22-S08,22,2027-01-22,"Prolonged high water temperatures can cause coral polyps to expel their symbiotic algae, turning coral colonies white.",8,January,Heat causes coral bleaching,Science,The source explains that heat causes algae expulsion and that the loss of algae color makes colonies white.,high,https://www.fisheries.noaa.gov/national/habitat-conservation/shallow-coral-reef-habitat,Coral bleaching,Shallow Coral Reef Habitat | NOAA Fisheries,www.fisheries.noaa.gov,verified
FACT-2027-01-22-S09,22,2027-01-22,The recording produced by a seismograph is called a seismogram.,9,January,Seismograms,Science,The USGS directly defines a seismogram as the recording made by a seismograph.,high,https://www.usgs.gov/programs/earthquake-hazards/science-earthquakes,Seismology,The Science of Earthquakes | U.S. Geological Survey,www.usgs.gov,verified
FACT-2027-01-22-S10,22,2027-01-22,Earthquakes and volcanism occur along boundaries between moving tectonic plates.,10,January,Plate-boundary activity,Geography,The source directly links crust recycling and plate-boundary earthquakes and volcanism.,high,https://pubs.usgs.gov/imap/2800/,Plate tectonics,Geologic Investigations Map I-2800: This Dynamic Planet,pubs.usgs.gov,verified
FACT-2027-01-22-S11,22,2027-01-22,The increase in magnitude 3 and larger earthquakes in parts of the central and eastern United States has coincided with wastewater injection into deep disposal wells.,11,January,Wastewater injection and seismicity,Nature,"The source reports this coincidence in Colorado, Texas, Arkansas, Oklahoma, and Ohio.",high,https://www.usgs.gov/programs/earthquake-hazards/earthquake-facts-earthquake-fantasy,Induced seismicity,Earthquake Facts & Earthquake Fantasy | U.S. Geological Survey,www.usgs.gov,verified
FACT-2027-01-22-S12,22,2027-01-22,The flightless cormorant is an endemic Galápagos species identified by the scientific name Phalacrocoraz harrisi.,12,January,Flightless Cormorant,Animals,The source lists the flightless cormorant (Phalacrocoraz harrisi) among endemic species.,high,https://education.nationalgeographic.org/resource/galapagos-islands/,Birds,Galápagos Islands,education.nationalgeographic.org,verified
FACT-2027-01-22-S13,22,2027-01-22,"Venus has a surface temperature of about 872 degrees Fahrenheit (467 degrees Celsius), making it the hottest planet in the solar system.",13,January,Venus's Surface Temperature,Space,NASA states that Venus is the hottest planet and gives its surface temperature as 872°F (467°C).,high,https://science.nasa.gov/venus/venus-facts/,Planetary climate,Venus: Facts - NASA Science,science.nasa.gov,verified
FACT-2027-01-22-S14,22,2027-01-22,"The amount of water in the ground is more than 1,000 times the amount in all the world's rivers and lakes.",14,January,Groundwater abundance,Nature,USGS states that there is over a thousand times more water in the ground than in all the world's rivers and lakes.,high,https://www.usgs.gov/water-science-school/science/groundwater-what-groundwater,Water resources,Groundwater: What is Groundwater? | U.S. Geological Survey,www.usgs.gov,verified
FACT-2027-01-22-S15,22,2027-01-22,The reinstalled galleries featured eighty objects.,15,January,Number of featured objects,History,The source describes eighty astounding objects featured in the reinstalled galleries.,high,https://asia-archive.si.edu/exhibition/ancient-chinese-jades-and-bronzes/,Chinese Art,Ancient Chinese Jades and Bronzes - Smithsonian's National Museum of Asian Art,asia-archive.si.edu,verified
FACT-2027-01-22-S16,22,2027-01-22,"Mount St. Helens erupted on Sunday, May 18, 1980, at 8:32 a.m.",16,January,Mount St. Helens Eruption Date,History,The source quotes the National Park Service account giving the date and time of the eruption.,high,https://www.usgs.gov/news/featured-story/volcanoes-and-usgs-volcano-science-just-facts,Volcanic eruptions,Volcanoes and USGS Volcano Science: Just the Facts | U.S. Geological Survey,www.usgs.gov,verified
FACT-2027-01-22-S17,22,2027-01-22,Most inhibitory interneurons arise from progenitors in the ganglionic eminence and migrate tangentially into the cortex.,17,January,Interneuron migration,Human Body,The source contrasts tangential interneuron migration with radial migration of excitatory-neuron precursors.,high,https://pmc.ncbi.nlm.nih.gov/articles/PMC10926850/,Neuronal migration,Genetics of human brain development - PMC,pmc.ncbi.nlm.nih.gov,verified
FACT-2027-01-22-S18,22,2027-01-22,"Anyang ritual bronzes were cast from an alloy of copper, tin, and lead.",18,January,Bronze Composition,Technology,"The “Eternal Feast” section defines the bronze alloy as copper, tin, and lead.",high,https://asia.si.edu/whats-on/exhibitions/anyang-chinas-ancient-city-of-kings/,Metallurgy,https://asia.si.edu/whats-on/exhibitions/anyang-chinas-ancient-city-of-kings/,asia.si.edu,verified
FACT-2027-01-22-S19,22,2027-01-22,Coral reefs occur in less than 1 percent of the ocean.,19,January,Reefs occupy less than 1 percent of the ocean,Ocean & Marine,The source explicitly says reefs occur in less than 1 percent of the ocean.,high,https://www.fisheries.noaa.gov/national/habitat-conservation/shallow-coral-reef-habitat,Habitat distribution,Shallow Coral Reef Habitat | NOAA Fisheries,www.fisheries.noaa.gov,verified
FACT-2027-01-22-S20,22,2027-01-22,Thirty-five SNPs showed significant interactions with depression on regional cortical thickness.,20,January,Depression interactions,Human Body,The gene-by-environment analysis reports 35 SNPs with depression interactions.,high,https://pmc.ncbi.nlm.nih.gov/articles/PMC11189393/,Gene-environment interaction,Genetic influences on brain and cognitive health and their interactions with cardiovascular conditions and depression,pmc.ncbi.nlm.nih.gov,verified
FACT-2027-01-23-S01,23,2027-01-23,"A large bureaucracy of royal officials supervised Anyang’s public infrastructure, labor force, military, and nearby agricultural lands.",1,January,Anyang Administration,Ancient Civilizations,The “Honored by the King” section lists these responsibilities of the king’s officials.,high,https://asia.si.edu/whats-on/exhibitions/anyang-chinas-ancient-city-of-kings/,Government administration,https://asia.si.edu/whats-on/exhibitions/anyang-chinas-ancient-city-of-kings/,asia.si.edu,verified
FACT-2027-01-23-S02,23,2027-01-23,Genes are responsible for producing proteins that carry out functions throughout the body.,2,January,Genes and proteins,Science,NINDS states that genes produce proteins that run everything in the body.,high,https://www.ninds.nih.gov/health-information/patient-caregiver-education/brain-basics-genes-work-brain,Genetics,Brain Basics: Genes At Work In The Brain | National Institute of Neurological Disorders and Stroke,www.ninds.nih.gov,verified
FACT-2027-01-23-S03,23,2027-01-23,"The Shang capital had a network of roads and canals running through neighborhoods, settlements, and large workshops.",3,January,Anyang Urban Infrastructure,Geography,"The exhibition describes roads and canals connecting neighborhoods, dense settlements, and enormous workshops.",high,https://asia.si.edu/whats-on/exhibitions/anyang-chinas-ancient-city-of-kings/,Urban infrastructure,https://asia.si.edu/whats-on/exhibitions/anyang-chinas-ancient-city-of-kings/,asia.si.edu,verified
FACT-2027-01-23-S04,23,2027-01-23,"The museums hold a group of amulets depicting gods, goddesses, and sacred animals.",4,January,Egyptian amulets,Ancient Civilizations,The source explicitly describes a group of amulets with these subjects.,high,https://asia.si.edu/explore-art-culture/collections/collections-areas/ancient-egyptian-art/,Amulets and Religious Objects,https://asia.si.edu/explore-art-culture/collections/collections-areas/ancient-egyptian-art/,asia.si.edu,verified
FACT-2027-01-23-S05,23,2027-01-23,The Gulf Stream travels along the U.S. East Coast across the Atlantic Ocean toward Europe.,5,January,Gulf Stream route,Geography,NOAA describes this route in its Gulf Stream example.,high,https://www.noaa.gov/education/resource-collections/ocean-coasts/ocean-currents,Atlantic Ocean,Ocean currents | National Oceanic and Atmospheric Administration,www.noaa.gov,verified
FACT-2027-01-23-S06,23,2027-01-23,"Animals migrate for various reasons, including mating and finding food.",6,January,Reasons animals migrate,Animals,The source states that animals journey great distances to migrate and identifies mating and finding food as reasons.,high,https://education.nationalgeographic.org/resource/animal-migration/,Migration,Animal Migration,education.nationalgeographic.org,verified
FACT-2027-01-23-S07,23,2027-01-23,Neurulation forms a closed neural tube when the neural plate folds and fuses.,7,January,Neural tube formation,Human Body,The source defines neurulation as folding and fusion of the neural plate into a closed neural tube.,high,https://pmc.ncbi.nlm.nih.gov/articles/PMC10926850/,Brain development,Genetics of human brain development - PMC,pmc.ncbi.nlm.nih.gov,verified
FACT-2027-01-23-S08,23,2027-01-23,STMN4 expression was significantly associated with increased caudal middle frontal cortical thickness in the postmortem analysis.,8,January,STMN4 association,Human Body,"The study reports t=3.74, P=0.00047, and FDR-adjusted P=0.04.",high,https://pmc.ncbi.nlm.nih.gov/articles/PMC11189393/,Neural genes,Genetic influences on brain and cognitive health and their interactions with cardiovascular conditions and depression,pmc.ncbi.nlm.nih.gov,verified
FACT-2027-01-23-S09,23,2027-01-23,Coral polyps build strong skeletons of calcium carbonate.,9,January,Coral polyps build calcium carbonate skeletons,Ocean & Marine,NOAA says the polyps build a strong calcium carbonate skeleton.,high,https://www.fisheries.noaa.gov/national/habitat-conservation/shallow-coral-reef-habitat,Coral structure,Shallow Coral Reef Habitat | NOAA Fisheries,www.fisheries.noaa.gov,verified
FACT-2027-01-23-S10,23,2027-01-23,"The deadliest earthquake in recorded history struck China's Shensi province in 1556 and killed about 830,000 people.",10,January,Deadliest earthquake,History,USGS identifies the 1556 Shensi earthquake and states its approximate death toll.,high,https://www.usgs.gov/programs/earthquake-hazards/earthquake-facts-earthquake-fantasy,Natural disasters,Earthquake Facts & Earthquake Fantasy | U.S. Geological Survey,www.usgs.gov,verified
FACT-2027-01-23-S11,23,2027-01-23,"The source credits audio, illustrations, photos, and videos beneath the relevant media asset.",11,January,Media Credit Policy,Everyday Life,The media credits section states where these credits appear.,high,https://education.nationalgeographic.org/resource/where-are-the-worlds-biomes/,Publishing,Where Are the World's Biomes and Why Are They There,education.nationalgeographic.org,verified
FACT-2027-01-23-S12,23,2027-01-23,The 'Living with a Volcano in Your Backyard' resource is more than 700 pages long.,12,January,Mount Rainier Resource Length,Everyday Life,The source describes the resource as being 'at well over 700 pages.',high,https://www.usgs.gov/news/featured-story/volcanoes-and-usgs-volcano-science-just-facts,Preparedness resources,Volcanoes and USGS Volcano Science: Just the Facts | U.S. Geological Survey,www.usgs.gov,verified
FACT-2027-01-23-S13,23,2027-01-23,"In 2006, the International Astronomical Union agreed on its own definition of “planet.”",13,January,IAU planet definition,Space,NASA states that the IAU adopted its definition in 2006.,high,https://science.nasa.gov/solar-system/planets/,Astronomical definitions,About the Planets,science.nasa.gov,verified
FACT-2027-01-23-S14,23,2027-01-23,Earthquakes occur from Earth's surface to about 500 miles below the surface in the crust or upper mantle.,14,January,Earthquake depth,Nature,USGS states the depth range for earthquakes in the crust and upper mantle.,high,https://www.usgs.gov/programs/earthquake-hazards/earthquake-facts-earthquake-fantasy,Earthquake depth,Earthquake Facts & Earthquake Fantasy | U.S. Geological Survey,www.usgs.gov,verified
FACT-2027-01-23-S15,23,2027-01-23,Coral polyps cannot live long without their zooxanthellae partners.,15,January,Coral polyps cannot live long without zooxanthellae,Ocean & Marine,NOAA states that polyps cannot live long after losing their zooxanthellae.,high,https://www.fisheries.noaa.gov/national/habitat-conservation/shallow-coral-reef-habitat,Coral symbiosis,Shallow Coral Reef Habitat | NOAA Fisheries,www.fisheries.noaa.gov,verified
FACT-2027-01-23-S16,23,2027-01-23,The atmosphere helps retain heat that would otherwise rapidly radiate into space after sunset.,16,January,Atmospheric heat retention,Nature,The source describes the atmosphere's role in retaining post-sunset heat.,high,https://oceanexplorer.noaa.gov/ocean-fact/climate/,Atmospheric processes,How does the ocean affect climate and weather on land? - NOAA Ocean Exploration,oceanexplorer.noaa.gov,verified
FACT-2027-01-23-S17,23,2027-01-23,P waves alternately compress and stretch crustal material parallel to their direction of travel.,17,January,P-Wave Motion,Science,The source’s diagram caption describes P-wave compression and stretching parallel to propagation.,high,https://www.usgs.gov/programs/earthquake-hazards/science-earthquakes,Seismic Waves,The Science of Earthquakes | U.S. Geological Survey,www.usgs.gov,verified
FACT-2027-01-23-S18,23,2027-01-23,The metal belts in Birdseye’s first quick-freezing technique were chilled using a calcium chloride solution.,18,January,Calcium Chloride Cooling,Technology,The Library of Congress identifies calcium chloride solution as the cooling medium for the first technique.,high,https://www.loc.gov/everyday-mysteries/categories/technology/item/who-invented-frozen-food/,Refrigeration,Who invented frozen food?  | Library of Congress,www.loc.gov,verified
FACT-2027-01-23-S19,23,2027-01-23,The period of Anyang’s initial expansion saw the arrival of horses and chariotry.,19,January,Arrival of Chariotry,History,The exhibition lists the arrival of horses and chariotry among developments during Wu Ding’s reign.,high,https://asia.si.edu/whats-on/exhibitions/anyang-chinas-ancient-city-of-kings/,Warfare and transportation,https://asia.si.edu/whats-on/exhibitions/anyang-chinas-ancient-city-of-kings/,asia.si.edu,verified
FACT-2027-01-23-S20,23,2027-01-23,"Venus rotates backward compared with Earth, so the Sun rises in the west and sets in the east.",20,January,Venus's Retrograde Rotation,Space,NASA directly describes Venus's backward rotation and its resulting sunrise and sunset directions.,high,https://science.nasa.gov/venus/venus-facts/,Rotation,Venus: Facts - NASA Science,science.nasa.gov,verified
FACT-2027-01-24-S01,24,2027-01-24,The USGS provides PDF files of both the front and reverse sides of the map.,1,January,Map formats,Technology,The webpage provides separate PDF links for the front side and reverse side.,high,https://pubs.usgs.gov/imap/2800/,Digital publications,Geologic Investigations Map I-2800: This Dynamic Planet,pubs.usgs.gov,verified
FACT-2027-01-24-S02,24,2027-01-24,The Freer jades and bronzes are described as among the greatest treasures of Chinese art outside China.,2,January,Status of the collection,History,The source explicitly characterizes the Freer's jades and bronzes this way.,high,https://asia-archive.si.edu/exhibition/ancient-chinese-jades-and-bronzes/,Chinese Art,Ancient Chinese Jades and Bronzes - Smithsonian's National Museum of Asian Art,asia-archive.si.edu,verified
FACT-2027-01-24-S03,24,2027-01-24,Groundwater moves slowly through the saturated groundwater system.,3,January,Groundwater movement,Science,USGS directly describes movement in the saturated system as slow.,high,https://www.usgs.gov/water-science-school/science/groundwater-what-groundwater,Groundwater flow,Groundwater: What is Groundwater? | U.S. Geological Survey,www.usgs.gov,verified
FACT-2027-01-24-S04,24,2027-01-24,Venus is the second planet from the Sun and Earth's closest planetary neighbor.,4,January,Venus's Solar-System Position,Space,The introduction explicitly identifies Venus as the second planet from the Sun and Earth's closest planetary neighbor.,high,https://science.nasa.gov/venus/venus-facts/,Planetary system,Venus: Facts - NASA Science,science.nasa.gov,verified
FACT-2027-01-24-S05,24,2027-01-24,Strontium produces deep red fireworks.,5,January,Firework red color,Everyday Life,The USGS fireworks resource identifies strontium as producing deep reds.,high,https://www.usgs.gov/science/science-explorer/minerals/minerals-101,Fireworks,Minerals 101 | U.S. Geological Survey,www.usgs.gov,verified
FACT-2027-01-24-S06,24,2027-01-24,Understanding and predicting precipitation is critical for farmers deciding which crops to plant and how deeply to plant them.,6,January,Precipitation prediction,Everyday Life,The source explicitly describes precipitation prediction as critical to farmers’ planting decisions.,high,https://oceanservice.noaa.gov/facts/ocean_weather.html,Agriculture,What role does the ocean play in the weather?,oceanservice.noaa.gov,verified
FACT-2027-01-24-S07,24,2027-01-24,Polar and temperate glaciers are distinguished as different thermal regimes.,7,January,Polar and temperate glaciers,Nature,The source lists polar versus temperate as examples of glacier thermal regimes.,high,https://www.usgs.gov/faqs/what-glacier?qt-news_science_products=0,Glaciology,What is a glacier?,www.usgs.gov,verified
FACT-2027-01-24-S08,24,2027-01-24,Venus has an iron core surrounded by a hot-rock mantle and a rocky outer crust.,8,January,Venus's Internal Structure,Space,"The Structure section describes Venus's core, mantle, and crust in this order.",high,https://science.nasa.gov/venus/venus-facts/,Planetary geology,Venus: Facts - NASA Science,science.nasa.gov,verified
FACT-2027-01-24-S09,24,2027-01-24,"Ice worms have not been found in glaciers outside Alaska, Washington, Oregon, and British Columbia.",9,January,Ice worm distribution,Animals,The USGS states that ice worms have not been found in glaciers elsewhere.,high,https://www.usgs.gov/faqs/what-glacier?qt-news_science_products=0,Glacial fauna,What is a glacier?,www.usgs.gov,verified
FACT-2027-01-24-S10,24,2027-01-24,"In most areas, chart datum is mean lower low water, the average of all observed lower low waters.",10,January,Chart datum,Ocean & Marine,The source provides this definition of chart datum.,high,https://oceanservice.noaa.gov/navigation/tidesandcurrents/,Tidal Datums,Tides and Currents,oceanservice.noaa.gov,verified
FACT-2027-01-24-S11,24,2027-01-24,The Smithsonian National Museum of Asian Art is located at 1050 Independence Ave. SW.,11,January,Museum address,Geography,The source lists 1050 Independence Ave. SW as the museum address.,high,https://asia.si.edu/explore-art-culture/collections/collections-areas/ancient-egyptian-art/,Locations,https://asia.si.edu/explore-art-culture/collections/collections-areas/ancient-egyptian-art/,asia.si.edu,verified
FACT-2027-01-24-S12,24,2027-01-24,"Tomb preparations included furniture, statuettes, wall paintings, and lists of food or prayers intended for the afterlife.",12,January,Tomb preparations,Ancient Civilizations,The source lists these objects and preparations made for the deceased.,high,https://www.si.edu/spotlight/ancient-egypt/mummies,Tomb contents,Egyptian Mummies | Smithsonian Institution,www.si.edu,verified
FACT-2027-01-24-S13,24,2027-01-24,Earthquake shaking intensity varies depending on the observer’s location.,13,January,Earthquake Intensity,Science,The USGS contrasts one magnitude for an earthquake with intensity that varies by location.,high,https://www.usgs.gov/programs/earthquake-hazards/science-earthquakes,Earthquake Measurement,The Science of Earthquakes | U.S. Geological Survey,www.usgs.gov,verified
FACT-2027-01-24-S14,24,2027-01-24,"Tidal lag is the delay between the exertion of tidal forces and the observation of high tide, caused partly by water inertia and seafloor friction.",14,January,Tidal lag,Ocean & Marine,NOAA attributes tidal lag to inertia and friction and notes that it can last hours or nearly a day.,high,https://www.noaa.gov/education/resource-collections/ocean-coasts/tides,Tidal timing,Tides | National Oceanic and Atmospheric Administration,www.noaa.gov,verified
FACT-2027-01-24-S15,24,2027-01-24,The global ocean-current system is a critical part of ocean nutrient and carbon dioxide cycles.,15,January,Nutrient and carbon cycles,Nature,NOAA explicitly links the global current system to ocean nutrient and carbon dioxide cycles.,high,https://www.noaa.gov/education/resource-collections/ocean-coasts/ocean-currents,Biogeochemical cycles,Ocean currents | National Oceanic and Atmospheric Administration,www.noaa.gov,verified
FACT-2027-01-24-S16,24,2027-01-24,"The most important funeral ceremony was the Opening of the Mouth, in which a priest touched parts of the mummy with an instrument to symbolically restore sensory functions.",16,January,Opening of the Mouth,Ancient Civilizations,The source identifies the ceremony and explains the instrument's ritual purpose.,high,https://www.si.edu/spotlight/ancient-egypt/mummies,Funeral rituals,Egyptian Mummies | Smithsonian Institution,www.si.edu,verified
FACT-2027-01-24-S17,24,2027-01-24,"The brainstem structures called the pons, medulla, and midbrain control transitions between wakefulness and sleep.",17,January,The brainstem controls sleep transitions,Human Body,The source defines the brainstem and assigns it control of wake-sleep transitions.,high,https://www.ninds.nih.gov/health-information/public-education/brain-basics/brain-basics-understanding-sleep,Brain anatomy,Brain Basics: Understanding Sleep | National Institute of Neurological Disorders and Stroke,www.ninds.nih.gov,verified
FACT-2027-01-24-S18,24,2027-01-24,Anyang is identified as the source of China’s earliest surviving written records.,18,January,Earliest Surviving Chinese Records,History,The exhibition states that Anyang is the source of China’s earliest surviving written records.,high,https://asia.si.edu/whats-on/exhibitions/anyang-chinas-ancient-city-of-kings/,Writing and records,https://asia.si.edu/whats-on/exhibitions/anyang-chinas-ancient-city-of-kings/,asia.si.edu,verified
FACT-2027-01-24-S19,24,2027-01-24,"The Geo-Inquiry Process consists of the steps Ask, Collect, Visualize, Create, and Act.",19,January,Geo-Inquiry Process steps,Geography,The source explicitly lists the five steps on the board for students to connect to Joe Riis's work.,high,https://education.nationalgeographic.org/resource/animal-migration/,Geo-inquiry,Animal Migration,education.nationalgeographic.org,verified
FACT-2027-01-24-S20,24,2027-01-24,"At least one-third of the approximately 20,000 genes in the human genome are expressed primarily in the brain.",20,January,Brain gene activity,Human Body,"NINDS gives the proportion as at least a third of approximately 20,000 genes.",high,https://www.ninds.nih.gov/health-information/patient-caregiver-education/brain-basics-genes-work-brain,Brain genetics,Brain Basics: Genes At Work In The Brain | National Institute of Neurological Disorders and Stroke,www.ninds.nih.gov,verified
FACT-2027-01-25-S01,25,2027-01-25,"Oceans, seas, and bays contain an estimated 321 million cubic miles of water.",1,January,Ocean water volume,Ocean & Marine,"The table lists 321,000,000 cubic miles for oceans, seas, and bays.",high,https://www.usgs.gov/index.php/water-science-school/science/where-earths-water,Ocean water,Where is Earth's Water? | U.S. Geological Survey,www.usgs.gov,verified
FACT-2027-01-25-S02,25,2027-01-25,Neptune's rotation axis is tilted 28 degrees relative to the plane of its orbit.,2,January,Neptune's Axial Tilt,Space,The source states that Neptune's axis has a 28-degree tilt relative to its orbital plane.,high,https://science.nasa.gov/neptune/neptune-facts/,Axial tilt,Neptune: Facts - NASA Science,science.nasa.gov,verified
FACT-2027-01-25-S03,25,2027-01-25,Corals belong to the phylum Cnidaria and the class Anthozoa.,3,January,Coral classification,Science,The source gives Cnidaria and Anthozoa as the scientific classification of corals.,high,https://www.noaa.gov/explainers/coral-reefs-essential-and-threatened,Taxonomy,Coral reefs: Essential and threatened | National Oceanic and Atmospheric Administration,www.noaa.gov,verified
FACT-2027-01-25-S04,25,2027-01-25,Weather prediction helps governments anticipate catastrophic storms.,4,January,Government storm preparation,Everyday Life,The source says weather prediction helps citizens and governments prepare for catastrophic storms.,high,https://oceanservice.noaa.gov/facts/ocean_weather.html,Disaster preparedness,What role does the ocean play in the weather?,oceanservice.noaa.gov,verified
FACT-2027-01-25-S05,25,2027-01-25,A rock is an aggregate of one or more minerals or a body of undifferentiated mineral matter.,5,January,Rock definition,Nature,The USGS states this definition immediately after defining minerals.,high,https://www.usgs.gov/faqs/what-difference-between-a-rock-and-a-mineral,Petrology,What is the difference between a rock and a mineral? | U.S. Geological Survey,www.usgs.gov,verified
FACT-2027-01-25-S06,25,2027-01-25,Astronomer William Herschel discovered Uranus in 1781.,6,January,Discovery in 1781,History,The source dates Uranus's discovery to 1781 and attributes it to William Herschel.,high,https://science.nasa.gov/uranus/facts/,Astronomical discovery,Uranus: Facts - NASA Science,science.nasa.gov,verified
FACT-2027-01-25-S07,25,2027-01-25,"Yellowstone experiences approximately 1,000 to 3,000 earthquakes annually.",7,January,Annual Earthquakes,Nature,The geology section states the annual earthquake range.,high,https://www.nps.gov/yell/planyourvisit/parkfacts.htm,Seismic activity,Park Facts - Yellowstone National Park (U.S. National Park Service),www.nps.gov,verified
FACT-2027-01-25-S08,25,2027-01-25,"At several stages of wrapping, priests coated the mummy with warm resin before continuing the wrapping.",8,January,Resin coatings,Ancient Civilizations,The source describes repeated application of warm resin during wrapping.,high,https://www.si.edu/spotlight/ancient-egypt/mummies,Embalming materials,Egyptian Mummies | Smithsonian Institution,www.si.edu,verified
FACT-2027-01-25-S09,25,2027-01-25,"The USMIN Mineral Deposit Database provides national-scale geospatial information on significant mines, mineral deposits, and mining districts in the United States.",9,January,USMIN database scope,Technology,"The February 13, 2026 USGS project description states the database’s scale and coverage.",high,https://www.usgs.gov/science/science-explorer/minerals/minerals-101,Geospatial data,Minerals 101 | U.S. Geological Survey,www.usgs.gov,verified
FACT-2027-01-25-S10,25,2027-01-25,Charles Lang Freer took three trips to Egypt between 1906 and 1910.,10,January,Charles Lang Freer’s Egypt trips,History,The source states that Freer took three trips to Egypt between 1906 and 1910.,high,https://asia.si.edu/explore-art-culture/collections/collections-areas/ancient-egyptian-art/,Exploration and Collecting,https://asia.si.edu/explore-art-culture/collections/collections-areas/ancient-egyptian-art/,asia.si.edu,verified
FACT-2027-01-25-S11,25,2027-01-25,Copper and strontium together produce lavender fireworks.,11,January,Lavender fireworks mixture,Everyday Life,The source states that copper and strontium make lavender.,high,https://www.usgs.gov/science/science-explorer/minerals/minerals-101,Fireworks,Minerals 101 | U.S. Geological Survey,www.usgs.gov,verified
FACT-2027-01-25-S12,25,2027-01-25,Glacier ice is a monomineralic rock composed of the mineral ice.,12,January,Glacier ice as rock,Science,The source explicitly classifies glacier ice as a rock made of one mineral.,high,https://www.usgs.gov/faqs/what-glacier?qt-news_science_products=0,Geology,What is a glacier?,www.usgs.gov,verified
FACT-2027-01-25-S13,25,2027-01-25,"Lissencephaly is characterized by cortical abnormalities that include reduced gyrification, subcortical band heterotopia, and enlarged ventricles.",13,January,Lissencephaly definition,Human Body,The neuronal-migration section lists these anatomical features of lissencephaly.,high,https://pmc.ncbi.nlm.nih.gov/articles/PMC10926850/,Neurodevelopmental disorders,Genetics of human brain development - PMC,pmc.ncbi.nlm.nih.gov,verified
FACT-2027-01-25-S14,25,2027-01-25,"Fish, lobsters, clams, seahorses, sponges, and sea turtles are among the thousands of creatures that rely on coral reefs for survival.",14,January,Reef-dependent animals,Ocean & Marine,The source lists these animals and states that thousands of creatures depend on reefs.,high,https://www.noaa.gov/explainers/coral-reefs-essential-and-threatened,Reef ecology,Coral reefs: Essential and threatened | National Oceanic and Atmospheric Administration,www.noaa.gov,verified
FACT-2027-01-25-S15,25,2027-01-25,Intermediate progenitor cells are immediate descendants of radial glial cells that divide in the subventricular zone to amplify neuronal production.,15,January,Intermediate progenitor cells,Human Body,The source directly describes intermediate progenitor cells and their subventricular-zone divisions.,high,https://pmc.ncbi.nlm.nih.gov/articles/PMC10926850/,Neurogenesis,Genetics of human brain development - PMC,pmc.ncbi.nlm.nih.gov,verified
FACT-2027-01-25-S16,25,2027-01-25,"During its occupation, the Shang capital grew to cover more than fourteen square miles.",16,January,Anyang’s Urban Scale,Geography,The section “Honored by the King” states that the capital covered over fourteen square miles.,high,https://asia.si.edu/whats-on/exhibitions/anyang-chinas-ancient-city-of-kings/,Ancient urban settlements,https://asia.si.edu/whats-on/exhibitions/anyang-chinas-ancient-city-of-kings/,asia.si.edu,verified
FACT-2027-01-25-S17,25,2027-01-25,"The image of Horus and his shrine are from the Ptolemaic Dynasty, dated approximately 305–30 BCE.",17,January,Ptolemaic dating,Ancient Civilizations,The source explicitly assigns the Horus image and shrine to the Ptolemaic Dynasty and gives the dates ca. 305–30 BCE.,high,https://asia.si.edu/explore-art-culture/collections/collections-areas/ancient-egyptian-art/,Ptolemaic Dynasty,https://asia.si.edu/explore-art-culture/collections/collections-areas/ancient-egyptian-art/,asia.si.edu,verified
FACT-2027-01-25-S18,25,2027-01-25,The melt that forms igneous rocks originates deep within Earth near active plate boundaries or hot spots and rises toward the surface.,18,January,Magma origin and movement,Geography,The USGS describes the melt's origin and upward movement.,high,https://www.usgs.gov/faqs/what-difference-between-a-rock-and-a-mineral,Plate Tectonics,What is the difference between a rock and a mineral? | U.S. Geological Survey,www.usgs.gov,verified
FACT-2027-01-25-S19,25,2027-01-25,"Neap tides occur near a half Moon when the Sun’s and Moon’s gravitational forces oppose each other, producing the smallest difference between high and low water levels.",19,January,Neap tides,Space,NOAA links half-Moon alignment with weaker tides and the smallest tidal range.,high,https://www.noaa.gov/education/resource-collections/ocean-coasts/tides,Lunar phases,Tides | National Oceanic and Atmospheric Administration,www.noaa.gov,verified
FACT-2027-01-25-S20,25,2027-01-25,"NOAA provides high- and low-tide times and heights for more than 3,000 locations along the U.S. coastline.",20,January,NOAA tide locations,Country Facts,The source attributes this service to NOAA’s Center for Operational Oceanographic Products and Services.,high,https://www.noaa.gov/education/resource-collections/ocean-coasts/tides,U.S. coastal data,Tides | National Oceanic and Atmospheric Administration,www.noaa.gov,verified
FACT-2027-01-26-S01,26,2027-01-26,Joe Riis is identified as a National Geographic Photography Fellow who studied pronghorn migration.,1,January,Joe Riis's role,Animals,The source introduces Joe Riis as a National Geographic Photography Fellow in the section about investigating pronghorn migration.,high,https://education.nationalgeographic.org/resource/animal-migration/,Wildlife research,Animal Migration,education.nationalgeographic.org,verified
FACT-2027-01-26-S02,26,2027-01-26,The Milky Way is a barred spiral galaxy.,2,January,Milky Way structure,Space,NASA explicitly describes the Milky Way as a barred spiral galaxy.,high,https://science.nasa.gov/solar-system/,Galaxies,Solar System Exploration,science.nasa.gov,verified
FACT-2027-01-26-S03,26,2027-01-26,The reign of Wu Ding was marked by rapid growth in the bronze industry and other craft production.,3,January,Bronze Industry Expansion,Ancient Civilizations,The text directly describes rapid growth in bronze and other craft production during this period.,high,https://asia.si.edu/whats-on/exhibitions/anyang-chinas-ancient-city-of-kings/,Craft production,https://asia.si.edu/whats-on/exhibitions/anyang-chinas-ancient-city-of-kings/,asia.si.edu,verified
FACT-2027-01-26-S04,26,2027-01-26,The surface where two blocks of Earth slip past one another is called a fault or fault plane.,4,January,Fault Plane,Science,The source states that the surface where the blocks slip is called the fault or fault plane.,high,https://www.usgs.gov/programs/earthquake-hazards/science-earthquakes,Geology,The Science of Earthquakes | U.S. Geological Survey,www.usgs.gov,verified
FACT-2027-01-26-S05,26,2027-01-26,"Mangrove prop roots slow tidal water, causing sediments to settle and helping stabilize coastlines by reducing erosion.",5,January,Mangrove coastline stabilization,Nature,The source describes root-driven sediment settling and reduced erosion.,high,https://www.noaa.gov/education/resource-collections/ocean-coasts/tides,Mangrove forests,Tides | National Oceanic and Atmospheric Administration,www.noaa.gov,verified
FACT-2027-01-26-S06,26,2027-01-26,"Most tides are semidiurnal, with two high-water points and two low-water points each day.",6,January,Semidiurnal tide pattern,Ocean & Marine,The source states that most semidiurnal tides have two highs and two lows daily.,high,https://www.noaa.gov/education/resource-collections/ocean-coasts/tides,Tide cycles,Tides | National Oceanic and Atmospheric Administration,www.noaa.gov,verified
FACT-2027-01-26-S07,26,2027-01-26,"Cold, salty, dense seawater sinks to the ocean bottom.",7,January,Dense water sinking,Ocean & Marine,NOAA states that dense-cold-salty water sinks to the ocean bottom.,high,https://www.noaa.gov/education/resource-collections/ocean-coasts/ocean-currents,Deepwater formation,Ocean currents | National Oceanic and Atmospheric Administration,www.noaa.gov,verified
FACT-2027-01-26-S08,26,2027-01-26,Epidote is a silicate mineral used mostly as a semiprecious gemstone.,8,January,Epidote composition and use,Nature,The USGS epidote specimen description identifies its mineral class and primary use.,high,https://www.usgs.gov/faqs/what-difference-between-a-rock-and-a-mineral,Mineral Uses,What is the difference between a rock and a mineral? | U.S. Geological Survey,www.usgs.gov,verified
FACT-2027-01-26-S09,26,2027-01-26,"Perigean spring tides occur when a spring tide coincides with the Moon’s perigee, its closest position to Earth.",9,January,Perigean spring tides,Space,NOAA defines perigean spring tides as spring tides occurring around lunar perigee.,high,https://www.noaa.gov/education/resource-collections/ocean-coasts/tides,Lunar orbit,Tides | National Oceanic and Atmospheric Administration,www.noaa.gov,verified
FACT-2027-01-26-S10,26,2027-01-26,The Galápagos Islands are an archipelago in the eastern Pacific Ocean.,10,January,Galápagos Location,Geography,"The source describes them as a chain of islands, or archipelago, in the eastern Pacific Ocean.",high,https://education.nationalgeographic.org/resource/galapagos-islands/,Islands,Galápagos Islands,education.nationalgeographic.org,verified
FACT-2027-01-26-S11,26,2027-01-26,The exhibition contains more than 300 objects related to Nubia.,11,January,Exhibition collection size,Ancient Civilizations,The source states that over 300 objects trace Nubia's history.,high,https://www.si.edu/exhibitions/ancient-nubia-egypts-rival-africa-event-exhib-1221,Archaeological Collections,,www.si.edu,verified
FACT-2027-01-26-S12,26,2027-01-26,Astrocytes and oligodendrocytes are generated by radial glial cells after neurogenesis.,12,January,Astrocyte and oligodendrocyte generation,Human Body,The source explicitly says these non-neuronal cells are generated by radial glial cells post-neurogenesis.,high,https://pmc.ncbi.nlm.nih.gov/articles/PMC10926850/,Gliogenesis,Genetics of human brain development - PMC,pmc.ncbi.nlm.nih.gov,verified
FACT-2027-01-26-S13,26,2027-01-26,A seismograph records the difference between its shaking base and a suspended weight that remains comparatively motionless.,13,January,Seismograph Mechanism,Technology,"The source describes a firmly grounded base, a freely hanging heavy weight, and recording their positional difference.",high,https://www.usgs.gov/programs/earthquake-hazards/science-earthquakes,Scientific Instruments,The Science of Earthquakes | U.S. Geological Survey,www.usgs.gov,verified
FACT-2027-01-26-S14,26,2027-01-26,Increased atmospheric carbon dioxide changes ocean chemistry and harms reef-building corals.,14,January,Carbon dioxide and corals,Science,NOAA explicitly states that increased atmospheric carbon dioxide changes ocean chemistry and harms reef-building corals.,high,https://www.noaa.gov/explainers/coral-reefs-essential-and-threatened,Ocean chemistry,Coral reefs: Essential and threatened | National Oceanic and Atmospheric Administration,www.noaa.gov,verified
FACT-2027-01-26-S15,26,2027-01-26,"The exhibition ran from November 20, 2010, to January 3, 2016.",15,January,Exhibition dates,History,"The source lists the exhibition dates as November 20, 2010 to January 3, 2016.",high,https://asia-archive.si.edu/exhibition/ancient-chinese-jades-and-bronzes/,Museum Exhibitions,Ancient Chinese Jades and Bronzes - Smithsonian's National Museum of Asian Art,asia-archive.si.edu,verified
FACT-2027-01-26-S16,26,2027-01-26,Modern noninvasive scanning technologies allow scientists and visitors to explore mummies while preserving their bodies.,16,January,Noninvasive Mummy Scanning,Technology,The source directly describes noninvasive scanning as a way to investigate mummies while preserving them.,high,https://naturalhistory.si.edu/exhibits/eternal-life-ancient-egypt,Scientific imaging,Eternal Life in Ancient Egypt | Smithsonian National Museum of Natural History,naturalhistory.si.edu,verified
FACT-2027-01-26-S17,26,2027-01-26,"The source was last updated on June 16, 2024.",17,January,Source update date,Everyday Life,The page states: “Last updated: 06/16/24.”,high,https://oceanservice.noaa.gov/facts/coral_species.html,Publication information,What species live in and around coral reefs?,oceanservice.noaa.gov,verified
FACT-2027-01-26-S18,26,2027-01-26,The Mediterranean Sea is an example of an ocean that is continually closing.,18,January,Closing ocean,Geography,The source identifies the Mediterranean Sea as an example of a closing ocean.,high,https://pubs.usgs.gov/imap/2800/,Plate tectonics,Geologic Investigations Map I-2800: This Dynamic Planet,pubs.usgs.gov,verified
FACT-2027-01-26-S19,26,2027-01-26,"The approximately 3,600-year-old Mount St. Helens eruption destroyed food supplies and dwellings and effectively destroyed the affected communities’ livelihoods.",19,January,Eruption Effects on Livelihoods,History,The source explicitly links the eruption to devastation of food supplies and living dwellings and says it effectively destroyed livelihoods.,high,https://www.usgs.gov/news/featured-story/volcanoes-and-usgs-volcano-science-just-facts,Human impacts of eruptions,Volcanoes and USGS Volcano Science: Just the Facts | U.S. Geological Survey,www.usgs.gov,verified
FACT-2027-01-26-S20,26,2027-01-26,Classical type I lissencephaly features a thicker four-layer cortex with a heterotopic band.,20,January,Classical lissencephaly cortex,Human Body,The source explicitly contrasts the four-layer cortical structure of type I lissencephaly with normal cortical organization.,high,https://pmc.ncbi.nlm.nih.gov/articles/PMC10926850/,Neurodevelopmental disorders,Genetics of human brain development - PMC,pmc.ncbi.nlm.nih.gov,verified
FACT-2027-01-27-S01,27,2027-01-27,"Nubia's history is described as spanning approximately 3,500 years, from about 3100 B.C. to 400 A.D.",1,January,Nubia's historical span,Ancient Civilizations,"The source states that the exhibition traces Nubia's 3,500-year history from c. 3100 B.C. to 400 A.D.",high,https://www.si.edu/exhibitions/ancient-nubia-egypts-rival-africa-event-exhib-1221,Chronology,,www.si.edu,verified
FACT-2027-01-27-S02,27,2027-01-27,Earthquakes larger than magnitude 8.3 are extremely unlikely on the San Andreas Fault because the fault is about 800 miles long and only 10–12 miles deep.,2,January,San Andreas earthquake limit,Nature,USGS relates the San Andreas fault area to its stated upper magnitude assessment.,high,https://www.usgs.gov/programs/earthquake-hazards/earthquake-facts-earthquake-fantasy,Earthquake magnitude,Earthquake Facts & Earthquake Fantasy | U.S. Geological Survey,www.usgs.gov,verified
FACT-2027-01-27-S03,27,2027-01-27,Conditions that produce metamorphic rocks occur deep within Earth or where tectonic plates interact.,3,January,Metamorphism setting,Geography,The USGS states that these conditions are found deep within Earth or at tectonic plates.,high,https://www.usgs.gov/faqs/what-difference-between-a-rock-and-a-mineral,Plate Tectonics,What is the difference between a rock and a mineral? | U.S. Geological Survey,www.usgs.gov,verified
FACT-2027-01-27-S04,27,2027-01-27,Ocean currents are continuous and directed movements of ocean water.,4,January,Definition of ocean currents,Ocean & Marine,NOAA explicitly defines ocean currents this way in its background information.,high,https://www.noaa.gov/education/resource-collections/ocean-coasts/ocean-currents,Oceanography,Ocean currents | National Oceanic and Atmospheric Administration,www.noaa.gov,verified
FACT-2027-01-27-S05,27,2027-01-27,The teacher guide and student activity are available as Open Educational Resources.,5,January,Open Educational Resources,Everyday Life,The source explicitly describes both materials as Open Educational Resources.,high,https://education.nationalgeographic.org/resource/where-are-the-worlds-biomes/,Education,Where Are the World's Biomes and Why Are They There,education.nationalgeographic.org,verified
FACT-2027-01-27-S06,27,2027-01-27,"Tide and current measurements support cargo-ship port access, oil-spill assessment, bridge and pier construction, fishing-site selection, emergency preparedness, tsunami tracking, and marsh restoration.",6,January,Uses of tide and current predictions,Ocean & Marine,NOAA lists these activities among uses of tide and current information.,high,https://oceanservice.noaa.gov/navigation/tidesandcurrents/,Applications,Tides and Currents,oceanservice.noaa.gov,verified
FACT-2027-01-27-S07,27,2027-01-27,The activity examines how precipitation distribution might impact the locations of biomes.,7,January,Precipitation and Biomes,Geography,The source explicitly identifies precipitation distribution as a factor students investigate in relation to biome locations.,high,https://education.nationalgeographic.org/resource/where-are-the-worlds-biomes/,Climate,Where Are the World's Biomes and Why Are They There,education.nationalgeographic.org,verified
FACT-2027-01-27-S08,27,2027-01-27,Deletion of PTEN in human pluripotent stem-cell models alters mTOR signaling and phenocopies macrocephaly by affecting cortical radial glial amplification.,8,January,PTEN and macrocephaly,Human Body,The source directly reports this PTEN model and mechanism.,high,https://pmc.ncbi.nlm.nih.gov/articles/PMC10926850/,Neurodevelopmental disorders,Genetics of human brain development - PMC,pmc.ncbi.nlm.nih.gov,verified
FACT-2027-01-27-S09,27,2027-01-27,"The largest earthquake recorded by seismic instruments was the magnitude 9.5 Chile earthquake of May 22, 1960.",9,January,Largest recorded earthquake,History,The source identifies the 1960 Chile earthquake as the largest instrumentally recorded earthquake.,high,https://www.usgs.gov/programs/earthquake-hazards/earthquake-facts-earthquake-fantasy,Earthquake records,Earthquake Facts & Earthquake Fantasy | U.S. Geological Survey,www.usgs.gov,verified
FACT-2027-01-27-S10,27,2027-01-27,Caffeine counteracts sleepiness by blocking the actions of adenosine.,10,January,Caffeine blocks adenosine,Food,The source directly explains caffeine's sleepiness-counteracting mechanism.,high,https://www.ninds.nih.gov/health-information/public-education/brain-basics/brain-basics-understanding-sleep,Caffeine,Brain Basics: Understanding Sleep | National Institute of Neurological Disorders and Stroke,www.ninds.nih.gov,verified
FACT-2027-01-27-S11,27,2027-01-27,A climate-literate person can distinguish credible from non-credible sources about climate.,11,January,Climate source evaluation,Science,The source states that climate literacy includes distinguishing credible and non-credible climate sources.,high,https://oceanservice.noaa.gov/education/literacy.html,Information literacy,Ocean and Climate Literacy,oceanservice.noaa.gov,verified
FACT-2027-01-27-S12,27,2027-01-27,Precipitation information supports agricultural decisions about crop selection.,12,January,Rainfall and crop decisions,Everyday Life,The source states that farmers use precipitation understanding and prediction when deciding which crops to plant.,high,https://oceanservice.noaa.gov/facts/ocean_weather.html,Agriculture,What role does the ocean play in the weather?,oceanservice.noaa.gov,verified
FACT-2027-01-27-S13,27,2027-01-27,The water table separates the saturated zone below it from the generally unsaturated zone above it.,13,January,Water table,Science,USGS describes the ground below the water table as saturated and the ground above it as not remaining saturated.,high,https://www.usgs.gov/water-science-school/science/groundwater-what-groundwater,Hydrogeology,Groundwater: What is Groundwater? | U.S. Geological Survey,www.usgs.gov,verified
FACT-2027-01-27-S14,27,2027-01-27,Gene-expression effects agreed in direction with GWAS eQTL results for 77% of global-thickness associations.,14,January,Expression-direction agreement,Human Body,The results report 77% agreement for global thickness with Fisher’s P=0.04.,high,https://pmc.ncbi.nlm.nih.gov/articles/PMC11189393/,Gene expression,Genetic influences on brain and cognitive health and their interactions with cardiovascular conditions and depression,pmc.ncbi.nlm.nih.gov,verified
FACT-2027-01-27-S15,27,2027-01-27,NOAA uses microwave air-gap sensors mounted on bridges to measure the position of the water surface and provide bridge clearance information.,15,January,Bridge clearance sensors,Technology,The bridge-clearance section describes the sensors and their function.,high,https://oceanservice.noaa.gov/navigation/tidesandcurrents/,Navigation Safety,Tides and Currents,oceanservice.noaa.gov,verified
FACT-2027-01-27-S16,27,2027-01-27,The findings described by NASA do not provide compelling evidence that life exists in Venus's clouds.,16,January,No Confirmed Life on Venus,Space,NASA explicitly states that none of the discussed findings provide compelling evidence for life in Venus's clouds.,high,https://science.nasa.gov/venus/venus-facts/,Astrobiology,Venus: Facts - NASA Science,science.nasa.gov,verified
FACT-2027-01-27-S17,27,2027-01-27,The source presents conservation photography as a way to contribute to wildlife-corridor implementation.,17,January,Conservation photography,Nature,It asks students to discuss how Carlton Ward Jr.'s work as a conservation photographer might help implement the Florida Wildlife Corridor.,high,https://education.nationalgeographic.org/resource/animal-migration/,Conservation,Animal Migration,education.nationalgeographic.org,verified
FACT-2027-01-27-S18,27,2027-01-27,Eternal Life in Ancient Egypt is identified by the Smithsonian National Museum of Natural History as a permanent exhibition.,18,January,Permanent Exhibition,History,The source labels the exhibition status as “Permanent.”,high,https://naturalhistory.si.edu/exhibits/eternal-life-ancient-egypt,Museums,Eternal Life in Ancient Egypt | Smithsonian National Museum of Natural History,naturalhistory.si.edu,verified
FACT-2027-01-27-S19,27,2027-01-27,The exhibition was organized by the University Museum of Archaeology and Anthropology at the University of Pennsylvania.,19,January,Exhibition organizer,Ancient Civilizations,The source explicitly identifies the exhibition organizer.,high,https://www.si.edu/exhibitions/ancient-nubia-egypts-rival-africa-event-exhib-1221,Museums and Exhibitions,,www.si.edu,verified
FACT-2027-01-27-S20,27,2027-01-27,"The solar system orbits the center of the galaxy at about 515,000 miles per hour, or 828,000 kilometers per hour.",20,January,Galactic orbital speed,Space,NASA provides both the miles-per-hour and kilometers-per-hour values.,high,https://science.nasa.gov/solar-system/,Galactic orbit,Solar System Exploration,science.nasa.gov,verified
FACT-2027-01-28-S01,28,2027-01-28,Wildlife corridors can facilitate movement across large areas.,1,January,Wildlife movement across large areas,Nature,The introduction describes the Florida Wildlife Corridor experience as demonstrating how corridors can facilitate wildlife movement across large areas.,high,https://education.nationalgeographic.org/resource/animal-migration/,Wildlife movement,Animal Migration,education.nationalgeographic.org,verified
FACT-2027-01-28-S02,28,2027-01-28,ZEB2 contributes to human cortical expansion by delaying the transition from neuroepithelial cells to radial glial cells.,2,January,ZEB2 and forebrain expansion,Human Body,Comparative human and ape forebrain organoid studies identified ZEB2 as regulating this transition.,high,https://pmc.ncbi.nlm.nih.gov/articles/PMC10926850/,Developmental genetics,Genetics of human brain development - PMC,pmc.ncbi.nlm.nih.gov,verified
FACT-2027-01-28-S03,28,2027-01-28,Igneous rocks are divided into intrusive and extrusive groups according to where the molten rock solidifies.,3,January,Igneous rock groups,Nature,The USGS states that the division depends on the solidification location.,high,https://www.usgs.gov/faqs/what-difference-between-a-rock-and-a-mineral,Igneous Classification,What is the difference between a rock and a mineral? | U.S. Geological Survey,www.usgs.gov,verified
FACT-2027-01-28-S04,28,2027-01-28,"The May 18, 1980, Mount St. Helens eruption began when its north flank slid away in what the source describes as the largest landslide in recorded history.",4,January,Mount St. Helens Landslide,History,The source’s quoted account says the north flank slid away in a massive landslide described as the largest in recorded history.,high,https://www.usgs.gov/news/featured-story/volcanoes-and-usgs-volcano-science-just-facts,Geologic events,Volcanoes and USGS Volcano Science: Just the Facts | U.S. Geological Survey,www.usgs.gov,verified
FACT-2027-01-28-S05,28,2027-01-28,Venus lacks an internally generated magnetic field and instead has an induced magnetic field created by interaction between the solar magnetic field and its outer atmosphere.,5,January,Venus's Induced Magnetic Field,Space,The Magnetosphere section explicitly contrasts Venus's induced field with an internally generated field and explains its origin.,high,https://science.nasa.gov/venus/venus-facts/,Planetary magnetism,Venus: Facts - NASA Science,science.nasa.gov,verified
FACT-2027-01-28-S06,28,2027-01-28,"During REM sleep, arm and leg muscles become temporarily paralyzed, helping prevent people from acting out dreams.",6,January,REM sleep causes temporary muscle paralysis,Human Body,NINDS directly connects REM-related limb paralysis with preventing dream enactment.,high,https://www.ninds.nih.gov/health-information/public-education/brain-basics/brain-basics-understanding-sleep,REM sleep,Brain Basics: Understanding Sleep | National Institute of Neurological Disorders and Stroke,www.ninds.nih.gov,verified
FACT-2027-01-28-S07,28,2027-01-28,The Coriolis effect causes steadily moving water to turn right in the Northern Hemisphere and left in the Southern Hemisphere.,7,January,Coriolis deflection,Geography,The source gives these hemisphere-specific directions for rotational deflection.,high,https://www.noaa.gov/education/resource-collections/ocean-coasts/tides,Earth rotation,Tides | National Oceanic and Atmospheric Administration,www.noaa.gov,verified
FACT-2027-01-28-S08,28,2027-01-28,The Gulf Stream carries about 150 times more water than the Amazon River.,8,January,Gulf Stream water volume,Ocean & Marine,NOAA gives this direct comparison when describing the Gulf Stream.,high,https://www.noaa.gov/education/resource-collections/ocean-coasts/ocean-currents,Gulf Stream,Ocean currents | National Oceanic and Atmospheric Administration,www.noaa.gov,verified
FACT-2027-01-28-S09,28,2027-01-28,Weather prediction helps people prepare for catastrophic storms.,9,January,Storm preparation,Everyday Life,The source states that prediction helps people prepare for catastrophic storms.,high,https://oceanservice.noaa.gov/facts/ocean_weather.html,Disaster preparedness,What role does the ocean play in the weather?,oceanservice.noaa.gov,verified
FACT-2027-01-28-S10,28,2027-01-28,"Earth’s rotation produces the Coriolis effect, which influences ocean currents.",10,January,Coriolis deflection,Science,NOAA attributes current deflection from straight paths across Earth to the Coriolis effect.,high,https://www.noaa.gov/education/resource-collections/ocean-coasts/ocean-currents,Earth systems,Ocean currents | National Oceanic and Atmospheric Administration,www.noaa.gov,verified
FACT-2027-01-28-S11,28,2027-01-28,Earthquakes are recorded by instruments called seismographs.,11,January,Seismographs,Science,The source explicitly identifies seismographs as the instruments used to record earthquakes.,high,https://www.usgs.gov/programs/earthquake-hazards/science-earthquakes,Seismology,The Science of Earthquakes | U.S. Geological Survey,www.usgs.gov,verified
FACT-2027-01-28-S12,28,2027-01-28,"The Library of Congress page was published on November 19, 2019.",12,January,Source Publication Date,History,The page metadata states “Published: 11/19/2019.”,high,https://www.loc.gov/item/why-does-chopping-an-onion-make-you-cry/,Publication history,Why does chopping an onion make you cry?  | Library of Congress,www.loc.gov,verified
FACT-2027-01-28-S13,28,2027-01-28,The exhibition contains three human mummies and sixteen animal mummies.,13,January,Exhibition Mummies,Ancient Civilizations,The source explicitly lists 3 human and 16 animal mummies in the exhibition.,high,https://naturalhistory.si.edu/exhibits/eternal-life-ancient-egypt,Museum collections,Eternal Life in Ancient Egypt | Smithsonian National Museum of Natural History,naturalhistory.si.edu,verified
FACT-2027-01-28-S14,28,2027-01-28,The Red Sea and Atlantic Ocean are examples of oceans that are continually opening.,14,January,Opening oceans,Geography,The introduction names the Red Sea and Atlantic Ocean as opening oceans.,high,https://pubs.usgs.gov/imap/2800/,Plate tectonics,Geologic Investigations Map I-2800: This Dynamic Planet,pubs.usgs.gov,verified
FACT-2027-01-28-S15,28,2027-01-28,The National Museum of Asian Art holds one of the finest collections of Achaemenid silver vessels in the West.,15,January,Achaemenid Silver Vessels,Ancient Civilizations,The source describes the museum's Achaemenid silver-vessel holdings this way.,high,https://asia.si.edu/explore-art-culture/collections/collections-areas/ancient-near-east/,Achaemenid art,,asia.si.edu,verified
FACT-2027-01-28-S16,28,2027-01-28,Corals are relatives of jellyfish and anemones.,16,January,Coral relatives,Ocean & Marine,NOAA identifies jellyfish and anemones as coral relatives.,high,https://www.noaa.gov/explainers/coral-reefs-essential-and-threatened,Coral biology,Coral reefs: Essential and threatened | National Oceanic and Atmospheric Administration,www.noaa.gov,verified
FACT-2027-01-28-S17,28,2027-01-28,Weather prediction helps citizens and governments anticipate extreme hot and cold temperatures.,17,January,Extreme-temperature forecasting,Everyday Life,The source explicitly states that prediction can help citizens and governments anticipate extreme temperatures.,high,https://oceanservice.noaa.gov/facts/ocean_weather.html,Weather forecasting,What role does the ocean play in the weather?,oceanservice.noaa.gov,verified
FACT-2027-01-28-S18,28,2027-01-28,Three-dimensional brain organoids can model spatiotemporal features of developing human brain tissue and begin to recapitulate cell interactions and circuit formation.,18,January,Brain organoid capability,Technology,The source contrasts organoids with two-dimensional cultures and states these specific capabilities.,high,https://pmc.ncbi.nlm.nih.gov/articles/PMC10926850/,Organoid research,Genetics of human brain development - PMC,pmc.ncbi.nlm.nih.gov,verified
FACT-2027-01-28-S19,28,2027-01-28,The marine iguana is an endemic Galápagos species identified by the scientific name Amblyrhynchus cristatus.,19,January,Marine Iguana,Animals,The source lists the marine iguana (Amblyrhynchus cristatus) among endemic species.,high,https://education.nationalgeographic.org/resource/galapagos-islands/,Reptiles,Galápagos Islands,education.nationalgeographic.org,verified
FACT-2027-01-28-S20,28,2027-01-28,Venus has no rings.,20,January,Venus Has No Rings,Space,The Rings section consists of the explicit statement that Venus has no rings.,high,https://science.nasa.gov/venus/venus-facts/,Planetary features,Venus: Facts - NASA Science,science.nasa.gov,verified
FACT-2027-01-29-S01,29,2027-01-29,The National Museum of Asian Art's Ancient Near East collection spans from 5000 BCE to the advent of Islam in 651.,1,January,Collection Date Range,History,The source gives the collection's chronological range as 5000 BCE to 651.,high,https://asia.si.edu/explore-art-culture/collections/collections-areas/ancient-near-east/,Chronology,,asia.si.edu,verified
FACT-2027-01-29-S02,29,2027-01-29,"The page was last updated on August 14, 2026.",2,January,Page Update Date,Everyday Life,"The source lists August 14, 2026 under ""Last Updated.""",high,https://education.nationalgeographic.org/resource/where-are-the-worlds-biomes/,Web Publishing,Where Are the World's Biomes and Why Are They There,education.nationalgeographic.org,verified
FACT-2027-01-29-S03,29,2027-01-29,The four giant planets and at least one asteroid have rings.,3,January,Planetary rings,Space,NASA’s “Ring Worlds” section makes this claim explicitly.,high,https://science.nasa.gov/solar-system/,Planetary rings,Solar System Exploration,science.nasa.gov,verified
FACT-2027-01-29-S04,29,2027-01-29,Weather that is too wet or too dry can adversely affect crops.,4,January,Weather and crop effects,Nature,The source states that excessively wet or dry weather adversely affects crops.,high,https://oceanservice.noaa.gov/facts/ocean_weather.html,Weather impacts,What role does the ocean play in the weather?,oceanservice.noaa.gov,verified
FACT-2027-01-29-S05,29,2027-01-29,"The initial expansion of Anyang coincided with the long reign of King Wu Ding, who flourished around 1200 BCE.",5,January,King Wu Ding’s Reign,History,The exhibition links the city’s initial expansion to King Wu Ding and dates his activity to approximately 1200 BCE.,high,https://asia.si.edu/whats-on/exhibitions/anyang-chinas-ancient-city-of-kings/,Shang rulers,https://asia.si.edu/whats-on/exhibitions/anyang-chinas-ancient-city-of-kings/,asia.si.edu,verified
FACT-2027-01-29-S06,29,2027-01-29,"A glacier is a large, perennial accumulation of crystalline ice, snow, rock, sediment, and often liquid water that originates on land and moves downslope under its own weight and gravity.",6,January,Glacier definition,Nature,"The USGS defines a glacier using these materials, origin, persistence, and gravity-driven movement.",high,https://www.usgs.gov/faqs/what-glacier?qt-news_science_products=0,Glaciology,What is a glacier?,www.usgs.gov,verified
FACT-2027-01-29-S07,29,2027-01-29,"Human radial glial-mediated neurogenesis occurs over more than three months, compared with approximately one week in mice and one to two months in macaques.",7,January,Protracted human neurogenesis,Human Body,The source gives these species-specific developmental durations.,high,https://pmc.ncbi.nlm.nih.gov/articles/PMC10926850/,Comparative development,Genetics of human brain development - PMC,pmc.ncbi.nlm.nih.gov,verified
FACT-2027-01-29-S08,29,2027-01-29,"Titin is the largest known human protein and consists of about 27,000 amino acids.",8,January,Largest known human protein,Human Body,"NINDS identifies titin as a muscle protein of about 27,000 amino acids.",high,https://www.ninds.nih.gov/health-information/patient-caregiver-education/brain-basics-genes-work-brain,Proteins,Brain Basics: Genes At Work In The Brain | National Institute of Neurological Disorders and Stroke,www.ninds.nih.gov,verified
FACT-2027-01-29-S09,29,2027-01-29,The publication consists of one double-sided sheet measuring 43.5 by 58.25 inches.,9,January,Map format,Technology,"The publication details specify one sheet, double-sided, with dimensions of 43.5 x 58.25 inches.",high,https://pubs.usgs.gov/publication/i2800,Cartography,"This dynamic planet: World map of volcanoes, earthquakes, impact craters and plate tectonics",pubs.usgs.gov,verified
FACT-2027-01-29-S10,29,2027-01-29,"The map illustrates Earth's major tectonic plates and many smaller plates or plate fragments, including microplates.",10,January,Tectonic plates shown,Geography,"The introduction explicitly describes the mapped major plates, smaller plates, and microplates.",high,https://pubs.usgs.gov/imap/2800/,Plate tectonics,Geologic Investigations Map I-2800: This Dynamic Planet,pubs.usgs.gov,verified
FACT-2027-01-29-S11,29,2027-01-29,Rough edges along plate boundaries can become stuck while the rest of a tectonic plate continues moving.,11,January,Fault Sticking,Science,The source explains that rough plate edges get stuck while the plate continues moving.,high,https://www.usgs.gov/programs/earthquake-hazards/science-earthquakes,Earthquake Causes,The Science of Earthquakes | U.S. Geological Survey,www.usgs.gov,verified
FACT-2027-01-29-S12,29,2027-01-29,The Egyptian mummification process took seventy days.,12,January,Duration of the process,Ancient Civilizations,The source explicitly states that the process took seventy days.,high,https://www.si.edu/spotlight/ancient-egypt/mummies,Embalming process,Egyptian Mummies | Smithsonian Institution,www.si.edu,verified
FACT-2027-01-29-S13,29,2027-01-29,Weather prediction can be a life-saving tool.,13,January,Weather prediction and safety,Everyday Life,The source explicitly characterizes weather prediction as potentially life-saving.,high,https://oceanservice.noaa.gov/facts/ocean_weather.html,Public safety,What role does the ocean play in the weather?,oceanservice.noaa.gov,verified
FACT-2027-01-29-S14,29,2027-01-29,Coral reefs are home to millions of species.,14,January,Millions of reef-associated species,Ocean & Marine,NOAA states that coral reefs are home to millions of species.,high,https://oceanservice.noaa.gov/facts/coral_species.html,Coral reef biodiversity,What species live in and around coral reefs?,oceanservice.noaa.gov,verified
FACT-2027-01-29-S15,29,2027-01-29,Ocean literacy is an understanding of the ocean's influence on people and people's influence on the ocean.,15,January,Ocean literacy definition,Ocean & Marine,The source explicitly defines ocean literacy as understanding the ocean's influence on you and your influence on the ocean.,high,https://oceanservice.noaa.gov/education/literacy.html,Ocean education,Ocean and Climate Literacy,oceanservice.noaa.gov,verified
FACT-2027-01-29-S16,29,2027-01-29,An earthquake occurs when two blocks of Earth suddenly slip past one another.,16,January,Earthquake Definition,Science,The USGS defines an earthquake as the sudden slipping of two blocks of Earth past one another.,high,https://www.usgs.gov/programs/earthquake-hazards/science-earthquakes,Geophysics,The Science of Earthquakes | U.S. Geological Survey,www.usgs.gov,verified
FACT-2027-01-29-S17,29,2027-01-29,Sea-level rise increases coastal flooding even without storms or heavy rainfall.,17,January,Sea-level rise and flooding,Geography,NOAA states that rising sea levels increase coastal flooding in the absence of storms or heavy rain.,high,https://www.noaa.gov/education/resource-collections/ocean-coasts/tides,Coastal flooding,Tides | National Oceanic and Atmospheric Administration,www.noaa.gov,verified
FACT-2027-01-29-S18,29,2027-01-29,"Egyptian beliefs described three essential spiritual aspects of a person: the ka, ba, and akh.",18,January,Egyptian spirit concepts,Ancient Civilizations,The source explicitly names and describes these three spirits.,high,https://www.si.edu/spotlight/ancient-egypt/mummies,Afterlife beliefs,Egyptian Mummies | Smithsonian Institution,www.si.edu,verified
FACT-2027-01-29-S19,29,2027-01-29,"Using Birdseye’s plate method, a two-inch-thick package of meat could be frozen to 0°F in about 90 minutes.",19,January,Freezing Meat in 90 Minutes,Food,"The source gives the package thickness, target temperature, and approximate freezing time.",high,https://www.loc.gov/everyday-mysteries/categories/technology/item/who-invented-frozen-food/,Freezing time,Who invented frozen food?  | Library of Congress,www.loc.gov,verified
FACT-2027-01-29-S20,29,2027-01-29,Triton is the only large moon in the solar system known to orbit its planet opposite to the planet's rotation.,20,January,Triton's Retrograde Orbit,Space,The source describes Triton as the only large solar-system moon with a retrograde orbit.,high,https://science.nasa.gov/neptune/neptune-facts/,Moon dynamics,Neptune: Facts - NASA Science,science.nasa.gov,verified
FACT-2027-01-30-S01,30,2027-01-30,"Copyright for the listed ocean literacy handbook, scope and sequence, and NGSS alignment materials belongs to the National Marine Educators Association.",1,January,Copyright ownership,Technology,The source states that NMEA owns the copyright for those materials.,high,https://oceanservice.noaa.gov/education/literacy.html,Licensing and copyright,Ocean and Climate Literacy,oceanservice.noaa.gov,verified
FACT-2027-01-30-S02,30,2027-01-30,A standing figure of Horus is among the highlights of the museum’s ancient Egyptian artworks.,2,January,Horus figure,Ancient Civilizations,The source identifies a standing figure of Horus as one of the collection highlights.,high,https://asia.si.edu/explore-art-culture/collections/collections-areas/ancient-egyptian-art/,Egyptian Art,https://asia.si.edu/explore-art-culture/collections/collections-areas/ancient-egyptian-art/,asia.si.edu,verified
FACT-2027-01-30-S03,30,2027-01-30,"Glaciers are classified by size, location, and thermal regime.",3,January,Glacier classification,Nature,"The source explicitly identifies size, location, and thermal regime as classification criteria.",high,https://www.usgs.gov/faqs/what-glacier?qt-news_science_products=0,Glaciology,What is a glacier?,www.usgs.gov,verified
FACT-2027-01-30-S04,30,2027-01-30,The map uses the Mercator projection.,4,January,Map projection,Technology,The publication details list the projection as Mercator.,high,https://pubs.usgs.gov/publication/i2800,Cartography,"This dynamic planet: World map of volcanoes, earthquakes, impact craters and plate tectonics",pubs.usgs.gov,verified
FACT-2027-01-30-S05,30,2027-01-30,Earth has 550 historically active volcanoes.,5,January,Historically active volcanoes,Geography,The source refers to Earth's 550 historically active volcanoes.,high,https://pubs.usgs.gov/imap/2800/,Volcanism,Geologic Investigations Map I-2800: This Dynamic Planet,pubs.usgs.gov,verified
FACT-2027-01-30-S06,30,2027-01-30,"In Shang libation rituals, the jue warmed wine and the gu held the offering for the deceased.",6,January,Gu and Jue Functions,Ancient Civilizations,The tombs section explicitly assigns these functions to the jue tripod and gu tall chalice.,high,https://asia.si.edu/whats-on/exhibitions/anyang-chinas-ancient-city-of-kings/,Ritual practices,https://asia.si.edu/whats-on/exhibitions/anyang-chinas-ancient-city-of-kings/,asia.si.edu,verified
FACT-2027-01-30-S07,30,2027-01-30,Mature coral reefs can be thousands of years old.,7,January,Mature reefs can be thousands of years old,History,NOAA explicitly describes mature coral reefs as potentially thousands of years old.,high,https://www.fisheries.noaa.gov/national/habitat-conservation/shallow-coral-reef-habitat,Reef age,Shallow Coral Reef Habitat | NOAA Fisheries,www.fisheries.noaa.gov,verified
FACT-2027-01-30-S08,30,2027-01-30,The source identifies the unconnected nature of natural habitat areas as a potential issue for wildlife.,8,January,Fragmented habitat,Nature,The Florida section emphasizes the distance between protected areas and asks why unconnected natural habitat might cause issues for wildlife.,high,https://education.nationalgeographic.org/resource/animal-migration/,Habitat fragmentation,Animal Migration,education.nationalgeographic.org,verified
FACT-2027-01-30-S09,30,2027-01-30,The epicenter is the location on Earth’s surface directly above an earthquake’s hypocenter.,9,January,Epicenter,Science,The source defines the epicenter as the location directly above the hypocenter on Earth’s surface.,high,https://www.usgs.gov/programs/earthquake-hazards/science-earthquakes,Seismology,The Science of Earthquakes | U.S. Geological Survey,www.usgs.gov,verified
FACT-2027-01-30-S10,30,2027-01-30,Coral ecosystems are a source of new medicines.,10,January,Reef medicines,Science,The source explicitly identifies coral ecosystems as a source of new medicines.,high,https://www.noaa.gov/explainers/coral-reefs-essential-and-threatened,Biomedical resources,Coral reefs: Essential and threatened | National Oceanic and Atmospheric Administration,www.noaa.gov,verified
FACT-2027-01-30-S11,30,2027-01-30,Microglia are derived from the hematopoietic lineage and migrate into the neuroectoderm-derived nervous system.,11,January,Microglial origin,Human Body,The source directly describes the lineage and migration of microglia.,high,https://pmc.ncbi.nlm.nih.gov/articles/PMC10926850/,Neuroimmune development,Genetics of human brain development - PMC,pmc.ncbi.nlm.nih.gov,verified
FACT-2027-01-30-S12,30,2027-01-30,"Tides begin in the ocean and move toward the coast, where they appear as the regular rise and fall of the sea surface.",12,January,Tides rise and fall at coasts,Ocean & Marine,The source explicitly describes the movement and coastal appearance of tides.,high,https://oceanservice.noaa.gov/navigation/tidesandcurrents/,Tides,Tides and Currents,oceanservice.noaa.gov,verified
FACT-2027-01-30-S13,30,2027-01-30,"Neptune's outermost Adams ring contains four prominent arcs named Liberté, Egalité, Fraternité, and Courage.",13,January,Neptune's Ring Arcs,Space,The rings section identifies the four prominent arcs in the Adams ring and gives their names.,high,https://science.nasa.gov/neptune/neptune-facts/,Planetary rings,Neptune: Facts - NASA Science,science.nasa.gov,verified
FACT-2027-01-30-S14,30,2027-01-30,"The U.S. volcano threat map uses very high, high, moderate, low, and very low threat categories.",14,January,Volcanic Alert Map Categories,Geography,"The map caption lists the five threat categories and associates them with red, orange, yellow, green, and blue.",high,https://www.usgs.gov/news/featured-story/volcanoes-and-usgs-volcano-science-just-facts,Volcano mapping,Volcanoes and USGS Volcano Science: Just the Facts | U.S. Geological Survey,www.usgs.gov,verified
FACT-2027-01-30-S15,30,2027-01-30,The paper map measures 58 by 45 inches.,15,January,Map dimensions,Everyday Life,The webpage states that the map measures 58 by 45 inches.,high,https://pubs.usgs.gov/imap/2800/,Printed materials,Geologic Investigations Map I-2800: This Dynamic Planet,pubs.usgs.gov,verified
FACT-2027-01-30-S16,30,2027-01-30,"The source says Indigenous peoples abandoned the area around Mount St. Helens after the eruption approximately 3,600 years ago.",16,January,Indigenous Abandonment,History,The source states that Indigenous peoples abandoned the area when the larger eruption devastated food supplies and dwellings.,high,https://www.usgs.gov/news/featured-story/volcanoes-and-usgs-volcano-science-just-facts,Human impacts of eruptions,Volcanoes and USGS Volcano Science: Just the Facts | U.S. Geological Survey,www.usgs.gov,verified
FACT-2027-01-30-S17,30,2027-01-30,The Galápagos Islands are part of Ecuador in South America.,17,January,Galápagos Political Affiliation,Country Facts,"The source states that the islands are part of the country of Ecuador, in South America.",high,https://education.nationalgeographic.org/resource/galapagos-islands/,Ecuador,Galápagos Islands,education.nationalgeographic.org,verified
FACT-2027-01-30-S18,30,2027-01-30,"Europa Clipper launched on October 14, 2024.",18,January,Europa Clipper launch,Space,"The source gives Europa Clipper’s launch date as October 14, 2024.",high,https://science.nasa.gov/solar-system/,Space missions,Solar System Exploration,science.nasa.gov,verified
FACT-2027-01-30-S19,30,2027-01-30,Alterations in the SOD1 gene are one cause of amyotrophic lateral sclerosis.,19,January,SOD1 and ALS,Human Body,NINDS identifies SOD1 alterations as one cause of ALS.,high,https://www.ninds.nih.gov/health-information/patient-caregiver-education/brain-basics-genes-work-brain,Neurological disorders,Brain Basics: Genes At Work In The Brain | National Institute of Neurological Disorders and Stroke,www.ninds.nih.gov,verified
FACT-2027-01-30-S20,30,2027-01-30,The majority of radiation from the Sun is absorbed by the ocean.,20,January,Ocean solar absorption,Ocean & Marine,The source explicitly says the majority of solar radiation is absorbed by the ocean.,high,https://oceanexplorer.noaa.gov/ocean-fact/climate/,Solar energy,How does the ocean affect climate and weather on land? - NOAA Ocean Exploration,oceanexplorer.noaa.gov,verified
FACT-2027-01-31-S01,31,2027-01-31,"Chronic sleep deprivation or poor-quality sleep increases the risk of high blood pressure, cardiovascular disease, diabetes, depression, and obesity.",1,January,Chronic poor sleep increases health risks,Human Body,NINDS lists these conditions as health problems associated with chronic lack or poor quality of sleep.,high,https://www.ninds.nih.gov/health-information/public-education/brain-basics/brain-basics-understanding-sleep,Health effects,Brain Basics: Understanding Sleep | National Institute of Neurological Disorders and Stroke,www.ninds.nih.gov,verified
FACT-2027-01-31-S02,31,2027-01-31,The map is designed to show prominent features from a distance and more detailed features upon closer inspection.,2,January,Map perspective,Technology,The abstract explicitly describes the map's intended viewing scale and detail.,high,https://pubs.usgs.gov/publication/i2800,Cartography,"This dynamic planet: World map of volcanoes, earthquakes, impact craters and plate tectonics",pubs.usgs.gov,verified
FACT-2027-01-31-S03,31,2027-01-31,"Sir William Thomson, also known as Lord Kelvin, introduced the harmonic method for tide prediction in 1867.",3,January,Lord Kelvin’s harmonic method,History,The source dates Kelvin’s introduction of the harmonic method to 1867.,high,https://www.noaa.gov/education/resource-collections/ocean-coasts/tides,Scientific history,Tides | National Oceanic and Atmospheric Administration,www.noaa.gov,verified
FACT-2027-01-31-S04,31,2027-01-31,The San Andreas Fault cannot generate a large tsunami because its motion is mostly horizontal and does not produce large vertical movements of the ocean floor.,4,January,San Andreas and tsunamis,Ocean & Marine,The source contrasts the San Andreas with subduction-zone faults that vertically uplift the seafloor.,high,https://www.usgs.gov/programs/earthquake-hazards/earthquake-facts-earthquake-fantasy,Tsunamis,Earthquake Facts & Earthquake Fantasy | U.S. Geological Survey,www.usgs.gov,verified
FACT-2027-01-31-S05,31,2027-01-31,The collection includes a pair of stone falcons.,5,January,Stone falcons,Ancient Civilizations,The source states that the museums hold a pair of stone falcons.,high,https://asia.si.edu/explore-art-culture/collections/collections-areas/ancient-egyptian-art/,Egyptian Sculpture,https://asia.si.edu/explore-art-culture/collections/collections-areas/ancient-egyptian-art/,asia.si.edu,verified
FACT-2027-01-31-S06,31,2027-01-31,Most glacier ice forms through the metamorphism of tens of thousands of individual snowflakes into glacier-ice crystals.,6,January,Glacier ice formation,Science,The source describes glacier ice formation from tens of thousands of snowflakes.,high,https://www.usgs.gov/faqs/what-glacier?qt-news_science_products=0,Glaciology,What is a glacier?,www.usgs.gov,verified
FACT-2027-01-31-S07,31,2027-01-31,A climate-literate person knows how to gather information about climate and weather.,7,January,Climate information gathering,Science,The source explicitly identifies gathering climate and weather information as part of climate literacy.,high,https://oceanservice.noaa.gov/education/literacy.html,Climate education,Ocean and Climate Literacy,oceanservice.noaa.gov,verified
FACT-2027-01-31-S08,31,2027-01-31,"The African Art Museum is located at 950 Independence Avenue SW in Washington, DC.",8,January,Museum address,Geography,"The source lists the museum location as 950 Independence Ave., SW, Washington, DC.",high,https://www.si.edu/exhibitions/ancient-nubia-egypts-rival-africa-event-exhib-1221,Locations,,www.si.edu,verified
FACT-2027-01-31-S09,31,2027-01-31,"Recorded water-level data can be mathematically analyzed into harmonic constituents used to predict future tides from the positions of Earth, the Moon, and the Sun.",9,January,Harmonic constituents,Technology,NOAA describes harmonic analysis and astronomical positions as the basis of prediction.,high,https://www.noaa.gov/education/resource-collections/ocean-coasts/tides,Tide modeling,Tides | National Oceanic and Atmospheric Administration,www.noaa.gov,verified
FACT-2027-01-31-S10,31,2027-01-31,The ka was understood as a person's double that remained in the tomb and needed its offerings and objects.,10,January,Role of the ka,Ancient Civilizations,The source defines the ka in these terms.,high,https://www.si.edu/spotlight/ancient-egypt/mummies,Afterlife beliefs,Egyptian Mummies | Smithsonian Institution,www.si.edu,verified
FACT-2027-01-31-S11,31,2027-01-31,The lateral blast from the 1980 Mount St. Helens eruption traveled at more than 300 miles per hour.,11,January,Mount St. Helens Blast Speed,Nature,The source states that the lateral blast traveled at more than 300 miles an hour.,high,https://www.usgs.gov/news/featured-story/volcanoes-and-usgs-volcano-science-just-facts,Volcanic blasts,Volcanoes and USGS Volcano Science: Just the Facts | U.S. Geological Survey,www.usgs.gov,verified
FACT-2027-01-31-S12,31,2027-01-31,"Yellowstone recorded 4,744,353 visits in 2024.",12,January,2024 Visitation,Country Facts,"The visitation section ranks 2024 with 4,744,353 visits.",high,https://www.nps.gov/yell/planyourvisit/parkfacts.htm,Tourism,Park Facts - Yellowstone National Park (U.S. National Park Service),www.nps.gov,verified
FACT-2027-01-31-S13,31,2027-01-31,The geoinquiry lessons are intended to promote geographic thinking through maps and spatial patterns.,13,January,Purpose of Geoinquiry Lessons,Geography,The source says the lessons promote geographic thinking by using maps and spatial patterns.,high,https://education.nationalgeographic.org/resource/where-are-the-worlds-biomes/,Geographic Education,Where Are the World's Biomes and Why Are They There,education.nationalgeographic.org,verified
FACT-2027-01-31-S14,31,2027-01-31,"William Lassell discovered Neptune's largest moon, Triton, on October 10, 1846.",14,January,Triton's Discovery,Space,"NASA identifies Lassell, the date, and Triton as Neptune's largest moon.",high,https://science.nasa.gov/neptune/neptune-facts/,Natural-satellite discovery,Neptune: Facts - NASA Science,science.nasa.gov,verified
FACT-2027-01-31-S15,31,2027-01-31,"Yellowstone has 16 fish species, including five nonnative species.",15,January,Fish Species,Animals,The wildlife section gives the total fish species and nonnative count.,high,https://www.nps.gov/yell/planyourvisit/parkfacts.htm,Fish,Park Facts - Yellowstone National Park (U.S. National Park Service),www.nps.gov,verified
FACT-2027-01-31-S16,31,2027-01-31,"Upwelling supports phytoplankton and seaweed, which provide the energy base for higher consumers including fish, marine mammals, and humans.",16,January,Upwelling food webs,Nature,NOAA describes this upwelling-to-producer-to-consumer relationship.,high,https://www.noaa.gov/education/resource-collections/ocean-coasts/ocean-currents,Marine food webs,Ocean currents | National Oceanic and Atmospheric Administration,www.noaa.gov,verified
FACT-2027-01-31-S17,31,2027-01-31,Older chapters of Earth's history are increasingly difficult to read.,17,January,Geologic record difficulty,History,"The source attributes this increasing difficulty to continuing plate movements, erosion, and redeposition.",high,https://pubs.usgs.gov/publication/i2800,Geologic history,"This dynamic planet: World map of volcanoes, earthquakes, impact craters and plate tectonics",pubs.usgs.gov,verified
FACT-2027-01-31-S18,31,2027-01-31,Postmortem analysis identified 223 genes significantly associated with caudal middle frontal cortical thickness.,18,January,Postmortem expression findings,Human Body,The ROS/MAP analysis of 66 participants found 223 genes at FDR<0.05.,high,https://pmc.ncbi.nlm.nih.gov/articles/PMC11189393/,Gene expression,Genetic influences on brain and cognitive health and their interactions with cardiovascular conditions and depression,pmc.ncbi.nlm.nih.gov,verified
FACT-2027-01-31-S19,31,2027-01-31,The solar system has five officially named dwarf planets.,19,January,Number of dwarf planets,Space,The Solar System Facts section lists five officially named dwarf planets.,high,https://science.nasa.gov/solar-system/,Dwarf planets,Solar System Exploration,science.nasa.gov,verified
FACT-2027-01-31-S20,31,2027-01-31,"The ocean influences weather and climate by storing solar radiation, distributing heat and moisture globally, and driving weather systems.",20,January,Ocean's climate role,Ocean & Marine,The source states that the ocean performs these three functions.,high,https://oceanexplorer.noaa.gov/ocean-fact/climate/,Ocean-climate interactions,How does the ocean affect climate and weather on land? - NOAA Ocean Exploration,oceanexplorer.noaa.gov,verified