ID,Day,Date,Fact,Slot,Month,Title,Category,Evidence,Confidence,Source URL,Subcategory,Source title,Source domain,Verification status
FACT-2027-07-01-S01,1,2027-07-01,The giant panda belongs to the class Mammalia.,1,July,Mammal classification,Animals,Class: Mammalia,high,https://nationalzoo.si.edu/animals/giant-panda,Taxonomy,Smithsonian Giant Panda,nationalzoo.si.edu,verified
FACT-2027-07-01-S02,1,2027-07-01,"Alligator snapping turtles hunt by using their thin, worm-like tongues to lure prey.",2,July,Alligator snapping turtles use their tongues as lures,Animals,"The alligator snapping turtle hunts by using its thin, worm-like tongue as a lure to bait prey.",high,https://nationalzoo.si.edu/animals/news/7-spooktacular-animal-facts-halloween,Feeding behavior,Smithsonian Animal Facts,nationalzoo.si.edu,verified
FACT-2027-07-01-S03,1,2027-07-01,A landform is a feature on Earth's surface that is part of the terrain.,3,July,Definition of a landform,Geography,The page states that a landform is a feature on Earth's surface that is part of the terrain.,high,https://education.nationalgeographic.org/resource/landform/,Landforms,National Geographic Landform,education.nationalgeographic.org,verified
FACT-2027-07-01-S04,1,2027-07-01,"A tectonic plate is a massive slab of solid rock made up of Earth's lithosphere, including the crust and upper mantle.",4,July,Tectonic plate definition,Geography,The glossary defines a tectonic plate as a massive slab of solid rock made up of Earth's lithosphere (crust and upper mantle).,high,https://education.nationalgeographic.org/resource/landform/,Earth Structure,National Geographic Landform,education.nationalgeographic.org,verified
FACT-2027-07-01-S05,1,2027-07-01,Melanin absorbs ultraviolet light and protects skin from sun damage.,5,July,Melanin protects against ultraviolet light,Human Body,The page states that melanin absorbs ultraviolet light and protects against sun damage.,high,https://ncbi.nlm.nih.gov/books/NBK20361/,Skin,NIH Musculoskeletal and Skin Systems,ncbi.nlm.nih.gov,verified
FACT-2027-07-01-S06,1,2027-07-01,"At age 12, Ralph Teetor designed and built a 3 hp motor car capable of reaching a speed of up to 12 mph.",6,July,Cruise Control,Inventions,"Ralph Teetor fact sheet, item 5",high,https://www.invent.org/sites/default/files/2024-02/2024-Inductee-Listicle-Fact-Sheets.pdf,Automotive Technology,National Inventors Hall of Fame Fact Sheets,www.invent.org,verified
FACT-2027-07-01-S07,1,2027-07-01,Human beings commonly acquire spoken or signed language without systematic instruction.,7,July,Language is commonly acquired without systematic instruction,Language,“that is commonly acquired by human beings without systematic instruction”,high,https://www.britannica.com/topic/writing/History-of-writing-systems,Language acquisition,Britannica Writing Systems,www.britannica.com,verified
FACT-2027-07-01-S08,1,2027-07-01,Monetarism gained prominence in the 1970s.,8,July,Rise of monetarism,Money & Economics,“Monetarism gained prominence in the 1970s.”,high,https://www.imf.org/external/pubs/ft/fandd/basics/pdf/jahan_money.pdf,History of Economic Thought,IMF Monetarism,www.imf.org,verified
FACT-2027-07-01-S09,1,2027-07-01,Storm systems fueled by warm ocean waters provide fresh water vital to all living things.,9,July,Storm systems provide fresh water,Nature,Warm ocean waters provide the energy to fuel storm systems that provide fresh water vital to all living things.,high,https://oceanservice.noaa.gov/facts/ocean_weather.html,Precipitation,NOAA Ocean Weather,oceanservice.noaa.gov,verified
FACT-2027-07-01-S10,1,2027-07-01,Subduction is the process of oceanic lithosphere descending beneath continental lithosphere.,10,July,Subduction,Science,Subduction is the process of the oceanic lithosphere colliding with and descending beneath the continental lithosphere.,high,https://www.usgs.gov/programs/earthquake-hazards/cool-earthquake-facts,Plate Tectonics,USGS Cool Earthquake Facts,www.usgs.gov,verified
FACT-2027-07-01-S11,1,2027-07-01,The solar system formed about 4.6 billion years ago.,11,July,Solar system formation time,Space,Our solar system formed about 4.6 billion years ago,high,https://science.nasa.gov/solar-system/solar-system-facts/,Formation,NASA Solar System Facts,science.nasa.gov,verified
FACT-2027-07-01-S12,1,2027-07-01,The Complex Number Calculator was operated remotely from Dartmouth using a Teletype terminal connected to New York by telephone lines.,12,July,The Complex Number Calculator demonstrated remote access computing,Technology,The page calls this likely the first example of remote access computing.,high,https://www.computerhistory.org/timeline/computers/,Early Computing,Computer History Timeline,www.computerhistory.org,verified
FACT-2027-07-01-S13,1,2027-07-01,"Apple's iPhone combined a web browser, music player, and cell phone and supported downloadable applications.",13,July,"The iPhone combined phone, browser, and music-player functions",Technology,"The page also lists its touchscreen, GPS, camera, texting, calendar, voice dictation, and weather features.",high,https://www.computerhistory.org/timeline/computers/,Mobile Computing,Computer History Timeline,www.computerhistory.org,verified
FACT-2027-07-01-S14,1,2027-07-01,The blue whale (Balaenoptera musculus) is the largest animal.,14,July,Largest animal,World Records & Extremes,"The record identifies the blue whale as the largest animal, with a recorded weight of 190 tonnes.",high,https://www.guinnessworldrecords.com/world-records/115537-largest-animal,Overall size,Guinness Largest Animal,www.guinnessworldrecords.com,verified
FACT-2027-07-01-S15,1,2027-07-01,A blue whale can excrete about 200 litres of waste in one event.,15,July,Largest recorded animal defecation volume,World Records & Extremes,The page states that a blue whale can excrete approximately 200 litres of crumb-like faeces in one go.,high,https://www.guinnessworldrecords.com/world-records/115537-largest-animal,Animal waste,Guinness Largest Animal,www.guinnessworldrecords.com,verified
FACT-2027-07-02-S01,2,2027-07-02,The giant panda belongs to the order Carnivora.,1,July,Carnivore classification,Animals,Order: Carnivora,high,https://nationalzoo.si.edu/animals/giant-panda,Taxonomy,Smithsonian Giant Panda,nationalzoo.si.edu,verified
FACT-2027-07-02-S02,2,2027-07-02,"When fish and amphibians approach the tongue, an alligator snapping turtle swiftly closes its jaws on them.",2,July,Alligator snapping turtles snap at approaching prey,Animals,"When unsuspecting fish and amphibians swim towards the tongue expecting an easy meal, the turtle's jaws swiftly snap shut on its prey.",high,https://nationalzoo.si.edu/animals/news/7-spooktacular-animal-facts-halloween,Feeding behavior,Smithsonian Animal Facts,nationalzoo.si.edu,verified
FACT-2027-07-02-S03,2,2027-07-02,"The four major types of landforms are mountains, hills, plateaus, and plains.",3,July,Major types of landforms,Geography,"The page identifies mountains, hills, plateaus, and plains as the four major types of landforms.",high,https://education.nationalgeographic.org/resource/landform/,Landforms,National Geographic Landform,education.nationalgeographic.org,verified
FACT-2027-07-02-S04,2,2027-07-02,Earth is conventionally divided into seven continents.,4,July,Seven continents,Geography,"Britannica lists Asia, Africa, North America, South America, Antarctica, Europe and Australia.",high,https://www.britannica.com/science/continent,Continents,Continent,britannica.com,verified
FACT-2027-07-02-S05,2,2027-07-02,Tanning results from increased melanin production in response to ultraviolet-light exposure.,5,July,Tanning increases melanin production,Human Body,The page directly defines tanning as increased melanin production following ultraviolet exposure.,high,https://ncbi.nlm.nih.gov/books/NBK20361/,Skin,NIH Musculoskeletal and Skin Systems,ncbi.nlm.nih.gov,verified
FACT-2027-07-02-S06,2,2027-07-02,Ralph Teetor was granted over 40 U.S. patents from 1923 to 1963.,6,July,Cruise Control,Inventions,"Ralph Teetor fact sheet, item 10",high,https://www.invent.org/sites/default/files/2024-02/2024-Inductee-Listicle-Fact-Sheets.pdf,Automotive Technology,National Inventors Hall of Fame Fact Sheets,www.invent.org,verified
FACT-2027-07-02-S07,2,2027-07-02,Writing is a technology of relatively recent history.,7,July,Writing is a relatively recent technology,Language,“writing is a technology of relatively recent history”,high,https://www.britannica.com/topic/writing/History-of-writing-systems,Writing systems,Britannica Writing Systems,www.britannica.com,verified
FACT-2027-07-02-S08,2,2027-07-02,Monetarism is mainly associated with Nobel Prize–winning economist Milton Friedman.,8,July,Milton Friedman and monetarism,Money & Economics,"“Today, monetarism is mainly associated with Nobel Prize–winning economist Milton Friedman.”",high,https://www.imf.org/external/pubs/ft/fandd/basics/pdf/jahan_money.pdf,History of Economic Thought,IMF Monetarism,www.imf.org,verified
FACT-2027-07-02-S09,2,2027-07-02,Understanding and predicting precipitation is critical to farmers when deciding which crops to plant.,9,July,Precipitation prediction supports farming,Nature,"Understanding and predicting precipitation is critical to farmers who decide which crops to plant, and how deep, based in part on soil moisture levels.",high,https://oceanservice.noaa.gov/facts/ocean_weather.html,Weather Prediction,NOAA Ocean Weather,oceanservice.noaa.gov,verified
FACT-2027-07-02-S10,2,2027-07-02,"The largest recorded earthquake in the United States was magnitude 9.2 in Prince William Sound, Alaska, on March 28, 1964.",10,July,Largest U.S. earthquake,Science,"The largest recorded earthquake in the United States was a magnitude 9.2 that struck Prince William Sound, Alaska on Good Friday, March 28, 1964 UTC.",high,https://www.usgs.gov/programs/earthquake-hazards/cool-earthquake-facts,Earthquake Records,USGS Cool Earthquake Facts,www.usgs.gov,verified
FACT-2027-07-02-S11,2,2027-07-02,Most earthquake waves have frequencies below 20 Hz and are usually not heard directly by humans.,11,July,Earthquake wave audibility,Science,"Most earthquake waves have a frequency of less than 20 Hz, so the waves themselves are usually not heard.",high,https://www.usgs.gov/programs/earthquake-hazards/cool-earthquake-facts,Seismology,USGS Cool Earthquake Facts,www.usgs.gov,verified
FACT-2027-07-02-S12,2,2027-07-02,The solar system formed from a dense cloud of interstellar gas and dust.,12,July,Solar system formation material,Space,from a dense cloud of interstellar gas and dust.,high,https://science.nasa.gov/solar-system/solar-system-facts/,Formation,NASA Solar System Facts,science.nasa.gov,verified
FACT-2027-07-02-S13,2,2027-07-02,"Konrad Zuse's Z3 used 2,300 relays, performed floating-point binary arithmetic, and had a 22-bit word length.",13,July,The Z3 used relay-based floating-point binary arithmetic,Technology,The page directly lists these features of the Z3.,high,https://www.computerhistory.org/timeline/computers/,Early Computing,Computer History Timeline,www.computerhistory.org,verified
FACT-2027-07-02-S14,2,2027-07-02,The heaviest recorded animal was a female blue whale weighing 190 tonnes.,14,July,Heaviest animal ever recorded,World Records & Extremes,"A female blue whale weighing 190 tonnes (418,878 lb) was caught in the Southern Ocean on 20 March 1947.",high,https://www.guinnessworldrecords.com/world-records/115537-largest-animal,Overall size,Guinness Largest Animal,www.guinnessworldrecords.com,verified
FACT-2027-07-02-S15,2,2027-07-02,"Everest is 8,848.86 m above sea level.",15,July,Highest mountain,World Records & Extremes,"Guinness lists Everest at 8,848.86 m.",high,https://www.guinnessworldrecords.com/world-records/highest-mountain,geography,Highest mountain,guinnessworldrecords.com,verified
FACT-2027-07-03-S01,3,2027-07-03,More than seven million Maya live in their original Mesoamerican homelands and in countries around the world.,1,July,Maya population today,Ancient Civilizations,The page states that today more than seven million Maya live in their original homelands of Mesoamerica and in countries all over the world.,high,https://maya.nmai.si.edu/maya,Maya Civilization,Smithsonian Maya,maya.nmai.si.edu,verified
FACT-2027-07-03-S02,3,2027-07-03,The giant panda belongs to the family Ursidae.,2,July,Bear family,Animals,Family: Ursidae,high,https://nationalzoo.si.edu/animals/giant-panda,Taxonomy,Smithsonian Giant Panda,nationalzoo.si.edu,verified
FACT-2027-07-03-S03,3,2027-07-03,California sea lion teeth gradually turn black as the animals age.,3,July,California sea lion teeth turn black with age,Animals,"As California sea lions age, their teeth gradually turn black.",high,https://nationalzoo.si.edu/animals/news/7-spooktacular-animal-facts-halloween,Dentition,Smithsonian Animal Facts,nationalzoo.si.edu,verified
FACT-2027-07-03-S04,3,2027-07-03,"Buttes, canyons, valleys, and basins are minor landforms.",4,July,Minor landforms,Geography,"The page lists buttes, canyons, valleys, and basins as minor landforms.",high,https://education.nationalgeographic.org/resource/landform/,Landforms,National Geographic Landform,education.nationalgeographic.org,verified
FACT-2027-07-03-S05,3,2027-07-03,Asia is the world’s largest continent.,5,July,Asia’s size,Geography,Britannica describes Asia as the world’s largest continent.,high,https://www.britannica.com/place/Asia,Continents,Asia,britannica.com,verified
FACT-2027-07-03-S06,3,2027-07-03,Bones provide structural support for the body and help determine its shape.,6,July,Bones provide structural support,Human Body,The page states that bones provide structural support and help determine body shape.,high,https://ncbi.nlm.nih.gov/books/NBK20361/,Musculoskeletal system,NIH Musculoskeletal and Skin Systems,ncbi.nlm.nih.gov,verified
FACT-2027-07-03-S07,3,2027-07-03,Tattoos and body piercings break the skin and therefore carry a risk of infection.,7,July,Body modifications can cause infection,Human Body,The page states that body modifications involve breaking the skin and consequently carry infection risk.,high,https://ncbi.nlm.nih.gov/books/NBK20361/,Skin,NIH Musculoskeletal and Skin Systems,ncbi.nlm.nih.gov,verified
FACT-2027-07-03-S08,3,2027-07-03,Writing must be taught to each generation of children.,8,July,Writing must be taught to each generation,Language,“that must be taught to each generation of children”,high,https://www.britannica.com/topic/writing/History-of-writing-systems,Writing education,Britannica Writing Systems,www.britannica.com,verified
FACT-2027-07-03-S09,3,2027-07-03,Milton Friedman and Anna Schwartz argued that poor monetary policy by the Federal Reserve was the primary cause of the Great Depression in the United States.,9,July,Friedman and Schwartz on the Great Depression,Money & Economics,"“Friedman argued that poor monetary policy by the US central bank, the Federal Reserve, was the primary cause of the Great Depression in the United States in the 1930s.”",high,https://www.imf.org/external/pubs/ft/fandd/basics/pdf/jahan_money.pdf,Great Depression,IMF Monetarism,www.imf.org,verified
FACT-2027-07-03-S10,3,2027-07-03,Farmers decide how deeply to plant crops based in part on soil moisture levels.,10,July,Soil moisture affects crop planting depth,Nature,"Understanding and predicting precipitation is critical to farmers who decide which crops to plant, and how deep, based in part on soil moisture levels.",high,https://oceanservice.noaa.gov/facts/ocean_weather.html,Agriculture,NOAA Ocean Weather,oceanservice.noaa.gov,verified
FACT-2027-07-03-S11,3,2027-07-03,"The largest recorded earthquake in the world was magnitude 9.5 in Chile on May 22, 1960.",11,July,Largest world earthquake,Science,"The largest recorded earthquake in the world was a magnitude 9.5 (Mw) in Chile on May 22, 1960.",high,https://www.usgs.gov/programs/earthquake-hazards/cool-earthquake-facts,Earthquake Records,USGS Cool Earthquake Facts,www.usgs.gov,verified
FACT-2027-07-03-S12,3,2027-07-03,"The collapsing cloud formed a solar nebula, a spinning, swirling disk of material.",12,July,Solar nebula,Space,"When this dust cloud collapsed, it formed a solar nebula – a spinning, swirling disk of material.",high,https://science.nasa.gov/solar-system/solar-system-facts/,Formation,NASA Solar System Facts,science.nasa.gov,verified
FACT-2027-07-03-S13,3,2027-07-03,The British Bombe was an electromechanical machine used to decrypt Nazi Enigma-based military communications.,13,July,The British Bombe decrypted Enigma communications,Technology,"The page states that bombes determined daily rotor start positions, enabling the Allies to decrypt German messages.",high,https://www.computerhistory.org/timeline/computers/,Cryptography,Computer History Timeline,www.computerhistory.org,verified
FACT-2027-07-03-S14,3,2027-07-03,The longest documented blue whale measured 33.57 m.,14,July,Longest blue whale,World Records & Extremes,A female blue whale landed at Grytviken in 1909 was documented as measuring 33.57 m (110 ft 1.6 in).,high,https://www.guinnessworldrecords.com/world-records/115537-largest-animal,Overall size,Guinness Largest Animal,www.guinnessworldrecords.com,verified
FACT-2027-07-03-S15,3,2027-07-03,"Mauna Kea is about 10,205 m from submarine base to summit.",15,July,Tallest mountain,World Records & Extremes,"Guinness gives Mauna Kea approximately 10,205 m base-to-peak.",high,https://www.guinnessworldrecords.com/world-records/tallest-mountain,geography,Tallest mountain,guinnessworldrecords.com,verified
FACT-2027-07-04-S01,4,2027-07-04,The ancient Maya developed one of the most advanced civilizations in the Americas approximately two thousand years ago.,1,July,Ancient Maya civilization,Ancient Civilizations,"The page says that two thousand years ago, the ancient Maya developed one of the most advanced civilizations in the Americas.",high,https://maya.nmai.si.edu/maya,Maya Civilization,Smithsonian Maya,maya.nmai.si.edu,verified
FACT-2027-07-04-S02,4,2027-07-04,"As few as 1,864 giant pandas live in their native habitat.",2,July,Native population,Animals,"As few as 1,864 giant pandas live in their native habitat",high,https://nationalzoo.si.edu/animals/giant-panda,Conservation,Smithsonian Giant Panda,nationalzoo.si.edu,verified
FACT-2027-07-04-S03,4,2027-07-04,The black color of aging California sea lion teeth is caused by a healthy coating of bacteria rather than cavities or rot.,3,July,Bacteria cause the dark color of sea lion teeth,Animals,It’s caused by a healthy coating of bacteria that protects their teeth.,high,https://nationalzoo.si.edu/animals/news/7-spooktacular-animal-facts-halloween,Dentition,Smithsonian Animal Facts,nationalzoo.si.edu,verified
FACT-2027-07-04-S04,4,2027-07-04,Tectonic plate movement under Earth can create landforms by pushing up mountains and hills.,4,July,Tectonic plate movement,Geography,The page states that tectonic plate movement can create landforms by pushing up mountains and hills.,high,https://education.nationalgeographic.org/resource/landform/,Landform Formation,National Geographic Landform,education.nationalgeographic.org,verified
FACT-2027-07-04-S05,4,2027-07-04,"Europe and Asia are sometimes treated as one continent, Eurasia.",5,July,Eurasia,Geography,Britannica notes that Europe and Asia are sometimes considered Eurasia.,high,https://www.britannica.com/science/continent,Continents,Continent,britannica.com,verified
FACT-2027-07-04-S06,4,2027-07-04,"Bones protect internal organs, including the brain, heart, and lungs.",6,July,Bones protect internal organs,Human Body,The page gives the skull as protection for the brain and the ribs as protection for the heart and lungs.,high,https://ncbi.nlm.nih.gov/books/NBK20361/,Musculoskeletal system,NIH Musculoskeletal and Skin Systems,ncbi.nlm.nih.gov,verified
FACT-2027-07-04-S07,4,2027-07-04,The FDA approved Yervoy (ipilimumab) in 2011 for treatment of patients with advanced melanoma.,7,July,Immune Checkpoint Blockade Therapy,Inventions,"James Allison fact sheet, item 8",high,https://www.invent.org/sites/default/files/2024-02/2024-Inductee-Listicle-Fact-Sheets.pdf,Cancer Treatment,National Inventors Hall of Fame Fact Sheets,www.invent.org,verified
FACT-2027-07-04-S08,4,2027-07-04,Historical accounts of the evolution of writing systems had until recently concentrated on increased efficiency.,8,July,Historical accounts emphasized efficiency,Language,"“Historical accounts of the evolution of writing systems have until recently concentrated on a single aspect, increased efficiency”",high,https://www.britannica.com/topic/writing/History-of-writing-systems,Writing systems,Britannica Writing Systems,www.britannica.com,verified
FACT-2027-07-04-S09,4,2027-07-04,The quantity theory of money states that the money supply multiplied by velocity equals nominal expenditures in the economy.,9,July,Quantity theory identity,Money & Economics,“It says that the money supply multiplied by velocity ... equals nominal expenditures in the economy.”,high,https://www.imf.org/external/pubs/ft/fandd/basics/pdf/jahan_money.pdf,Quantity Theory of Money,IMF Monetarism,www.imf.org,verified
FACT-2027-07-04-S10,4,2027-07-04,Weather that is too wet or too dry can adversely affect crops.,10,July,Excessive wetness or dryness can affect crops,Nature,Crop and food prices may increase when weather that is too wet or too dry adversely affects crops.,high,https://oceanservice.noaa.gov/facts/ocean_weather.html,Agriculture,NOAA Ocean Weather,oceanservice.noaa.gov,verified
FACT-2027-07-04-S11,4,2027-07-04,The P wave is the fastest seismic wave and arrives first at a given location.,11,July,Fastest seismic wave,Science,"The fastest wave, and therefore the first to arrive at a given location, is called the P wave.",high,https://www.usgs.gov/programs/earthquake-hazards/cool-earthquake-facts,Seismology,USGS Cool Earthquake Facts,www.usgs.gov,verified
FACT-2027-07-04-S12,4,2027-07-04,"The solar system includes the Sun, eight planets, five officially named dwarf planets, hundreds of moons, and thousands of asteroids and comets.",12,July,Solar system contents,Space,"Our solar system includes the Sun, eight planets, five officially named dwarf planets, hundreds of moons, and thousands of asteroids and comets.",high,https://science.nasa.gov/solar-system/solar-system-facts/,Overview,NASA Solar System Facts,science.nasa.gov,verified
FACT-2027-07-04-S13,4,2027-07-04,John von Neumann's report outlined a stored-program computer architecture that electronically stored programming information and data.,13,July,The stored-program architecture stored programs and data electronically,Technology,"The page says this eliminated the need for programming methods such as plugboards, punched cards, and paper.",high,https://www.computerhistory.org/timeline/computers/,Computer Architecture,Computer History Timeline,www.computerhistory.org,verified
FACT-2027-07-04-S14,4,2027-07-04,"The bootlace worm is the longest animal on Earth, reaching up to 55 m.",14,July,Longest animal,World Records & Extremes,The page states that the bootlace worm (Lineus longissimus) can reach up to 55 m (180 ft) long.,high,https://www.guinnessworldrecords.com/world-records/115537-largest-animal,Animal length,Guinness Largest Animal,www.guinnessworldrecords.com,verified
FACT-2027-07-04-S15,4,2027-07-04,Kerepakupai Merú has a total drop of 979 m.,15,July,Tallest waterfall,World Records & Extremes,Guinness states total drop is 979 m.,high,https://www.guinnessworldrecords.com/world-records/highest-waterfall,waterfalls,Tallest waterfall,guinnessworldrecords.com,verified
FACT-2027-07-05-S01,5,2027-07-05,The Maya developed a written language using hieroglyphs.,1,July,Maya hieroglyphic language,Ancient Civilizations,The page states that the Maya developed a written language of hieroglyphs.,high,https://maya.nmai.si.edu/maya,Writing,Smithsonian Maya,maya.nmai.si.edu,verified
FACT-2027-07-05-S02,5,2027-07-05,Another 600 pandas live in zoos and breeding centers around the world.,2,July,Captive population,Animals,another 600 pandas live in zoos and breeding centers around the world,high,https://nationalzoo.si.edu/animals/giant-panda,Conservation,Smithsonian Giant Panda,nationalzoo.si.edu,verified
FACT-2027-07-05-S03,5,2027-07-05,Brown-headed cowbirds sneak into other birds’ nests and lay their own eggs.,3,July,Brown-headed cowbirds are brood parasites,Animals,"Some bird species, like the brown-headed cowbird, are brood parasites, sneaking into other birds’ nests and laying their own eggs.",high,https://nationalzoo.si.edu/animals/news/7-spooktacular-animal-facts-halloween,Reproduction,Smithsonian Animal Facts,nationalzoo.si.edu,verified
FACT-2027-07-05-S04,5,2027-07-05,Erosion by water and wind can wear down land and create valleys and canyons.,4,July,Erosion and landform creation,Geography,The page says erosion by water and wind can wear down land and create landforms such as valleys and canyons.,high,https://education.nationalgeographic.org/resource/landform/,Landform Formation,National Geographic Landform,education.nationalgeographic.org,verified
FACT-2027-07-05-S05,5,2027-07-05,Continents move because lithospheric plates move.,5,July,Moving continents,Geography,Britannica connects continental movement with plate tectonics.,high,https://www.britannica.com/science/continent,Plate tectonics,Continent,britannica.com,verified
FACT-2027-07-05-S06,5,2027-07-05,Bone marrow produces red blood cells and white blood cells of the immune system.,6,July,Bone marrow produces blood cells,Human Body,The page states that bone marrow produces red and white blood cells.,high,https://ncbi.nlm.nih.gov/books/NBK20361/,Musculoskeletal system,NIH Musculoskeletal and Skin Systems,ncbi.nlm.nih.gov,verified
FACT-2027-07-05-S07,5,2027-07-05,James Allison won the 2018 Nobel Prize in Physiology or Medicine for his work.,7,July,Immune Checkpoint Blockade Therapy,Inventions,"James Allison fact sheet, item 6",high,https://www.invent.org/sites/default/files/2024-02/2024-Inductee-Listicle-Fact-Sheets.pdf,Cancer Treatment,National Inventors Hall of Fame Fact Sheets,www.invent.org,verified
FACT-2027-07-05-S08,5,2027-07-05,The Greek invention of the alphabet was regarded as the culmination of a long historical evolution.,8,July,Greek alphabet viewed as culmination,Language,“with the Greek invention of the alphabet being regarded as the culmination of a long historical evolution”,high,https://www.britannica.com/topic/writing/History-of-writing-systems,Alphabetic writing,Britannica Writing Systems,www.britannica.com,verified
FACT-2027-07-05-S09,5,2027-07-05,Velocity is the rate at which money changes hands.,9,July,Definition of velocity,Money & Economics,“velocity (the rate at which money changes hands)”,high,https://www.imf.org/external/pubs/ft/fandd/basics/pdf/jahan_money.pdf,Quantity Theory of Money,IMF Monetarism,www.imf.org,verified
FACT-2027-07-05-S10,5,2027-07-05,Crop and food prices may increase when weather that is too wet or too dry adversely affects crops.,10,July,Crop impacts may increase food prices,Nature,Crop and food prices may increase when weather that is too wet or too dry adversely affects crops.,high,https://oceanservice.noaa.gov/facts/ocean_weather.html,Agriculture,NOAA Ocean Weather,oceanservice.noaa.gov,verified
FACT-2027-07-05-S11,5,2027-07-05,A P wave compresses and expands material in the direction it travels.,11,July,P-wave motion,Science,"The P wave, or compressional wave, alternately compresses and expands material in the same direction it is traveling.",high,https://www.usgs.gov/programs/earthquake-hazards/cool-earthquake-facts,Seismology,USGS Cool Earthquake Facts,www.usgs.gov,verified
FACT-2027-07-05-S12,5,2027-07-05,"The solar system is located in the Milky Way, a barred spiral galaxy with two major arms and two minor arms.",12,July,Location in the Milky Way,Space,"Our solar system is located in the Milky Way, a barred spiral galaxy with two major arms, and two minor arms.",high,https://science.nasa.gov/solar-system/solar-system-facts/,Galaxy,NASA Solar System Facts,science.nasa.gov,verified
FACT-2027-07-05-S13,5,2027-07-05,Magnetic core memory became the dominant form of high-speed random-access memory for computers until the mid-1970s.,13,July,Magnetic core memory became dominant high-speed RAM,Technology,The page attributes this development to Jay Forrester's work on Project Whirlwind.,high,https://www.computerhistory.org/timeline/computers/,Memory and Storage,Computer History Timeline,www.computerhistory.org,verified
FACT-2027-07-05-S14,5,2027-07-05,The bootlace worm is the longest solitary animal on record.,14,July,Longest solitary animal,World Records & Extremes,"A 55-m bootlace worm washed ashore in the UK in 1864, making it the longest solitary animal on record.",high,https://www.guinnessworldrecords.com/world-records/115537-largest-animal,Animal length,Guinness Largest Animal,www.guinnessworldrecords.com,verified
FACT-2027-07-05-S15,5,2027-07-05,Angel Falls has an uninterrupted drop of 807 m.,15,July,Tallest single waterfall drop,World Records & Extremes,Guinness records an 807 m uninterrupted drop.,high,https://www.guinnessworldrecords.com/world-records/382099-tallest-single-drop-in-a-waterfall,waterfalls,Tallest single drop in a waterfall,guinnessworldrecords.com,verified
FACT-2027-07-06-S01,6,2027-07-06,The Maya invented the mathematical concept of zero.,1,July,Maya concept of zero,Ancient Civilizations,The page explicitly says that the Maya invented the mathematical concept of zero.,high,https://maya.nmai.si.edu/maya,Mathematics,Smithsonian Maya,maya.nmai.si.edu,verified
FACT-2027-07-06-S02,6,2027-07-06,The giant panda is a black-and-white bear with a body typical of bears.,2,July,Body type,Animals,"The giant panda, a black-and-white bear, has a body typical of bears.",high,https://nationalzoo.si.edu/animals/giant-panda,Physical Description,Smithsonian Giant Panda,nationalzoo.si.edu,verified
FACT-2027-07-06-S03,6,2027-07-06,"Unaware host bird parents tend young cowbirds, which are often larger and hungrier than their own offspring.",3,July,Host birds tend cowbird young,Animals,The unsuspecting bird parents will lovingly tend to the (often much larger and hungrier) young cowbirds while their own offspring fail to thrive.,high,https://nationalzoo.si.edu/animals/news/7-spooktacular-animal-facts-halloween,Reproduction,Smithsonian Animal Facts,nationalzoo.si.edu,verified
FACT-2027-07-06-S04,6,2027-07-06,Tectonic and erosion processes that create landforms can occur over millions of years.,4,July,Time required for landform formation,Geography,"The page states that both processes happen over a long period, sometimes millions of years.",high,https://education.nationalgeographic.org/resource/landform/,Landform Formation,National Geographic Landform,education.nationalgeographic.org,verified
FACT-2027-07-06-S05,6,2027-07-06,Pangaea incorporated nearly all modern landmasses.,5,July,Pangaea,Geography,Britannica calls Pangaea a supercontinent containing almost all modern landmasses.,high,https://www.britannica.com/science/continent,Supercontinents,Continent,britannica.com,verified
FACT-2027-07-06-S06,6,2027-07-06,The skeletal system stores calcium and other physiologically important ions.,6,July,The skeleton stores calcium,Human Body,The page describes the skeletal system as a storage depot for calcium and other physiologically important ions.,high,https://ncbi.nlm.nih.gov/books/NBK20361/,Musculoskeletal system,NIH Musculoskeletal and Skin Systems,ncbi.nlm.nih.gov,verified
FACT-2027-07-06-S07,6,2027-07-06,More than 1 million human genomes are sequenced each year through the work of Shankar Balasubramanian and David Klenerman.,7,July,Sequencing-by-Synthesis,Inventions,"Shankar Balasubramanian fact sheet, item 4; David Klenerman fact sheet, item 4",high,https://www.invent.org/sites/default/files/2024-02/2024-Inductee-Listicle-Fact-Sheets.pdf,Genetic Sequencing,National Inventors Hall of Fame Fact Sheets,www.invent.org,verified
FACT-2027-07-06-S08,6,2027-07-06,Writing-system efficiency is described as a product of a limited and manageable set of graphs.,8,July,Efficiency comes from a limited set of graphs,Language,“This efficiency is a product of a limited and manageable set of graphs”,high,https://www.britannica.com/topic/writing/History-of-writing-systems,Writing systems,Britannica Writing Systems,www.britannica.com,verified
FACT-2027-07-06-S09,6,2027-07-06,Nominal expenditures are the number of goods and services sold multiplied by the average price paid for them.,9,July,Nominal expenditures,Money & Economics,“nominal expenditures in the economy (the number of goods and services sold multiplied by the average price paid for them).”,high,https://www.imf.org/external/pubs/ft/fandd/basics/pdf/jahan_money.pdf,Quantity Theory of Money,IMF Monetarism,www.imf.org,verified
FACT-2027-07-06-S10,6,2027-07-06,Extreme heat and cold affect livestock management.,10,July,Extreme temperatures affect livestock management,Nature,"Like precipitation, extreme heat and cold also affect livestock management.",high,https://oceanservice.noaa.gov/facts/ocean_weather.html,Livestock,NOAA Ocean Weather,oceanservice.noaa.gov,verified
FACT-2027-07-06-S11,6,2027-07-06,The San Andreas Fault Zone has averaged 56 mm of motion per year over the past 3 million years.,11,July,San Andreas movement,Science,The average rate of motion across the San Andreas Fault Zone during the past 3 million years is 56 mm/yr (2 in/yr).,high,https://www.usgs.gov/programs/earthquake-hazards/cool-earthquake-facts,Faults,USGS Cool Earthquake Facts,www.usgs.gov,verified
FACT-2027-07-06-S12,6,2027-07-06,"The Sun is in the Orion Arm, also called the Orion Spur, between the Sagittarius and Perseus arms.",12,July,Solar system location within the Milky Way,Space,"Our Sun is in a small, partial arm of the Milky Way called the Orion Arm, or Orion Spur, between the Sagittarius and Perseus arms.",high,https://science.nasa.gov/solar-system/solar-system-facts/,Galaxy,NASA Solar System Facts,science.nasa.gov,verified
FACT-2027-07-06-S13,6,2027-07-06,"ENIAC's electronic technology made it more than 1,000 times faster than any previous computer.",13,July,"ENIAC was over 1,000 times faster than previous computers",Technology,The page explicitly contrasts ENIAC's electronic technology with earlier electromechanical technology.,high,https://www.computerhistory.org/timeline/computers/,Electronic Computing,Computer History Timeline,www.computerhistory.org,verified
FACT-2027-07-06-S14,6,2027-07-06,The largest marine animal killed by hand harpoon was a 29.57-m blue whale.,14,July,Largest marine animal killed by hand harpoon,World Records & Extremes,"A blue whale killed at Twofold Bay, Australia, in 1910 measured 29.57 m (97 ft).",high,https://www.guinnessworldrecords.com/world-records/115537-largest-animal,Marine animals,Guinness Largest Animal,www.guinnessworldrecords.com,verified
FACT-2027-07-06-S15,6,2027-07-06,"Lake Baikal reaches 1,642 m depth.",15,July,Deepest lake,World Records & Extremes,"Guinness reports soundings of 1,642 m.",high,https://www.guinnessworldrecords.com/world-records/deepest-lake,lakes,Deepest lake,guinnessworldrecords.com,verified
FACT-2027-07-07-S01,7,2027-07-07,The Maya had expertise in astronomy.,1,July,Maya astronomical expertise,Ancient Civilizations,The page describes the Maya as having expertise in astronomy and mathematics.,high,https://maya.nmai.si.edu/maya,Astronomy and Calendars,Smithsonian Maya,maya.nmai.si.edu,verified
FACT-2027-07-07-S02,7,2027-07-07,"Giant pandas have black fur on their ears, eye patches, muzzle, legs, and shoulders.",2,July,Black fur pattern,Animals,"It has black fur on its ears, eye patches, muzzle, legs, and shoulders.",high,https://nationalzoo.si.edu/animals/giant-panda,Physical Description,Smithsonian Giant Panda,nationalzoo.si.edu,verified
FACT-2027-07-07-S03,7,2027-07-07,A gray catbird may punch a hole in an unrecognized egg and push it out of its nest.,3,July,Gray catbirds eject unrecognized eggs,Animals,"If a catbird spots an unrecognized egg in its nest, it will punch a hole in the shell and shove the oozing egg out of the nest.",high,https://nationalzoo.si.edu/animals/news/7-spooktacular-animal-facts-halloween,Nest defense,Smithsonian Animal Facts,nationalzoo.si.edu,verified
FACT-2027-07-07-S04,7,2027-07-07,The Colorado River took six million years to carve the Grand Canyon.,4,July,Formation of the Grand Canyon,Geography,The page states that it took six million years for the Colorado River to carve out the Grand Canyon.,high,https://education.nationalgeographic.org/resource/landform/,Erosion,National Geographic Landform,education.nationalgeographic.org,verified
FACT-2027-07-07-S05,7,2027-07-07,A river is a natural stream flowing in a channel with defined banks.,5,July,River definition,Geography,Britannica gives this definition.,high,https://www.britannica.com/science/river,Rivers,River,britannica.com,verified
FACT-2027-07-07-S06,7,2027-07-07,Adult human bones are composed of about 70 percent minerals and 30 percent organic matter.,6,July,Adult bones contain minerals and organic matter,Human Body,The page gives the approximate mineral and organic composition of adult human bones.,high,https://ncbi.nlm.nih.gov/books/NBK20361/,Musculoskeletal system,NIH Musculoskeletal and Skin Systems,ncbi.nlm.nih.gov,verified
FACT-2027-07-07-S07,7,2027-07-07,"Shankar Balasubramanian and David Klenerman co-founded Solexa, which was acquired by Illumina.",7,July,Sequencing-by-Synthesis,Inventions,"David Klenerman fact sheet, item 5",high,https://www.invent.org/sites/default/files/2024-02/2024-Inductee-Listicle-Fact-Sheets.pdf,Genetic Sequencing,National Inventors Hall of Fame Fact Sheets,www.invent.org,verified
FACT-2027-07-07-S08,7,2027-07-07,A limited and manageable set of graphs can express the full range of meanings in a language.,8,July,Graphs can express meanings in a language,Language,“that can express the full range of meanings in a language”,high,https://www.britannica.com/topic/writing/History-of-writing-systems,Writing systems,Britannica Writing Systems,www.britannica.com,verified
FACT-2027-07-07-S09,7,2027-07-07,Monetarist theory views velocity as generally stable.,9,July,Velocity in monetarist theory,Money & Economics,“Monetarist theory views velocity as generally stable”,high,https://www.imf.org/external/pubs/ft/fandd/basics/pdf/jahan_money.pdf,Quantity Theory of Money,IMF Monetarism,www.imf.org,verified
FACT-2027-07-07-S10,7,2027-07-07,Weather prediction can be a life-saving tool.,10,July,Weather prediction can save lives,Nature,Weather prediction can be a life-saving tool.,high,https://oceanservice.noaa.gov/facts/ocean_weather.html,Weather Prediction,NOAA Ocean Weather,oceanservice.noaa.gov,verified
FACT-2027-07-07-S11,7,2027-07-07,"The East African Rift System is an active continental rift zone extending more than 3,000 km across eastern Africa.",11,July,East African Rift,Science,The East African Rift System is a 50-60 km wide zone of active volcanics and faulting that extends ... for more than 3000 km.,high,https://www.usgs.gov/programs/earthquake-hazards/cool-earthquake-facts,Tectonics,USGS Cool Earthquake Facts,www.usgs.gov,verified
FACT-2027-07-07-S12,7,2027-07-07,"The solar system orbits the center of the galaxy at about 515,000 mph (828,000 kph).",12,July,Galactic orbital speed,Space,"Our solar system orbits the center of the galaxy at about 515,000 mph (828,000 kph).",high,https://science.nasa.gov/solar-system/solar-system-facts/,Motion,NASA Solar System Facts,science.nasa.gov,verified
FACT-2027-07-07-S13,7,2027-07-07,"The Manchester Baby ran the first program in history on a digital, electronic, stored-program computer.",13,July,The Manchester Baby ran the first program on a digital stored-program computer,Technology,"The page states that Kilburn's seventeen-instruction program ran on June 21, 1948.",high,https://www.computerhistory.org/timeline/computers/,Programming,Computer History Timeline,www.computerhistory.org,verified
FACT-2027-07-07-S14,7,2027-07-07,The blue whale has the largest recorded heart.,14,July,Largest heart,World Records & Extremes,A heart from a 24-m blue whale carcass found in Newfoundland in 2014 weighed 199.5 kg and measured about 1.5 m.,high,https://www.guinnessworldrecords.com/world-records/115537-largest-animal,Anatomical records,Guinness Largest Animal,www.guinnessworldrecords.com,verified
FACT-2027-07-07-S15,7,2027-07-07,Lake Baikal is the largest freshwater lake by volume.,15,July,Largest freshwater lake by volume,World Records & Extremes,USGS calls Baikal largest freshwater lake by volume.,high,https://www.usgs.gov/media/images/lake-baikal-space-largest-oldest-and-deepest-lake,lakes,Lake Baikal,usgs.gov,verified
FACT-2027-07-08-S01,8,2027-07-08,The Maya developed a complex and accurate calendar system.,1,July,Maya calendar system,Ancient Civilizations,"The page says that, using their expertise in astronomy and mathematics, the Maya developed a complex and accurate calendar system.",high,https://maya.nmai.si.edu/maya,Astronomy and Calendars,Smithsonian Maya,maya.nmai.si.edu,verified
FACT-2027-07-08-S02,8,2027-07-08,The rest of the giant panda's coat is white.,2,July,White coat,Animals,The rest of the animal's coat is white.,high,https://nationalzoo.si.edu/animals/giant-panda,Physical Description,Smithsonian Giant Panda,nationalzoo.si.edu,verified
FACT-2027-07-08-S03,8,2027-07-08,Komodo dragon venom is hemotoxic and prevents blood from clotting.,3,July,Komodo dragon venom prevents blood clotting,Animals,The bite of a Komodo dragon contains a hemotoxic venom that prevents blood from clotting.,high,https://nationalzoo.si.edu/animals/news/7-spooktacular-animal-facts-halloween,Venom,Smithsonian Animal Facts,nationalzoo.si.edu,verified
FACT-2027-07-08-S04,8,2027-07-08,"The Grand Canyon is 446 kilometers, or 277 miles, long.",4,July,Grand Canyon length,Geography,The page gives the Grand Canyon's length as 446 kilometers (277 miles).,high,https://education.nationalgeographic.org/resource/landform/,Landforms,National Geographic Landform,education.nationalgeographic.org,verified
FACT-2027-07-08-S05,8,2027-07-08,"Rivers are nourished by precipitation, runoff and springs.",5,July,River nourishment,Geography,"Britannica identifies precipitation, overland runoff and springs.",high,https://www.britannica.com/science/river,Rivers,River,britannica.com,verified
FACT-2027-07-08-S06,8,2027-07-08,Osteoblasts are cells that form new bone.,6,July,Osteoblasts form bone,Human Body,The page explicitly identifies osteoblasts as bone-forming cells.,high,https://ncbi.nlm.nih.gov/books/NBK20361/,Musculoskeletal system,NIH Musculoskeletal and Skin Systems,ncbi.nlm.nih.gov,verified
FACT-2027-07-08-S07,8,2027-07-08,David Klenerman was knighted in 2019 for services to science and for the development of high-speed DNA sequencing technology.,7,July,Sequencing-by-Synthesis,Inventions,"David Klenerman fact sheet, item 8",high,https://www.invent.org/sites/default/files/2024-02/2024-Inductee-Listicle-Fact-Sheets.pdf,Genetic Sequencing,National Inventors Hall of Fame Fact Sheets,www.invent.org,verified
FACT-2027-07-08-S08,8,2027-07-08,Ignace Gelb distinguished four stages in the evolution of writing.,8,July,Gelb identified four evolutionary stages,Language,“The Polish American Assyriologist Ignace Gelb distinguished four stages in this evolution”,high,https://www.britannica.com/topic/writing/History-of-writing-systems,Writing systems,Britannica Writing Systems,www.britannica.com,verified
FACT-2027-07-08-S09,8,2027-07-08,Stable velocity implies that nominal income is largely a function of the money supply.,9,July,Money supply and nominal income,Money & Economics,"“Monetarist theory views velocity as generally stable, which implies that nominal income is largely a function of the money supply.”",high,https://www.imf.org/external/pubs/ft/fandd/basics/pdf/jahan_money.pdf,National Income,IMF Monetarism,www.imf.org,verified
FACT-2027-07-08-S10,8,2027-07-08,Weather prediction helps people prepare for catastrophic storms.,10,July,Forecasting helps prepare for catastrophic storms,Nature,"Aside from helping people prepare for catastrophic storms, prediction can help citizens and governments anticipate extreme hot and cold temperatures, which may cause death among the elderly.",high,https://oceanservice.noaa.gov/facts/ocean_weather.html,Disaster Preparedness,NOAA Ocean Weather,oceanservice.noaa.gov,verified
FACT-2027-07-08-S11,8,2027-07-08,The first pendulum seismoscope was developed in 1751.,11,July,First pendulum seismoscope,Science,The first “pendulum seismoscope” to measure the shaking of the ground during an earthquake was developed in 1751.,high,https://www.usgs.gov/programs/earthquake-hazards/cool-earthquake-facts,Seismology History,USGS Cool Earthquake Facts,www.usgs.gov,verified
FACT-2027-07-08-S12,8,2027-07-08,The solar system takes about 230 million years to complete one orbit around the galactic center.,12,July,Galactic orbital period,Space,It takes about 230 million years to complete one orbit around the galactic center.,high,https://science.nasa.gov/solar-system/solar-system-facts/,Motion,NASA Solar System Facts,science.nasa.gov,verified
FACT-2027-07-08-S13,8,2027-07-08,EDSAC was the first practical stored-program computer to provide a regular computing service.,13,July,EDSAC was the first practical stored-program computer providing regular service,Technology,The page describes EDSAC using vacuum tubes and mercury delay lines for memory.,high,https://www.computerhistory.org/timeline/computers/,Computer Services,Computer History Timeline,www.computerhistory.org,verified
FACT-2027-07-08-S14,8,2027-07-08,"Blue whale lungs have a combined capacity of about 5,000 litres.",14,July,Largest lungs,World Records & Extremes,"The page states that blue whale lungs have a combined capacity of around 5,000 litres of air.",high,https://www.guinnessworldrecords.com/world-records/115537-largest-animal,Anatomical records,Guinness Largest Animal,www.guinnessworldrecords.com,verified
FACT-2027-07-08-S15,8,2027-07-08,"Denali is the highest point in the United States at 20,320 ft.",15,July,Highest US point,World Records & Extremes,"USGS table lists Denali, 20,320 ft.",high,https://www.usgs.gov/educational-resources/highest-and-lowest-elevations,United States,Highest and Lowest Elevations,usgs.gov,verified
FACT-2027-07-09-S01,9,2027-07-09,Hundreds of restored ancient Maya cities are studied by archaeologists.,1,July,Maya ancient cities,Ancient Civilizations,The page states that hundreds of restored ancient cities are studied by archaeologists.,high,https://maya.nmai.si.edu/maya,Archaeology,Smithsonian Maya,maya.nmai.si.edu,verified
FACT-2027-07-09-S02,9,2027-07-09,"The giant panda's thick, wooly coat keeps it warm in the cool forests of its habitat.",2,July,Coat insulation,Animals,"The panda's thick, wooly coat keeps it warm in the cool forests of its habitat.",high,https://nationalzoo.si.edu/animals/giant-panda,Physical Description,Smithsonian Giant Panda,nationalzoo.si.edu,verified
FACT-2027-07-09-S03,9,2027-07-09,"After an initial attack, a Komodo dragon can use its sense of smell to track wounded prey for days until the animal collapses.",3,July,Komodo dragons track wounded prey,Animals,"If their prey escapes an initial attack, this lizard will use its sense of smell to track the wounded animal for days until it collapses.",high,https://nationalzoo.si.edu/animals/news/7-spooktacular-animal-facts-halloween,Predation,Smithsonian Animal Facts,nationalzoo.si.edu,verified
FACT-2027-07-09-S04,9,2027-07-09,Mount Everest is the highest landform on Earth.,4,July,Highest landform,Geography,The page identifies Mount Everest in Nepal as the highest landform on Earth.,high,https://education.nationalgeographic.org/resource/landform/,Landforms,National Geographic Landform,education.nationalgeographic.org,verified
FACT-2027-07-09-S05,9,2027-07-09,The Amazon system originates in Peru’s Andes.,5,July,Amazon origin,Geography,Britannica states that the system originates in the Andes of Peru.,high,https://www.britannica.com/place/Amazon-River,South America,Amazon River,britannica.com,verified
FACT-2027-07-09-S06,9,2027-07-09,Osteoclasts dissolve or resorb bone and help shape it.,6,July,Osteoclasts resorb bone,Human Body,The page states that osteoclasts lie in depressions where they dissolve bone and help shape it.,high,https://ncbi.nlm.nih.gov/books/NBK20361/,Musculoskeletal system,NIH Musculoskeletal and Skin Systems,ncbi.nlm.nih.gov,verified
FACT-2027-07-09-S07,9,2027-07-09,"Eric Betzig and Harald Hess each invested $25,000 to build a prototype of their PALM technology.",7,July,Photoactivated Localization Microscopy,Inventions,"Eric Betzig fact sheet, item 5",high,https://www.invent.org/sites/default/files/2024-02/2024-Inductee-Listicle-Fact-Sheets.pdf,Microscopy,National Inventors Hall of Fame Fact Sheets,www.invent.org,verified
FACT-2027-07-09-S08,9,2027-07-09,Gelb’s first stage in the evolution of writing was picture writing.,8,July,Picture writing was the first stage,Language,“beginning with picture writing”,high,https://www.britannica.com/topic/writing/History-of-writing-systems,Writing systems,Britannica Writing Systems,www.britannica.com,verified
FACT-2027-07-09-S09,9,2027-07-09,Variations in nominal income reflect changes in real economic activity and inflation.,9,July,Sources of nominal-income variation,Money & Economics,“Variations in nominal income reflect changes in real economic activity ... and inflation”,high,https://www.imf.org/external/pubs/ft/fandd/basics/pdf/jahan_money.pdf,National Income,IMF Monetarism,www.imf.org,verified
FACT-2027-07-09-S10,9,2027-07-09,Weather prediction helps citizens and governments anticipate extreme hot and cold temperatures.,10,July,Forecasting helps anticipate extreme temperatures,Nature,"Aside from helping people prepare for catastrophic storms, prediction can help citizens and governments anticipate extreme hot and cold temperatures, which may cause death among the elderly.",high,https://oceanservice.noaa.gov/facts/ocean_weather.html,Extreme Temperatures,NOAA Ocean Weather,oceanservice.noaa.gov,verified
FACT-2027-07-09-S11,9,2027-07-09,Moonquakes occur less frequently and have smaller magnitudes than earthquakes on Earth.,11,July,Moonquakes,Science,"Moonquakes ... do occur, but they happen less frequently and have smaller magnitudes than earthquakes on the Earth.",high,https://www.usgs.gov/programs/earthquake-hazards/cool-earthquake-facts,Lunar Seismology,USGS Cool Earthquake Facts,www.usgs.gov,verified
FACT-2027-07-09-S12,9,2027-07-09,The planetary system is called the solar system because “solar” describes things related to the Sun and derives from the Latin word “solis.”,12,July,Origin of the name solar system,Space,"Our planetary system is called “the solar system” because we use the word “solar” to describe things related to our star, after the Latin word for Sun, ""solis.""",high,https://science.nasa.gov/solar-system/solar-system-facts/,Namesake,NASA Solar System Facts,science.nasa.gov,verified
FACT-2027-07-09-S13,9,2027-07-09,"EDSAC used libraries of short programs called subroutines, stored on punched paper tape for repetitive calculations.",13,July,EDSAC introduced stored subroutine libraries,Technology,The page identifies Wilkes's subroutine library as a major advance in programming.,high,https://www.computerhistory.org/timeline/computers/,Programming,Computer History Timeline,www.computerhistory.org,verified
FACT-2027-07-09-S14,9,2027-07-09,The erect penis of a blue whale can measure up to 2.4 m.,14,July,Longest penis,World Records & Extremes,The erect penis of the blue whale is stated to measure up to 2.4 m (8 ft).,high,https://www.guinnessworldrecords.com/world-records/115537-largest-animal,Anatomical records,Guinness Largest Animal,www.guinnessworldrecords.com,verified
FACT-2027-07-09-S15,9,2027-07-09,Death Valley is 282 ft below sea level.,15,July,Lowest US point,World Records & Extremes,USGS identifies Badwater Basin at 282 ft below sea level.,high,https://www.usgs.gov/geology-and-ecology-of-national-parks/ecology-death-valley-national-park-0,United States,Ecology of Death Valley National Park,usgs.gov,verified
FACT-2027-07-10-S01,10,2027-07-10,Restored ancient Maya cities include temple-pyramids.,1,July,Maya temple-pyramids,Ancient Civilizations,The page lists temple-pyramids among the features of the restored ancient cities.,high,https://maya.nmai.si.edu/maya,Architecture,Smithsonian Maya,maya.nmai.si.edu,verified
FACT-2027-07-10-S02,10,2027-07-10,Giant pandas have large molar teeth and strong jaw muscles for crushing tough bamboo.,2,July,Bamboo adaptations,Animals,Giant pandas have large molar teeth and strong jaw muscles for crushing tough bamboo.,high,https://nationalzoo.si.edu/animals/giant-panda,Physical Description,Smithsonian Giant Panda,nationalzoo.si.edu,verified
FACT-2027-07-10-S03,10,2027-07-10,Eastern newts can fully regenerate missing limbs after injury.,3,July,Eastern newts can regenerate missing limbs,Animals,"After sustaining an injury, some amphibians, like the Eastern newt, can fully regenerate missing limbs.",high,https://nationalzoo.si.edu/animals/news/7-spooktacular-animal-facts-halloween,Regeneration,Smithsonian Animal Facts,nationalzoo.si.edu,verified
FACT-2027-07-10-S04,10,2027-07-10,"Mount Everest measures approximately 8,850 meters, or 29,035 feet, above sea level.",4,July,Mount Everest elevation,Geography,"The page states that Mount Everest measures 8,850 meters (29,035 feet) above sea level.",high,https://education.nationalgeographic.org/resource/landform/,Mountains,National Geographic Landform,education.nationalgeographic.org,verified
FACT-2027-07-10-S05,10,2027-07-10,The Amazon empties into the Atlantic Ocean.,5,July,Amazon destination,Geography,Britannica states that it flows west to east and empties into the Atlantic.,high,https://www.britannica.com/place/Amazon-River,South America,Amazon River,britannica.com,verified
FACT-2027-07-10-S06,10,2027-07-10,"Bone is continually formed, broken down, and re-formed.",6,July,Bone is continually remodeled,Human Body,"The page describes bone as a dynamic tissue that is constantly formed, broken down, and re-formed.",high,https://ncbi.nlm.nih.gov/books/NBK20361/,Musculoskeletal system,NIH Musculoskeletal and Skin Systems,ncbi.nlm.nih.gov,verified
FACT-2027-07-10-S07,10,2027-07-10,Eric Betzig and Harald Hess worked in Hess's living room and built a PALM prototype in two months.,7,July,Photoactivated Localization Microscopy,Inventions,"Eric Betzig fact sheet, item 5",high,https://www.invent.org/sites/default/files/2024-02/2024-Inductee-Listicle-Fact-Sheets.pdf,Microscopy,National Inventors Hall of Fame Fact Sheets,www.invent.org,verified
FACT-2027-07-10-S08,10,2027-07-10,Picture writing expressed ideas directly.,8,July,Picture writing expressed ideas directly,Language,"“picture writing, which expressed ideas directly”",high,https://www.britannica.com/topic/writing/History-of-writing-systems,Writing systems,Britannica Writing Systems,www.britannica.com,verified
FACT-2027-07-10-S09,10,2027-07-10,"In the long run, an increase in the money stock is followed by an increase in the general price level without effects on real factors such as consumption or output.",9,July,Long-run monetary neutrality,Money & Economics,"“An increase in the money stock would be followed by an increase in the general price level in the long run, with no effects on real factors such as consumption or output.”",high,https://www.imf.org/external/pubs/ft/fandd/basics/pdf/jahan_money.pdf,Monetary Neutrality,IMF Monetarism,www.imf.org,verified
FACT-2027-07-10-S10,10,2027-07-10,Extreme hot and cold temperatures may cause death among the elderly.,10,July,Extreme temperatures may cause deaths among elderly people,Nature,"Aside from helping people prepare for catastrophic storms, prediction can help citizens and governments anticipate extreme hot and cold temperatures, which may cause death among the elderly.",high,https://oceanservice.noaa.gov/facts/ocean_weather.html,Extreme Temperatures,NOAA Ocean Weather,oceanservice.noaa.gov,verified
FACT-2027-07-10-S11,10,2027-07-10,A tsunami is caused by an underwater earthquake or landslide displacing ocean water.,11,July,Tsunami cause,Science,A tsunami is a sea wave caused by an underwater earthquake or landslide ... displacing the ocean water.,high,https://www.usgs.gov/programs/earthquake-hazards/cool-earthquake-facts,Tsunamis,USGS Cool Earthquake Facts,www.usgs.gov,verified
FACT-2027-07-10-S12,10,2027-07-10,Life is currently known only on Earth.,12,July,Known life,Space,"So far, we've only know about life on Earth, but NASA is searching for life on other worlds in our solar system and beyond.",high,https://science.nasa.gov/solar-system/solar-system-facts/,Life,NASA Solar System Facts,science.nasa.gov,verified
FACT-2027-07-10-S13,10,2027-07-10,Ferranti Mark I probably holds the title of the first commercially available general-purpose computer.,13,July,Ferranti Mark I was likely the first commercially available general-purpose computer,Technology,The page says this likely occurred when the first Mark I was sold to Manchester University.,high,https://www.computerhistory.org/timeline/computers/,Commercial Computing,Computer History Timeline,www.computerhistory.org,verified
FACT-2027-07-10-S14,10,2027-07-10,A blue whale’s tongue typically weighs about 4 tonnes.,14,July,Heaviest tongue,World Records & Extremes,The page states that a blue whale’s tongue typically weighs approximately 4 tonnes.,high,https://www.guinnessworldrecords.com/world-records/115537-largest-animal,Anatomical records,Guinness Largest Animal,www.guinnessworldrecords.com,verified
FACT-2027-07-10-S15,10,2027-07-10,"Death Valley recorded 134°F on July 10, 1913.",15,July,Highest US temperature,World Records & Extremes,USGS gives 134°F and date.,high,https://www.usgs.gov/geology-and-ecology-of-national-parks/ecology-death-valley-national-park-0,United States,Ecology of Death Valley National Park,usgs.gov,verified
FACT-2027-07-11-S01,11,2027-07-11,Restored ancient Maya cities include ball courts.,1,July,Maya ball courts,Ancient Civilizations,The page lists ball courts among the features of the restored ancient cities.,high,https://maya.nmai.si.edu/maya,Sports and Recreation,Smithsonian Maya,maya.nmai.si.edu,verified
FACT-2027-07-11-S02,11,2027-07-11,A giant panda's pseudo thumb is formed by an elongated and enlarged wrist bone covered with a fleshy pad of skin.,2,July,Pseudo thumb,Animals,"""pseudo thumb,"" formed by an elongated and enlarged wrist bone covered with a fleshy pad of skin",high,https://nationalzoo.si.edu/animals/giant-panda,Physical Description,Smithsonian Giant Panda,nationalzoo.si.edu,verified
FACT-2027-07-11-S03,11,2027-07-11,Some amphibians can fully regenerate missing portions of their hearts after injury.,3,July,Some amphibians can regenerate hearts,Animals,"After sustaining an injury, some amphibians, like the Eastern newt, can fully regenerate missing limbs, hearts, spinal cords…and even portions of their brains.",high,https://nationalzoo.si.edu/animals/news/7-spooktacular-animal-facts-halloween,Regeneration,Smithsonian Animal Facts,nationalzoo.si.edu,verified
FACT-2027-07-11-S04,11,2027-07-11,Mount Everest is part of the Himalaya range.,4,July,Mount Everest and the Himalaya,Geography,The page states that Mount Everest is part of the Himalaya range.,high,https://education.nationalgeographic.org/resource/landform/,Mountains,National Geographic Landform,education.nationalgeographic.org,verified
FACT-2027-07-11-S05,11,2027-07-11,"The Amazon is generally estimated at least 4,000 miles long.",5,July,Amazon length,Geography,"Britannica reports that most researchers estimate at least 4,000 miles.",high,https://www.britannica.com/place/Amazon-River,South America,Amazon River,britannica.com,verified
FACT-2027-07-11-S06,11,2027-07-11,"Long bones grow from their ends, called epiphyses, rather than from their middle.",6,July,Long bones grow from their ends,Human Body,"The page states that long bones elongate from the epiphyses, not the diaphysis.",high,https://ncbi.nlm.nih.gov/books/NBK20361/,Musculoskeletal system,NIH Musculoskeletal and Skin Systems,ncbi.nlm.nih.gov,verified
FACT-2027-07-11-S07,11,2027-07-11,Zeiss received a license in 2007 from Eric Betzig and Harald Hess to commercialize PALM.,7,July,Photoactivated Localization Microscopy,Inventions,"Eric Betzig fact sheet, item 6",high,https://www.invent.org/sites/default/files/2024-02/2024-Inductee-Listicle-Fact-Sheets.pdf,Microscopy,National Inventors Hall of Fame Fact Sheets,www.invent.org,verified
FACT-2027-07-11-S08,11,2027-07-11,Word-based writing systems followed picture writing in Gelb’s sequence.,8,July,Word-based writing followed picture writing,Language,“followed by word-based writing systems”,high,https://www.britannica.com/topic/writing/History-of-writing-systems,Writing systems,Britannica Writing Systems,www.britannica.com,verified
FACT-2027-07-11-S09,11,2027-07-11,An increase in the stock of money has temporary effects on real output and employment in the short run.,9,July,Short-run monetary nonneutrality,Money & Economics,“An increase in the stock of money has temporary effects on real output (GDP) and employment in the short run”,high,https://www.imf.org/external/pubs/ft/fandd/basics/pdf/jahan_money.pdf,Monetary Neutrality,IMF Monetarism,www.imf.org,verified
FACT-2027-07-11-S10,11,2027-07-11,Water management experts study anticipated rainfall to manage reservoir levels.,10,July,Rainfall forecasts support reservoir management,Nature,"Water management experts study how much rainfall to anticipate so they can manage reservoir levels and water usage, to ensure everyone has abundant water supplies.",high,https://oceanservice.noaa.gov/facts/ocean_weather.html,Water Management,NOAA Ocean Weather,oceanservice.noaa.gov,verified
FACT-2027-07-11-S11,11,2027-07-11,The hypocenter is the underground location where fault rupture begins.,11,July,Hypocenter,Science,The hypocenter of an earthquake is the location beneath the earth’s surface where the rupture of the fault begins.,high,https://www.usgs.gov/programs/earthquake-hazards/cool-earthquake-facts,Earthquake Anatomy,USGS Cool Earthquake Facts,www.usgs.gov,verified
FACT-2027-07-11-S12,11,2027-07-11,The solar system extends farther than the planets that orbit the Sun.,12,July,Solar system extent,Space,Our solar system extends much farther than the planets that orbit the Sun.,high,https://science.nasa.gov/solar-system/solar-system-facts/,Size and Distance,NASA Solar System Facts,science.nasa.gov,verified
FACT-2027-07-11-S13,11,2027-07-11,The Univac 1 was the first commercial computer to attract widespread public attention.,13,July,Univac 1 was the first commercial computer to attract widespread public attention,Technology,The page makes this explicit and notes that Remington Rand eventually sold 46 units.,high,https://www.computerhistory.org/timeline/computers/,Commercial Computing,Computer History Timeline,www.computerhistory.org,verified
FACT-2027-07-11-S14,11,2027-07-11,The blue whale and its krill prey represent the greatest size difference between predator and prey in the animal kingdom.,14,July,Greatest predator-prey size difference,World Records & Extremes,"The page calls the blue whale feeding on krill, which average about 5 cm long, the greatest difference in size between predator and prey in the animal kingdom.",high,https://www.guinnessworldrecords.com/world-records/115537-largest-animal,Animal feeding,Guinness Largest Animal,www.guinnessworldrecords.com,verified
FACT-2027-07-11-S15,11,2027-07-11,Crater Lake is 589 m deep.,15,July,Deepest US lake,World Records & Extremes,USGS calls it deepest US lake at 589 m.,high,https://www.usgs.gov/publications/overview-limnology-crater-lake,lakes,Overview of the limnology of Crater Lake,usgs.gov,verified
FACT-2027-07-12-S01,12,2027-07-12,Restored ancient Maya cities include grand plazas.,1,July,Maya grand plazas,Ancient Civilizations,The page lists grand plazas among the features of the restored ancient cities.,high,https://maya.nmai.si.edu/maya,Architecture,Smithsonian Maya,maya.nmai.si.edu,verified
FACT-2027-07-12-S02,12,2027-07-12,Giant pandas stand between 2 and 3 feet tall at the shoulder on all four legs.,2,July,Shoulder height,Animals,giant pandas stand between 2 and 3 feet (60 to 90 centimeters) tall at the shoulder,high,https://nationalzoo.si.edu/animals/giant-panda,Size,Smithsonian Giant Panda,nationalzoo.si.edu,verified
FACT-2027-07-12-S03,12,2027-07-12,Loggerhead shrikes belong to a family known as “butcher birds.”,3,July,Loggerhead shrikes are butcher birds,Animals,Loggerhead shrikes are part of a bloodthirsty family of “butcher birds” known for their gruesome hunting tactics.,high,https://nationalzoo.si.edu/animals/news/7-spooktacular-animal-facts-halloween,Hunting behavior,Smithsonian Animal Facts,nationalzoo.si.edu,verified
FACT-2027-07-12-S04,12,2027-07-12,The Himalaya range runs across several countries in Asia.,4,July,Himalaya geographic extent,Geography,The page says the Himalaya range runs across several countries in Asia.,high,https://education.nationalgeographic.org/resource/landform/,Mountains,National Geographic Landform,education.nationalgeographic.org,verified
FACT-2027-07-12-S05,12,2027-07-12,"The Amazon has more than 1,000 tributaries.",5,July,Amazon tributaries,Geography,"Britannica reports more than 1,000 tributaries.",high,https://www.britannica.com/place/South-America/Rivers,South America,South America—Rivers,britannica.com,verified
FACT-2027-07-12-S06,12,2027-07-12,Growth plates determine the length and shape of mature bones.,6,July,Growth plates determine bone growth,Human Body,The page states that the growth plate determines the length and shape of the mature bone.,high,https://ncbi.nlm.nih.gov/books/NBK20361/,Musculoskeletal system,NIH Musculoskeletal and Skin Systems,ncbi.nlm.nih.gov,verified
FACT-2027-07-12-S07,12,2027-07-12,Eric Betzig shared the 2014 Nobel Prize in Chemistry with William E. Moerner and Stefan Hell for super-resolved fluorescence microscopy.,7,July,Photoactivated Localization Microscopy,Inventions,"Eric Betzig fact sheet, item 7",high,https://www.invent.org/sites/default/files/2024-02/2024-Inductee-Listicle-Fact-Sheets.pdf,Microscopy,National Inventors Hall of Fame Fact Sheets,www.invent.org,verified
FACT-2027-07-12-S08,12,2027-07-12,Sound-based syllabic writing followed word-based writing systems in the sequence described.,8,July,Sound-based syllabic writing followed word-based systems,Language,“then by sound-based syllabi”,high,https://www.britannica.com/topic/writing/History-of-writing-systems,Writing systems,Britannica Writing Systems,www.britannica.com,verified
FACT-2027-07-12-S09,12,2027-07-12,Wages and prices take time to adjust.,9,July,Sticky wages and prices,Money & Economics,"“because wages and prices take time to adjust (they are sticky, in economic parlance).”",high,https://www.imf.org/external/pubs/ft/fandd/basics/pdf/jahan_money.pdf,Prices and Wages,IMF Monetarism,www.imf.org,verified
FACT-2027-07-12-S10,12,2027-07-12,Managing reservoir levels and water usage helps ensure everyone has abundant water supplies.,10,July,Water management aims to ensure abundant supplies,Nature,"Water management experts study how much rainfall to anticipate so they can manage reservoir levels and water usage, to ensure everyone has abundant water supplies.",high,https://oceanservice.noaa.gov/facts/ocean_weather.html,Water Management,NOAA Ocean Weather,oceanservice.noaa.gov,verified
FACT-2027-07-12-S11,12,2027-07-12,The epicenter is directly above the hypocenter at Earth’s surface.,11,July,Epicenter,Science,The epicenter of an earthquake is the location directly above the hypocenter on the surface of the earth.,high,https://www.usgs.gov/programs/earthquake-hazards/cool-earthquake-facts,Earthquake Anatomy,USGS Cool Earthquake Facts,www.usgs.gov,verified
FACT-2027-07-12-S12,12,2027-07-12,The solar system includes the Kuiper Belt beyond Neptune's orbit.,12,July,Kuiper Belt,Space,The solar system also includes the Kuiper Belt that lies past Neptune's orbit.,high,https://science.nasa.gov/solar-system/solar-system-facts/,Size and Distance,NASA Solar System Facts,science.nasa.gov,verified
FACT-2027-07-12-S13,12,2027-07-12,The IAS computer's storage of both data and instructions in memory became known as the stored-program concept.,13,July,The IAS computer popularized the stored-program concept,Technology,The page uses this term to distinguish IAS from earlier methods of instructing computers.,high,https://www.computerhistory.org/timeline/computers/,Computer Architecture,Computer History Timeline,www.computerhistory.org,verified
FACT-2027-07-12-S14,12,2027-07-12,Blue whale calves are the largest offspring in the animal kingdom.,14,July,Largest offspring in the animal kingdom,World Records & Extremes,"Newborn blue whale calves measure 6–8 m and weigh 2–3 tonnes, and are described as easily the largest offspring in the animal kingdom.",high,https://www.guinnessworldrecords.com/world-records/115537-largest-animal,Animal reproduction,Guinness Largest Animal,www.guinnessworldrecords.com,verified
FACT-2027-07-12-S15,12,2027-07-12,Jupiter is the largest planet in the solar system.,15,July,Largest planet,World Records & Extremes,NASA states Jupiter is largest.,high,https://science.nasa.gov/solar-system/solar-system-facts/,planetary,Solar System: Facts,nasa.gov,verified
FACT-2027-07-13-S01,13,2027-07-13,Millions of tourists from around the world visit Maya archaeological sites each year.,1,July,Visitors to Maya archaeological sites,Ancient Civilizations,The page states that the restored ancient cities are visited by millions of tourists from all over the world each year.,high,https://maya.nmai.si.edu/maya,Archaeology,Smithsonian Maya,maya.nmai.si.edu,verified
FACT-2027-07-13-S02,13,2027-07-13,Giant pandas reach 4 to 6 feet in length.,2,July,Body length,Animals,reach 4 to 6 feet (1.2 to 1.8 meters) long,high,https://nationalzoo.si.edu/animals/giant-panda,Size,Smithsonian Giant Panda,nationalzoo.si.edu,verified
FACT-2027-07-13-S03,13,2027-07-13,Loggerhead shrikes use their sharp beaks and muscular necks to snap the necks of prey.,3,July,Loggerhead shrikes kill prey by snapping their necks,Animals,They use their sharp beaks and muscular necks to snap the necks of their prey.,high,https://nationalzoo.si.edu/animals/news/7-spooktacular-animal-facts-halloween,Hunting behavior,Smithsonian Animal Facts,nationalzoo.si.edu,verified
FACT-2027-07-13-S04,13,2027-07-13,Landforms can exist underwater as mountain ranges and basins beneath the sea.,4,July,Underwater landforms,Geography,The page states that landforms can exist under water in the form of mountain ranges and basins under the sea.,high,https://education.nationalgeographic.org/resource/landform/,Underwater Geography,National Geographic Landform,education.nationalgeographic.org,verified
FACT-2027-07-13-S05,13,2027-07-13,The Amazon carries about one-fifth of the world’s flowing freshwater.,5,July,Amazon discharge,Geography,Britannica gives this proportion.,high,https://www.britannica.com/place/South-America/Rivers,South America,South America—Rivers,britannica.com,verified
FACT-2027-07-13-S06,13,2027-07-13,"Skeletal muscle enables walking, running, lifting, and other physical movements.",6,July,Skeletal muscle enables movement,Human Body,"The page lists walking, running, lifting, and other physical movements as functions of skeletal muscle.",high,https://ncbi.nlm.nih.gov/books/NBK20361/,Musculoskeletal system,NIH Musculoskeletal and Skin Systems,ncbi.nlm.nih.gov,verified
FACT-2027-07-13-S07,13,2027-07-13,Andrea Goldsmith co-founded Plume Design Inc. and Quantenna Communications Inc.,7,July,Adaptive Beamforming for Multi-Antenna Wi-Fi,Inventions,"Andrea Goldsmith fact sheet, item 6",high,https://www.invent.org/sites/default/files/2024-02/2024-Inductee-Listicle-Fact-Sheets.pdf,Wireless Communications,National Inventors Hall of Fame Fact Sheets,www.invent.org,verified
FACT-2027-07-13-S08,13,2027-07-13,Friedman proposed that the growth rate of money should equal the growth rate of real GDP.,8,July,Constant money-growth rule,Money & Economics,"“Friedman ... proposed a fixed monetary rule, which states that the Fed should be required to target the growth rate of money to equal the growth rate of real GDP”",high,https://www.imf.org/external/pubs/ft/fandd/basics/pdf/jahan_money.pdf,Monetary Policy Rules,IMF Monetarism,www.imf.org,verified
FACT-2027-07-13-S09,13,2027-07-13,Hurricane Gustav was one of a series of hurricanes to strike the United States in 2008.,9,July,Hurricane Gustav struck the United States in 2008,Nature,Hurricane Gustav was one of a series of hurricanes to strike the United States in 2008.,high,https://oceanservice.noaa.gov/facts/ocean_weather.html,Hurricanes,NOAA Ocean Weather,oceanservice.noaa.gov,verified
FACT-2027-07-13-S10,13,2027-07-13,"Abyssal plains are wide, flat areas of the deep seafloor.",10,July,Abyssal plains,Ocean & Marine,"Abyssal plains are wide, flat areas of the deep seafloor.",high,https://oceanexplorer.noaa.gov/ocean-facts/,Seafloor,NOAA Ocean Exploration Facts,oceanexplorer.noaa.gov,verified
FACT-2027-07-13-S11,13,2027-07-13,About 90% of the world’s earthquakes occur in the Ring of Fire.,11,July,Ring of Fire earthquakes,Science,The “Ring of Fire” ... is the zone of earthquakes surrounding the Pacific Ocean — about 90% of the world’s earthquakes occur there.,high,https://www.usgs.gov/programs/earthquake-hazards/cool-earthquake-facts,Seismic Regions,USGS Cool Earthquake Facts,www.usgs.gov,verified
FACT-2027-07-13-S12,13,2027-07-13,"The Kuiper Belt is a ring of icy bodies, almost all smaller than dwarf planet Pluto.",12,July,Kuiper Belt composition,Space,"This is a ring of icy bodies, almost all smaller than the most popular Kuiper Belt Object – dwarf planet Pluto.",high,https://science.nasa.gov/solar-system/solar-system-facts/,Kuiper Belt,NASA Solar System Facts,science.nasa.gov,verified
FACT-2027-07-13-S13,13,2027-07-13,The Manchester TC prototype used 92 point-contact transistors and 550 diodes.,13,July,The Manchester TC was an early transistorized computer,Technology,The page identifies it as a prototype transistorized computer demonstrated in 1953.,high,https://www.computerhistory.org/timeline/computers/,Transistors,Computer History Timeline,www.computerhistory.org,verified
FACT-2027-07-13-S14,13,2027-07-13,Newborn blue whales can measure 6–8 m and weigh 2–3 tonnes.,14,July,Largest newborn animal,World Records & Extremes,The page states that blue whale calves are 6–8 m long and weigh 2–3 tonnes at birth.,high,https://www.guinnessworldrecords.com/world-records/115537-largest-animal,Animal growth,Guinness Largest Animal,www.guinnessworldrecords.com,verified
FACT-2027-07-13-S15,13,2027-07-13,Venus is the hottest planet in the solar system.,15,July,Hottest planet,World Records & Extremes,"NASA identifies Venus as hottest, despite Mercury being closer.",high,https://science.nasa.gov/solar-system/solar-system-facts/,planetary,Solar System: Facts,nasa.gov,verified
FACT-2027-07-14-S01,14,2027-07-14,Contemporary Maya live and work near many Maya archaeological sites.,1,July,Contemporary Maya near archaeological sites,Ancient Civilizations,The page explicitly states that contemporary Maya live and work near many of these archaeological sites.,high,https://maya.nmai.si.edu/maya,Contemporary Maya,Smithsonian Maya,maya.nmai.si.edu,verified
FACT-2027-07-14-S02,14,2027-07-14,Male giant pandas are larger than females.,2,July,Sexual size difference,Animals,Males are larger than females,high,https://nationalzoo.si.edu/animals/giant-panda,Size,Smithsonian Giant Panda,nationalzoo.si.edu,verified
FACT-2027-07-14-S03,14,2027-07-14,Loggerhead shrikes impale prey on sharp thorns or barbed wire.,3,July,Loggerhead shrikes impale prey,Animals,"Then, they impale the bodies on sharp thorns or barbed wire.",high,https://nationalzoo.si.edu/animals/news/7-spooktacular-animal-facts-halloween,Food storage,Smithsonian Animal Facts,nationalzoo.si.edu,verified
FACT-2027-07-14-S04,14,2027-07-14,The Nutrition Facts label is an on-the-spot tool to help consumers make informed food choices that contribute to a healthy diet and lifelong eating habits.,4,July,Nutrition Facts label purpose,Food,The Nutrition Facts label is an on-the-spot tool to help consumers make informed food choices that contribute to a healthy diet and lifelong eating habits.,high,https://wicworks.fns.usda.gov/resources/interactive-nutrition-facts-label,Nutrition labeling,USDA Interactive Nutrition Facts Label,wicworks.fns.usda.gov,verified
FACT-2027-07-14-S05,14,2027-07-14,The Mariana Trench is located in the South Pacific.,5,July,Mariana Trench location,Geography,The page states that the Mariana Trench is in the South Pacific.,high,https://education.nationalgeographic.org/resource/landform/,Underwater Geography,National Geographic Landform,education.nationalgeographic.org,verified
FACT-2027-07-14-S06,14,2027-07-14,The Amazon drains about two-fifths of South America.,6,July,Amazon basin,Geography,Britannica reports the basin covers about two-fifths of the continent.,high,https://www.britannica.com/place/South-America/Rivers,South America,South America—Rivers,britannica.com,verified
FACT-2027-07-14-S07,14,2027-07-14,Skeletal muscle enables people to maintain body posture.,7,July,Skeletal muscle helps maintain posture,Human Body,The page explicitly states that skeletal muscle enables maintenance of body posture.,high,https://ncbi.nlm.nih.gov/books/NBK20361/,Musculoskeletal system,NIH Musculoskeletal and Skin Systems,ncbi.nlm.nih.gov,verified
FACT-2027-07-14-S08,14,2027-07-14,Andrea Goldsmith was the first woman to receive the Marconi Prize since it was first awarded in 1975.,8,July,Adaptive Beamforming for Multi-Antenna Wi-Fi,Inventions,"Andrea Goldsmith fact sheet, item 4",high,https://www.invent.org/sites/default/files/2024-02/2024-Inductee-Listicle-Fact-Sheets.pdf,Wireless Communications,National Inventors Hall of Fame Fact Sheets,www.invent.org,verified
FACT-2027-07-14-S09,14,2027-07-14,Friedman’s constant money-growth rule was intended to leave the price level unchanged.,9,July,Money growth and unchanged prices,Money & Economics,"“the growth rate of money [equal] the growth rate of real GDP, leaving the price level unchanged.”",high,https://www.imf.org/external/pubs/ft/fandd/basics/pdf/jahan_money.pdf,Monetary Policy Rules,IMF Monetarism,www.imf.org,verified
FACT-2027-07-14-S10,14,2027-07-14,Marine critical minerals are minerals found on the ocean floor that are essential to the United States economy and security.,10,July,Marine critical minerals,Ocean & Marine,Marine critical minerals are minerals found on the ocean floor that are essential to the United States economy and security.,high,https://oceanexplorer.noaa.gov/ocean-facts/,Marine Resources,NOAA Ocean Exploration Facts,oceanexplorer.noaa.gov,verified
FACT-2027-07-14-S11,14,2027-07-14,"An estimated 500,000 detectable earthquakes occur worldwide each year.",11,July,Annual global earthquakes,Science,"It is estimated that there are 500,000 detectable earthquakes in the world each year.",high,https://www.usgs.gov/programs/earthquake-hazards/cool-earthquake-facts,Earthquake Frequency,USGS Cool Earthquake Facts,www.usgs.gov,verified
FACT-2027-07-14-S12,14,2027-07-14,The Oort Cloud lies beyond the fringes of the Kuiper Belt.,12,July,Oort Cloud location,Space,Beyond the fringes of the Kuiper Belt is the Oort Cloud.,high,https://science.nasa.gov/solar-system/solar-system-facts/,Oort Cloud,NASA Solar System Facts,science.nasa.gov,verified
FACT-2027-07-14-S13,14,2027-07-14,SAGE connected 23 hardened computer sites in the United States and Canada.,13,July,SAGE was the first large-scale computer communications network,Technology,The page describes SAGE as the first large-scale computer communications network.,high,https://www.computerhistory.org/timeline/computers/,Computer Networking,Computer History Timeline,www.computerhistory.org,verified
FACT-2027-07-14-S14,14,2027-07-14,The oldest known blue whale reached 110 years.,14,July,Oldest known blue whale,World Records & Extremes,The page states that blue whales typically live 80–90 years and that the oldest known specimen reached 110.,high,https://www.guinnessworldrecords.com/world-records/115537-largest-animal,Animal lifespan,Guinness Largest Animal,www.guinnessworldrecords.com,verified
FACT-2027-07-14-S15,14,2027-07-14,Mercury is the smallest planet.,15,July,Smallest planet,World Records & Extremes,NASA identifies Mercury as smallest.,high,https://science.nasa.gov/solar-system/planets/,planetary,About the Planets,nasa.gov,verified
FACT-2027-07-15-S01,15,2027-07-15,Maya language and tradition continue to shape the Maya worldview.,1,July,Maya language and tradition,Ancient Civilizations,The page says that language and tradition continue to shape their worldview.,high,https://maya.nmai.si.edu/maya,Culture,Smithsonian Maya,maya.nmai.si.edu,verified
FACT-2027-07-15-S02,15,2027-07-15,Male giant pandas weigh up to 250 pounds in the wild.,2,July,Male weight,Animals,weighing up to 250 pounds (113 kilograms) in the wild,high,https://nationalzoo.si.edu/animals/giant-panda,Size,Smithsonian Giant Panda,nationalzoo.si.edu,verified
FACT-2027-07-15-S03,15,2027-07-15,Loggerhead shrikes feast on impaled prey remains later.,3,July,Loggerhead shrikes eat stored prey later,Animals,Feasting on the remains later.,high,https://nationalzoo.si.edu/animals/news/7-spooktacular-animal-facts-halloween,Food storage,Smithsonian Animal Facts,nationalzoo.si.edu,verified
FACT-2027-07-15-S04,15,2027-07-15,The interactive Nutrition Facts label can help educate participants about what is on the label and how to use it.,4,July,Interactive label education,Food,Use this interactive Nutrition Facts label to help educate your participants on the label - what's on it and how to use it.,high,https://wicworks.fns.usda.gov/resources/interactive-nutrition-facts-label,Nutrition labeling,USDA Interactive Nutrition Facts Label,wicworks.fns.usda.gov,verified
FACT-2027-07-15-S05,15,2027-07-15,The Mariana Trench is the deepest landform on Earth.,5,July,Mariana Trench depth,Geography,The page identifies the Mariana Trench as the deepest landform on Earth.,high,https://education.nationalgeographic.org/resource/landform/,Underwater Geography,National Geographic Landform,education.nationalgeographic.org,verified
FACT-2027-07-15-S06,15,2027-07-15,South America’s major river basins lie east of the Andes.,6,July,Andean drainage,Geography,Britannica describes the continent’s drainage asymmetry.,high,https://www.britannica.com/place/South-America/Rivers,South America,South America—Rivers,britannica.com,verified
FACT-2027-07-15-S07,15,2027-07-15,Smooth muscle in organs and blood vessels propels substances along their passages.,7,July,Smooth muscle propels substances,Human Body,"The page states that smooth muscle in the stomach, intestines, bladder, bronchi, and arterial vessels propels substances along their tracts.",high,https://ncbi.nlm.nih.gov/books/NBK20361/,Musculoskeletal system,NIH Musculoskeletal and Skin Systems,ncbi.nlm.nih.gov,verified
FACT-2027-07-15-S08,15,2027-07-15,"Andrea Goldsmith is the author of the textbook Wireless Communications, published in 2005.",8,July,Adaptive Beamforming for Multi-Antenna Wi-Fi,Inventions,"Andrea Goldsmith fact sheet, item 9",high,https://www.invent.org/sites/default/files/2024-02/2024-Inductee-Listicle-Fact-Sheets.pdf,Wireless Communications,National Inventors Hall of Fame Fact Sheets,www.invent.org,verified
FACT-2027-07-15-S09,15,2027-07-15,"If the economy is expected to grow by 2 percent in a year, the Fed should allow the money supply to increase by 2 percent.",9,July,Example of the money-growth rule,Money & Economics,"“If the economy is expected to grow at 2 percent in a given year, the Fed should allow the money supply to increase by 2 percent.”",high,https://www.imf.org/external/pubs/ft/fandd/basics/pdf/jahan_money.pdf,Monetary Policy Rules,IMF Monetarism,www.imf.org,verified
FACT-2027-07-15-S10,15,2027-07-15,Backscatter is sound energy reflected back to its source after hitting the seafloor or objects in the water column.,10,July,Backscatter,Ocean & Marine,Backscatter is the sound energy that is reflected back to its source after hitting the seafloor or objects in the water column.,high,https://oceanexplorer.noaa.gov/ocean-facts/,Ocean Exploration Technology,NOAA Ocean Exploration Facts,oceanexplorer.noaa.gov,verified
FACT-2027-07-15-S11,15,2027-07-15,A seiche is water sloshing caused by earthquake ground shaking and may continue after the shaking ends.,11,July,Seiche,Science,It is ... the sloshing of the water ... caused by the ground shaking in an earthquake. It may continue for a few moments or hours.,high,https://www.usgs.gov/programs/earthquake-hazards/cool-earthquake-facts,Earthquake Effects,USGS Cool Earthquake Facts,www.usgs.gov,verified
FACT-2027-07-15-S12,15,2027-07-15,The Oort Cloud is a giant spherical shell surrounding the solar system.,12,July,Oort Cloud shape,Space,This giant spherical shell surrounds our solar system.,high,https://science.nasa.gov/solar-system/solar-system-facts/,Oort Cloud,NASA Solar System Facts,science.nasa.gov,verified
FACT-2027-07-15-S13,15,2027-07-15,MIT researchers demonstrated the usefulness and convenience of direct keyboard input to computers.,13,July,Direct keyboard input became a precursor to normal computer operation,Technology,The page says this work was a precursor to today's normal mode of operation.,high,https://www.computerhistory.org/timeline/computers/,Human-Computer Interaction,Computer History Timeline,www.computerhistory.org,verified
FACT-2027-07-15-S14,15,2027-07-15,Blue whale vocalizations can reach 188 decibels.,14,July,Loudest blue whale vocalization,World Records & Extremes,The page states that their booming vocalizations reach up to 188 dB.,high,https://www.guinnessworldrecords.com/world-records/115537-largest-animal,Animal senses and communication,Guinness Largest Animal,www.guinnessworldrecords.com,verified
FACT-2027-07-15-S15,15,2027-07-15,Neptune is the eighth and most distant planet.,15,July,Most distant planet,World Records & Extremes,NASA states Neptune is most distant.,high,https://science.nasa.gov/solar-system/planets/,planetary,About the Planets,nasa.gov,verified
FACT-2027-07-16-S01,16,2027-07-16,A deep sensibility toward the land and the sky continues to shape the Maya worldview.,1,July,Maya relationship with land and sky,Ancient Civilizations,The page states that a deep sensibility toward the land and the sky continues to shape their worldview.,high,https://maya.nmai.si.edu/maya,Culture,Smithsonian Maya,maya.nmai.si.edu,verified
FACT-2027-07-16-S02,16,2027-07-16,Female giant pandas rarely reach 220 pounds.,2,July,Female weight,Animals,Females rarely reach 220 pounds (104 kilograms).,high,https://nationalzoo.si.edu/animals/giant-panda,Size,Smithsonian Giant Panda,nationalzoo.si.edu,verified
FACT-2027-07-16-S03,16,2027-07-16,"Caecilians are a family of limbless, worm-like amphibians.",3,July,Caecilians are limbless amphibians,Animals,"Caecilians—a family of more than 200 species of limbless, worm-like amphibians—are already strange.",high,https://nationalzoo.si.edu/animals/news/7-spooktacular-animal-facts-halloween,Taxonomy,Smithsonian Animal Facts,nationalzoo.si.edu,verified
FACT-2027-07-16-S04,16,2027-07-16,The interactive label provides information about servings per container and serving size.,4,July,Serving information,Food,"The interactive label provides an overview of key features (e.g., servings per container, serving size, etc.).",high,https://wicworks.fns.usda.gov/resources/interactive-nutrition-facts-label,Nutrition labeling,USDA Interactive Nutrition Facts Label,wicworks.fns.usda.gov,verified
FACT-2027-07-16-S05,16,2027-07-16,A basin is a dip or depression in the surface of the land or ocean floor.,5,July,Basin definition,Geography,The glossary defines basin as a dip or depression in the surface of the land or ocean floor.,high,https://education.nationalgeographic.org/resource/landform/,Landforms,National Geographic Landform,education.nationalgeographic.org,verified
FACT-2027-07-16-S06,16,2027-07-16,"Amazon, Río de la Plata, Orinoco and São Francisco are four major South American drainage systems.",6,July,Four major systems,Geography,Britannica identifies these four systems.,high,https://www.britannica.com/place/South-America/Rivers,South America,South America—Rivers,britannica.com,verified
FACT-2027-07-16-S07,16,2027-07-16,Cardiac muscle makes up the heart and pumps blood throughout the body.,7,July,Cardiac muscle pumps blood,Human Body,The page identifies cardiac muscle as the muscle of the heart that pumps blood.,high,https://ncbi.nlm.nih.gov/books/NBK20361/,Musculoskeletal system,NIH Musculoskeletal and Skin Systems,ncbi.nlm.nih.gov,verified
FACT-2027-07-16-S08,16,2027-07-16,"At Bellcore, Lanny Smoot patented some of the first fiber-optic technologies to be widely used in the Bell Telephone network.",8,July,Theatrical Technologies and Special Effects,Inventions,"Lanny Smoot fact sheet, item 5",high,https://www.invent.org/sites/default/files/2024-02/2024-Inductee-Listicle-Fact-Sheets.pdf,Optical Fiber and Networking,National Inventors Hall of Fame Fact Sheets,www.invent.org,verified
FACT-2027-07-16-S09,16,2027-07-16,Friedman argued that the Fed should be bound to fixed rules because discretionary power can destabilize the economy.,9,July,Discretion and economic stability,Money & Economics,“The Fed should be bound to fixed rules in conducting monetary policy because discretionary power can destabilize the economy.”,high,https://www.imf.org/external/pubs/ft/fandd/basics/pdf/jahan_money.pdf,Monetary Policy Rules,IMF Monetarism,www.imf.org,verified
FACT-2027-07-16-S10,16,2027-07-16,The strength of backscatter energy provides insight into the characteristics of the unseen underwater world.,10,July,Backscatter information,Ocean & Marine,The strength of this energy provides insight into the characteristics of the unseen underwater world.,high,https://oceanexplorer.noaa.gov/ocean-facts/,Ocean Exploration Technology,NOAA Ocean Exploration Facts,oceanexplorer.noaa.gov,verified
FACT-2027-07-16-S11,16,2027-07-16,"Southern California experiences about 10,000 earthquakes each year.",11,July,Annual earthquake count,Science,"Each year the southern California area has about 10,000 earthquakes.",high,https://www.usgs.gov/programs/earthquake-hazards/cool-earthquake-facts,Southern California,USGS Cool Earthquake Facts,www.usgs.gov,verified
FACT-2027-07-16-S12,16,2027-07-16,The Oort Cloud has never been directly observed.,12,July,Oort Cloud observation status,Space,It has never been directly observed,high,https://science.nasa.gov/solar-system/solar-system-facts/,Oort Cloud,NASA Solar System Facts,science.nasa.gov,verified
FACT-2027-07-16-S13,16,2027-07-16,The Librascope LGP-30 was an early example of a personal computer designed for a single user.,13,July,The LGP-30 was an early single-user personal computer,Technology,The page defines it as a computer made for one user.,high,https://www.computerhistory.org/timeline/computers/,Personal Computing,Computer History Timeline,www.computerhistory.org,verified
FACT-2027-07-16-S14,16,2027-07-16,Blue whale songs are the second-loudest animal sounds.,14,July,Second-loudest animal sounds,World Records & Extremes,The page says blue whale songs are second only to the 236-dB clicks of sperm whales.,high,https://www.guinnessworldrecords.com/world-records/115537-largest-animal,Animal sounds,Guinness Largest Animal,www.guinnessworldrecords.com,verified
FACT-2027-07-16-S15,16,2027-07-16,Pluto is the largest dwarf planet.,15,July,Largest dwarf planet,World Records & Extremes,NASA lists Pluto as largest dwarf planet.,high,https://science.nasa.gov/solar-system/planets/planet-sizes-and-locations-in-our-solar-system/,planetary,Planet Sizes and Locations,nasa.gov,verified
FACT-2027-07-17-S01,17,2027-07-17,The Maya are guardians of their culture.,1,July,Maya cultural guardianship,Ancient Civilizations,The page explicitly describes the Maya as guardians of their culture.,high,https://maya.nmai.si.edu/maya,Cultural Preservation,Smithsonian Maya,maya.nmai.si.edu,verified
FACT-2027-07-17-S02,17,2027-07-17,Giant pandas live in a few mountain ranges in south central China.,2,July,Geographic range,Animals,Giant pandas live in a few mountain ranges in south central China,high,https://nationalzoo.si.edu/animals/giant-panda,Habitat,Smithsonian Giant Panda,nationalzoo.si.edu,verified
FACT-2027-07-17-S03,17,2027-07-17,The caecilian family contains more than 200 species.,3,July,Caecilians include more than 200 species,Animals,"Caecilians—a family of more than 200 species of limbless, worm-like amphibians—are already strange.",high,https://nationalzoo.si.edu/animals/news/7-spooktacular-animal-facts-halloween,Taxonomy,Smithsonian Animal Facts,nationalzoo.si.edu,verified
FACT-2027-07-17-S04,17,2027-07-17,"The interactive label provides information about nutrients including fiber, added sugars, and sodium.",4,July,Nutrient information,Food,"The interactive label provides ... information for each nutrient (like fiber, added sugars, sodium, and more).",high,https://wicworks.fns.usda.gov/resources/interactive-nutrition-facts-label,Nutrition labeling,USDA Interactive Nutrition Facts Label,wicworks.fns.usda.gov,verified
FACT-2027-07-17-S05,17,2027-07-17,"A butte is a single hill or rock formation that rises sharply from a flat landscape, usually in a desert.",5,July,Butte definition,Geography,"The glossary defines butte as a single hill or rock formation rising sharply from a flat landscape, usually in a desert.",high,https://education.nationalgeographic.org/resource/landform/,Landforms,National Geographic Landform,education.nationalgeographic.org,verified
FACT-2027-07-17-S06,17,2027-07-17,Asia is bounded north by the Arctic Ocean and east by the Pacific Ocean.,6,July,Asia’s boundaries,Geography,Britannica gives these boundaries.,high,https://www.britannica.com/place/Asia,Asia,Asia,britannica.com,verified
FACT-2027-07-17-S07,17,2027-07-17,"Muscle cells generate force by contracting, or shortening.",7,July,Muscles generate force by contracting,Human Body,The page calls the ability to generate force by contracting or shortening the essential feature of muscle cells.,high,https://ncbi.nlm.nih.gov/books/NBK20361/,Musculoskeletal system,NIH Musculoskeletal and Skin Systems,ncbi.nlm.nih.gov,verified
FACT-2027-07-17-S08,17,2027-07-17,"At Bellcore, Lanny Smoot developed and patented early video streaming and teleconferencing systems.",8,July,Theatrical Technologies and Special Effects,Inventions,"Lanny Smoot fact sheet, item 5",high,https://www.invent.org/sites/default/files/2024-02/2024-Inductee-Listicle-Fact-Sheets.pdf,Video Communications,National Inventors Hall of Fame Fact Sheets,www.invent.org,verified
FACT-2027-07-17-S09,17,2027-07-17,Interest rates affect the cost of credit.,9,July,Interest rates and credit costs,Money & Economics,"“interest rates, which affect the cost of credit”",high,https://www.imf.org/external/pubs/ft/fandd/basics/pdf/jahan_money.pdf,Interest Rates,IMF Monetarism,www.imf.org,verified
FACT-2027-07-17-S10,17,2027-07-17,The global seabed has a wide range of textures.,10,July,Global seabed textures,Ocean & Marine,The global seabed has a wide range of textures.,high,https://oceanexplorer.noaa.gov/ocean-facts/,Seafloor,NOAA Ocean Exploration Facts,oceanexplorer.noaa.gov,verified
FACT-2027-07-17-S11,17,2027-07-17,"Magnitude measures earthquake size and is the same regardless of location, while intensity measures shaking and varies by location.",11,July,Magnitude versus intensity,Science,The magnitude is the same no matter where you are ... The intensity ... does vary with location.,high,https://www.usgs.gov/programs/earthquake-hazards/cool-earthquake-facts,Measurement,USGS Cool Earthquake Facts,www.usgs.gov,verified
FACT-2027-07-17-S12,17,2027-07-17,The existence of the Oort Cloud is predicted from mathematical models and observations of comets that likely originate there.,12,July,Oort Cloud evidence,Space,its existence is predicted based on mathematical models and observations of comets that likely originate there.,high,https://science.nasa.gov/solar-system/solar-system-facts/,Oort Cloud,NASA Solar System Facts,science.nasa.gov,verified
FACT-2027-07-17-S13,17,2027-07-17,MIT's TX-0 was the first general-purpose programmable computer built with transistors.,13,July,The TX-0 was the first transistorized general-purpose programmable computer,Technology,The page states this directly.,high,https://www.computerhistory.org/timeline/computers/,Personal Computing,Computer History Timeline,www.computerhistory.org,verified
FACT-2027-07-17-S14,17,2027-07-17,The lion’s mane jellyfish has tentacles that can trail up to 36.5 m.,14,July,Longest jellyfish tentacles,World Records & Extremes,"The largest jellyfish, the lion’s mane jellyfish, is described as having tentacles trailing as far as 36.5 m behind its bell.",high,https://www.guinnessworldrecords.com/world-records/115537-largest-animal,Marine animals,Guinness Largest Animal,www.guinnessworldrecords.com,verified
FACT-2027-07-17-S15,17,2027-07-17,Ceres is the smallest dwarf planet.,15,July,Smallest dwarf planet,World Records & Extremes,NASA lists Ceres as smallest dwarf planet.,high,https://science.nasa.gov/solar-system/planets/planet-sizes-and-locations-in-our-solar-system/,planetary,Planet Sizes and Locations,nasa.gov,verified
FACT-2027-07-18-S01,18,2027-07-18,The Maya actively work to rediscover their own past.,1,July,Maya rediscovery of the past,Ancient Civilizations,The page states that the Maya actively work to rediscover their own past as they look toward the future.,high,https://maya.nmai.si.edu/maya,Cultural Preservation,Smithsonian Maya,maya.nmai.si.edu,verified
FACT-2027-07-18-S02,18,2027-07-18,"Giant pandas live in Sichuan, Shaanxi, and Gansu provinces.",2,July,Chinese provinces,Animals,"in Sichuan, Shaanxi and Gansu provinces",high,https://nationalzoo.si.edu/animals/giant-panda,Habitat,Smithsonian Giant Panda,nationalzoo.si.edu,verified
FACT-2027-07-18-S03,18,2027-07-18,Certain caecilians are live-bearing.,3,July,Some caecilians give live birth,Animals,But certain live-bearing caecilians have a truly bizarre method of parenting.,high,https://nationalzoo.si.edu/animals/news/7-spooktacular-animal-facts-halloween,Reproduction,Smithsonian Animal Facts,nationalzoo.si.edu,verified
FACT-2027-07-18-S04,18,2027-07-18,"The interactive label addresses what a nutrient is, where it is found, what it does, health facts, and action steps for increasing or decreasing the amount consumed.",4,July,Label information categories,Food,What it isWhere it's foundWhat it doesHealth FactsAction steps for increasing or decreasing the amount you consume,high,https://wicworks.fns.usda.gov/resources/interactive-nutrition-facts-label,Nutrition labeling,USDA Interactive Nutrition Facts Label,wicworks.fns.usda.gov,verified
FACT-2027-07-18-S05,18,2027-07-18,"A canyon is a deep, narrow valley with steep sides.",5,July,Canyon definition,Geography,"The glossary defines canyon as a deep, narrow valley with steep sides.",high,https://education.nationalgeographic.org/resource/landform/,Landforms,National Geographic Landform,education.nationalgeographic.org,verified
FACT-2027-07-18-S06,18,2027-07-18,Asia contains Earth’s highest and lowest surface points.,6,July,Asian extremes,Geography,Britannica states Asia has both extremes.,high,https://www.britannica.com/place/Asia,Asia,Asia,britannica.com,verified
FACT-2027-07-18-S07,18,2027-07-18,Muscle contraction involves thin actin filaments and thick myosin filaments sliding past one another.,7,July,Muscle contraction uses actin and myosin,Human Body,The page describes the sliding-filament model and identifies thin filaments as actin and thick filaments as myosin.,high,https://ncbi.nlm.nih.gov/books/NBK20361/,Musculoskeletal system,NIH Musculoskeletal and Skin Systems,ncbi.nlm.nih.gov,verified
FACT-2027-07-18-S08,18,2027-07-18,"Lanny Smoot and his team patented an improved, realistic, extendable and retractable lightsaber that mimics movie special effects.",8,July,Theatrical Technologies and Special Effects,Inventions,"Lanny Smoot fact sheet, item 7",high,https://www.invent.org/sites/default/files/2024-02/2024-Inductee-Listicle-Fact-Sheets.pdf,Entertainment Technology,National Inventors Hall of Fame Fact Sheets,www.invent.org,verified
FACT-2027-07-18-S09,18,2027-07-18,The money-growth rule was intended to allow interest rates to remain flexible.,9,July,Interest-rate flexibility,Money & Economics,“The money growth rule was intended to allow interest rates ... to be flexible”,high,https://www.imf.org/external/pubs/ft/fandd/basics/pdf/jahan_money.pdf,Interest Rates,IMF Monetarism,www.imf.org,verified
FACT-2027-07-18-S10,18,2027-07-18,"Depending on location, the ocean bottom might be covered in muddy clay, sand, rocky boulders, or other features.",10,July,Seabed materials,Ocean & Marine,"Depending on where you are, the bottom of the ocean might be covered in muddy clay, sand, rocky boulders, or other features.",high,https://oceanexplorer.noaa.gov/ocean-facts/,Seafloor,NOAA Ocean Exploration Facts,oceanexplorer.noaa.gov,verified
FACT-2027-07-18-S11,18,2027-07-18,"The Wasatch Fault is 386 km long and consists of several segments, each capable of producing up to a magnitude 7.5 earthquake.",11,July,Wasatch Fault segments,Science,"The 386 km ... long Wasatch Fault is made up of several segments, each capable of producing up to a M7.5 earthquake.",high,https://www.usgs.gov/programs/earthquake-hazards/cool-earthquake-facts,Faults,USGS Cool Earthquake Facts,www.usgs.gov,verified
FACT-2027-07-18-S12,18,2027-07-18,"The Oort Cloud is made of icy pieces of space debris, some bigger than mountains.",12,July,Oort Cloud material,Space,The Oort Cloud is made of icy pieces of space debris - some bigger than mountains,high,https://science.nasa.gov/solar-system/solar-system-facts/,Oort Cloud,NASA Solar System Facts,science.nasa.gov,verified
FACT-2027-07-18-S13,18,2027-07-18,"The typical PDP-1 included a cathode-ray-tube graphic display, paper-tape input/output, and required only one operator.",13,July,The PDP-1 helped establish cathode-ray-tube displays in minicomputers,Technology,The page says these features became standards for minicomputers.,high,https://www.computerhistory.org/timeline/computers/,Computer Graphics,Computer History Timeline,www.computerhistory.org,verified
FACT-2027-07-18-S14,18,2027-07-18,The longest observed colonial animal was an Apolemia uvaria siphonophore estimated at 119 m.,14,July,Longest colonial animal,World Records & Extremes,A ribbon-like Apolemia uvaria observed off Western Australia in 2020 was estimated to have a total length of 119 m.,high,https://www.guinnessworldrecords.com/world-records/115537-largest-animal,Colonial animals,Guinness Largest Animal,www.guinnessworldrecords.com,verified
FACT-2027-07-18-S15,18,2027-07-18,Ceres is the largest object in the asteroid belt.,15,July,Largest asteroid-belt object,World Records & Extremes,NASA states Ceres is largest asteroid-belt object.,high,https://science.nasa.gov/solar-system/planets/,planetary,About the Planets,nasa.gov,verified
FACT-2027-07-19-S01,19,2027-07-19,Contemporary Maya identify themselves as direct descendants of their ancient culture.,1,July,Maya descent from ancient culture,Ancient Civilizations,"The quoted statement says, “we are the direct descendants of our ancient culture.”",high,https://maya.nmai.si.edu/maya,Maya Identity,Smithsonian Maya,maya.nmai.si.edu,verified
FACT-2027-07-19-S02,19,2027-07-19,Giant pandas live in broadleaf and coniferous forests with a dense understory of bamboo.,2,July,Forest habitat,Animals,Giant pandas live in broadleaf and coniferous forests with a dense understory of bamboo,high,https://nationalzoo.si.edu/animals/giant-panda,Habitat,Smithsonian Giant Panda,nationalzoo.si.edu,verified
FACT-2027-07-19-S03,19,2027-07-19,Developing babies of certain live-bearing caecilians use rasp-like teeth to scrape the walls of their mothers’ oviducts.,3,July,Live-bearing caecilian babies scrape maternal oviducts,Animals,Developing babies use their rasp-like teeth to scrape the walls of their mothers' oviduct.,high,https://nationalzoo.si.edu/animals/news/7-spooktacular-animal-facts-halloween,Parental feeding,Smithsonian Animal Facts,nationalzoo.si.edu,verified
FACT-2027-07-19-S04,19,2027-07-19,The interactive Nutrition Facts label resource includes a glossary.,4,July,Nutrition label glossary,Food,There's also a glossary and 16 downloadable fact sheets.,high,https://wicworks.fns.usda.gov/resources/interactive-nutrition-facts-label,Nutrition labeling,USDA Interactive Nutrition Facts Label,wicworks.fns.usda.gov,verified
FACT-2027-07-19-S05,19,2027-07-19,"Erosion is the act of earth being worn away, often by water, wind, or ice.",5,July,Definition of erosion,Geography,"The glossary defines erosion as earth being worn away, often by water, wind, or ice.",high,https://education.nationalgeographic.org/resource/landform/,Erosion,National Geographic Landform,education.nationalgeographic.org,verified
FACT-2027-07-19-S06,19,2027-07-19,Asia has the longest coastline of any continent.,6,July,Asian coastline,Geography,Britannica makes this comparison.,high,https://www.britannica.com/place/Asia,Asia,Asia,britannica.com,verified
FACT-2027-07-19-S07,19,2027-07-19,The nervous system controls muscle contraction through signals involving acetylcholine and calcium ions.,7,July,The nervous system controls muscle contraction,Human Body,"The page states that nerves release acetylcholine, triggering electrical changes and calcium release that permit actin and myosin to slide.",high,https://ncbi.nlm.nih.gov/books/NBK20361/,Musculoskeletal system,NIH Musculoskeletal and Skin Systems,ncbi.nlm.nih.gov,verified
FACT-2027-07-19-S08,19,2027-07-19,Nikon Corp. obtained a license from Harvard University for STORM in 2009.,8,July,Stochastic Optical Reconstruction Microscopy,Inventions,"Xiaowei Zhuang fact sheet, item 5",high,https://www.invent.org/sites/default/files/2024-02/2024-Inductee-Listicle-Fact-Sheets.pdf,Super-Resolution Microscopy,National Inventors Hall of Fame Fact Sheets,www.invent.org,verified
FACT-2027-07-19-S09,19,2027-07-19,Many monetarists believe markets are inherently stable in the absence of major unexpected fluctuations in the money supply.,9,July,Market stability in monetarism,Money & Economics,“Many monetarists also believe that markets are inherently stable in the absence of major unexpected fluctuations in the money supply.”,high,https://www.imf.org/external/pubs/ft/fandd/basics/pdf/jahan_money.pdf,Markets and Government,IMF Monetarism,www.imf.org,verified
FACT-2027-07-19-S10,19,2027-07-19,“Headless chicken monster” is a common name for deep ocean sea cucumbers in the genus Enypniastes.,10,July,Headless chicken monster,Ocean & Marine,“Headless chicken monster” is a common name for deep ocean sea cucumbers in the genus Enypniastes.,high,https://oceanexplorer.noaa.gov/ocean-facts/,Marine Life,NOAA Ocean Exploration Facts,oceanexplorer.noaa.gov,verified
FACT-2027-07-19-S11,19,2027-07-19,The Himalaya-Karakoram and Andes mountain ranges were created by tectonic plate movement.,11,July,Tectonic mountain formation,Science,Both were created by the movement of tectonic plates.,high,https://www.usgs.gov/programs/earthquake-hazards/cool-earthquake-facts,Mountain Building,USGS Cool Earthquake Facts,www.usgs.gov,verified
FACT-2027-07-19-S12,19,2027-07-19,Oort Cloud objects orbit the Sun as far as 1.6 light-years away.,12,July,Oort Cloud distance,Space,orbiting our Sun as far as 1.6 light-years away.,high,https://science.nasa.gov/solar-system/solar-system-facts/,Oort Cloud,NASA Solar System Facts,science.nasa.gov,verified
FACT-2027-07-19-S13,19,2027-07-19,The Atlas computer introduced virtual memory by using a disk or drum as an extension of main memory.,13,July,Atlas introduced virtual memory,Technology,The page defines virtual memory in these terms.,high,https://www.computerhistory.org/timeline/computers/,Computer Architecture,Computer History Timeline,www.computerhistory.org,verified
FACT-2027-07-19-S14,19,2027-07-19,"Perucetus has been proposed as a potential heaviest animal, with an estimated mass of up to 340 tonnes, but the claim is unconfirmed.",14,July,Potential heaviest animal,World Records & Extremes,"Researchers argued that Perucetus may have weighed as much as 340 tonnes, while the page says more evidence is needed before it can take the record from the blue whale.",high,https://www.guinnessworldrecords.com/world-records/115537-largest-animal,Extinct animals,Guinness Largest Animal,www.guinnessworldrecords.com,verified
FACT-2027-07-19-S15,19,2027-07-19,A solar-system orbit around the Milky Way takes about 230 million years.,15,July,Longest planetary year,World Records & Extremes,NASA gives approximately 230 million years.,high,https://science.nasa.gov/solar-system/solar-system-facts/,planetary,Solar System: Facts,nasa.gov,verified
FACT-2027-07-20-S01,20,2027-07-20,Contemporary Maya describe their ancient culture as having expert builders.,1,July,Maya expert builders,Ancient Civilizations,The quoted statement describes the ancient culture as being made up of “expert builders.”,high,https://maya.nmai.si.edu/maya,Maya Skills,Smithsonian Maya,maya.nmai.si.edu,verified
FACT-2027-07-20-S02,20,2027-07-20,"Giant pandas live at elevations between 5,000 and 10,000 feet.",2,July,Elevation range,Animals,"at elevations between 5,000 and 10,000 feet",high,https://nationalzoo.si.edu/animals/giant-panda,Habitat,Smithsonian Giant Panda,nationalzoo.si.edu,verified
FACT-2027-07-20-S03,20,2027-07-20,Developing babies of certain live-bearing caecilians drink nutrient-filled fluid released from the mothers’ oviducts.,3,July,Live-bearing caecilian babies drink oviduct fluid,Animals,Drink the nutrient-filled fluid that oozes out.,high,https://nationalzoo.si.edu/animals/news/7-spooktacular-animal-facts-halloween,Parental feeding,Smithsonian Animal Facts,nationalzoo.si.edu,verified
FACT-2027-07-20-S04,20,2027-07-20,The interactive Nutrition Facts label resource includes 16 downloadable fact sheets.,4,July,Downloadable fact sheets,Food,There's also a glossary and 16 downloadable fact sheets.,high,https://wicworks.fns.usda.gov/resources/interactive-nutrition-facts-label,Nutrition labeling,USDA Interactive Nutrition Facts Label,wicworks.fns.usda.gov,verified
FACT-2027-07-20-S05,20,2027-07-20,The Grand Canyon is a large gorge made by the Colorado River in Arizona.,5,July,Grand Canyon definition,Geography,The glossary describes the Grand Canyon as a large gorge made by the Colorado River in the U.S. state of Arizona.,high,https://education.nationalgeographic.org/resource/landform/,Landforms,National Geographic Landform,education.nationalgeographic.org,verified
FACT-2027-07-20-S06,20,2027-07-20,Asia experiences the world’s widest climatic extremes.,6,July,Asian climate,Geography,Britannica describes Asia’s climatic range.,high,https://www.britannica.com/place/Asia,Asia,Asia,britannica.com,verified
FACT-2027-07-20-S07,20,2027-07-20,Skeletal muscles work in opposing pairs to move limbs in different directions.,7,July,Skeletal muscles work in antagonistic pairs,Human Body,"The page explains that limb movement requires pairs of muscles, such as the biceps and triceps, to alternate contraction and relaxation.",high,https://ncbi.nlm.nih.gov/books/NBK20361/,Musculoskeletal system,NIH Musculoskeletal and Skin Systems,ncbi.nlm.nih.gov,verified
FACT-2027-07-20-S08,20,2027-07-20,Nikon introduced its N-STORM microscope in 2010.,8,July,Stochastic Optical Reconstruction Microscopy,Inventions,"Xiaowei Zhuang fact sheet, item 5",high,https://www.invent.org/sites/default/files/2024-02/2024-Inductee-Listicle-Fact-Sheets.pdf,Super-Resolution Microscopy,National Inventors Hall of Fame Fact Sheets,www.invent.org,verified
FACT-2027-07-20-S09,20,2027-07-20,Monetarists believe government intervention can often destabilize the economy more than help it.,9,July,Government intervention,Money & Economics,“They also assert that government intervention can often destabilize the economy more than help it.”,high,https://www.imf.org/external/pubs/ft/fandd/basics/pdf/jahan_money.pdf,Markets and Government,IMF Monetarism,www.imf.org,verified
FACT-2027-07-20-S10,20,2027-07-20,Deep ocean sea cucumbers in the genus Enypniastes are also nicknamed “Spanish dancers” because of their flowing movements.,10,July,Spanish dancers,Ocean & Marine,Their flowing movements have also earned them the more elegant nickname “Spanish dancers.”,high,https://oceanexplorer.noaa.gov/ocean-facts/,Marine Life,NOAA Ocean Exploration Facts,oceanexplorer.noaa.gov,verified
FACT-2027-07-20-S11,20,2027-07-20,"The mid-ocean ridge is the world’s longest mountain range, extending about 64,374 km.",11,July,Longest mountain range,Science,"The longest mountain range in the world ... is the mid-ocean ridge, extending 64,374 km.",high,https://www.usgs.gov/programs/earthquake-hazards/cool-earthquake-facts,Mountain Ranges,USGS Cool Earthquake Facts,www.usgs.gov,verified
FACT-2027-07-20-S12,20,2027-07-20,"The Oort Cloud extends from 5,000 astronomical units to 100,000 astronomical units.",12,July,Oort Cloud thickness,Space,"This shell of material is thick, extending from 5,000 astronomical units to 100,000 astronomical units.",high,https://science.nasa.gov/solar-system/solar-system-facts/,Oort Cloud,NASA Solar System Facts,science.nasa.gov,verified
FACT-2027-07-20-S13,20,2027-07-20,"System control on Atlas was provided by the Atlas Supervisor, which some consider the first true operating system.",13,July,The Atlas Supervisor may have been the first true operating system,Technology,The page makes this qualified historical claim.,high,https://www.computerhistory.org/timeline/computers/,Operating Systems,Computer History Timeline,www.computerhistory.org,verified
FACT-2027-07-20-S14,20,2027-07-20,Adult male African bush elephants are the largest living terrestrial animals by mass.,14,July,Largest living terrestrial animal,World Records & Extremes,The page describes adult male African bush elephants as typically weighing 4–7 tonnes and compares them with blue whales as the largest living terrestrial animals.,high,https://www.guinnessworldrecords.com/world-records/115537-largest-animal,Land animals,Guinness Largest Animal,www.guinnessworldrecords.com,verified
FACT-2027-07-20-S15,20,2027-07-20,Jupiter and Saturn lead the solar system in moon counts.,15,July,Largest planetary moon count leaders,World Records & Extremes,NASA says Jupiter and Saturn lead moon counts.,high,https://science.nasa.gov/solar-system/solar-system-facts/,planetary,Solar System: Facts,nasa.gov,verified
FACT-2027-07-21-S01,21,2027-07-21,Contemporary Maya describe their ancient culture as having excellent astronomers.,1,July,Maya astronomers,Ancient Civilizations,The quoted statement describes the ancient culture as being made up of “excellent astronomers.”,high,https://maya.nmai.si.edu/maya,Astronomy,Smithsonian Maya,maya.nmai.si.edu,verified
FACT-2027-07-21-S02,21,2027-07-21,The estimated lifespan of a wild giant panda is about 15 to 20 years.,2,July,Wild lifespan,Animals,They estimate that lifespan is about 15-20 years for wild pandas,high,https://nationalzoo.si.edu/animals/giant-panda,Lifespan,Smithsonian Giant Panda,nationalzoo.si.edu,verified
FACT-2027-07-21-S03,21,2027-07-21,Some caecilians are egg-laying.,3,July,Some caecilians lay eggs,Animals,"In some egg-laying caecilians, babies peel off and eat fatty chunks of their mother’s skin.",high,https://nationalzoo.si.edu/animals/news/7-spooktacular-animal-facts-halloween,Reproduction,Smithsonian Animal Facts,nationalzoo.si.edu,verified
FACT-2027-07-21-S04,21,2027-07-21,"Resources on the new Nutrition Facts label include a side-by-side comparison of the new and old label, information on dual column labeling, videos, images, and social media posts.",4,July,New Nutrition Facts label resources,Food,"Want more resources on the new Nutrition Facts label, such as a side-by-side comparison of the new and old label, information on dual column labeling, videos, images, social media posts and more?",high,https://wicworks.fns.usda.gov/resources/interactive-nutrition-facts-label,Nutrition resources,USDA Interactive Nutrition Facts Label,wicworks.fns.usda.gov,verified
FACT-2027-07-21-S05,21,2027-07-21,"A hill is land that rises above its surroundings and has a rounded summit, usually less than 300 meters or 1,000 feet high.",5,July,Hill definition,Geography,"The glossary defines hill as land rising above its surroundings with a rounded summit, usually less than 300 meters (1,000 feet).",high,https://education.nationalgeographic.org/resource/landform/,Landforms,National Geographic Landform,education.nationalgeographic.org,verified
FACT-2027-07-21-S06,21,2027-07-21,Asia produces highly varied vegetation and animal life.,6,July,Asian biodiversity,Geography,Britannica links its climatic extremes to varied life.,high,https://www.britannica.com/place/Asia,Asia,Asia,britannica.com,verified
FACT-2027-07-21-S07,21,2027-07-21,Exercise reduces the risk of heart disease and obesity and can reduce complications of diabetes.,7,July,Exercise reduces certain health risks,Human Body,The page explicitly lists these effects of exercise.,high,https://ncbi.nlm.nih.gov/books/NBK20361/,Musculoskeletal system,NIH Musculoskeletal and Skin Systems,ncbi.nlm.nih.gov,verified
FACT-2027-07-21-S08,21,2027-07-21,Xiaowei Zhuang is a co-founder and scientific and technical advisory board member at Vizgen Inc.,8,July,Stochastic Optical Reconstruction Microscopy,Inventions,"Xiaowei Zhuang fact sheet, item 6",high,https://www.invent.org/sites/default/files/2024-02/2024-Inductee-Listicle-Fact-Sheets.pdf,Super-Resolution Microscopy,National Inventors Hall of Fame Fact Sheets,www.invent.org,verified
FACT-2027-07-21-S09,21,2027-07-21,Monetarists believe there is no long-run trade-off between inflation and unemployment.,9,July,Long-run inflation-unemployment trade-off,Money & Economics,“Monetarists also believe that there is no long-run trade-off between inflation and unemployment”,high,https://www.imf.org/external/pubs/ft/fandd/basics/pdf/jahan_money.pdf,Inflation and Unemployment,IMF Monetarism,www.imf.org,verified
FACT-2027-07-21-S10,21,2027-07-21,The fangtooth Anoplogaster cornuta has the biggest teeth of any ocean animal compared to its body size.,10,July,Fangtooth teeth relative to body size,Ocean & Marine,The fangtooth Anoplogaster cornuta has the biggest teeth of any ocean animal compared to its body size.,high,https://oceanexplorer.noaa.gov/ocean-facts/,Marine Life,NOAA Ocean Exploration Facts,oceanexplorer.noaa.gov,verified
FACT-2027-07-21-S11,21,2027-07-21,There is no known earthquake weather; earthquakes are equally distributed across reported weather conditions.,11,July,Earthquake weather,Science,"As far as we know, there is no such thing as ""earthquake weather"". Statistically, there is an equal distribution of earthquakes in cold weather, hot weather, rainy weather, etc.",high,https://www.usgs.gov/programs/earthquake-hazards/cool-earthquake-facts,Earthquake Causes,USGS Cool Earthquake Facts,www.usgs.gov,verified
FACT-2027-07-21-S12,21,2027-07-21,"One astronomical unit is the distance from the Sun to Earth, approximately 93 million miles (150 million kilometers).",12,July,Astronomical unit definition,Space,"One astronomical unit (or AU) is the distance from the Sun to Earth, or about 93 million miles (150 million kilometers).",high,https://science.nasa.gov/solar-system/solar-system-facts/,Units,NASA Solar System Facts,science.nasa.gov,verified
FACT-2027-07-21-S13,21,2027-07-21,The PDP-8 was the first commercially successful minicomputer.,13,July,The PDP-8 was the first commercially successful minicomputer,Technology,"The page states that it sold by the thousands to manufacturing plants, businesses, and laboratories worldwide.",high,https://www.computerhistory.org/timeline/computers/,Minicomputers,Computer History Timeline,www.computerhistory.org,verified
FACT-2027-07-21-S14,21,2027-07-21,Male giraffes are the tallest animals alive today.,14,July,Tallest living animal,World Records & Extremes,Male giraffes can grow 4.6–5.5 m from hoof to ossicones and are identified as the tallest animals that exist today.,high,https://www.guinnessworldrecords.com/world-records/115537-largest-animal,Land animals,Guinness Largest Animal,www.guinnessworldrecords.com,verified
FACT-2027-07-21-S15,21,2027-07-21,Mercury has no moons.,15,July,Planet with no moons,World Records & Extremes,NASA identifies Mercury among planets with no moons.,high,https://science.nasa.gov/solar-system/planets/,planetary,About the Planets,nasa.gov,verified
FACT-2027-07-22-S01,22,2027-07-22,Contemporary Maya describe their ancient culture as having precise calendar keepers.,1,July,Maya calendar keepers,Ancient Civilizations,The quoted statement describes the ancient culture as being made up of “precise calendar keepers.”,high,https://maya.nmai.si.edu/maya,Calendars,Smithsonian Maya,maya.nmai.si.edu,verified
FACT-2027-07-22-S02,22,2027-07-22,The estimated lifespan of a giant panda in human care is about 30 years.,2,July,Human-care lifespan,Animals,about 30 years for those in human care,high,https://nationalzoo.si.edu/animals/giant-panda,Lifespan,Smithsonian Giant Panda,nationalzoo.si.edu,verified
FACT-2027-07-22-S03,22,2027-07-22,Babies of some egg-laying caecilians peel off and eat fatty pieces of their mother’s skin.,3,July,Some caecilian babies eat their mother’s skin,Animals,"In some egg-laying caecilians, babies peel off and eat fatty chunks of their mother’s skin.",high,https://nationalzoo.si.edu/animals/news/7-spooktacular-animal-facts-halloween,Parental feeding,Smithsonian Animal Facts,nationalzoo.si.edu,verified
FACT-2027-07-22-S04,22,2027-07-22,The related resource titled “Calories on the Menu” provides nutrition information in restaurants.,4,July,Restaurant nutrition information,Food,Calories on the Menu | nutrition information in restaurants,high,https://wicworks.fns.usda.gov/resources/interactive-nutrition-facts-label,Nutrition resources,USDA Interactive Nutrition Facts Label,wicworks.fns.usda.gov,verified
FACT-2027-07-22-S05,22,2027-07-22,"The Himalaya Mountains extend for about 2,500 kilometers, or 1,550 miles.",5,July,Himalaya Mountains extent,Geography,"The glossary states that the Himalaya Mountains extend for about 2,500 kilometers (1,550 miles).",high,https://education.nationalgeographic.org/resource/landform/,Mountains,National Geographic Landform,education.nationalgeographic.org,verified
FACT-2027-07-22-S06,22,2027-07-22,"The Amazon system crosses Peru, Ecuador, Colombia, Venezuela, Bolivia and Brazil.",6,July,Amazon countries,Geography,Britannica lists these countries.,high,https://www.britannica.com/place/Amazon-River,South America,Amazon River,britannica.com,verified
FACT-2027-07-22-S07,22,2027-07-22,Skin is the largest organ of the human body.,7,July,Skin is the largest organ,Human Body,The page directly identifies skin as the largest human organ.,high,https://ncbi.nlm.nih.gov/books/NBK20361/,Skin,NIH Musculoskeletal and Skin Systems,ncbi.nlm.nih.gov,verified
FACT-2027-07-22-S08,22,2027-07-22,"Since the invention of the Ski-Doo snowmobile, an estimated 136,000 miles of signed and maintained snowmobile trails in North America have been developed by snowmobile clubs and associations.",8,July,Snowmobile,Inventions,"Joseph-Armand Bombardier fact sheet, item 8",high,https://www.invent.org/sites/default/files/2024-02/2024-Inductee-Listicle-Fact-Sheets.pdf,Automotive Technology,National Inventors Hall of Fame Fact Sheets,www.invent.org,verified
FACT-2027-07-22-S09,22,2027-07-22,Monetarists believe the economy settles at long-run equilibrium at a full-employment level of output.,9,July,Long-run full employment,Money & Economics,“the economy settles at long-run equilibrium at a full employment level of output”,high,https://www.imf.org/external/pubs/ft/fandd/basics/pdf/jahan_money.pdf,Macroeconomic Equilibrium,IMF Monetarism,www.imf.org,verified
FACT-2027-07-22-S10,22,2027-07-22,The fangtooth Anoplogaster cornuta has a maximum body size of 7 inches (17 centimeters) long.,10,July,Fangtooth maximum body size,Ocean & Marine,Its maximum body size is only 7 inches (17 centimeters) long.,high,https://oceanexplorer.noaa.gov/ocean-facts/,Marine Life,NOAA Ocean Exploration Facts,oceanexplorer.noaa.gov,verified
FACT-2027-07-22-S11,22,2027-07-22,Earth’s outer core is liquid and does not transmit shear-wave energy.,11,July,Earth’s outer core,Science,"The inner core is solid, and the outer core is liquid and so does not transmit the shear wave energy.",high,https://www.usgs.gov/programs/earthquake-hazards/cool-earthquake-facts,Earth Structure,USGS Cool Earthquake Facts,www.usgs.gov,verified
FACT-2027-07-22-S12,22,2027-07-22,The Oort Cloud is the boundary of the Sun's gravitational influence.,12,July,Oort Cloud gravitational boundary,Space,The Oort Cloud is the boundary of the Sun's gravitational influence,high,https://science.nasa.gov/solar-system/solar-system-facts/,Oort Cloud,NASA Solar System Facts,science.nasa.gov,verified
FACT-2027-07-22-S13,22,2027-07-22,All IBM System/360 models could run the same software largely without modification.,13,July,IBM System/360 models could run the same software,Technology,The page describes this compatibility as a feature of the new computer family.,high,https://www.computerhistory.org/timeline/computers/,Computer Compatibility,Computer History Timeline,www.computerhistory.org,verified
FACT-2027-07-22-S14,22,2027-07-22,Plant-eating sauropods were the biggest animals ever to walk on land.,14,July,Largest animals ever to walk on land,World Records & Extremes,The page states that plant-eating sauropods were the biggest animals ever to walk on land.,high,https://www.guinnessworldrecords.com/world-records/115537-largest-animal,Extinct land animals,Guinness Largest Animal,www.guinnessworldrecords.com,verified
FACT-2027-07-22-S15,22,2027-07-22,Venus has no moons.,15,July,"Planet with no moons, second",World Records & Extremes,NASA identifies Venus among planets with no moons.,high,https://science.nasa.gov/solar-system/planets/,planetary,About the Planets,nasa.gov,verified
FACT-2027-07-23-S01,23,2027-07-23,Contemporary Maya describe their ancient culture as having experienced artists.,1,July,Maya artists,Ancient Civilizations,The quoted statement describes the ancient culture as being made up of “experienced artists.”,high,https://maya.nmai.si.edu/maya,Arts,Smithsonian Maya,maya.nmai.si.edu,verified
FACT-2027-07-23-S02,23,2027-07-23,Giant pandas are typically solitary animals.,2,July,Solitary behavior,Animals,as they are typically a solitary animal,high,https://nationalzoo.si.edu/animals/giant-panda,Communication,Smithsonian Giant Panda,nationalzoo.si.edu,verified
FACT-2027-07-23-S03,23,2027-07-23,Some egg-laying caecilian mothers secrete a milk-like fluid that their babies consume.,3,July,Some caecilian mothers secrete milk-like fluid,Animals,And even lap up a “milk-like” fluid she secretes to keep them fed.,high,https://nationalzoo.si.edu/animals/news/7-spooktacular-animal-facts-halloween,Parental feeding,Smithsonian Animal Facts,nationalzoo.si.edu,verified
FACT-2027-07-23-S04,23,2027-07-23,The related resource titled “Health Educator's Nutrition Toolkit” concerns setting the table for healthy eating.,4,July,Healthy eating toolkit,Food,Health Educator's Nutrition Toolkit: Setting the Table for Healthy Eating,high,https://wicworks.fns.usda.gov/resources/interactive-nutrition-facts-label,Nutrition education,USDA Interactive Nutrition Facts Label,wicworks.fns.usda.gov,verified
FACT-2027-07-23-S05,23,2027-07-23,The Himalaya Mountains separate the Indian subcontinent from the rest of Asia.,5,July,Himalaya Mountains location,Geography,The glossary states that the Himalaya Mountains separate the Indian subcontinent from the rest of Asia.,high,https://education.nationalgeographic.org/resource/landform/,Mountains,National Geographic Landform,education.nationalgeographic.org,verified
FACT-2027-07-23-S06,23,2027-07-23,About two-thirds of the Amazon’s main stream lies in Brazil.,6,July,Amazon in Brazil,Geography,Britannica reports this share.,high,https://www.britannica.com/place/Amazon-River,South America,Amazon River,britannica.com,verified
FACT-2027-07-23-S07,23,2027-07-23,Skin provides a barrier against microorganisms and toxins.,7,July,Skin forms a protective barrier,Human Body,The page lists providing a barrier to microorganisms and toxins among skin's functions.,high,https://ncbi.nlm.nih.gov/books/NBK20361/,Skin,NIH Musculoskeletal and Skin Systems,ncbi.nlm.nih.gov,verified
FACT-2027-07-23-S08,23,2027-07-23,George Washington Murray submitted to the Congressional Record a document known as Baker's List that named 92 U.S. patents granted to Black inventors.,8,July,Agricultural Machinery,Inventions,"George Washington Murray fact sheet, item 7",high,https://www.invent.org/sites/default/files/2024-02/2024-Inductee-Listicle-Fact-Sheets.pdf,Agricultural Machinery,National Inventors Hall of Fame Fact Sheets,www.invent.org,verified
FACT-2027-07-23-S09,23,2027-07-23,Keynesians believe that demand for goods and services is the key to economic output.,9,July,Keynesian view of economic output,Money & Economics,“Keynesians ... believe that demand for goods and services is the key to economic output.”,high,https://www.imf.org/external/pubs/ft/fandd/basics/pdf/jahan_money.pdf,Keynesian Economics,IMF Monetarism,www.imf.org,verified
FACT-2027-07-23-S10,23,2027-07-23,"The University of Arizona swimming pool lost water from earthquake-induced sloshing during the 1985 magnitude 8.1 Michoacan earthquake 2,000 km away.",10,July,Distant seiche,Science,"The swimming pool at the University of Arizona in Tucson lost water from sloshing ... caused by the 1985 M8.1 Michoacan, Mexico earthquake 2000 km away.",high,https://www.usgs.gov/programs/earthquake-hazards/cool-earthquake-facts,Seismic Effects,USGS Cool Earthquake Facts,www.usgs.gov,verified
FACT-2027-07-23-S11,23,2027-07-23,The heliosphere is a bubble created by the solar wind.,11,July,Heliosphere definition,Space,The heliosphere is the bubble created by the solar wind,high,https://science.nasa.gov/solar-system/solar-system-facts/,Heliosphere,NASA Solar System Facts,science.nasa.gov,verified
FACT-2027-07-23-S12,23,2027-07-23,The HP 2116A was HP's first commercial product to use integrated circuits.,12,July,The HP 2116A marked HP's first commercial use of integrated circuits,Technology,The page explicitly identifies this milestone.,high,https://www.computerhistory.org/timeline/computers/,Integrated Circuits,Computer History Timeline,www.computerhistory.org,verified
FACT-2027-07-23-S13,23,2027-07-23,Titanosaurs such as Argentinosaurus and Patagotitan may have reached 30–40 m and weighed 50–75 tonnes.,13,July,Largest titanosaurs,World Records & Extremes,Conservative estimates give these titanosaurs lengths of 30–40 m and masses of approximately 50–75 tonnes.,high,https://www.guinnessworldrecords.com/world-records/115537-largest-animal,Extinct land animals,Guinness Largest Animal,www.guinnessworldrecords.com,verified
FACT-2027-07-23-S14,23,2027-07-23,"Jupiter's equatorial diameter is about 142,984 km.",14,July,Largest planet diameter,World Records & Extremes,"NASA gives 142,984 km.",high,https://science.nasa.gov/solar-system/planets/planet-sizes-and-locations-in-our-solar-system/,planetary,Planet Sizes and Locations,nasa.gov,verified
FACT-2027-07-24-S01,24,2027-07-24,Contemporary Maya give continuity to their traditions.,1,July,Continuity of Maya traditions,Ancient Civilizations,"The quoted statement says, “We give continuity to our traditions.”",high,https://maya.nmai.si.edu/maya,Culture,Smithsonian Maya,maya.nmai.si.edu,verified
FACT-2027-07-24-S02,24,2027-07-24,Most giant panda communication is accomplished through scent marking throughout their habitat and territory.,2,July,Scent marking,Animals,Most of their communication is accomplished through scent marking throughout their habitat and territory.,high,https://nationalzoo.si.edu/animals/giant-panda,Communication,Smithsonian Giant Panda,nationalzoo.si.edu,verified
FACT-2027-07-24-S03,24,2027-07-24,Eating pieces of an adult caecilian’s skin provides babies with nutrients necessary for growth.,3,July,Maternal skin provides caecilian babies with growth nutrients,Animals,Eating chunks of an adult's skin provides the babies with nutrients necessary for growth.,high,https://nationalzoo.si.edu/animals/news/7-spooktacular-animal-facts-halloween,Development,Smithsonian Animal Facts,nationalzoo.si.edu,verified
FACT-2027-07-24-S04,24,2027-07-24,"The “Making Your Own Baby Food” resource provides tips, recipes, and a how-to video for making baby food at home.",4,July,Making baby food,Food,"University of Maine Extension provides tips, recipes, and a how-to video for making baby food at home",high,https://wicworks.fns.usda.gov/resources/interactive-nutrition-facts-label,Infant feeding,USDA Interactive Nutrition Facts Label,wicworks.fns.usda.gov,verified
FACT-2027-07-24-S05,24,2027-07-24,A landform is a specific natural feature on Earth's surface.,5,July,Landform glossary definition,Geography,The glossary defines landform as a specific natural feature on Earth's surface.,high,https://education.nationalgeographic.org/resource/landform/,Landforms,National Geographic Landform,education.nationalgeographic.org,verified
FACT-2027-07-24-S06,24,2027-07-24,The Amazon has three Atlantic outlets.,6,July,Amazon outlets,Geography,Britannica describes three outlets near Marajó Island.,high,https://www.britannica.com/place/Amazon-River,South America,Amazon River,britannica.com,verified
FACT-2027-07-24-S07,24,2027-07-24,Skin helps prevent the body from drying out.,7,July,Skin prevents dehydration,Human Body,The page states that skin prevents us from drying out.,high,https://ncbi.nlm.nih.gov/books/NBK20361/,Skin,NIH Musculoskeletal and Skin Systems,ncbi.nlm.nih.gov,verified
FACT-2027-07-24-S08,24,2027-07-24,"Mary Florence Potts' irons were featured at the Centennial International Exhibition of 1876 in Philadelphia, the first official World's Fair in the United States.",8,July,Cold-Handle Sad Iron,Inventions,"Mary Florence Potts fact sheet, item 4",high,https://www.invent.org/sites/default/files/2024-02/2024-Inductee-Listicle-Fact-Sheets.pdf,Household Appliances,National Inventors Hall of Fame Fact Sheets,www.invent.org,verified
FACT-2027-07-24-S09,24,2027-07-24,Keynesians contend that velocity is inherently unstable.,9,July,Keynesian view of velocity,Money & Economics,“They contend that monetarism falters ... because velocity is inherently unstable”,high,https://www.imf.org/external/pubs/ft/fandd/basics/pdf/jahan_money.pdf,Keynesian Economics,IMF Monetarism,www.imf.org,verified
FACT-2027-07-24-S10,24,2027-07-24,Most earthquakes occur at depths less than 80 km.,10,July,Typical earthquake depth,Science,Most earthquakes occur at depths of less than 80 km (50 miles) from the Earth’s surface.,high,https://www.usgs.gov/programs/earthquake-hazards/cool-earthquake-facts,Earthquake Depth,USGS Cool Earthquake Facts,www.usgs.gov,verified
FACT-2027-07-24-S11,24,2027-07-24,The solar wind is a stream of electrically charged gas blowing outward from the Sun in all directions.,11,July,Solar wind composition and direction,Space,a stream of electrically charged gas blowing outward from the Sun in all directions.,high,https://science.nasa.gov/solar-system/solar-system-facts/,Solar Wind,NASA Solar System Facts,science.nasa.gov,verified
FACT-2027-07-24-S12,24,2027-07-24,"The Xerox Alto used windows, icons, and a mouse as part of its graphical user interface.",12,July,The Xerox Alto used a graphical user interface,Technology,The page states that the Alto was based on this graphical interface and used a local area network.,high,https://www.computerhistory.org/timeline/computers/,Computer Graphics,Computer History Timeline,www.computerhistory.org,verified
FACT-2027-07-24-S13,24,2027-07-24,Paraceratherium may have stood up to 4.8 m at the shoulder and weighed more than 18 tonnes.,13,July,Largest extinct mammal by size,World Records & Extremes,The rhino-like Paraceratherium is described as potentially reaching 4.8 m at the shoulder and exceeding 18 tonnes.,high,https://www.guinnessworldrecords.com/world-records/115537-largest-animal,Extinct mammals,Guinness Largest Animal,www.guinnessworldrecords.com,verified
FACT-2027-07-24-S14,24,2027-07-24,"Mercury's equatorial diameter is about 4,880 km.",14,July,Smallest planet diameter,World Records & Extremes,"NASA gives 4,880 km.",high,https://science.nasa.gov/solar-system/planets/planet-sizes-and-locations-in-our-solar-system/,planetary,Planet Sizes and Locations,nasa.gov,verified
FACT-2027-07-25-S01,25,2027-07-25,Contemporary Maya describe themselves as worthy heirs of their origins.,1,July,Maya heirs of their origins,Ancient Civilizations,"The quoted statement says, “we are worthy heirs of our origins.”",high,https://maya.nmai.si.edu/maya,Maya Identity,Smithsonian Maya,maya.nmai.si.edu,verified
FACT-2027-07-25-S02,25,2027-07-25,A giant panda needs to consume 70 to 100 pounds of bamboo each day.,2,July,Bamboo diet,Animals,a panda needs to consume a comparatively large amount of food—from 70 to 100 pounds of bamboo each day,high,https://nationalzoo.si.edu/animals/giant-panda,Food/Eating Habits,Smithsonian Giant Panda,nationalzoo.si.edu,verified
FACT-2027-07-25-S03,25,2027-07-25,The behavioral adaptations described on the page aid the animals’ survival in the wild.,3,July,Animal behavioral adaptations aid survival,Animals,Each behavioral adaptation aids the animals’ survival in the wild.,high,https://nationalzoo.si.edu/animals/news/7-spooktacular-animal-facts-halloween,Ecology,Smithsonian Animal Facts,nationalzoo.si.edu,verified
FACT-2027-07-25-S04,25,2027-07-25,The “Calcium - Health Professional and Consumer Information” resource provides information for health professionals and consumers.,4,July,Calcium information,Food,This NIH site provides information for both health professionals and consumers,high,https://wicworks.fns.usda.gov/resources/interactive-nutrition-facts-label,Nutrients,USDA Interactive Nutrition Facts Label,wicworks.fns.usda.gov,verified
FACT-2027-07-25-S05,25,2027-07-25,"The Mariana Trench reaches 11,000 meters, or 36,198 feet, at its deepest point.",5,July,Mariana Trench maximum depth,Geography,"The glossary gives the Mariana Trench's deepest point as 11,000 meters (36,198 feet).",high,https://education.nationalgeographic.org/resource/landform/,Underwater Geography,National Geographic Landform,education.nationalgeographic.org,verified
FACT-2027-07-25-S06,25,2027-07-25,The Amazon’s exact length remains disputed because its source and endpoint are complex.,6,July,Amazon uncertainty,Geography,Britannica says no definitive measure is available.,high,https://www.britannica.com/place/Amazon-River,South America,Amazon River,britannica.com,verified
FACT-2027-07-25-S07,25,2027-07-25,Skin helps maintain temperature control.,7,July,Skin helps regulate temperature,Human Body,The page lists temperature control as one of skin's roles.,high,https://ncbi.nlm.nih.gov/books/NBK20361/,Skin,NIH Musculoskeletal and Skin Systems,ncbi.nlm.nih.gov,verified
FACT-2027-07-25-S08,25,2027-07-25,"When the patent rights expired in the 1890s, many ironworks copied Potts' original sad iron design.",8,July,Cold-Handle Sad Iron,Inventions,"Mary Florence Potts fact sheet, item 5",high,https://www.invent.org/sites/default/files/2024-02/2024-Inductee-Listicle-Fact-Sheets.pdf,Household Appliances,National Inventors Hall of Fame Fact Sheets,www.invent.org,verified
FACT-2027-07-25-S09,25,2027-07-25,Keynesians believe the Federal Reserve should have discretion in conducting policy rather than being bound to a preordained money target.,9,July,Keynesian policy discretion,Money & Economics,“the Fed should have some leeway or ‘discretion’ in conducting policy.”,high,https://www.imf.org/external/pubs/ft/fandd/basics/pdf/jahan_money.pdf,Keynesian Economics,IMF Monetarism,www.imf.org,verified
FACT-2027-07-25-S10,25,2027-07-25,The San Andreas Fault is a fault zone made of many segments rather than one continuous fault.,10,July,San Andreas Fault structure,Science,"The San Andreas fault is NOT a single, continuous fault, but rather is actually a fault zone made up of many segments.",high,https://www.usgs.gov/programs/earthquake-hazards/cool-earthquake-facts,Faults,USGS Cool Earthquake Facts,www.usgs.gov,verified
FACT-2027-07-25-S11,25,2027-07-25,The termination shock is the boundary where the solar wind is abruptly slowed by pressure from interstellar gases.,11,July,Termination shock,Space,The boundary where the solar wind is abruptly slowed by pressure from interstellar gases is called the termination shock.,high,https://science.nasa.gov/solar-system/solar-system-facts/,Heliosphere,NASA Solar System Facts,science.nasa.gov,verified
FACT-2027-07-25-S12,25,2027-07-25,The Altair 8800 was a computer kit whose maker received a large volume of orders within weeks of its appearance in Popular Electronics.,12,July,The Altair 8800 helped establish the personal computer market,Technology,The page says Ed Roberts coined the term personal computer and describes the Altair's expandable memory and S-100 bus.,high,https://www.computerhistory.org/timeline/computers/,Personal Computing,Computer History Timeline,www.computerhistory.org,verified
FACT-2027-07-25-S13,25,2027-07-25,Megalodon is a contender for the largest fish ever.,13,July,Largest fish contender,World Records & Extremes,"The page states that Megalodon, estimated at up to 20 m long, is a prime contender to have been the largest fish ever.",high,https://www.guinnessworldrecords.com/world-records/115537-largest-animal,Extinct marine animals,Guinness Largest Animal,www.guinnessworldrecords.com,verified
FACT-2027-07-25-S14,25,2027-07-25,"Pluto's equatorial diameter is about 2,377 km.",14,July,Largest dwarf planet diameter,World Records & Extremes,"NASA gives 2,377 km.",high,https://science.nasa.gov/solar-system/planets/planet-sizes-and-locations-in-our-solar-system/,planetary,Planet Sizes and Locations,nasa.gov,verified
FACT-2027-07-26-S01,26,2027-07-26,“Weyano’one” means “we are here.”,1,July,Maya presence,Ancient Civilizations,The page provides the phrase “Weyano’one–we are here.”,high,https://maya.nmai.si.edu/maya,Maya Identity,Smithsonian Maya,maya.nmai.si.edu,verified
FACT-2027-07-26-S02,26,2027-07-26,A giant panda spends 10 to 16 hours a day foraging and eating.,2,July,Foraging time,Animals,a panda must spend 10 to 16 hours a day foraging and eating,high,https://nationalzoo.si.edu/animals/giant-panda,Food/Eating Habits,Smithsonian Giant Panda,nationalzoo.si.edu,verified
FACT-2027-07-26-S03,26,2027-07-26,The described animal traits showcase the incredible diversity of life on Earth.,3,July,Animal traits showcase life’s diversity,Animals,"Traits like these seem strange, but showcase the incredible diversity of life on our planet.",high,https://nationalzoo.si.edu/animals/news/7-spooktacular-animal-facts-halloween,Biodiversity,Smithsonian Animal Facts,nationalzoo.si.edu,verified
FACT-2027-07-26-S04,26,2027-07-26,The folic acid collection includes education materials and information resources.,4,July,Folic acid education materials,Food,This collection page features various education materials and information resources for folic acid,high,https://wicworks.fns.usda.gov/resources/interactive-nutrition-facts-label,Nutrients,USDA Interactive Nutrition Facts Label,wicworks.fns.usda.gov,verified
FACT-2027-07-26-S05,26,2027-07-26,A mountain is a landmass that forms as tectonic plates interact with each other.,5,July,Mountain definition,Geography,The glossary defines mountain as a landmass formed as tectonic plates interact.,high,https://education.nationalgeographic.org/resource/landform/,Mountains,National Geographic Landform,education.nationalgeographic.org,verified
FACT-2027-07-26-S06,26,2027-07-26,Stream is commonly used as a synonym for river.,6,July,Stream meaning,Geography,Britannica states that stream is synonymous in common usage.,high,https://www.britannica.com/science/river,Terminology,River,britannica.com,verified
FACT-2027-07-26-S07,26,2027-07-26,"Skin helps sense pressure, temperature, touch, pain, and itching.",7,July,Skin detects sensations,Human Body,"The page states that skin sensations include touch, temperature, pain, itching, and pressure.",high,https://ncbi.nlm.nih.gov/books/NBK20361/,Skin,NIH Musculoskeletal and Skin Systems,ncbi.nlm.nih.gov,verified
FACT-2027-07-26-S08,26,2027-07-26,"In 1892, Mary Florence Potts and her husband Joseph received a patent for a remedial or medical appliance, an early version of a heating pad.",8,July,Cold-Handle Sad Iron,Inventions,"Mary Florence Potts fact sheet, item 8",high,https://www.invent.org/sites/default/files/2024-02/2024-Inductee-Listicle-Fact-Sheets.pdf,Medical Devices,National Inventors Hall of Fame Fact Sheets,www.invent.org,verified
FACT-2027-07-26-S09,26,2027-07-26,"In 1979, Paul A. Volcker became Federal Reserve chairman and made fighting inflation its primary objective.",9,July,Volcker’s inflation objective,Money & Economics,"“In 1979, Paul A. Volcker became chairman of the Fed and made fighting inflation its primary objective.”",high,https://www.imf.org/external/pubs/ft/fandd/basics/pdf/jahan_money.pdf,Inflation,IMF Monetarism,www.imf.org,verified
FACT-2027-07-26-S10,26,2027-07-26,"The world’s deadliest recorded earthquake occurred in central China in 1556 and killed an estimated 830,000 people.",10,July,Deadliest recorded earthquake,Science,"The world’s deadliest recorded earthquake occurred in 1556 in central China ... killing an estimated 830,000 people.",high,https://www.usgs.gov/programs/earthquake-hazards/cool-earthquake-facts,Earthquake Records,USGS Cool Earthquake Facts,www.usgs.gov,verified
FACT-2027-07-26-S11,26,2027-07-26,The termination shock occurs between 80 and 100 astronomical units.,11,July,Termination shock distance,Space,This edge occurs between 80-100 astronomical units.,high,https://science.nasa.gov/solar-system/solar-system-facts/,Heliosphere,NASA Solar System Facts,science.nasa.gov,verified
FACT-2027-07-26-S12,26,2027-07-26,The Intel 4004 was the first microprocessor advertised.,12,July,The Intel 4004 was the first microprocessor,Technology,"The page identifies its advertisement in Electronic News and says it contained 2,250 transistors.",high,https://www.computerhistory.org/timeline/computers/,Microprocessors,Computer History Timeline,www.computerhistory.org,verified
FACT-2027-07-26-S13,26,2027-07-26,An average full-grown blue whale is around 20–30 m long and weighs about 160 tonnes.,13,July,Blue whale average adult size,World Records & Extremes,The page gives the average full-grown blue whale’s length as 20–30 m and its weight as approximately 160 tonnes.,high,https://www.guinnessworldrecords.com/world-records/115537-largest-animal,Animal size,Guinness Largest Animal,www.guinnessworldrecords.com,verified
FACT-2027-07-26-S14,26,2027-07-26,Ceres has an equatorial diameter of about 964 km.,14,July,Smallest dwarf planet diameter,World Records & Extremes,NASA gives 964 km.,high,https://science.nasa.gov/solar-system/planets/planet-sizes-and-locations-in-our-solar-system/,planetary,Planet Sizes and Locations,nasa.gov,verified
FACT-2027-07-27-S01,27,2027-07-27,"In the wild, giant pandas typically nap between feedings for two to four hours at a time.",1,July,Resting pattern,Animals,"In the wild, giant pandas typically nap between feedings for two to four hours at a time",high,https://nationalzoo.si.edu/animals/giant-panda,Sleep Habits,Smithsonian Giant Panda,nationalzoo.si.edu,verified
FACT-2027-07-27-S02,27,2027-07-27,Life on Earth often thrives in unexpected ways.,2,July,Life can thrive in unexpected ways,Animals,Which often thrives in unexpected ways.,high,https://nationalzoo.si.edu/animals/news/7-spooktacular-animal-facts-halloween,Biodiversity,Smithsonian Animal Facts,nationalzoo.si.edu,verified
FACT-2027-07-27-S03,27,2027-07-27,"The folic acid collection includes videos, podcasts, and fact sheets.",3,July,Folic acid resource formats,Food,"This collection page features various education materials and information resources for folic acid, including videos, podcasts, fact sheets and more.",high,https://wicworks.fns.usda.gov/resources/interactive-nutrition-facts-label,Nutrients,USDA Interactive Nutrition Facts Label,wicworks.fns.usda.gov,verified
FACT-2027-07-27-S04,27,2027-07-27,A mountain range is a series or chain of mountains that are close together.,4,July,Mountain range definition,Geography,The glossary defines mountain range as a series or chain of mountains that are close together.,high,https://education.nationalgeographic.org/resource/landform/,Mountains,National Geographic Landform,education.nationalgeographic.org,verified
FACT-2027-07-27-S05,27,2027-07-27,Arroyos and washes denote ephemeral streams or channels.,5,July,Ephemeral channels,Geography,Britannica gives these terms.,high,https://www.britannica.com/science/river,Terminology,River,britannica.com,verified
FACT-2027-07-27-S06,27,2027-07-27,"Skin consists of the epidermis, dermis, and subcutaneous fat layer.",6,July,Skin has three layers,Human Body,The page explicitly identifies these three skin layers.,high,https://ncbi.nlm.nih.gov/books/NBK20361/,Skin,NIH Musculoskeletal and Skin Systems,ncbi.nlm.nih.gov,verified
FACT-2027-07-27-S07,27,2027-07-27,Alice Stoll's research into thermal burns led directly to the development of the first protective clothing for Navy personnel that was inherently fire resistant and made with DuPont's Nomex.,7,July,Fire-Resistant Fibers and Fabrics,Inventions,"Alice Stoll fact sheet, item 4",high,https://www.invent.org/sites/default/files/2024-02/2024-Inductee-Listicle-Fact-Sheets.pdf,Protective Equipment,National Inventors Hall of Fame Fact Sheets,www.invent.org,verified
FACT-2027-07-27-S08,27,2027-07-27,"The Federal Reserve restricted the money supply to tame inflation, and inflation subsided dramatically, although at the cost of a big recession.",8,July,Effects of restricting the money supply,Money & Economics,"“The Fed restricted the money supply ... to tame inflation and succeeded. Inflation subsided dramatically, although at the cost of a big recession.”",high,https://www.imf.org/external/pubs/ft/fandd/basics/pdf/jahan_money.pdf,Inflation,IMF Monetarism,www.imf.org,verified
FACT-2027-07-27-S09,27,2027-07-27,The ocean plays a leading role in Earth's climate.,9,July,The ocean influences Earth's climate,Nature,The ocean plays a leading role in the Earth's climate.,high,https://oceanservice.noaa.gov/facts/ocean_weather.html,Ocean and Climate,NOAA Ocean Weather,oceanservice.noaa.gov,verified
FACT-2027-07-27-S10,27,2027-07-27,The deepest earthquakes can occur about 750 km below the surface at subduction-zone plate boundaries.,10,July,Deepest earthquakes,Science,The deepest earthquakes typically occur at plate boundaries where the Earth’s crust is being subducted ... as deep as 750 km.,high,https://www.usgs.gov/programs/earthquake-hazards/cool-earthquake-facts,Earthquake Depth,USGS Cool Earthquake Facts,www.usgs.gov,verified
FACT-2027-07-27-S11,27,2027-07-27,Voyager 1 crossed the termination shock in 2004 and Voyager 2 crossed it in 2007.,11,July,Termination shock crossings,Space,Voyager 1 in 2004 and Voyager 2 in 2007.,high,https://science.nasa.gov/solar-system/solar-system-facts/,Spacecraft,NASA Solar System Facts,science.nasa.gov,verified
FACT-2027-07-27-S12,27,2027-07-27,Millions of Apple IIs were sold between 1977 and 1993.,12,July,The Apple II became one of the longest-lived personal computer lines,Technology,The page says this made the Apple II one of the longest-lived lines of personal computers.,high,https://www.computerhistory.org/timeline/computers/,Personal Computing,Computer History Timeline,www.computerhistory.org,verified
FACT-2027-07-27-S13,27,2027-07-27,A blue whale calf can gain almost 33 tonnes in body weight during its first year.,13,July,Blue whale calf growth,World Records & Extremes,"The page states that by the end of its first year, a baby blue whale can have gained almost 33 tonnes.",high,https://www.guinnessworldrecords.com/world-records/115537-largest-animal,Animal growth,Guinness Largest Animal,www.guinnessworldrecords.com,verified
FACT-2027-07-27-S14,27,2027-07-27,Earth averages 149.7 million km from the Sun.,14,July,Earth orbital distance,World Records & Extremes,NASA gives 149.7 million km.,high,https://science.nasa.gov/solar-system/planets/planet-sizes-and-locations-in-our-solar-system/,planetary,Planet Sizes and Locations,nasa.gov,verified
FACT-2027-07-28-S01,28,2027-07-28,Giant pandas may form communities of seven to 15 individuals within the local population.,1,July,Social communities,Animals,giant pandas may form communities of seven to 15 individuals within the local population,high,https://nationalzoo.si.edu/animals/giant-panda,Social Structure,Smithsonian Giant Panda,nationalzoo.si.edu,verified
FACT-2027-07-28-S02,28,2027-07-28,The “Spend Smart. Eat Smart.” resource includes an interactive grocery budget calculator.,2,July,Interactive grocery budget calculator,Food,"Find an interactive grocery budget calculator, unit pricing app, and other tools to help people eat healthy while sticking to a budget.",high,https://wicworks.fns.usda.gov/resources/interactive-nutrition-facts-label,Food budgeting,USDA Interactive Nutrition Facts Label,wicworks.fns.usda.gov,verified
FACT-2027-07-28-S03,28,2027-07-28,"A plain is a flat, smooth area at a low elevation.",3,July,Plain definition,Geography,"The glossary defines a plain as a flat, smooth area at a low elevation.",high,https://education.nationalgeographic.org/resource/landform/,Landforms,National Geographic Landform,education.nationalgeographic.org,verified
FACT-2027-07-28-S04,28,2027-07-28,Tiny streams or channels are called rills or runnels.,4,July,Rills,Geography,Britannica defines these terms.,high,https://www.britannica.com/science/river,Terminology,River,britannica.com,verified
FACT-2027-07-28-S05,28,2027-07-28,The outer epidermis consists largely of dead skin cells that are continuously shed.,5,July,The epidermis continuously sheds dead cells,Human Body,The page states that the outer epidermal cells are dead and continuously sloughed off.,high,https://ncbi.nlm.nih.gov/books/NBK20361/,Skin,NIH Musculoskeletal and Skin Systems,ncbi.nlm.nih.gov,verified
FACT-2027-07-28-S06,28,2027-07-28,"Nomex is used in protective apparel for military pilots, firefighters, racecar drivers and industrial workers exposed to flash fires and electrical arcs.",6,July,Fire-Resistant Fibers and Fabrics,Inventions,"Alice Stoll fact sheet, item 6",high,https://www.invent.org/sites/default/files/2024-02/2024-Inductee-Listicle-Fact-Sheets.pdf,Protective Equipment,National Inventors Hall of Fame Fact Sheets,www.invent.org,verified
FACT-2027-07-28-S07,28,2027-07-28,Monetarism maintains that the money supply is the chief determinant of current-dollar GDP in the short run.,7,July,Money supply and short-run nominal GDP,Money & Economics,“Monetarism ... maintains that the money supply ... is the chief determinant of current-dollar GDP in the short run”,high,https://www.imf.org/external/pubs/ft/fandd/basics/pdf/jahan_money.pdf,Money Supply and Economic Activity,IMF Monetarism,www.imf.org,verified
FACT-2027-07-28-S08,28,2027-07-28,"The money supply is useful as a policy target only if the relationship between money and nominal GDP, and therefore inflation, is stable and predictable.",8,July,Predictability of the money-to-GDP relationship,Money & Economics,"“The money supply is useful as a policy target only if the relationship between money and nominal GDP, and therefore inflation, is stable and predictable.”",high,https://www.imf.org/external/pubs/ft/fandd/basics/pdf/jahan_money.pdf,Money Supply and Nominal GDP,IMF Monetarism,www.imf.org,verified
FACT-2027-07-28-S09,28,2027-07-28,Hurricanes originate over the tropical regions of the ocean.,9,July,Hurricanes originate over tropical ocean regions,Nature,"Hurricanes originate over the tropical regions of the ocean under conditions where high humidity, light winds, and warm sea surface temperatures combine.",high,https://oceanservice.noaa.gov/facts/ocean_weather.html,Hurricanes,NOAA Ocean Weather,oceanservice.noaa.gov,verified
FACT-2027-07-28-S10,28,2027-07-28,Alaska experiences a magnitude 7 earthquake almost every year and a magnitude 8 or greater earthquake about every 14 years.,10,July,Alaska earthquake activity,Science,"Alaska experiences a magnitude 7 earthquake almost every year, and a magnitude 8 or greater earthquake on average every 14 years.",high,https://www.usgs.gov/programs/earthquake-hazards/cool-earthquake-facts,Seismic Regions,USGS Cool Earthquake Facts,www.usgs.gov,verified
FACT-2027-07-28-S11,28,2027-07-28,Voyager 1 went interstellar in 2012 and Voyager 2 joined it in 2018.,11,July,Voyager interstellar milestones,Space,Voyager 1 went interstellar in 2012 and Voyager 2 joined it in 2018.,high,https://science.nasa.gov/solar-system/solar-system-facts/,Spacecraft,NASA Solar System Facts,science.nasa.gov,verified
FACT-2027-07-28-S12,28,2027-07-28,The Osborne 1 was the first mass-produced portable computer.,12,July,The Osborne 1 was the first mass-produced portable computer,Technology,"The page describes its 24-pound weight, $1,795 price, 64 KB of memory, modem, and two floppy drives.",high,https://www.computerhistory.org/timeline/computers/,Portable Computing,Computer History Timeline,www.computerhistory.org,verified
FACT-2027-07-28-S13,28,2027-07-28,A blue whale eats around 16 tonnes of krill per day.,13,July,Blue whale daily food intake,World Records & Extremes,The page states that blue whales consume around 16 tonnes of krill daily.,high,https://www.guinnessworldrecords.com/world-records/115537-largest-animal,Animal feeding,Guinness Largest Animal,www.guinnessworldrecords.com,verified
FACT-2027-07-28-S14,28,2027-07-28,Mercury averages 58 million km from the Sun.,14,July,Mercury orbital distance,World Records & Extremes,NASA gives 58 million km.,high,https://science.nasa.gov/solar-system/planets/planet-sizes-and-locations-in-our-solar-system/,planetary,Planet Sizes and Locations,nasa.gov,verified
FACT-2027-07-29-S01,29,2027-07-29,Giant pandas reach breeding maturity between 4 and 7 years of age.,1,July,Breeding maturity,Animals,Giant pandas reach breeding maturity between 4 and 7 years of age.,high,https://nationalzoo.si.edu/animals/giant-panda,Reproduction,Smithsonian Giant Panda,nationalzoo.si.edu,verified
FACT-2027-07-29-S02,29,2027-07-29,The “Spend Smart. Eat Smart.” resource includes a unit pricing app.,2,July,Unit pricing app,Food,"Find an interactive grocery budget calculator, unit pricing app, and other tools to help people eat healthy while sticking to a budget.",high,https://wicworks.fns.usda.gov/resources/interactive-nutrition-facts-label,Food budgeting,USDA Interactive Nutrition Facts Label,wicworks.fns.usda.gov,verified
FACT-2027-07-29-S03,29,2027-07-29,A plateau is a large region that is higher than the surrounding area and relatively flat.,3,July,Plateau definition,Geography,The glossary defines plateau as a large region higher than the surrounding area and relatively flat.,high,https://education.nationalgeographic.org/resource/landform/,Landforms,National Geographic Landform,education.nationalgeographic.org,verified
FACT-2027-07-29-S04,29,2027-07-29,Continents loosely correlate with tectonic plates.,4,July,Continental correlation,Geography,Britannica makes this qualification.,high,https://www.britannica.com/science/continent,Continents,Continent,britannica.com,verified
FACT-2027-07-29-S05,29,2027-07-29,Collagen is the main component of the dermis and provides skin strength.,5,July,Collagen provides skin strength,Human Body,The page states that collagen accounts for nearly 70 to 75 percent of skin's dry weight and provides strength.,high,https://ncbi.nlm.nih.gov/books/NBK20361/,Skin,NIH Musculoskeletal and Skin Systems,ncbi.nlm.nih.gov,verified
FACT-2027-07-29-S06,29,2027-07-29,"Jokichi Takamine developed Taka-Diastase, which was patented in 1894.",6,July,Adrenaline,Inventions,"Jokichi Takamine fact sheet, item 4",high,https://www.invent.org/sites/default/files/2024-02/2024-Inductee-Listicle-Fact-Sheets.pdf,Pharmaceuticals,National Inventors Hall of Fame Fact Sheets,www.invent.org,verified
FACT-2027-07-29-S07,29,2027-07-29,Monetarism maintains that the money supply is the chief determinant of the price level over longer periods.,7,July,Money supply and long-run price levels,Money & Economics,“Monetarism ... maintains that the money supply ... [is] the chief determinant ... of the price level over longer periods.”,high,https://www.imf.org/external/pubs/ft/fandd/basics/pdf/jahan_money.pdf,Money Supply and Inflation,IMF Monetarism,www.imf.org,verified
FACT-2027-07-29-S08,29,2027-07-29,A direct effect of money supply on nominal GDP requires velocity to be predictable.,8,July,Velocity and policy targeting,Money & Economics,"“To achieve that direct effect, though, the velocity of money must be predictable.”",high,https://www.imf.org/external/pubs/ft/fandd/basics/pdf/jahan_money.pdf,Money Supply and Nominal GDP,IMF Monetarism,www.imf.org,verified
FACT-2027-07-29-S09,29,2027-07-29,"Hurricanes originate under conditions involving high humidity, light winds, and warm sea surface temperatures.",9,July,Hurricane formation conditions,Nature,"Hurricanes originate over the tropical regions of the ocean under conditions where high humidity, light winds, and warm sea surface temperatures combine.",high,https://oceanservice.noaa.gov/facts/ocean_weather.html,Hurricanes,NOAA Ocean Weather,oceanservice.noaa.gov,verified
FACT-2027-07-29-S10,29,2027-07-29,Most earthquakes and volcanic eruptions occur along plate boundaries.,10,July,Earthquake concentration,Science,The majority of the earthquakes and volcanic eruptions occur along plate boundaries.,high,https://www.usgs.gov/programs/earthquake-hazards/cool-earthquake-facts,Plate Tectonics,USGS Cool Earthquake Facts,www.usgs.gov,verified
FACT-2027-07-29-S11,29,2027-07-29,Mercury and Venus are the only planets among the eight that have no moons.,11,July,Moonless planets,Space,"Of the eight planets, Mercury and Venus are the only ones with no moons",high,https://science.nasa.gov/solar-system/solar-system-facts/,Moons,NASA Solar System Facts,science.nasa.gov,verified
FACT-2027-07-29-S12,29,2027-07-29,The IBM PC became the first personal computer to gain widespread adoption by industry.,12,July,The IBM PC gained widespread industrial adoption,Technology,The page says it revolutionized business computing and led to a broad ecosystem of software and peripherals.,high,https://www.computerhistory.org/timeline/computers/,Personal Computing,Computer History Timeline,www.computerhistory.org,verified
FACT-2027-07-29-S13,29,2027-07-29,The blue whale has the slowest heart rate among mammals.,13,July,Slowest mammal heart rate,World Records & Extremes,"The page identifies the blue whale as having the slowest heart rate in a mammal, slowing to four to eight beats per minute during deep dives.",high,https://www.guinnessworldrecords.com/world-records/115537-largest-animal,Animal physiology,Guinness Largest Animal,www.guinnessworldrecords.com,verified
FACT-2027-07-29-S14,29,2027-07-29,Neptune averages 4.5 billion km from the Sun.,14,July,Neptune orbital distance,World Records & Extremes,NASA gives 4.5 billion km.,high,https://science.nasa.gov/solar-system/planets/planet-sizes-and-locations-in-our-solar-system/,planetary,Planet Sizes and Locations,nasa.gov,verified
FACT-2027-07-30-S01,30,2027-07-30,"Female giant pandas ovulate only once a year, in the spring.",1,July,Annual ovulation,Animals,"Female pandas ovulate only once a year, in the spring.",high,https://nationalzoo.si.edu/animals/giant-panda,Reproduction,Smithsonian Giant Panda,nationalzoo.si.edu,verified
FACT-2027-07-30-S02,30,2027-07-30,The “Spend Smart. Eat Smart.” resource provides tools to help people eat healthy while sticking to a budget.,2,July,Budget-conscious healthy eating tools,Food,"Find an interactive grocery budget calculator, unit pricing app, and other tools to help people eat healthy while sticking to a budget.",high,https://wicworks.fns.usda.gov/resources/interactive-nutrition-facts-label,Healthy eating,USDA Interactive Nutrition Facts Label,wicworks.fns.usda.gov,verified
FACT-2027-07-30-S03,30,2027-07-30,Sea level is the base level used for measuring elevations.,3,July,Sea level definition,Geography,The glossary defines sea level as the base level for measuring elevations.,high,https://education.nationalgeographic.org/resource/landform/,Geographic Measurement,National Geographic Landform,education.nationalgeographic.org,verified
FACT-2027-07-30-S04,30,2027-07-30,Lithosphere rests on a semifluid asthenosphere.,4,July,Asthenosphere,Geography,Britannica describes this relationship.,high,https://www.britannica.com/science/continent,Plate tectonics,Continent,britannica.com,verified
FACT-2027-07-30-S05,30,2027-07-30,Elastin gives skin its elasticity.,5,July,Elastin provides skin elasticity,Human Body,The page explicitly states that elastin gives skin its elasticity.,high,https://ncbi.nlm.nih.gov/books/NBK20361/,Skin,NIH Musculoskeletal and Skin Systems,ncbi.nlm.nih.gov,verified
FACT-2027-07-30-S06,30,2027-07-30,Taka-Diastase was perhaps the world's first patent on a microbial enzyme and the first commercially produced microbial enzyme in the United States.,6,July,Adrenaline,Inventions,"Jokichi Takamine fact sheet, item 4",high,https://www.invent.org/sites/default/files/2024-02/2024-Inductee-Listicle-Fact-Sheets.pdf,Pharmaceuticals,National Inventors Hall of Fame Fact Sheets,www.invent.org,verified
FACT-2027-07-30-S07,30,2027-07-30,Monetary policy uses instruments such as interest rates to adjust the amount of money in the economy.,7,July,Monetary policy instruments,Money & Economics,“Monetary policy ... uses instruments such as interest rates to adjust the amount of money in the economy.”,high,https://www.imf.org/external/pubs/ft/fandd/basics/pdf/jahan_money.pdf,Monetary Policy,IMF Monetarism,www.imf.org,verified
FACT-2027-07-30-S08,30,2027-07-30,Economists attributed the change in velocity’s predictability primarily to changes in banking rules and other financial innovations.,8,July,Banking rules and velocity,Money & Economics,“Most economists think the change in velocity’s predictability was primarily the result of changes in banking rules and other financial innovations.”,high,https://www.imf.org/external/pubs/ft/fandd/basics/pdf/jahan_money.pdf,Financial Innovation,IMF Monetarism,www.imf.org,verified
FACT-2027-07-30-S09,30,2027-07-30,The ocean plays an important role in shaping weather patterns.,9,July,The ocean shapes weather patterns,Nature,The ocean plays an important role in shaping our climate and weather patterns.,high,https://oceanservice.noaa.gov/facts/ocean_weather.html,Ocean and Weather,NOAA Ocean Weather,oceanservice.noaa.gov,verified
FACT-2027-07-30-S10,30,2027-07-30,The earliest recorded evidence of an earthquake dates to 1831 BC in China’s Shandong province.,10,July,Earliest earthquake evidence,Science,The earliest recorded evidence of an earthquake has been traced back to 1831 BC in the Shandong province of China.,high,https://www.usgs.gov/programs/earthquake-hazards/cool-earthquake-facts,Earthquake History,USGS Cool Earthquake Facts,www.usgs.gov,verified
FACT-2027-07-30-S11,30,2027-07-30,Venus has a quasi-satellite officially named Zoozve.,11,July,Venus quasi-satellite,Space,Venus does have a quasi-satellite that has officially been named Zoozve.,high,https://science.nasa.gov/solar-system/solar-system-facts/,Moons,NASA Solar System Facts,science.nasa.gov,verified
FACT-2027-07-30-S12,30,2027-07-30,The Apple Lisa was the first commercial personal computer with a graphical user interface.,12,July,The Apple Lisa was the first commercial personal computer with a GUI,Technology,The page calls the Lisa an important milestone before Microsoft Windows and the Macintosh adopted GUI interfaces.,high,https://www.computerhistory.org/timeline/computers/,Graphical User Interfaces,Computer History Timeline,www.computerhistory.org,verified
FACT-2027-07-30-S13,30,2027-07-30,Blue whale lungs can transfer up to 90% of inhaled air into the bloodstream.,13,July,Blue whale lung gas transfer,World Records & Extremes,The page states that the whale’s lungs can transfer up to 90% of inhaled air into its bloodstream.,high,https://www.guinnessworldrecords.com/world-records/115537-largest-animal,Animal physiology,Guinness Largest Animal,www.guinnessworldrecords.com,verified
FACT-2027-07-30-S14,30,2027-07-30,Pluto averages 5.9 billion km from the Sun.,14,July,Pluto orbital distance,World Records & Extremes,NASA gives 5.9 billion km.,high,https://science.nasa.gov/solar-system/planets/planet-sizes-and-locations-in-our-solar-system/,planetary,Planet Sizes and Locations,nasa.gov,verified
FACT-2027-07-31-S01,31,2027-07-31,The giant panda's scientific name is Ailuropoda melanoleuca.,1,July,Scientific name,Animals,Ailuropoda melanoleuca,high,https://nationalzoo.si.edu/animals/giant-panda,Taxonomy,Smithsonian Giant Panda,nationalzoo.si.edu,verified
FACT-2027-07-31-S02,31,2027-07-31,Female giant pandas give birth 90 to 180 days after mating.,2,July,Gestation period,Animals,Female giant pandas give birth from 90 to 180 days after mating.,high,https://nationalzoo.si.edu/animals/giant-panda,Reproduction,Smithsonian Giant Panda,nationalzoo.si.edu,verified
FACT-2027-07-31-S03,31,2027-07-31,Sea level is determined by measurements taken over a 19-year cycle.,3,July,Sea level measurement cycle,Geography,The glossary states that sea level is determined by measurements taken over a 19-year cycle.,high,https://education.nationalgeographic.org/resource/landform/,Geographic Measurement,National Geographic Landform,education.nationalgeographic.org,verified
FACT-2027-07-31-S04,31,2027-07-31,Convection associated with radioactive decay helps move plates.,4,July,Plate motion,Geography,Britannica identifies mantle convection as a cause.,high,https://www.britannica.com/science/continent,Plate tectonics,Continent,britannica.com,verified
FACT-2027-07-31-S05,31,2027-07-31,Eccrine sweat cools the body when it evaporates from the skin surface.,5,July,Eccrine sweat cools the body,Human Body,The page states that eccrine glands produce salty liquid that functions as a cooling mechanism when it evaporates.,high,https://ncbi.nlm.nih.gov/books/NBK20361/,Skin,NIH Musculoskeletal and Skin Systems,ncbi.nlm.nih.gov,verified
FACT-2027-07-31-S06,31,2027-07-31,"Jokichi Takamine was the first president of Sankyo Pharmaceutical Co., now Daiichi-Sankyo.",6,July,Adrenaline,Inventions,"Jokichi Takamine fact sheet, item 8",high,https://www.invent.org/sites/default/files/2024-02/2024-Inductee-Listicle-Fact-Sheets.pdf,Pharmaceuticals,National Inventors Hall of Fame Fact Sheets,www.invent.org,verified
FACT-2027-07-31-S07,31,2027-07-31,Spoken or signed language is a more or less universal human competence.,7,July,Language is a universal human competence,Language,“While spoken or signed language is a more or less universal human competence”,high,https://www.britannica.com/topic/writing/History-of-writing-systems,Writing systems,Britannica Writing Systems,www.britannica.com,verified
FACT-2027-07-31-S08,31,2027-07-31,Monetarists believe monetary-policy objectives are best met by targeting the growth rate of the money supply.,8,July,Monetarist policy target,Money & Economics,“Monetarists believe that the objectives of monetary policy are best met by targeting the growth rate of the money supply.”,high,https://www.imf.org/external/pubs/ft/fandd/basics/pdf/jahan_money.pdf,Monetary Policy,IMF Monetarism,www.imf.org,verified
FACT-2027-07-31-S09,31,2027-07-31,Warm ocean waters provide energy that fuels storm systems.,9,July,Warm ocean waters fuel storm systems,Nature,Warm ocean waters provide the energy to fuel storm systems that provide fresh water vital to all living things.,high,https://oceanservice.noaa.gov/facts/ocean_weather.html,Storms,NOAA Ocean Weather,oceanservice.noaa.gov,verified
FACT-2027-07-31-S10,31,2027-07-31,Aristotle recognized by 350 BC that soft ground shakes more than hard rock during an earthquake.,10,July,Aristotle and ground shaking,Science,It was recognized as early as 350 BC by ... Aristotle that soft ground shakes more than hard rock in an earthquake.,high,https://www.usgs.gov/programs/earthquake-hazards/cool-earthquake-facts,Earthquake History,USGS Cool Earthquake Facts,www.usgs.gov,verified
FACT-2027-07-31-S11,31,2027-07-31,Pluto has five moons in its orbit.,11,July,Pluto's moons,Space,"Pluto, smaller than our own moon, has five moons in its orbit",high,https://science.nasa.gov/solar-system/solar-system-facts/,Moons,NASA Solar System Facts,science.nasa.gov,verified
FACT-2027-07-31-S12,31,2027-07-31,George Stibitz's Model K Adder provided proof of concept for applying Boolean logic to computer design.,12,July,Boolean logic was applied to computer design,Technology,The page states that the simple demonstration circuit provided proof of concept for applying Boolean logic to the design of computers.,high,https://www.computerhistory.org/timeline/computers/,Early Computing,Computer History Timeline,www.computerhistory.org,verified
FACT-2027-07-31-S13,31,2027-07-31,The Commodore 64 sold more than 22 million units before being discontinued in 1993.,13,July,The Commodore 64 sold more than 22 million units,Technology,The page says Guinness recognized it as the greatest-selling single computer of all time.,high,https://www.computerhistory.org/timeline/computers/,Personal Computing,Computer History Timeline,www.computerhistory.org,verified
FACT-2027-07-31-S14,31,2027-07-31,A blue whale’s tongue has enough area for around 50 people to stand on.,14,July,Largest animal tongue area,World Records & Extremes,The page says the area of a blue whale’s tongue would be large enough for around 50 people to stand on.,high,https://www.guinnessworldrecords.com/world-records/115537-largest-animal,Animal physiology,Guinness Largest Animal,www.guinnessworldrecords.com,verified