ID,Day,Date,Fact,Slot,Month,Title,Category,Evidence,Confidence,Source URL,Subcategory,Source title,Source domain,Verification status
FACT-2027-06-01-S01,1,2027-06-01,The blue whale is the largest animal known to have ever existed.,1,June,Largest animal ever,Animals,Britannica identifies Balaenoptera musculus as largest animal ever.,high,https://www.britannica.com/science/What-Is-the-Largest-Animal-on-Earth,Marine mammals,What Is the Largest Animal on Earth?,www.britannica.com,verified
FACT-2027-06-01-S02,1,2027-06-01,An average adult human body contains approximately 30 trillion human cells.,2,June,Human Cell Count,Human Body,NIGMS notes: '30 Trillion That's about how many human cells adults have in their bodies.',medium,https://nigms.nih.gov/biobeat/2024/09/cells-by-the-numbers-2,Cells,Cells by the Numbers | National Institute of General Medical Sciences,nigms.nih.gov,verified
FACT-2027-06-01-S03,1,2027-06-01,About 71% of Earth's surface is covered by water.,3,June,Earth surface water coverage,Nature,USGS states about 71 percent of Earth's surface is water-covered.,high,https://www.usgs.gov/water-science-school/science/how-much-water-there-earth,Earth water,How Much Water is There on Earth?,www.usgs.gov,verified
FACT-2027-06-01-S04,1,2027-06-01,Blue whales weigh approximately 150 metric tons.,4,June,Blue whale typical mass,Animals,Britannica gives approximately 150 tons.,high,https://www.britannica.com/animal/blue-whale,Marine mammals,Blue whale,www.britannica.com,verified
FACT-2027-06-01-S05,1,2027-06-01,"While human infants are born with approximately 270 bones, these fuse during development to result in around 206 bones in a typical human adult.",5,June,Adult Bone Count,Human Body,"NCBI states: 'Human infants typically have 270 bones, fusing into around 206 in the human adult.'",medium,https://www.ncbi.nlm.nih.gov/sites/books/NBK537199/,Anatomy,"Anatomy, Bones - NCBI Bookshelf",www.ncbi.nlm.nih.gov,verified
FACT-2027-06-01-S06,1,2027-06-01,Earth contains approximately 1.386 billion cubic kilometers of water.,6,June,Total global water volume,Nature,"USGS estimates total water volume at 1,386,000,000 km³.",high,https://www.usgs.gov/water-science-school/science/how-much-water-there-earth,Water cycle,How Much Water is There on Earth?,www.usgs.gov,verified
FACT-2027-06-01-S07,1,2027-06-01,Oceans contain about 96.5% of all Earth's water.,7,June,Ocean share of Earth water,Ocean & Marine,"USGS table gives oceans, seas and bays 96.54% of total water.",high,https://www.usgs.gov/water-science-school/science/how-much-water-there-earth,Oceanography,How Much Water is There on Earth?,www.usgs.gov,verified
FACT-2027-06-01-S08,1,2027-06-01,Oceans supply about 90% of the evaporated water entering the water cycle.,8,June,Ocean evaporation contribution,Ocean & Marine,USGS states oceans supply about 90% of evaporated water.,high,https://www.usgs.gov/water-science-school/science/oceans-and-seas-and-water-cycle,Ocean circulation,Oceans and Seas and the Water Cycle,www.usgs.gov,verified
FACT-2027-06-01-S09,1,2027-06-01,Most seismicity at Yellowstone is caused by water released from crystallizing magma.,9,June,Water from crystallizing magma causes most Yellowstone seismicity,Science,The text states that most Yellowstone seismicity is caused by water coming from crystallizing magma.,high,https://www.usgs.gov/observatories/yvo/news/water-released-crystallizing-magma-can-trigger-earthquakes-yellowstone,Seismology,Water Released from Crystallizing Magma can Trigger Earthquakes in Yellowstone | U.S. Geological Survey,www.usgs.gov,verified
FACT-2027-06-01-S10,1,2027-06-01,"Pressurized fluids in a fault zone can partially counter the force holding fault blocks together, making the blocks easier to slip.",10,June,Pressurized fluids can trigger earthquakes,Science,The text explains that pressurized fluids partially counter the force pressing the two blocks together and make them easier to slip along the fault.,high,https://www.usgs.gov/observatories/yvo/news/water-released-crystallizing-magma-can-trigger-earthquakes-yellowstone,Earthquakes,Water Released from Crystallizing Magma can Trigger Earthquakes in Yellowstone | U.S. Geological Survey,www.usgs.gov,verified
FACT-2027-06-01-S11,1,2027-06-01,"Mount Everest rises 8,848.86 meters above sea level.",11,June,Highest mountain above sea level,Geography,"Guinness lists Everest's summit at 8,848.86 m.",high,https://www.guinnessworldrecords.com/world-records/highest-mountain,Mountains,Highest mountain,www.guinnessworldrecords.com,verified
FACT-2027-06-01-S12,1,2027-06-01,Earth is the third planet from the Sun.,12,June,Earth position,Geography,NASA identifies Earth as the third planet from the Sun.,high,https://science.nasa.gov/earth/facts/,Earth,Facts About Earth,science.nasa.gov,verified
FACT-2027-06-01-S13,1,2027-06-01,"The Continental Congress adopted the Declaration of Independence on July 4, 1776.",13,June,Declaration of Independence,History,"July 4, 1776: The Continental Congress adopts the Declaration of Independence.",medium,https://www.loc.gov/classroom-materials/american-revolution/,United States,The American Revolution | Classroom Materials at the Library of Congress,www.loc.gov,verified
FACT-2027-06-01-S14,1,2027-06-01,"The Articles of Confederation was the first constitution of the United States, adopted in 1777 and ratified in 1781.",14,June,First Constitution,History,"The Continental Congress adopted the Articles of Confederation, the first constitution of the United States, on November 15, 1777, but the states did not ratify them until March 1, 1781.",medium,https://loc.gov/exhibits/creating-the-united-states/road-to-the-constitution.html,United States,Road to the Constitution - Creating the United States | Exhibitions - Library of Congress,loc.gov,verified
FACT-2027-06-01-S15,1,2027-06-01,"The second is internationally defined by the radiation corresponding to the transition between two energy levels of the ground state of the Cesium-133 atom, specifically 9,192,631,770 cycles.",15,June,Defining the Second,Technology,"NIST states: 'Since 1967, the International System of Units (SI) has defined the second as the period equal to 9,192,631,770 cycles of the radiation... of the Cesium-133 atom.'",medium,https://www.nist.gov/pml/time-and-frequency-division/timekeeping-and-clocks-faqs,Timekeeping,Timekeeping and clocks FAQs | NIST,www.nist.gov,verified
FACT-2027-06-01-S16,1,2027-06-01,EOL launched a new platform in November 2018 with advanced capabilities for managing trait terms.,16,June,EOL launched a new platform in November 2018,Technology,The text states that the new EOL platform launched in November 2018 and features advanced trait-term management capabilities.,high,https://naturalhistory.si.edu/research/eol,Data Management,Encyclopedia of Life | Smithsonian National Museum of Natural History,naturalhistory.si.edu,verified
FACT-2027-06-01-S17,1,2027-06-01,The “mystery” of kraken sightings has a well-supported biological candidate: rarely seen giant squid.,17,June,The “mystery” of kraken sightings has a well-supported biological candidate: rarely seen g,Mystery & Unexplained,Source page identified in the cited institutional reference.,medium,https://www.nhm.ac.uk/discover/sea-monsters-inspiration-serpents-mermaids-the-kraken.html,Mystery / Unexplained With Evidence,NHM,www.nhm.ac.uk,verified
FACT-2027-06-01-S18,1,2027-06-01,"Ancient Greeks worshipped many gods, each associated with distinct personalities and domains.",18,June,"Ancient Greeks worshipped many gods, each associated with distinct personalities and domai",Mythology & Legends,Source page identified in the cited institutional reference.,medium,https://www.metmuseum.org/essays/greek-gods-and-religious-practices,Mythology & Legends,Met,www.metmuseum.org,verified
FACT-2027-06-01-S19,1,2027-06-01,Giant squid remains washing ashore may have helped generate sea-monster stories.,19,June,Giant squid remains washing ashore may have helped generate sea-monster stories,Mystery & Unexplained,Source page identified in the cited institutional reference.,medium,https://www.nhm.ac.uk/discover/sea-monsters-inspiration-serpents-mermaids-the-kraken.html,Mystery / Unexplained With Evidence,NHM,www.nhm.ac.uk,verified
FACT-2027-06-01-S20,1,2027-06-01,Zeus was associated with the sky and the oak; Poseidon with the sea; Hades with the Underworld.,20,June,Zeus was associated with the sky and the oak; Poseidon with the sea; Hades with the Underw,Mythology & Legends,Source page identified in the cited institutional reference.,medium,https://www.metmuseum.org/essays/greek-gods-and-religious-practices,Mythology & Legends,Met,www.metmuseum.org,verified
FACT-2027-06-02-S01,2,2027-06-02,A blue whale's heart typically weighs about 180 kilograms.,1,June,Blue whale heart,Animals,Britannica reports a typical heart mass of about 180 kg.,high,https://www.britannica.com/animal/blue-whale,Marine mammals,Blue whale,www.britannica.com,verified
FACT-2027-06-02-S02,2,2027-06-02,"Tuberculosis is one of the world's leading causes of death from a single infectious agent, causing an estimated 1.23 million deaths in 2024.",2,June,Tuberculosis Burden,Human Body,"A total of 1.23 million people died from tuberculosis (TB) in 2024 (including 150 000 among people with HIV). Globally, TB is the world’s leading cause of death from a single infectious agent.",medium,https://www.who.int/news-room/fact-sheets/detail/tuberculosis,Diseases,Tuberculosis | WHO,www.who.int,verified
FACT-2027-06-02-S03,2,2027-06-02,More than 68% of Earth's freshwater is stored in ice and glaciers.,3,June,Freshwater in glaciers,Nature,"USGS gives ice caps, glaciers and permanent snow as 68.7% of freshwater.",high,https://www.usgs.gov/water-science-school/science/how-much-water-there-earth,Freshwater,How Much Water is There on Earth?,www.usgs.gov,verified
FACT-2027-06-02-S04,2,2027-06-02,Blue whales inhabit every ocean except the Arctic.,4,June,Blue whale habitat,Animals,Britannica states blue whales live in all oceans other than the Arctic.,high,https://www.britannica.com/science/What-Is-the-Largest-Animal-on-Earth,Marine mammals,What Is the Largest Animal on Earth?,www.britannica.com,verified
FACT-2027-06-02-S05,2,2027-06-02,The number of people living with diabetes increased from 200 million in 1990 to 830 million in 2022.,5,June,Diabetes Prevalence,Human Body,The number of people living with diabetes rose from 200 million in 1990 to 830 million in 2022.,medium,https://www.who.int/en/news-room/fact-sheets/detail/diabetes/,Diseases,Diabetes | WHO,www.who.int,verified
FACT-2027-06-02-S06,2,2027-06-02,About 30% of Earth's freshwater is groundwater.,6,June,Freshwater underground,Nature,USGS gives groundwater as 30.1% of freshwater.,high,https://www.usgs.gov/water-science-school/science/how-much-water-there-earth,Freshwater,How Much Water is There on Earth?,www.usgs.gov,verified
FACT-2027-06-02-S07,2,2027-06-02,The Kuroshio Current can travel 40–121 km per day.,7,June,Kuroshio current speed,Ocean & Marine,USGS gives the Kuroshio's travel rate as 25–75 miles (40–121 km) daily.,high,https://www.usgs.gov/water-science-school/science/oceans-and-seas-and-water-cycle,Ocean currents,Oceans and Seas and the Water Cycle,www.usgs.gov,verified
FACT-2027-06-02-S08,2,2027-06-02,"The Kuroshio Current extends to roughly 1,000 meters deep.",8,June,Kuroshio current depth,Ocean & Marine,"USGS states the Kuroshio extends some 1,000 meters deep.",high,https://www.usgs.gov/water-science-school/science/oceans-and-seas-and-water-cycle,Ocean currents,Oceans and Seas and the Water Cycle,www.usgs.gov,verified
FACT-2027-06-02-S09,2,2027-06-02,"As rhyolite magma crystallizes, forming minerals mostly quartz and feldspar, water and other volatile components become concentrated until they are released into surrounding rocks.",9,June,Rhyolite crystallization releases volatile components,Science,"The text says the forming minerals do not incorporate water, carbon dioxide, chlorine, or sulfur, causing these components to concentrate until they are released.",high,https://www.usgs.gov/observatories/yvo/news/water-released-crystallizing-magma-can-trigger-earthquakes-yellowstone,Volcanology,Water Released from Crystallizing Magma can Trigger Earthquakes in Yellowstone | U.S. Geological Survey,www.usgs.gov,verified
FACT-2027-06-02-S10,2,2027-06-02,"When water moves from hot, ductile rock into cooler, brittle rock, fluid pressure in the brittle zone may suddenly increase and trigger an earthquake.",10,June,Ductile-to-brittle rock transitions can increase fluid pressure,Science,"The text describes the transition from ductile to brittle rock and states that pressure may suddenly increase in the brittle zone, potentially triggering an earthquake.",high,https://www.usgs.gov/observatories/yvo/news/water-released-crystallizing-magma-can-trigger-earthquakes-yellowstone,Geology,Water Released from Crystallizing Magma can Trigger Earthquakes in Yellowstone | U.S. Geological Survey,www.usgs.gov,verified
FACT-2027-06-02-S11,2,2027-06-02,Earth is the fifth-largest planet in the Solar System.,11,June,Earth planetary size rank,Geography,NASA identifies Earth as fifth largest.,high,https://science.nasa.gov/earth/facts/,Earth,Facts About Earth,science.nasa.gov,verified
FACT-2027-06-02-S12,2,2027-06-02,"Earth's equatorial diameter is about 12,756 kilometers.",12,June,Earth equatorial diameter,Geography,"NASA gives 7,926 miles (12,756 km).",high,https://science.nasa.gov/earth/facts/,Earth,Facts About Earth,science.nasa.gov,verified
FACT-2027-06-02-S13,2,2027-06-02,"The first ten amendments to the U.S. Constitution, known as the Bill of Rights, were ratified on December 15, 1791.",13,June,Bill of Rights,History,"December 15, 1791: The first ten amendments to the Constitution, known as the Bill of Rights, are ratified.",medium,https://www.loc.gov/classroom-materials/american-revolution/,United States,The American Revolution | Classroom Materials at the Library of Congress,www.loc.gov,verified
FACT-2027-06-02-S14,2,2027-06-02,"New Hampshire became the ninth state to ratify the U.S. Constitution on June 21, 1788, making its adoption official.",14,June,U.S. Constitution Ratification,History,"June 21, 1788: New Hampshire becomes the ninth state to ratify the new Constitution, making its adoption official.",medium,https://www.loc.gov/classroom-materials/american-revolution/,United States,The American Revolution | Classroom Materials at the Library of Congress,www.loc.gov,verified
FACT-2027-06-02-S15,2,2027-06-02,The EOL terms graph allows users to combine search terms.,15,June,EOL’s terms graph supports combined searches,Technology,The text explicitly says that the EOL terms graph allows users to combine search terms.,high,https://naturalhistory.si.edu/research/eol,Search Systems,Encyclopedia of Life | Smithsonian National Museum of Natural History,naturalhistory.si.edu,verified
FACT-2027-06-02-S16,2,2027-06-02,All data hosted by EOL is freely available for reuse by anyone.,16,June,EOL data is freely reusable,Technology,The text explicitly states that all EOL-hosted data is freely available for re-use by anyone.,high,https://naturalhistory.si.edu/research/eol,Open Data,Encyclopedia of Life | Smithsonian National Museum of Natural History,naturalhistory.si.edu,verified
FACT-2027-06-02-S17,2,2027-06-02,The coelacanth was known from fossils until a living specimen was found off South Africa in 1938.,17,June,The coelacanth was known from fossils until a living specimen was found off South Africa i,Mystery & Unexplained,Source page identified in the cited institutional reference.,medium,https://www.nhm.ac.uk/discover/news/2022/february/stephen-fry-explores-how-nature-and-myth-shape-our-view-of-life-on-earth.html,Mystery / Unexplained With Evidence,NHM,www.nhm.ac.uk,verified
FACT-2027-06-02-S18,2,2027-06-02,"Athena was associated with Athens, weaving and carpentry; the owl and olive were sacred to her.",18,June,"Athena was associated with Athens, weaving and carpentry; the owl and olive were sacred to",Mythology & Legends,Source page identified in the cited institutional reference.,medium,https://www.metmuseum.org/essays/greek-gods-and-religious-practices,Mythology & Legends,Met,www.metmuseum.org,verified
FACT-2027-06-02-S19,2,2027-06-02,"Mesopotamia’s early societies developed writing, legal systems and monumental architecture.",19,June,"Mesopotamia’s early societies developed writing, legal systems and monumental architecture",Ancient Civilizations,Source page identified in the cited institutional reference.,medium,https://www.britannica.com/place/Mesopotamia-historical-region-Asia,Ancient Civilizations And Food,Britannica,www.britannica.com,verified
FACT-2027-06-02-S20,2,2027-06-02,"“Snakestones” are fossil ammonites, extinct marine mollusks related to squid and octopuses.",20,June,"“Snakestones” are fossil ammonites, extinct marine mollusks related to squid and octopuses",Mystery & Unexplained,Source page identified in the cited institutional reference.,medium,https://www.nhm.ac.uk/discover/snakestones-ammonites-myth-magic-science.html,Mystery / Unexplained With Evidence,NHM,www.nhm.ac.uk,verified
FACT-2027-06-03-S01,3,2027-06-03,The whale shark is the largest fish in the sea.,1,June,Largest fish,Animals,National Geographic calls whale sharks the largest fish and reports lengths of 40 feet or more.,high,https://www.nationalgeographic.com/animals/fish/facts/whale-shark,Marine fish,Whale Shark,www.nationalgeographic.com,verified
FACT-2027-06-03-S02,3,2027-06-03,More than 95% of people living with diabetes have type 2 diabetes.,2,June,Type 2 Diabetes Prevalence,Human Body,More than 95% of people with diabetes have type 2 diabetes.,medium,https://www.who.int/en/news-room/fact-sheets/detail/diabetes/,Diseases,Diabetes | WHO,www.who.int,verified
FACT-2027-06-03-S03,3,2027-06-03,"About 12,900 km³ of water is in Earth's atmosphere at one time.",3,June,Water in atmosphere,Nature,"USGS estimates atmospheric water at 12,900 km³.",high,https://www.usgs.gov/water-science-school/science/how-much-water-there-earth,Water cycle,How Much Water is There on Earth?,www.usgs.gov,verified
FACT-2027-06-03-S04,3,2027-06-03,Whale sharks filter-feed primarily on plankton and small fish.,4,June,Whale shark feeding,Animals,National Geographic describes their wide-mouth plankton filter feeding.,high,https://www.nationalgeographic.com/animals/fish/facts/whale-shark,Marine fish,Whale Shark,www.nationalgeographic.com,verified
FACT-2027-06-03-S05,3,2027-06-03,More than 7.1 million deaths due to COVID-19 have been reported worldwide since December 2019.,5,June,COVID-19 Deaths,Human Body,Nearly 780 million cases and more than 7.1 million deaths due to COVID-19 have been reported worldwide since December 2019.,medium,https://www.who.int/news-room/fact-sheets/detail/coronavirus-disease-%28Covid-19%29,Diseases,Coronavirus disease (COVID-19) | WHO,www.who.int,verified
FACT-2027-06-03-S06,3,2027-06-03,"Rivers hold about 2,120 km³ of water globally.",6,June,Water in rivers,Nature,"USGS table lists rivers at 2,120 km³.",high,https://www.usgs.gov/water-science-school/science/how-much-water-there-earth,Water cycle,How Much Water is There on Earth?,www.usgs.gov,verified
FACT-2027-06-03-S07,3,2027-06-03,The Gulf Stream moves about 100 times as much water as all Earth's rivers.,7,June,Gulf Stream flow comparison,Ocean & Marine,USGS makes this direct comparison.,high,https://www.usgs.gov/water-science-school/science/oceans-and-seas-and-water-cycle,Ocean currents,Oceans and Seas and the Water Cycle,www.usgs.gov,verified
FACT-2027-06-03-S08,3,2027-06-03,"The deepest observed Challenger Deep seafloor is 10,935 m below mean sea level, with ±6 m uncertainty.",8,June,Challenger Deep depth,Ocean & Marine,"NOAA repository paper reports 10,935 m ±6 m at 95% confidence.",high,https://repository.library.noaa.gov/view/noaa/33477/noaa_33477_DS1.pdf,Deep ocean,Revised depth of the Challenger Deep from submersible transects,repository.library.noaa.gov,verified
FACT-2027-06-03-S09,3,2027-06-03,"After an earthquake, the slipped fault can become a permeable pathway for water-rich fluids, potentially triggering additional earthquakes nearby.",9,June,Fault rupture can create pathways for additional earthquakes,Science,The text states that the fault from the first earthquake becomes a permeable pathway for water-rich fluids and may cause other nearby earthquakes.,high,https://www.usgs.gov/observatories/yvo/news/water-released-crystallizing-magma-can-trigger-earthquakes-yellowstone,Earthquake Swarms,Water Released from Crystallizing Magma can Trigger Earthquakes in Yellowstone | U.S. Geological Survey,www.usgs.gov,verified
FACT-2027-06-03-S10,3,2027-06-03,The June 2022 Yellowstone floods probably did not trigger earthquakes because the water was distributed across space and present for a brief time.,10,June,The 2022 Yellowstone floods probably did not trigger earthquakes,Science,The text answers that the floods probably did not trigger earthquakes and contrasts their distribution and brief duration with a large reservoir collecting deep water over months or years.,high,https://www.usgs.gov/observatories/yvo/news/water-released-crystallizing-magma-can-trigger-earthquakes-yellowstone,Hydrology,Water Released from Crystallizing Magma can Trigger Earthquakes in Yellowstone | U.S. Geological Survey,www.usgs.gov,verified
FACT-2027-06-03-S11,3,2027-06-03,Earth's global ocean covers about 71% of the planet's surface.,11,June,Global ocean area,Geography,NASA states the global ocean covers about 71%.,high,https://science.nasa.gov/earth/facts/,Earth,Facts About Earth,science.nasa.gov,verified
FACT-2027-06-03-S12,3,2027-06-03,"Mauna Kea is taller from base to summit than Everest, although most of Mauna Kea is underwater.",12,June,Tallest mountain from base,Geography,NASA explicitly makes this comparison.,high,https://science.nasa.gov/earth/facts/,Mountains,Facts About Earth,science.nasa.gov,verified
FACT-2027-06-03-S13,3,2027-06-03,"George Washington was commissioned as commander-in-chief of the Continental Army on June 19, 1775.",13,June,George Washington Commission,History,"June 19, 1775: George Washington is commissioned commander in chief of the Continental Army.",medium,https://www.loc.gov/classroom-materials/american-revolution/,United States,The American Revolution | Classroom Materials at the Library of Congress,www.loc.gov,verified
FACT-2027-06-03-S14,3,2027-06-03,"Mesopotamia means “land between rivers,” referring to the Tigris and Euphrates.",14,June,"Mesopotamia means “land between rivers,” referring to the Tigris and Euphrates",History,Source page identified in the cited institutional reference.,medium,https://www.britannica.com/place/Mesopotamia-historical-region-Asia,History,Britannica,www.britannica.com,verified
FACT-2027-06-03-S15,3,2027-06-03,One of Birdseye’s quick-freezing techniques held packaged food between two metal belts chilled to between -40°F and -45°F.,15,June,One method used chilled metal belts,Technology,The text describes a package held between two metal belts chilled to -40°F to -45°F.,high,https://www.loc.gov/everyday-mysteries/categories/technology/item/who-invented-frozen-food/,Food processing equipment,Who invented frozen food?  | Library of Congress,www.loc.gov,verified
FACT-2027-06-03-S16,3,2027-06-03,Birdseye’s second quick-freezing technique held packaged food under pressure between hollow metal plates chilled to -25°F by ammonia evaporation.,16,June,Another method used hollow metal plates,Technology,"The text explicitly describes the packaged food, pressure, hollow metal plates, -25°F temperature, and ammonia evaporation.",high,https://www.loc.gov/everyday-mysteries/categories/technology/item/who-invented-frozen-food/,Food processing equipment,Who invented frozen food?  | Library of Congress,www.loc.gov,verified
FACT-2027-06-03-S17,3,2027-06-03,"Apollo was associated with music and prophecy, and Delphi was his major sanctuary.",17,June,"Apollo was associated with music and prophecy, and Delphi was his major sanctuary",Mythology & Legends,Source page identified in the cited institutional reference.,medium,https://www.metmuseum.org/essays/greek-gods-and-religious-practices,Mythology & Legends,Met,www.metmuseum.org,verified
FACT-2027-06-03-S18,3,2027-06-03,"The ancient Greeks shared language, religion and cultural traits but spoke multiple dialects.",18,June,"The ancient Greeks shared language, religion and cultural traits but spoke multiple dialec",Ancient Civilizations,Source page identified in the cited institutional reference.,medium,https://www.britannica.com/place/ancient-Greece,Ancient Civilizations And Food,Britannica,www.britannica.com,verified
FACT-2027-06-03-S19,3,2027-06-03,Ammonites lived in Mesozoic seas from about 201 to 66 million years ago.,19,June,Ammonites lived in Mesozoic seas from about 201 to 66 million years ago,Mystery & Unexplained,Source page identified in the cited institutional reference.,medium,https://www.nhm.ac.uk/discover/snakestones-ammonites-myth-magic-science.html,Mystery / Unexplained With Evidence,NHM,www.nhm.ac.uk,verified
FACT-2027-06-03-S20,3,2027-06-03,Ancient Greek tradition placed the gods’ home on Mount Olympus.,20,June,Ancient Greek tradition placed the gods’ home on Mount Olympus,Mythology & Legends,Source page identified in the cited institutional reference.,medium,https://www.metmuseum.org/essays/greek-gods-and-religious-practices,Mythology & Legends,Met,www.metmuseum.org,verified
FACT-2027-06-04-S01,4,2027-06-04,The giant oceanic manta ray can have a wingspan up to 29 feet.,1,June,Manta ray size,Animals,National Geographic gives a maximum wingspan of 29 feet.,high,https://www.nationalgeographic.com/animals/fish/facts/manta-ray,Marine fish,Manta Ray,www.nationalgeographic.com,verified
FACT-2027-06-04-S02,4,2027-06-04,"Approximately 6% of people who get COVID-19 develop 'long COVID' (post COVID-19 condition), characterized by long-term symptoms like fatigue, memory issues, or breathing difficulties.",2,June,Post COVID-19 Condition,Human Body,"About 6% develop post COVID-19 condition (PCC, or long COVID), however, which can cause lasting symptoms such as memory issues, fatigue or breathing difficulties.",medium,https://www.who.int/news-room/fact-sheets/detail/coronavirus-disease-%28Covid-19%29,Diseases,Coronavirus disease (COVID-19) | WHO,www.who.int,verified
FACT-2027-06-04-S03,4,2027-06-04,"Living organisms contain an estimated 1,120 km³ of water.",3,June,Biological water,Nature,"USGS table lists biological water at 1,120 km³.",high,https://www.usgs.gov/water-science-school/science/how-much-water-there-earth,Water cycle,How Much Water is There on Earth?,www.usgs.gov,verified
FACT-2027-06-04-S04,4,2027-06-04,Manta rays are the world's largest rays.,4,June,Manta ray taxonomy,Animals,National Geographic identifies manta rays as the largest ray species.,high,https://www.nationalgeographic.com/animals/fish/facts/manta-ray,Marine fish,Manta Ray,www.nationalgeographic.com,verified
FACT-2027-06-04-S05,4,2027-06-04,The source uses repeated tennis-ball squeezing as an activity for investigating what happens to hand muscles.,5,June,Repeated hand squeezing can be used to study muscles,Human Body,The lesson instructs students to squeeze a tennis ball in three rounds and answer what is happening to the muscles in their hand.,high,https://ssec.si.edu/structure-and-function,Muscular System,STCMS™: Structure and Function | Smithsonian Science Education Center,ssec.si.edu,verified
FACT-2027-06-04-S06,4,2027-06-04,"Near Earth's surface, nitrogen makes up about 78% of the atmosphere.",6,June,Atmospheric nitrogen,Nature,NASA gives atmospheric composition as 78% nitrogen.,high,https://science.nasa.gov/earth/facts/,Atmosphere,Facts About Earth,science.nasa.gov,verified
FACT-2027-06-04-S07,4,2027-06-04,"Challenger Deep is about 7,000 feet deeper than Mount Everest is tall.",7,June,Mariana Trench comparison,Ocean & Marine,NOAA Fisheries gives this comparison.,high,https://www.fisheries.noaa.gov/pacific-islands/habitat-conservation/mariana-trench-marine-national-monument,Marine protected areas,Mariana Trench Marine National Monument,www.fisheries.noaa.gov,verified
FACT-2027-06-04-S08,4,2027-06-04,Earth's global ocean has an average depth of about 3.6 kilometers.,8,June,Average ocean depth,Ocean & Marine,NASA gives an average depth of about 2.3 miles (3.6 km).,high,https://science.nasa.gov/earth/facts/,Ocean depth,Facts About Earth,science.nasa.gov,verified
FACT-2027-06-04-S09,4,2027-06-04,Living things on Earth are diverse and well adapted to their environment.,9,June,Living things are adapted to their environments,Science,The source states that life on Earth is diverse and well adapted to its environment.,high,https://ssec.si.edu/structure-and-function,Life Science,STCMS™: Structure and Function | Smithsonian Science Education Center,ssec.si.edu,verified
FACT-2027-06-04-S10,4,2027-06-04,"Some living things are composed of a single cell, while others are composed of many cells.",10,June,Living things can consist of one or many cells,Science,The source asks why some living things are composed of a single cell while others are made of many.,high,https://ssec.si.edu/structure-and-function,Cell Biology,STCMS™: Structure and Function | Smithsonian Science Education Center,ssec.si.edu,verified
FACT-2027-06-04-S11,4,2027-06-04,"The modern term 'geography' is derived from the Greek words 'geo' and 'graphein', which combine to mean 'earth writing' or 'earth description'.",11,June,Definition of Geography,Geography,"Its separate identity was first formulated and named some 2,000 years ago by the Greeks, whose geo and graphein were combined to mean “earth writing” or “earth description.”",medium,https://www.britannica.com/science/geography,General,"Geography | Definition, Types, History, & Facts | Britannica",www.britannica.com,verified
FACT-2027-06-04-S12,4,2027-06-04,Earth is the only known planet with abundant surface liquid water.,12,June,Earth is the only known planet with abundant surface liquid water,Geography,Source page identified in the cited institutional reference.,medium,https://science.nasa.gov/earth/facts/,Geography,NASA,science.nasa.gov,verified
FACT-2027-06-04-S13,4,2027-06-04,"The Indus civilization was one of the three earliest urban civilizations, alongside Mesopotamia and Egypt.",13,June,"The Indus civilization was one of the three earliest urban civilizations, alongside Mesopo",History,Source page identified in the cited institutional reference.,medium,https://www.britannica.com/topic/Indus-civilization,History,Britannica,www.britannica.com,verified
FACT-2027-06-04-S14,4,2027-06-04,Harappa and Mohenjo-daro were major Indus-civilization cities in present-day Pakistan.,14,June,Harappa and Mohenjo-daro were major Indus-civilization cities in present-day Pakistan,History,Source page identified in the cited institutional reference.,medium,https://www.britannica.com/topic/Indus-civilization,History,Britannica,www.britannica.com,verified
FACT-2027-06-04-S15,4,2027-06-04,The game called squash was formerly called “Rackets” and was played with a soft rubber ball that collapsed when hit hard.,15,June,Why the game is called squash,Technology,The text directly explains the former name and the ball’s construction and behavior.,high,https://www.loc.gov/item/how-did-squash-get-its-name/,Sports Equipment,Everyday Mysteries,www.loc.gov,verified
FACT-2027-06-04-S16,4,2027-06-04,Modern fortune-cookie machines use vacuums to place fortunes and metal fingers to fold the cookies before cooling and packaging them.,16,June,Modern machines insert fortunes using vacuums and fold cookies with metal fingers,Technology,The source describes vacuums sucking fortunes into place and metal fingers folding and shaping the cookies.,high,https://www.loc.gov/item/how-do-fortunes-get-inside-fortune-cookies/,Industrial Production,Everyday Mysteries,www.loc.gov,verified
FACT-2027-06-04-S17,4,2027-06-04,Athens and Sparta were influential Greek city-states but neither controlled the whole Greek-speaking world.,17,June,Athens and Sparta were influential Greek city-states but neither controlled the whole Gree,Ancient Civilizations,Source page identified in the cited institutional reference.,medium,https://www.britannica.com/place/ancient-Greece,Ancient Civilizations And Food,Britannica,www.britannica.com,verified
FACT-2027-06-04-S18,4,2027-06-04,"Ammonites went extinct at the same time as dinosaurs, about 66 million years ago.",18,June,"Ammonites went extinct at the same time as dinosaurs, about 66 million years ago",Mystery & Unexplained,Source page identified in the cited institutional reference.,medium,https://www.nhm.ac.uk/discover/snakestones-ammonites-myth-magic-science.html,Mystery / Unexplained With Evidence,NHM,www.nhm.ac.uk,verified
FACT-2027-06-04-S19,4,2027-06-04,Greek myths were represented in Archaic and Classical Greek art through recognizable attributes.,19,June,Greek myths were represented in Archaic and Classical Greek art through recognizable attri,Mythology & Legends,Source page identified in the cited institutional reference.,medium,https://www.metmuseum.org/essays/greek-gods-and-religious-practices,Mythology & Legends,Met,www.metmuseum.org,verified
FACT-2027-06-04-S20,4,2027-06-04,Ancient Greek city-states used forms of government including oligarchy and tyranny.,20,June,Ancient Greek city-states used forms of government including oligarchy and tyranny,Ancient Civilizations,Source page identified in the cited institutional reference.,medium,https://www.britannica.com/place/ancient-Greece,Ancient Civilizations And Food,Britannica,www.britannica.com,verified
FACT-2027-06-05-S01,5,2027-06-05,Male seahorses incubate eggs in a brood pouch and give birth to the young.,1,June,Seahorse reproductive role,Animals,National Geographic describes male pregnancy and birth in seahorses.,high,https://www.nationalgeographic.com/animals/fish/facts/seahorses,Marine fish,"Seahorses, facts and photos",www.nationalgeographic.com,verified
FACT-2027-06-05-S02,5,2027-06-05,The source compares tasting food while holding the nose shut with tasting it without holding the nose.,2,June,Smell can affect food tasting,Human Body,The nervous-system lesson asks students to describe differences between trying food with and without being able to smell.,high,https://ssec.si.edu/structure-and-function,Sensory Systems,STCMS™: Structure and Function | Smithsonian Science Education Center,ssec.si.edu,verified
FACT-2027-06-05-S03,5,2027-06-05,"Near Earth's surface, oxygen makes up about 21% of the atmosphere.",3,June,Atmospheric oxygen,Nature,NASA gives atmospheric composition as 21% oxygen.,high,https://science.nasa.gov/earth/facts/,Atmosphere,Facts About Earth,science.nasa.gov,verified
FACT-2027-06-05-S04,5,2027-06-05,More than 120 species of cuttlefish are known.,4,June,Cuttlefish species count,Animals,National Geographic states there are more than 120 species.,high,https://www.nationalgeographic.com/animals/invertebrates/facts/cuttlefish,Marine invertebrates,"Cuttlefish, facts and photos",www.nationalgeographic.com,verified
FACT-2027-06-05-S05,5,2027-06-05,The source states that some countries have a lower incidence of heart disease and high blood pressure than the United States.,5,June,Heart disease and high blood pressure incidence varies by country,Human Body,The assessment text says that in some countries the incidence of heart disease and high blood pressure is much lower than in the United States.,high,https://ssec.si.edu/structure-and-function,Cardiovascular Health,STCMS™: Structure and Function | Smithsonian Science Education Center,ssec.si.edu,verified
FACT-2027-06-05-S06,5,2027-06-05,About 80% of Earth's atmosphere is contained in the troposphere.,6,June,Troposphere atmospheric share,Nature,NASA states about 80% is in the lowest layer.,high,https://science.nasa.gov/earth/earth-atmosphere/the-atmosphere-earths-security-blanket/,Atmosphere,The Atmosphere: Earth's Security Blanket,science.nasa.gov,verified
FACT-2027-06-05-S07,5,2027-06-05,Hydrothermal vents in the Mariana monument support life despite highly acidic and boiling water.,7,June,Mariana vent life,Ocean & Marine,NOAA Fisheries describes species surviving these vent conditions.,high,https://www.fisheries.noaa.gov/pacific-islands/habitat-conservation/mariana-trench-marine-national-monument,Marine ecosystems,Mariana Trench Marine National Monument,www.fisheries.noaa.gov,verified
FACT-2027-06-05-S08,5,2027-06-05,The Maug submerged caldera is approximately 2.4 km wide and 250 m deep.,8,June,Maug caldera dimensions,Ocean & Marine,NOAA gives the caldera dimensions as 1.5 miles (2.4 km) wide and 820 feet (250 m) deep.,high,https://www.fisheries.noaa.gov/pacific-islands/habitat-conservation/mariana-trench-marine-national-monument,Coral reefs,Mariana Trench Marine National Monument,www.fisheries.noaa.gov,verified
FACT-2027-06-05-S09,5,2027-06-05,The source presents photosynthesis as a process that can be observed at an atomic level.,9,June,Photosynthesis occurs at the atomic level,Science,The photosynthesis lesson directs students to watch an interactive showing how photosynthesis takes place on an atomic level.,high,https://ssec.si.edu/structure-and-function,Photosynthesis,STCMS™: Structure and Function | Smithsonian Science Education Center,ssec.si.edu,verified
FACT-2027-06-05-S10,5,2027-06-05,Vertebrates can have limbs with similarities to human limbs.,10,June,Vertebrates can have similar limbs,Science,The source asks students to investigate vertebrates with backbones that have limbs similar to those of humans.,high,https://ssec.si.edu/structure-and-function,Vertebrate Anatomy,STCMS™: Structure and Function | Smithsonian Science Education Center,ssec.si.edu,verified
FACT-2027-06-05-S11,5,2027-06-05,Earth’s atmosphere is about 78% nitrogen and 21% oxygen.,11,June,Earth’s atmosphere is about 78% nitrogen and 21% oxygen,Geography,Source page identified in the cited institutional reference.,medium,https://science.nasa.gov/earth/facts/,Geography,NASA,science.nasa.gov,verified
FACT-2027-06-05-S12,5,2027-06-05,"Earth’s axis is tilted about 23.4 degrees, producing the seasonal cycle.",12,June,"Earth’s axis is tilted about 23.4 degrees, producing the seasonal cycle",Geography,Source page identified in the cited institutional reference.,medium,https://science.nasa.gov/earth/facts/,Geography,NASA,science.nasa.gov,verified
FACT-2027-06-05-S13,5,2027-06-05,Ancient Egyptian civilization dates back to the 4th millennium BCE.,13,June,Ancient Egyptian civilization dates back to the 4th millennium BCE,History,Source page identified in the cited institutional reference.,medium,https://www.britannica.com/place/ancient-Egypt,History,Britannica,www.britannica.com,verified
FACT-2027-06-05-S14,5,2027-06-05,Ancient Greek civilization was organized politically into independent city-states.,14,June,Ancient Greek civilization was organized politically into independent city-states,History,Source page identified in the cited institutional reference.,medium,https://www.britannica.com/place/ancient-Greece,History,Britannica,www.britannica.com,verified
FACT-2027-06-05-S15,5,2027-06-05,NIST is the national measurement institute of the United States.,15,June,NIST is the U.S. national measurement institute,Technology,The text explicitly states that NIST is the national measurement institute of the United States.,high,https://www.nist.gov/blogs/taking-measure/keepers-right-answer-why-measurements-nist-are-important-nation-and-world,Measurement Science,Keepers of the Right Answer: Why Measurements at NIST Are Important for the Nation and the World | NIST,www.nist.gov,verified
FACT-2027-06-05-S16,5,2027-06-05,"Computer chips are measured at the scale of nanometers, described in the text as one million times smaller than the width of a dime.",16,June,Modern computer chips are measured at nanometer scale,Technology,The text contrasts millimeter-scale transistor measurements with current nanometer-scale computer-chip measurements and gives the stated size comparison.,high,https://www.nist.gov/blogs/taking-measure/keepers-right-answer-why-measurements-nist-are-important-nation-and-world,Semiconductors,Keepers of the Right Answer: Why Measurements at NIST Are Important for the Nation and the World | NIST,www.nist.gov,verified
FACT-2027-06-05-S17,5,2027-06-05,The “magic” of ammonites can be investigated through their preserved fossil shell geometry.,17,June,The “magic” of ammonites can be investigated through their preserved fossil shell geometry,Mystery & Unexplained,Source page identified in the cited institutional reference.,medium,https://www.nhm.ac.uk/discover/snakestones-ammonites-myth-magic-science.html,Mystery / Unexplained With Evidence,NHM,www.nhm.ac.uk,verified
FACT-2027-06-05-S18,5,2027-06-05,"Mesopotamian gods were represented in myths as humanlike, with emotions, families and physical needs.",18,June,"Mesopotamian gods were represented in myths as humanlike, with emotions, families and phys",Mythology & Legends,Source page identified in the cited institutional reference.,medium,https://www.metmuseum.org/essays/mesopotamian-deities,Mythology & Legends,Met,www.metmuseum.org,verified
FACT-2027-06-05-S19,5,2027-06-05,The Mesopotamian civilization lasted from the first cities of the fourth millennium BCE into the early Roman period.,19,June,The Mesopotamian civilization lasted from the first cities of the fourth millennium BCE in,Ancient Civilizations,Source page identified in the cited institutional reference.,medium,https://www.metmuseum.org/essays/mesopotamian-deities,Ancient Civilizations And Food,Met,www.metmuseum.org,verified
FACT-2027-06-05-S20,5,2027-06-05,"Oarfish are a plausible natural source for some sea-serpent reports because of their long, ribbon-like bodies.",20,June,"Oarfish are a plausible natural source for some sea-serpent reports because of their long,",Mystery & Unexplained,Source page identified in the cited institutional reference.,medium,https://www.nhm.ac.uk/discover/sea-monsters-inspiration-serpents-mermaids-the-kraken.html,Mystery / Unexplained With Evidence,NHM,www.nhm.ac.uk,verified
FACT-2027-06-06-S01,6,2027-06-06,"Cuttlefish can rapidly change skin color, pattern and texture.",1,June,Cuttlefish camouflage,Animals,National Geographic describes control of millions of skin color cells.,high,https://www.nationalgeographic.com/animals/invertebrates/facts/cuttlefish,Marine invertebrates,"Cuttlefish, facts and photos",www.nationalgeographic.com,verified
FACT-2027-06-06-S02,6,2027-06-06,U.S. hospitals trace mammography radiation amounts back to NIST laboratories through a chain of calibration.,2,June,NIST traceability supports mammography radiation accuracy,Human Body,"The text says hospitals trace the radiation amount back to a NIST lab and that the calibration chain links to a radiation physics lab in Gaithersburg, Maryland.",high,https://www.nist.gov/blogs/taking-measure/keepers-right-answer-why-measurements-nist-are-important-nation-and-world,Medical Imaging,Keepers of the Right Answer: Why Measurements at NIST Are Important for the Nation and the World | NIST,www.nist.gov,verified
FACT-2027-06-06-S03,6,2027-06-06,The commonly accepted boundary between atmosphere and space is about 100 km above Earth's surface.,3,June,Accepted edge of space,Nature,NASA gives the accepted standard as 100 km.,high,https://science.nasa.gov/earth/earth-atmosphere/the-atmosphere-earths-security-blanket/,Atmosphere,The Atmosphere: Earth's Security Blanket,science.nasa.gov,verified
FACT-2027-06-06-S04,6,2027-06-06,More than 300 squid species occur in every ocean.,4,June,Squid diversity,Animals,National Geographic states more than 300 species live in every ocean.,high,https://www.nationalgeographic.com/animals/invertebrates/facts/squids,Marine invertebrates,Squid,www.nationalgeographic.com,verified
FACT-2027-06-06-S05,6,2027-06-06,Taking a prescription drug and dietary supplement together may sometimes make the drug’s effects too strong and increase unwanted side effects.,5,June,Supplements can sometimes increase prescription-drug effects,Human Body,The text states that combining a prescription drug and dietary supplement may increase the drug’s effects and unwanted side effects.,high,https://www.nccih.nih.gov/health/tips/10-things-to-know-about-the-science-of-health,Drug Interactions,10 Things To Know About the Science of Health | NCCIH,www.nccih.nih.gov,verified
FACT-2027-06-06-S06,6,2027-06-06,The troposphere averages about 12 km thick.,6,June,Troposphere thickness,Nature,NASA gives an average thickness of 12 km.,high,https://science.nasa.gov/earth/earth-atmosphere/the-atmosphere-earths-security-blanket/,Atmosphere,The Atmosphere: Earth's Security Blanket,science.nasa.gov,verified
FACT-2027-06-06-S07,6,2027-06-06,Almost all rain that falls on land originates from water evaporating from the ocean.,7,June,Ocean's Role in Rain,Ocean & Marine,"In fact, almost all rain that falls on land starts off in the ocean.",medium,https://oceanexplorer.noaa.gov/ocean-fact/climate/,Climate,How does the ocean affect climate and weather on land?,oceanexplorer.noaa.gov,verified
FACT-2027-06-06-S08,6,2027-06-06,"Ocean currents act as a conveyor belt, transporting warm water from the equator toward the poles and cold water from the poles back to the tropics.",8,June,Ocean Currents and Heat Transport,Ocean & Marine,"Ocean currents act much like a conveyor belt, transporting warm water and precipitation from the equator toward the poles and cold water from the poles back to the tropics.",medium,https://www.noaa.gov/education/resource-collections/ocean-coasts/ocean-currents,Climate,Ocean currents | National Oceanic and Atmospheric Administration,www.noaa.gov,verified
FACT-2027-06-06-S09,6,2027-06-06,"Before quick-freezing, slow freezing caused large ice crystals to form and rupture food cell membranes.",9,June,Slow freezing forms large ice crystals,Science,"The text states that slow freezing caused large ice crystals to form, rupturing the cell membranes of the food.",high,https://www.loc.gov/everyday-mysteries/categories/technology/item/who-invented-frozen-food/,Freezing processes,Who invented frozen food?  | Library of Congress,www.loc.gov,verified
FACT-2027-06-06-S10,6,2027-06-06,Metrology means the science of measurement.,10,June,Metrology is the science of measurement,Science,The text explicitly defines metrology as the science of measurement.,high,https://www.nist.gov/blogs/taking-measure/keepers-right-answer-why-measurements-nist-are-important-nation-and-world,Metrology,Keepers of the Right Answer: Why Measurements at NIST Are Important for the Nation and the World | NIST,www.nist.gov,verified
FACT-2027-06-06-S11,6,2027-06-06,Earth completes one orbit around the Sun in about 365.25 days.,11,June,Earth completes one orbit around the Sun in about 365.25 days,Geography,Source page identified in the cited institutional reference.,medium,https://science.nasa.gov/earth/facts/,Geography,NASA,science.nasa.gov,verified
FACT-2027-06-06-S12,6,2027-06-06,Sunlight takes about eight minutes to reach Earth.,12,June,Sunlight takes about eight minutes to reach Earth,Geography,Source page identified in the cited institutional reference.,medium,https://science.nasa.gov/earth/facts/,Geography,NASA,science.nasa.gov,verified
FACT-2027-06-06-S13,6,2027-06-06,Greek colonists established cities around the Mediterranean and along the Black Sea.,13,June,Greek colonists established cities around the Mediterranean and along the Black Sea,History,Source page identified in the cited institutional reference.,medium,https://www.britannica.com/place/ancient-Greece,History,Britannica,www.britannica.com,verified
FACT-2027-06-06-S14,6,2027-06-06,"The Silk Road was a network of routes linking China, Central Asia, the Middle East and the Mediterranean.",14,June,"The Silk Road was a network of routes linking China, Central Asia, the Middle East and the",History,Source page identified in the cited institutional reference.,medium,https://www.loc.gov/item/2019737215/,History,Library of Congress,www.loc.gov,verified
FACT-2027-06-06-S15,6,2027-06-06,NIST develops precise atomic clocks.,15,June,NIST develops precise atomic clocks,Technology,The text states that NIST develops precise atomic clocks.,high,https://www.nist.gov/,Measurement Science,National Institute of Standards and Technology,www.nist.gov,verified
FACT-2027-06-06-S16,6,2027-06-06,NIST creates encryption standards.,16,June,NIST creates encryption standards,Technology,The text states that NIST creates encryption standards.,high,https://www.nist.gov/,Encryption,National Institute of Standards and Technology,www.nist.gov,verified
FACT-2027-06-06-S17,6,2027-06-06,Mesopotamian personal gods were believed to intercede for families’ health and protection.,17,June,Mesopotamian personal gods were believed to intercede for families’ health and protection,Mythology & Legends,Source page identified in the cited institutional reference.,medium,https://www.metmuseum.org/essays/mesopotamian-deities,Mythology & Legends,Met,www.metmuseum.org,verified
FACT-2027-06-06-S18,6,2027-06-06,Mesopotamian cuneiform tablets from the third millennium BCE associate gods with particular cities.,18,June,Mesopotamian cuneiform tablets from the third millennium BCE associate gods with particula,Ancient Civilizations,Source page identified in the cited institutional reference.,medium,https://www.metmuseum.org/essays/mesopotamian-deities,Ancient Civilizations And Food,Met,www.metmuseum.org,verified
FACT-2027-06-06-S19,6,2027-06-06,Claims that oarfish predict earthquakes remain unproven.,19,June,Claims that oarfish predict earthquakes remain unproven,Mystery & Unexplained,Source page identified in the cited institutional reference.,medium,https://www.nhm.ac.uk/discover/sea-monsters-inspiration-serpents-mermaids-the-kraken.html,Mystery / Unexplained With Evidence,NHM,www.nhm.ac.uk,verified
FACT-2027-06-06-S20,6,2027-06-06,"If Jupiter were a hollow shell, approximately 1,000 Earth-sized planets could fit inside it.",20,June,Jupiter's Capacity,Space,"NASA states: 'The largest planet is Jupiter. If Jupiter was a hollow shell, 1,000 Earths could fit inside.'",medium,https://science.nasa.gov/solar-system/solar-system-facts/,Solar System,Solar System: Facts - NASA Science,science.nasa.gov,verified
FACT-2027-06-07-S01,7,2027-06-07,"Squid move by jet propulsion, ejecting water through a siphon.",1,June,Squid locomotion,Animals,National Geographic explains mantle filling and siphon ejection.,high,https://www.nationalgeographic.com/animals/invertebrates/facts/squids,Marine invertebrates,Squid,www.nationalgeographic.com,verified
FACT-2027-06-07-S02,7,2027-06-07,"Taking a prescription drug and a supplement together may sometimes decrease the drug’s effects, reducing its full benefit.",2,June,Supplements can sometimes decrease prescription-drug effects,Human Body,The text states that combining a prescription drug and supplement may decrease the drug’s effects and prevent the full benefit.,high,https://www.nccih.nih.gov/health/tips/10-things-to-know-about-the-science-of-health,Drug Interactions,10 Things To Know About the Science of Health | NCCIH,www.nccih.nih.gov,verified
FACT-2027-06-07-S03,7,2027-06-07,"More than 80 percent of the Earth's surface, above and below sea level, is of volcanic origin.",3,June,Volcanic Surface Origin,Nature,More than 80 percent of the Earth's surface--above and below sea level--is of volcanic origin.,medium,https://pubs.usgs.gov/gip/volc/text.html,Volcanology,Volcanoes | USGS,pubs.usgs.gov,verified
FACT-2027-06-07-S04,7,2027-06-07,The fastest measured cheetah speed is 114 km/h.,4,June,Cheetah maximum measured speed,Animals,Britannica reports a measured maximum of 114 km/h.,high,https://www.britannica.com/animal/cheetah-mammal,Terrestrial mammals,Cheetah,www.britannica.com,verified
FACT-2027-06-07-S05,7,2027-06-07,"In medicine, the term “natural” has no official definition, and natural products are not necessarily safe or better for health.",5,June,Natural does not always mean safe,Human Body,The text says there is no official medical definition of “natural” and that natural does not always mean safe or better.,high,https://www.nccih.nih.gov/health/tips/10-things-to-know-about-the-science-of-health,Natural Products,10 Things To Know About the Science of Health | NCCIH,www.nccih.nih.gov,verified
FACT-2027-06-07-S06,7,2027-06-07,Molten rock is referred to as magma when it is underground and as lava once it erupts from a volcano.,6,June,Difference Between Magma and Lava,Nature,"Molten rock below the surface of the Earth that rises in volcanic vents is known as magma, but after it erupts from a volcano it is called lava.",medium,https://www.usgs.gov/programs/VHP/about-volcanoes,Volcanology,About Volcanoes | USGS,www.usgs.gov,verified
FACT-2027-06-07-S07,7,2027-06-07,"The Gulf Stream carries significant heat from the Caribbean towards Europe, keeping Northern Europe warmer than other regions at the same latitude.",7,June,Gulf Stream Impact,Ocean & Marine,The heat from the Gulf Stream keeps much of Northern Europe significantly warmer than other places equally as far north.,medium,https://www.noaa.gov/education/resource-collections/ocean-coasts/ocean-currents,Climate,Ocean currents | National Oceanic and Atmospheric Administration,www.noaa.gov,verified
FACT-2027-06-07-S08,7,2027-06-07,"Thermohaline circulation is a global system of deep and surface currents driven by differences in water temperature and salinity, taking roughly 1,000 years to circulate.",8,June,Thermohaline Circulation,Ocean & Marine,This global set of ocean currents is a critical part of Earth’s climate system as well as the ocean nutrient and carbon dioxide cycles... This process is known as thermohaline circulation... on a 1000 year time span.,medium,https://www.noaa.gov/education/resource-collections/ocean-coasts/ocean-currents,Climate,Ocean currents | National Oceanic and Atmospheric Administration,www.noaa.gov,verified
FACT-2027-06-07-S09,7,2027-06-07,Spectroscopy gathers information by examining the interaction between light and matter.,9,June,Spectroscopy uses light and matter,Science,The text explicitly states that spectroscopy uses the interaction between light and matter to gather information.,high,https://www.nist.gov/spectroscopy/what-spectroscopy,Spectroscopy,Spectroscopy: A Measurement Powerhouse | NIST,www.nist.gov,verified
FACT-2027-06-07-S10,7,2027-06-07,The frequency of a light wave is the number of times it rises and falls in one second.,10,June,Light waves have frequencies,Science,The text defines frequency as the number of times a light wave rises and falls in one second.,high,https://www.nist.gov/spectroscopy/what-spectroscopy,Electromagnetic Spectrum,Spectroscopy: A Measurement Powerhouse | NIST,www.nist.gov,verified
FACT-2027-06-07-S11,7,2027-06-07,Earth has one natural satellite and no ring system.,11,June,Earth has one natural satellite and no ring system,Geography,Source page identified in the cited institutional reference.,medium,https://science.nasa.gov/earth/facts/,Geography,NASA,science.nasa.gov,verified
FACT-2027-06-07-S12,7,2027-06-07,Earth’s longest mountain range is underwater along the ocean floor.,12,June,Earth’s longest mountain range is underwater along the ocean floor,Geography,Source page identified in the cited institutional reference.,medium,https://science.nasa.gov/earth/facts/,Geography,NASA,science.nasa.gov,verified
FACT-2027-06-07-S13,7,2027-06-07,The Silk Road facilitated exchange of goods and cultural interaction for centuries.,13,June,The Silk Road facilitated exchange of goods and cultural interaction for centuries,History,Source page identified in the cited institutional reference.,medium,https://www.loc.gov/item/2019737215/,History,Library of Congress,www.loc.gov,verified
FACT-2027-06-07-S14,7,2027-06-07,The Inca Empire reached from modern Ecuador to central Chile at the time of the Spanish conquest.,14,June,The Inca Empire reached from modern Ecuador to central Chile at the time of the Spanish co,History,Source page identified in the cited institutional reference.,medium,https://www.britannica.com/topic/Inca,History,Britannica,www.britannica.com,verified
FACT-2027-06-07-S15,7,2027-06-07,NIST supports manufacturing.,15,June,NIST supports manufacturing,Technology,The text states that NIST supports manufacturing.,high,https://www.nist.gov/,Manufacturing,National Institute of Standards and Technology,www.nist.gov,verified
FACT-2027-06-07-S16,7,2027-06-07,NIST conducts research involving nanoscale devices that power advanced microchips.,16,June,NIST conducts research on nanoscale devices,Technology,The text refers to nanoscale devices that power the most advanced microchips and says NIST’s measurements and research fuel innovation.,high,https://www.nist.gov/,Microchips,National Institute of Standards and Technology,www.nist.gov,verified
FACT-2027-06-07-S17,7,2027-06-07,"In Mesopotamian belief, the Netherworld was called the “Land of No Return.”",17,June,"In Mesopotamian belief, the Netherworld was called the “Land of No Return.”",Mythology & Legends,Source page identified in the cited institutional reference.,medium,https://www.metmuseum.org/essays/mesopotamian-deities,Mythology & Legends,Met,www.metmuseum.org,verified
FACT-2027-06-07-S18,7,2027-06-07,"Inanna was the patron deity of Uruk, Enlil of Nippur and Enki of Eridu in documented Mesopotamian tradition.",18,June,"Inanna was the patron deity of Uruk, Enlil of Nippur and Enki of Eridu in documented Mesop",Ancient Civilizations,Source page identified in the cited institutional reference.,medium,https://www.metmuseum.org/essays/mesopotamian-deities,Ancient Civilizations And Food,Met,www.metmuseum.org,verified
FACT-2027-06-07-S19,7,2027-06-07,“Jenny hanivers” sold as fantastical creatures were dried rays or skates modified to look monstrous.,19,June,“Jenny hanivers” sold as fantastical creatures were dried rays or skates modified to look ,Mystery & Unexplained,Source page identified in the cited institutional reference.,medium,https://www.nhm.ac.uk/discover/sea-monsters-inspiration-serpents-mermaids-the-kraken.html,Mystery / Unexplained With Evidence,NHM,www.nhm.ac.uk,verified
FACT-2027-06-07-S20,7,2027-06-07,Mercury and Venus are the only two planets in our solar system that do not have moons.,20,June,Planetary Moons,Space,"NASA confirms: 'Of the eight planets, Mercury and Venus are the only ones with no moons.'",medium,https://solarsystem.nasa.gov/solar-system/our-solar-system/in-depth.amp,Solar System,Solar System Exploration - NASA Science,solarsystem.nasa.gov,verified
FACT-2027-06-08-S01,8,2027-06-08,Cheetahs routinely reach 80–100 km/h while pursuing prey.,1,June,Cheetah routine speed,Animals,Britannica gives the routine pursuit range as 80–100 km/h.,high,https://www.britannica.com/animal/cheetah-mammal,Terrestrial mammals,Cheetah,www.britannica.com,verified
FACT-2027-06-08-S02,8,2027-06-08,Anatomy is the science that studies the structure of the body.,2,June,Anatomy studies body structure,Human Body,The summary explicitly defines anatomy as the science studying body structure.,high,https://www.nlm.nih.gov/medlineplus/anatomy.html,Anatomy,Anatomy | MedlinePlus,www.nlm.nih.gov,verified
FACT-2027-06-08-S03,8,2027-06-08,"There is currently no reliable scientific method to predict earthquakes; while future earthquakes are certain to occur on known faults, the timing cannot be determined.",3,June,Earthquake Prediction,Nature,"No, and it is unlikely they will ever be able to predict them... On any particular fault, scientists know there will be another earthquake sometime in the future, but they have no way of telling when it will happen.",medium,https://www.usgs.gov/programs/earthquake-hazards/science-earthquakes,Earthquakes,The Science of Earthquakes | USGS,www.usgs.gov,verified
FACT-2027-06-08-S04,8,2027-06-08,"Wild giant pandas live in mountain ranges in Sichuan, Shaanxi and Gansu, China.",4,June,Giant panda habitat,Animals,Smithsonian National Zoo identifies these three Chinese provinces.,high,https://nationalzoo.si.edu/animals/giant-panda,Terrestrial mammals,Giant panda,nationalzoo.si.edu,verified
FACT-2027-06-08-S05,8,2027-06-08,The page provides descriptions and pictures of human body parts and organ systems.,5,June,Human anatomy includes parts and organ systems,Human Body,The summary says the page contains links to descriptions and pictures of the human body's parts and organ systems.,high,https://www.nlm.nih.gov/medlineplus/anatomy.html,Body Organization,Anatomy | MedlinePlus,www.nlm.nih.gov,verified
FACT-2027-06-08-S06,8,2027-06-08,"To determine the epicenter of an earthquake, scientists use a method called triangulation, which requires data from at least three different seismographs.",6,June,Triangulation,Nature,"It is called triangulation because a triangle has three sides, and it takes three seismographs to locate an earthquake.",medium,https://www.usgs.gov/programs/earthquake-hazards/science-earthquakes,Earthquakes,The Science of Earthquakes | USGS,www.usgs.gov,verified
FACT-2027-06-08-S07,8,2027-06-08,"The ocean absorbs the majority of solar radiation, particularly in tropical waters, acting like a massive heat-retaining solar panel.",7,June,Ocean Absorption of Sun Radiation,Ocean & Marine,"The majority of radiation from the Sun is absorbed by the ocean, particularly in tropical waters around the equator, where the ocean acts like a massive, heat-retaining solar panel.",medium,https://oceanexplorer.noaa.gov/ocean-fact/climate/,Climate,How does the ocean affect climate and weather on land?,oceanexplorer.noaa.gov,verified
FACT-2027-06-08-S08,8,2027-06-08,Climate change has a profound effect on life in the oceans.,8,June,Climate change affects ocean life,Ocean & Marine,The source explicitly states that climate change has a profound effect on life in the oceans.,high,https://www.fisheries.noaa.gov/topic/climate-change,Climate impacts,Climate Change | NOAA Fisheries,www.fisheries.noaa.gov,verified
FACT-2027-06-08-S09,8,2027-06-08,Visible light makes up only a tiny part of the overall electromagnetic spectrum.,9,June,Visible light is a small part of the electromagnetic spectrum,Science,The text explicitly says that visible light makes up only a tiny part of the overall electromagnetic spectrum.,high,https://www.nist.gov/spectroscopy/what-spectroscopy,Electromagnetic Spectrum,Spectroscopy: A Measurement Powerhouse | NIST,www.nist.gov,verified
FACT-2027-06-08-S10,8,2027-06-08,"The frequencies that gases and objects emit or absorb can reveal their identity, composition, concentration and temperature.",10,June,Spectral frequencies reveal properties of matter,Science,"The text states that specific emitted or absorbed frequencies can provide information about identity, composition, concentration and temperature.",high,https://www.nist.gov/spectroscopy/what-spectroscopy,Spectroscopy,Spectroscopy: A Measurement Powerhouse | NIST,www.nist.gov,verified
FACT-2027-06-08-S11,8,2027-06-08,"Earth’s mantle is about 2,900 km thick.",11,June,"Earth’s mantle is about 2,900 km thick",Geography,Source page identified in the cited institutional reference.,medium,https://science.nasa.gov/earth/facts/,Geography,NASA,science.nasa.gov,verified
FACT-2027-06-08-S12,8,2027-06-08,"Earth’s inner core is a solid iron-nickel sphere about 1,221 km in radius.",12,June,"Earth’s inner core is a solid iron-nickel sphere about 1,221 km in radius",Geography,Source page identified in the cited institutional reference.,medium,https://science.nasa.gov/earth/facts/,Geography,NASA,science.nasa.gov,verified
FACT-2027-06-08-S13,8,2027-06-08,Machu Picchu is an Inca site in south-central Peru.,13,June,Machu Picchu is an Inca site in south-central Peru,History,Source page identified in the cited institutional reference.,medium,https://www.britannica.com/topic/Inca,History,Britannica,www.britannica.com,verified
FACT-2027-06-08-S14,8,2027-06-08,"The first known fishing hooks date to about 40,000 BCE and were found in East Timor.",14,June,"The first known fishing hooks date to about 40,000 BCE and were found in East Timor",History,Source page identified in the cited institutional reference.,medium,https://www.bl.uk/stories/blogs/posts/fishing-from-the-earliest-times-a-very-brief-history,History,British Library,www.bl.uk,verified
FACT-2027-06-08-S15,8,2027-06-08,NIST conducts research involving earthquake-resistant skyscrapers.,15,June,NIST researches earthquake-resistant skyscrapers,Technology,The text mentions earthquake-resistant skyscrapers in describing NIST’s measurements and research.,high,https://www.nist.gov/,Earthquake Engineering,National Institute of Standards and Technology,www.nist.gov,verified
FACT-2027-06-08-S16,8,2027-06-08,NIST-developed quantum sensors improve nuclear monitoring.,16,June,NIST develops quantum sensors,Technology,A listed headline states: “NIST-Developed Quantum Sensors Improve Nuclear Monitoring.”,high,https://www.nist.gov/,Quantum Technology,National Institute of Standards and Technology,www.nist.gov,verified
FACT-2027-06-08-S17,8,2027-06-08,Mesopotamian tradition associated Lamastu demons with the deaths of newborn babies.,17,June,Mesopotamian tradition associated Lamastu demons with the deaths of newborn babies,Mythology & Legends,Source page identified in the cited institutional reference.,medium,https://www.metmuseum.org/essays/mesopotamian-deities,Mythology & Legends,Met,www.metmuseum.org,verified
FACT-2027-06-08-S18,8,2027-06-08,The Met notes that political changes could alter the ranking of Mesopotamian deities.,18,June,The Met notes that political changes could alter the ranking of Mesopotamian deities,Ancient Civilizations,Source page identified in the cited institutional reference.,medium,https://www.metmuseum.org/essays/mesopotamian-deities,Ancient Civilizations And Food,Met,www.metmuseum.org,verified
FACT-2027-06-08-S19,8,2027-06-08,Earthquakes are sudden slips on faults that release energy as waves.,19,June,Earthquakes are sudden slips on faults that release energy as waves,Mystery & Unexplained,Source page identified in the cited institutional reference.,medium,https://www.usgs.gov/programs/earthquake-hazards/earthquake-facts-earthquake-fantasy,Mystery / Unexplained With Evidence,USGS,www.usgs.gov,verified
FACT-2027-06-08-S20,8,2027-06-08,"The term ""solar system"" is derived from ""solar,"" which relates to the Sun, tracing back to the Latin word ""solis"" for Sun.",20,June,Definition of Solar System,Space,"Our planetary system is called “the solar system” because we use the word “solar” to describe things related to our star, after the Latin word for Sun, ""solis.""",medium,https://science.nasa.gov/solar-system/solar-system-facts/,Solar System,Solar System: Facts - NASA Science,science.nasa.gov,verified
FACT-2027-06-09-S01,9,2027-06-09,Giant pandas have enlarged wrist bones that function as pseudo-thumbs for grasping bamboo.,1,June,Giant panda diet adaptation,Animals,Smithsonian describes the elongated wrist bone and fleshy pad.,high,https://nationalzoo.si.edu/animals/giant-panda,Terrestrial mammals,Giant panda,nationalzoo.si.edu,verified
FACT-2027-06-09-S02,9,2027-06-09,The page lists resources about the brain.,2,June,The brain is included in anatomy resources,Human Body,The Specifics section lists “Brain” and “Brain Basics: The Life and Death of a Neuron.”,high,https://www.nlm.nih.gov/medlineplus/anatomy.html,Nervous System,Anatomy | MedlinePlus,www.nlm.nih.gov,verified
FACT-2027-06-09-S03,9,2027-06-09,"The 'Ring of Fire' is the most volcanically and seismically active zone on Earth, formed where the Pacific Plate meets many surrounding tectonic plates.",3,June,Ring of Fire,Nature,"Many of these are located around the Pacific Ocean in what is known as the ""Ring of Fire."" In the U.S., volcanoes along the west coast and in Alaska (Aleutian volcanic chain) are part of the Ring of Fire.",medium,https://www.usgs.gov/programs/VHP/about-volcanoes,Volcanology,About Volcanoes | USGS,www.usgs.gov,verified
FACT-2027-06-09-S04,9,2027-06-09,Wild giant pandas are estimated to live about 15–20 years.,4,June,Giant panda wild lifespan,Animals,Smithsonian estimates wild lifespan at 15–20 years.,high,https://nationalzoo.si.edu/animals/giant-panda,Terrestrial mammals,Giant panda,nationalzoo.si.edu,verified
FACT-2027-06-09-S05,9,2027-06-09,The page lists a resource on the classification and structure of blood vessels.,5,June,Blood vessels are included in anatomy resources,Human Body,The Specifics section lists “Classification & Structure of Blood Vessels.”,high,https://www.nlm.nih.gov/medlineplus/anatomy.html,Circulatory System,Anatomy | MedlinePlus,www.nlm.nih.gov,verified
FACT-2027-06-09-S06,9,2027-06-09,A few large regional earthquakes greater than magnitude 6 are considered related to a subsequent eruption or some type of unrest at a nearby volcano.,6,June,Large earthquakes can sometimes be associated with volcanic unrest,Nature,The text states that a few large regional earthquakes greater than magnitude 6 are considered related to a subsequent eruption or nearby volcanic unrest.,high,https://www.usgs.gov/faqs/can-earthquakes-trigger-volcanic-eruptions,Volcanology,Can earthquakes trigger volcanic eruptions? | U.S. Geological Survey,www.usgs.gov,verified
FACT-2027-06-09-S07,9,2027-06-09,A number of marine species are shifting poleward at a rate of about 44 miles per decade.,7,June,Marine species are shifting poleward,Ocean & Marine,The source states that a number of marine species shift poleward at about 44 miles per decade.,high,https://www.fisheries.noaa.gov/topic/climate-change,Marine species distribution,Climate Change | NOAA Fisheries,www.fisheries.noaa.gov,verified
FACT-2027-06-09-S08,9,2027-06-09,Marine species are moving 5–10 times faster than terrestrial species.,8,June,Marine species move faster than terrestrial species,Ocean & Marine,The source explicitly compares marine species’ movement rate with that of terrestrial species.,high,https://www.fisheries.noaa.gov/topic/climate-change,Species movement,Climate Change | NOAA Fisheries,www.fisheries.noaa.gov,verified
FACT-2027-06-09-S09,9,2027-06-09,"Objects around room temperature, including human bodies, radiate mostly in the infrared.",9,June,Room-temperature objects radiate mostly infrared light,Science,"The text explicitly says that objects around room temperature, including our bodies, radiate mostly in the infrared.",high,https://www.nist.gov/spectroscopy/what-spectroscopy,Infrared Spectroscopy,Spectroscopy: A Measurement Powerhouse | NIST,www.nist.gov,verified
FACT-2027-06-09-S10,9,2027-06-09,Emission spectroscopy measures the frequencies of light emitted by an object.,10,June,Emission spectroscopy measures emitted light,Science,The text defines emission spectroscopy as measuring light frequencies emitted by an object such as a star.,high,https://www.nist.gov/spectroscopy/what-spectroscopy,Emission Spectroscopy,Spectroscopy: A Measurement Powerhouse | NIST,www.nist.gov,verified
FACT-2027-06-09-S11,9,2027-06-09,Earth’s outer core is a fluid layer of iron and nickel.,11,June,Earth’s outer core is a fluid layer of iron and nickel,Geography,Source page identified in the cited institutional reference.,medium,https://science.nasa.gov/earth/facts/,Geography,NASA,science.nasa.gov,verified
FACT-2027-06-09-S12,9,2027-06-09,Earth’s magnetic field helps shield the planet from the solar wind.,12,June,Earth’s magnetic field helps shield the planet from the solar wind,Geography,Source page identified in the cited institutional reference.,medium,https://science.nasa.gov/earth/facts/,Geography,NASA,science.nasa.gov,verified
FACT-2027-06-09-S13,9,2027-06-09,"Evidence from South African caves shows humans eating shellfish at least 164,000 years ago.",13,June,"Evidence from South African caves shows humans eating shellfish at least 164,000 years ago",History,Source page identified in the cited institutional reference.,medium,https://www.bl.uk/stories/blogs/posts/fishing-from-the-earliest-times-a-very-brief-history,History,British Library,www.bl.uk,verified
FACT-2027-06-09-S14,9,2027-06-09,Ancient Greek and Roman writers described fishing methods and marine-animal natural history.,14,June,Ancient Greek and Roman writers described fishing methods and marine-animal natural histor,History,Source page identified in the cited institutional reference.,medium,https://www.bl.uk/stories/blogs/posts/fishing-from-the-earliest-times-a-very-brief-history,History,British Library,www.bl.uk,verified
FACT-2027-06-09-S15,9,2027-06-09,NIST has finalized guidelines on protecting online identity and access tokens from misuse.,15,June,NIST works on online identity protection,Technology,A listed headline states: “NIST Finalizes Guidelines on Protecting Online Identity and Access Tokens From Misuse.”,high,https://www.nist.gov/,Cybersecurity,National Institute of Standards and Technology,www.nist.gov,verified
FACT-2027-06-09-S16,9,2027-06-09,Biotechnology is listed among NIST’s work areas.,16,June,Biotechnology is a NIST work area,Technology,The text lists “Biotechnology” under “What we do.”,high,https://www.nist.gov/,Biotechnology,National Institute of Standards and Technology,www.nist.gov,verified
FACT-2027-06-09-S17,9,2027-06-09,Pazuzu was regarded in some Mesopotamian traditions as protection against evil winds and Lamastu attacks.,17,June,Pazuzu was regarded in some Mesopotamian traditions as protection against evil winds and L,Mythology & Legends,Source page identified in the cited institutional reference.,medium,https://www.metmuseum.org/essays/mesopotamian-deities,Mythology & Legends,Met,www.metmuseum.org,verified
FACT-2027-06-09-S18,9,2027-06-09,"Sumerian texts at the end of the third millennium BCE list about 3,600 deities.",18,June,"Sumerian texts at the end of the third millennium BCE list about 3,600 deities",Ancient Civilizations,Source page identified in the cited institutional reference.,medium,https://www.metmuseum.org/essays/mesopotamian-deities,Ancient Civilizations And Food,Met,www.metmuseum.org,verified
FACT-2027-06-09-S19,9,2027-06-09,About 81% of the world’s largest earthquakes occur around the circum-Pacific belt.,19,June,About 81% of the world’s largest earthquakes occur around the circum-Pacific belt,Mystery & Unexplained,Source page identified in the cited institutional reference.,medium,https://www.usgs.gov/faqs/where-do-earthquakes-occur,Mystery / Unexplained With Evidence,USGS,www.usgs.gov,verified
FACT-2027-06-09-S20,9,2027-06-09,"There are eight officially recognized planets in our solar system: Mercury, Venus, Earth, Mars, Jupiter, Saturn, Uranus, and Neptune.",20,June,Planet Count,Space,"Our solar system has eight planets: Mercury, Venus, Earth, Mars, Jupiter, Saturn, Uranus, and Neptune.",medium,https://science.nasa.gov/solar-system/planets/,Solar System,About the Planets - NASA Science,science.nasa.gov,verified
FACT-2027-06-10-S01,10,2027-06-10,A female giant panda is able to conceive during only a two- to three-day period around ovulation.,1,June,Giant panda reproductive timing,Animals,Smithsonian gives the two- to three-day conception window.,high,https://nationalzoo.si.edu/animals/giant-panda,Terrestrial mammals,Giant panda,nationalzoo.si.edu,verified
FACT-2027-06-10-S02,10,2027-06-10,The page lists resources about how the lungs work and how the body controls breathing.,2,June,The lungs and breathing are included in anatomy resources,Human Body,The Specifics section lists “How the Lungs Work” and “How Your Body Controls Breathing.”,high,https://www.nlm.nih.gov/medlineplus/anatomy.html,Respiratory System,Anatomy | MedlinePlus,www.nlm.nih.gov,verified
FACT-2027-06-10-S03,10,2027-06-10,Nearby tectonic earthquakes can trigger a volcanic eruption only if the volcano is already poised to erupt.,3,June,Earthquakes trigger eruptions only when a volcano is already poised to erupt,Nature,The text explicitly says volcanoes can only be triggered into eruption by nearby tectonic earthquakes if they are already poised to erupt.,high,https://www.usgs.gov/faqs/can-earthquakes-trigger-volcanic-eruptions,Volcanology,Can earthquakes trigger volcanic eruptions? | U.S. Geological Survey,www.usgs.gov,verified
FACT-2027-06-10-S04,10,2027-06-10,"Studies of fossilized teeth suggest that the Tyrannosaurus rex was warm-blooded, maintaining an internal body temperature of around 97 degrees Fahrenheit.",4,June,Warm-Blooded T. Rex,Animals,"The fearsome predator ran at a toasty 97 degrees Fahrenheit, around the same temperature as modern-day humans, according to a study published September 16 in the journal Science Advances.",medium,https://www.smithsonianmag.com/smart-news/tyrannosaurus-rex-was-a-warm-blooded-dinosaur-with-a-body-temperature-similar-to-that-of-humans-study-suggests-180989519/,Evolution,"Tyrannosaurus Rex Was a Warm-Blooded Dinosaur, With a Body Temperature Similar to That of Humans, Study Suggests",www.smithsonianmag.com,verified
FACT-2027-06-10-S05,10,2027-06-10,"The page lists resources about regions of the digestive system, the intestines, the stomach, and how the digestive system works.",5,June,The digestive system is included in anatomy resources,Human Body,"The Specifics section lists “Regions of the Digestive System,” “Small & Large Intestine,” “Stomach,” and “Your Digestive System and How It Works.”",high,https://www.nlm.nih.gov/medlineplus/anatomy.html,Digestive System,Anatomy | MedlinePlus,www.nlm.nih.gov,verified
FACT-2027-06-10-S06,10,2027-06-10,One condition for earthquake-triggered eruption is enough eruptible magma within the volcanic system.,6,June,An eruptible magma supply is required for earthquake-triggered eruption,Nature,The first listed required condition is enough “eruptible” magma within the volcanic system.,high,https://www.usgs.gov/faqs/can-earthquakes-trigger-volcanic-eruptions,Volcanology,Can earthquakes trigger volcanic eruptions? | U.S. Geological Survey,www.usgs.gov,verified
FACT-2027-06-10-S07,10,2027-06-10,Coral reefs are threatened by ocean warming and acidification.,7,June,Ocean warming and acidification threaten coral reefs,Ocean & Marine,The source explicitly identifies ocean warming and acidification as threats to coral reefs.,high,https://www.fisheries.noaa.gov/topic/climate-change,Coral reefs,Climate Change | NOAA Fisheries,www.fisheries.noaa.gov,verified
FACT-2027-06-10-S08,10,2027-06-10,Annual average Arctic sea ice extent has decreased between 3.5 percent and 4.1 percent per decade since the early 1980s.,8,June,Arctic sea ice extent has declined,Ocean & Marine,The source states that annual average Arctic sea ice extent decreased by 3.5–4.1 percent per decade since the early 1980s.,high,https://www.fisheries.noaa.gov/topic/climate-change,Arctic sea ice,Climate Change | NOAA Fisheries,www.fisheries.noaa.gov,verified
FACT-2027-06-10-S09,10,2027-06-10,"Each type of atom or molecule absorbs a unique set of light frequencies, creating a spectral fingerprint.",9,June,Atoms and molecules have spectral fingerprints,Science,The text explicitly describes each atom or molecule as absorbing a unique set of frequencies that forms a spectral fingerprint.,high,https://www.nist.gov/spectroscopy/what-spectroscopy,Absorption Spectroscopy,Spectroscopy: A Measurement Powerhouse | NIST,www.nist.gov,verified
FACT-2027-06-10-S10,10,2027-06-10,"By measuring how much light is missing at different frequencies, scientists can determine whether a substance is present and how much of it there is.",10,June,Absorption measurements can quantify substances,Science,The text states that precise measurements of missing light frequencies reveal both the presence and amount of an atom or molecule in a sample.,high,https://www.nist.gov/spectroscopy/what-spectroscopy,Absorption Spectroscopy,Spectroscopy: A Measurement Powerhouse | NIST,www.nist.gov,verified
FACT-2027-06-10-S11,10,2027-06-10,Auroras occur when solar-wind particles collide with gases near Earth’s magnetic poles.,11,June,Auroras occur when solar-wind particles collide with gases near Earth’s magnetic poles,Geography,Source page identified in the cited institutional reference.,medium,https://science.nasa.gov/earth/facts/,Geography,NASA,science.nasa.gov,verified
FACT-2027-06-10-S12,10,2027-06-10,Most meteoroids burn up in Earth’s atmosphere before reaching the surface.,12,June,Most meteoroids burn up in Earth’s atmosphere before reaching the surface,Geography,Source page identified in the cited institutional reference.,medium,https://science.nasa.gov/earth/facts/,Geography,NASA,science.nasa.gov,verified
FACT-2027-06-10-S13,10,2027-06-10,Oppian and Pliny described ancient fish-aggregating devices.,13,June,Oppian and Pliny described ancient fish-aggregating devices,History,Source page identified in the cited institutional reference.,medium,https://www.bl.uk/stories/blogs/posts/fishing-from-the-earliest-times-a-very-brief-history,History,British Library,www.bl.uk,verified
FACT-2027-06-10-S14,10,2027-06-10,"The French Revolution displaced aristocratic chefs, many of whom opened restaurants to the public.",14,June,"The French Revolution displaced aristocratic chefs, many of whom opened restaurants to the",History,Source page identified in the cited institutional reference.,medium,https://guides.loc.gov/food-wine-cafe-culture-paris-france/origins-french-cuisine,History,Library of Congress,guides.loc.gov,verified
FACT-2027-06-10-S15,10,2027-06-10,Novel infrared radiometers and radiation thermometers were developed to support critical calibration needs of the U.S. Air Force and Army.,15,June,Novel infrared radiometers and radiation thermometers were developed for military calibration needs,Technology,The 2023 Edward Bennett Rosa Award description states this purpose.,high,https://www.nist.gov/pml/sensor-science,Infrared Measurement,Sensor Science Division | NIST,www.nist.gov,verified
FACT-2027-06-10-S16,10,2027-06-10,The described ambient-radiation thermometer can measure non-contact temperatures from -50 °C to 150 °C.,16,June,An ambient-radiation thermometer measures non-contact temperatures across a stated range,Technology,The patent description explicitly gives the measurement range as -50 deg C to 150 deg C.,high,https://www.nist.gov/pml/sensor-science,Temperature Sensors,Sensor Science Division | NIST,www.nist.gov,verified
FACT-2027-06-10-S17,10,2027-06-10,Marduk was symbolized by a triangular-headed spade in Mesopotamian iconography.,17,June,Marduk was symbolized by a triangular-headed spade in Mesopotamian iconography,Mythology & Legends,Source page identified in the cited institutional reference.,medium,https://www.metmuseum.org/essays/mesopotamian-deities,Mythology & Legends,Met,www.metmuseum.org,verified
FACT-2027-06-10-S18,10,2027-06-10,"Mesopotamian divine statues were washed, dressed and given food and drink in ritual practice.",18,June,"Mesopotamian divine statues were washed, dressed and given food and drink in ritual practi",Ancient Civilizations,Source page identified in the cited institutional reference.,medium,https://www.metmuseum.org/essays/mesopotamian-deities,Ancient Civilizations And Food,Met,www.metmuseum.org,verified
FACT-2027-06-10-S19,10,2027-06-10,"Fingers and toes wrinkle in water because the outermost layer of skin swells when absorbing water; as it is tightly attached to underlying skin, it compensates by wrinkling.",19,June,Finger Wrinkling,Everyday Life,"Library of Congress explains: 'The outermost layer of the skin swells when it absorbs water. It is tightly attached to the skin underneath, so it compensates for the increased area by wrinkling.'",medium,https://www.loc.gov/everyday-mysteries/biology-and-human-anatomy/,Science,Biology and Human Anatomy | Everyday Mysteries | Library of Congress,www.loc.gov,verified
FACT-2027-06-10-S20,10,2027-06-10,Birdseye theorized that food must be frozen very quickly to retain its taste and texture.,20,June,Rapid freezing helps preserve taste and texture,Food,The text explicitly says Birdseye theorized that rapid freezing was necessary for retaining taste and texture.,high,https://www.loc.gov/everyday-mysteries/categories/technology/item/who-invented-frozen-food/,Food quality,Who invented frozen food?  | Library of Congress,www.loc.gov,verified
FACT-2027-06-11-S01,11,2027-06-11,"The oldest-known example of the breathing system used by amniotes (such as reptiles, birds, and mammals) was identified in a 286-289 million-year-old fossil of the extinct reptile Captorhinus aguti.",1,June,Ancient Breathing Mechanism,Animals,"Now, researchers have identified the oldest-known example of this breathing system... In a study published April 8 in the journal Nature, a team describes the remarkably well-preserved remains of an extinct reptile, called Captorhinus aguti, dated to about 286 million to 289 million years ago.",medium,https://www.smithsonianmag.com/smart-news/this-300-million-year-old-mummified-fossil-reveals-the-origins-of-breathing-in-amniotes-180988521/,Evolution,smithsonianmag.com,www.smithsonianmag.com,verified
FACT-2027-06-11-S02,11,2027-06-11,The page lists resources about the urinary bladder and how the kidneys work.,2,June,The kidneys and urinary bladder are included in anatomy resources,Human Body,The Specifics section lists “Urinary Bladder” and “Your Kidneys and How They Work.”,high,https://www.nlm.nih.gov/medlineplus/anatomy.html,Urinary System,Anatomy | MedlinePlus,www.nlm.nih.gov,verified
FACT-2027-06-11-S03,11,2027-06-11,A second condition for earthquake-triggered eruption is significant pressure within the magma storage region.,3,June,High magma-storage pressure is required for earthquake-triggered eruption,Nature,The second listed required condition is significant pressure within the magma storage region.,high,https://www.usgs.gov/faqs/can-earthquakes-trigger-volcanic-eruptions,Volcanology,Can earthquakes trigger volcanic eruptions? | U.S. Geological Survey,www.usgs.gov,verified
FACT-2027-06-11-S04,11,2027-06-11,Evidence from pigeon bones at an archaeological site in Cyprus suggests that humans partially domesticated rock doves as early as 1400 B.C.E.,4,June,Pigeon Domestication,Animals,Analyses of pigeon bones at an archeological site in Cyprus hint that the birds were partially domesticated as early as 1400 B.C.E.,medium,https://www.smithsonianmag.com/smart-news/pigeon-bones-found-at-an-ancient-cyprus-settlement-reveal-that-our-relationship-with-these-birds-began-earlier-than-we-thought-180988791/,Animals,Pigeon Bones Found at an Ancient Cyprus Settlement Reveal That Our Relationship With These Birds Began Earlier Than We Thought,www.smithsonianmag.com,verified
FACT-2027-06-11-S05,11,2027-06-11,The page includes images titled “Appendicular Skeleton” and “Axial Skeleton.”,5,June,The skeleton is represented by axial and appendicular divisions,Human Body,The Images section explicitly lists “Appendicular Skeleton” and “Axial Skeleton.”,high,https://www.nlm.nih.gov/medlineplus/anatomy.html,Skeletal System,Anatomy | MedlinePlus,www.nlm.nih.gov,verified
FACT-2027-06-11-S06,11,2027-06-11,"When the required conditions exist, large tectonic earthquakes might cause dissolved gases to come out of magma.",6,June,Earthquakes may cause dissolved gases to leave magma,Nature,The text says large tectonic earthquakes might cause dissolved gases to come out of the magma if those conditions exist.,high,https://www.usgs.gov/faqs/can-earthquakes-trigger-volcanic-eruptions,Volcanology,Can earthquakes trigger volcanic eruptions? | U.S. Geological Survey,www.usgs.gov,verified
FACT-2027-06-11-S07,11,2027-06-11,Ocean-based farming operations generally require less fresh water and land resources and produce fewer greenhouse gas emissions to produce food than land-based farming.,7,June,Marine aquaculture can use fewer land resources,Ocean & Marine,The source explicitly compares ocean-based farming operations with land-based farming on these measures.,high,https://www.fisheries.noaa.gov/topic/climate-change,Aquaculture,Climate Change | NOAA Fisheries,www.fisheries.noaa.gov,verified
FACT-2027-06-11-S08,11,2027-06-11,Sharks and rays are shifting their geographic distributions based on prey and habitat availability as climatic conditions change.,8,June,Climate change shifts shark and ray distributions,Ocean & Marine,The text states that intensifying climatic events cause sharks and rays to shift geographic distributions based on prey and habitat availability.,high,https://www.fisheries.noaa.gov/feature-story/sharks-rays-and-climate-change-impacts-habitat-prey-distribution-and-health,Climate impacts,"Sharks, Rays, and Climate Change: Impacts on Habitat, Prey Distribution, and Health | NOAA Fisheries",www.fisheries.noaa.gov,verified
FACT-2027-06-11-S09,11,2027-06-11,"The Sensor Science Division maintains and disseminates standards for the kelvin, meter, and candela.",9,June,Sensor Science Division maintains standards for three SI base units,Science,"The text states that the Division maintains and disseminates standards for three SI base units: the kelvin, meter, and candela.",high,https://www.nist.gov/pml/sensor-science,Measurement Standards,Sensor Science Division | NIST,www.nist.gov,verified
FACT-2027-06-11-S10,11,2027-06-11,"The kelvin represents temperature, the meter represents length, and the candela represents luminous intensity.",10,June,"The three units correspond to temperature, length, and luminous intensity",Science,"The text identifies the kelvin as temperature, the meter as length, and the candela as luminous intensity.",high,https://www.nist.gov/pml/sensor-science,SI Units,Sensor Science Division | NIST,www.nist.gov,verified
FACT-2027-06-11-S11,11,2027-06-11,"The Nile is listed by USGS at about 4,132 miles long.",11,June,"The Nile is listed by USGS at about 4,132 miles long",Geography,Source page identified in the cited institutional reference.,medium,https://www.usgs.gov/water-science-school/science/rivers-world-worlds-longest-rivers,Geography,USGS,www.usgs.gov,verified
FACT-2027-06-11-S12,11,2027-06-11,"The Amazon is listed by USGS at about 4,000 miles long.",12,June,"The Amazon is listed by USGS at about 4,000 miles long",Geography,Source page identified in the cited institutional reference.,medium,https://www.usgs.gov/water-science-school/science/rivers-world-worlds-longest-rivers,Geography,USGS,www.usgs.gov,verified
FACT-2027-06-11-S13,11,2027-06-11,Guillaume Tirel’s Le Viandier is identified by the Library of Congress as the first French cookbook.,13,June,Guillaume Tirel’s Le Viandier is identified by the Library of Congress as the first French,History,Source page identified in the cited institutional reference.,medium,https://guides.loc.gov/food-wine-cafe-culture-paris-france/origins-french-cuisine,History,Library of Congress,guides.loc.gov,verified
FACT-2027-06-11-S14,11,2027-06-11,Marie-Antoine Carême codified French cooking and documented methods in detail.,14,June,Marie-Antoine Carême codified French cooking and documented methods in detail,History,Source page identified in the cited institutional reference.,medium,https://guides.loc.gov/food-wine-cafe-culture-paris-france/origins-french-cuisine,History,Library of Congress,guides.loc.gov,verified
FACT-2027-06-11-S15,11,2027-06-11,Scientists measure time by measuring the durations separating two events.,15,June,Time is measured through intervals,Technology,"The text states that time cannot be measured directly and that scientists instead measure time intervals, defined as the durations separating two events.",high,https://www.nist.gov/atomic-clocks/how-do-we-know-what-time-it,Atomic clocks,How Do We Know What Time It Is? | NIST,www.nist.gov,verified
FACT-2027-06-11-S16,11,2027-06-11,Hydrogen masers are less accurate than state-of-the-art atomic clocks but are very stable because their ticking rate stays steady over time.,16,June,Hydrogen masers provide stable timing,Technology,The text explicitly contrasts the masers’ lower accuracy with their stability and steady ticking rate.,high,https://www.nist.gov/atomic-clocks/how-do-we-know-what-time-it,Atomic clocks,How Do We Know What Time It Is? | NIST,www.nist.gov,verified
FACT-2027-06-11-S17,11,2027-06-11,About 17% of the world’s largest earthquakes occur in the Alpide belt.,17,June,About 17% of the world’s largest earthquakes occur in the Alpide belt,Mystery & Unexplained,Source page identified in the cited institutional reference.,medium,https://www.usgs.gov/faqs/where-do-earthquakes-occur,Mystery / Unexplained With Evidence,USGS,www.usgs.gov,verified
FACT-2027-06-11-S18,11,2027-06-11,"Ishtar was symbolized by a rosette, star or lion.",18,June,"Ishtar was symbolized by a rosette, star or lion",Mythology & Legends,Source page identified in the cited institutional reference.,medium,https://www.metmuseum.org/essays/mesopotamian-deities,Mythology & Legends,Met,www.metmuseum.org,verified
FACT-2027-06-11-S19,11,2027-06-11,"Jupiter is the largest planet in the solar system, with an equatorial diameter of about 88,846 miles.",19,June,Largest Planet,Space,"Jupiter is the largest planet in the solar system. It’s about 11 times wider than Earth with an equatorial diameter of 88,846 miles (about 142,984 kilometers).",medium,https://science.nasa.gov/solar-system/planets/planet-sizes-and-locations-in-our-solar-system/,Solar System,Planet Sizes and Locations in Our Solar System,science.nasa.gov,verified
FACT-2027-06-11-S20,11,2027-06-11,"Mesopotamian temples housed cult statues, altars, offerings and sacred architectural spaces.",20,June,"Mesopotamian temples housed cult statues, altars, offerings and sacred architectural space",Ancient Civilizations,Source page identified in the cited institutional reference.,medium,https://www.metmuseum.org/essays/mesopotamian-deities,Ancient Civilizations And Food,Met,www.metmuseum.org,verified
FACT-2027-06-12-S01,12,2027-06-12,"Giant pandas reside in mountainous forests in China at elevations between 5,000 and 10,000 feet, which are characterized by dense bamboo understories.",1,June,Giant Panda Habitat,Animals,"Giant pandas live in broadleaf and coniferous forests with a dense understory of bamboo, at elevations between 5,000 and 10,000 feet.",medium,https://nationalzoo.si.edu/animals/giant-panda,Animals,Giant panda | National Zoo,nationalzoo.si.edu,verified
FACT-2027-06-12-S02,12,2027-06-12,"Whole person health looks at the whole person rather than only separate organs or body systems and considers biological, behavioral, social, and environmental factors.",2,June,Whole person health considers more than organs,Human Body,"The text defines whole person health as looking at the whole person and considering multiple interconnected biological, behavioral, social, and environmental areas.",high,https://www.nccih.nih.gov/health/whole-person-health-what-it-is-and-why-its-important,Whole-person health,Whole Person Health: What It Is and Why It's Important | NCCIH,www.nccih.nih.gov,verified
FACT-2027-06-12-S03,12,2027-06-12,Earthquake-related release of dissolved gases can increase pressure and possibly lead to a volcanic eruption.,3,June,Gas release can increase pressure and possibly lead to eruption,Nature,The text states that gas release increases pressure and may possibly lead to an eruption.,high,https://www.usgs.gov/faqs/can-earthquakes-trigger-volcanic-eruptions,Volcanology,Can earthquakes trigger volcanic eruptions? | U.S. Geological Survey,www.usgs.gov,verified
FACT-2027-06-12-S04,12,2027-06-12,"If prey becomes insufficient, oceanic whitetip sharks need to move with their prey to survive.",4,June,Oceanic whitetip sharks follow prey when necessary,Animals,The text says that prey species may migrate as the ocean warms and that oceanic whitetip sharks will need to move with them if prey is insufficient.,high,https://www.fisheries.noaa.gov/feature-story/sharks-rays-and-climate-change-impacts-habitat-prey-distribution-and-health,Oceanic whitetip shark,"Sharks, Rays, and Climate Change: Impacts on Habitat, Prey Distribution, and Health | NOAA Fisheries",www.fisheries.noaa.gov,verified
FACT-2027-06-12-S05,12,2027-06-12,"Whole person health focuses on restoring health, promoting resilience, and preventing diseases across a person’s lifespan.",5,June,Whole person health spans the lifespan,Human Body,"The definition states that whole person health focuses on restoring health, promoting resilience, and preventing diseases across a lifespan.",high,https://www.nccih.nih.gov/health/whole-person-health-what-it-is-and-why-its-important,Disease prevention,Whole Person Health: What It Is and Why It's Important | NCCIH,www.nccih.nih.gov,verified
FACT-2027-06-12-S06,12,2027-06-12,There is no definitive evidence that an eruption at one volcano can trigger an eruption at a volcano hundreds of kilometers or miles away or on another continent.,6,June,No definitive evidence links distant volcanic eruptions,Nature,The text explicitly states that no definitive evidence exists for this distant-triggering claim.,high,https://www.usgs.gov/faqs/can-earthquakes-trigger-volcanic-eruptions,Volcanology,Can earthquakes trigger volcanic eruptions? | U.S. Geological Survey,www.usgs.gov,verified
FACT-2027-06-12-S07,12,2027-06-12,Oceanic whitetip sharks’ movements between deep and shallow waters cycle nutrients through the water column and enhance ocean productivity.,7,June,Whitetip shark movements cycle nutrients,Ocean & Marine,"The text directly states that these movements cycle nutrients throughout the water column, enhancing ocean productivity.",high,https://www.fisheries.noaa.gov/feature-story/sharks-rays-and-climate-change-impacts-habitat-prey-distribution-and-health,Ocean productivity,"Sharks, Rays, and Climate Change: Impacts on Habitat, Prey Distribution, and Health | NOAA Fisheries",www.fisheries.noaa.gov,verified
FACT-2027-06-12-S08,12,2027-06-12,"Intense storms and flooding can increase freshwater runoff and sedimentation, altering temperature and nutrient cycles and decreasing productivity in scalloped hammerhead nursery areas.",8,June,Storms can reduce productivity in hammerhead nurseries,Ocean & Marine,The text directly links intense storms and flooding with increased runoff and sedimentation and reduced productivity in coastal nursery areas.,high,https://www.fisheries.noaa.gov/feature-story/sharks-rays-and-climate-change-impacts-habitat-prey-distribution-and-health,Coastal habitats,"Sharks, Rays, and Climate Change: Impacts on Habitat, Prey Distribution, and Health | NOAA Fisheries",www.fisheries.noaa.gov,verified
FACT-2027-06-12-S09,12,2027-06-12,"The Sensor Science Division performs fundamental and applied research on length, temperature, radiation, pressure and vacuum, optical and dimensional properties, flow, liquid volume, and humidity.",9,June,The Division conducts research across multiple measurement fields,Science,The text lists these subjects among the areas of measurement research performed by the Division.,high,https://www.nist.gov/pml/sensor-science,Metrology,Sensor Science Division | NIST,www.nist.gov,verified
FACT-2027-06-12-S10,12,2027-06-12,"Sensor Science Division staff engage with Consultative Committees for Length, Mass and Related Quantities, Photometry and Radiometry, and Thermometry under the International Committee for Weights and Measures.",10,June,The Division participates in international SI committees,Science,The text names these four Consultative Committees and identifies them as operating under the CIPM.,high,https://www.nist.gov/pml/sensor-science,International Standards,Sensor Science Division | NIST,www.nist.gov,verified
FACT-2027-06-12-S11,12,2027-06-12,"The Yangtze is listed by USGS at about 3,915 miles long.",11,June,"The Yangtze is listed by USGS at about 3,915 miles long",Geography,Source page identified in the cited institutional reference.,medium,https://www.usgs.gov/water-science-school/science/rivers-world-worlds-longest-rivers,Geography,USGS,www.usgs.gov,verified
FACT-2027-06-12-S12,12,2027-06-12,River-length rankings vary because the source of a river can be defined in different ways.,12,June,River-length rankings vary because the source of a river can be defined in different ways,Geography,Source page identified in the cited institutional reference.,medium,https://www.usgs.gov/water-science-school/science/rivers-world-worlds-longest-rivers,Geography,USGS,www.usgs.gov,verified
FACT-2027-06-12-S13,12,2027-06-12,Grimod de La Reynière’s 1803 Almanach des Gourmands helped popularize food criticism.,13,June,Grimod de La Reynière’s 1803 Almanach des Gourmands helped popularize food criticism,History,Source page identified in the cited institutional reference.,medium,https://guides.loc.gov/food-wine-cafe-culture-paris-france/origins-french-cuisine,History,Library of Congress,guides.loc.gov,verified
FACT-2027-06-12-S14,12,2027-06-12,Brillat-Savarin’s 1825 Physiologie du goût treated food as a subject worthy of scholarly discussion.,14,June,Brillat-Savarin’s 1825 Physiologie du goût treated food as a subject worthy of scholarly d,History,Source page identified in the cited institutional reference.,medium,https://guides.loc.gov/food-wine-cafe-culture-paris-france/origins-french-cuisine,History,Library of Congress,guides.loc.gov,verified
FACT-2027-06-12-S15,12,2027-06-12,"NIST’s central computer calculates a weighted average of signals from its clocks, giving more weight to clocks that are more stable.",15,June,NIST averages clock signals,Technology,The text says the computer runs an algorithm that calculates a weighted average and assigns more weight to more stable clocks.,high,https://www.nist.gov/atomic-clocks/how-do-we-know-what-time-it,Timekeeping,How Do We Know What Time It Is? | NIST,www.nist.gov,verified
FACT-2027-06-12-S16,12,2027-06-12,Cesium fountain clocks are used to realize the official second as defined by the International System of Units.,16,June,Cesium fountain clocks define the official second,Technology,The text states that cesium fountain clocks are used to realize the official second defined by the SI.,high,https://www.nist.gov/atomic-clocks/how-do-we-know-what-time-it,Atomic clocks,How Do We Know What Time It Is? | NIST,www.nist.gov,verified
FACT-2027-06-12-S17,12,2027-06-12,NIMH offers a science education coloring and activity book intended for children ages 8–12.,17,June,NIMH offers a brain activity book for children,Everyday Life,The publication is described as “a science education activity book intended for children ages 8–12 years old.”,high,https://infocenter.nimh.nih.gov/health-topics/brain-anatomy-physiology,Science education,Brain Anatomy & Physiology,infocenter.nimh.nih.gov,verified
FACT-2027-06-12-S18,12,2027-06-12,"In Medieval France, the peasantry generally ate bread, soup, and cabbage, with a bit of meat during feasts.",18,June,"Medieval French peasants primarily ate bread, soup, and cabbage",Food,"The text states that France's peasantry ate ""bread, soup, and cabbage with a bit of meat when they were feasting.""",high,https://guides.loc.gov/food-wine-cafe-culture-paris-france/origins-french-cuisine,Medieval French cuisine,The Origins of French Cuisine - French Cuisine & Café Culture in Paris - Research Guides at Library of Congress,guides.loc.gov,verified
FACT-2027-06-12-S19,12,2027-06-12,"The 1960 Chile earthquake is the largest recorded earthquake, at magnitude 9.5.",19,June,"The 1960 Chile earthquake is the largest recorded earthquake, at magnitude 9.5",Mystery & Unexplained,Source page identified in the cited institutional reference.,medium,https://www.usgs.gov/programs/earthquake-hazards/cool-earthquake-facts,Mystery / Unexplained With Evidence,USGS,www.usgs.gov,verified
FACT-2027-06-12-S20,12,2027-06-12,The Sumerian “Song of the Hoe” says Enlil separated heaven and earth and created humankind.,20,June,The Sumerian “Song of the Hoe” says Enlil separated heaven and earth and created humankind,Mythology & Legends,Source page identified in the cited institutional reference.,medium,https://www.metmuseum.org/essays/epic-of-creation-mesopotamia,Mythology & Legends,Met,www.metmuseum.org,verified
FACT-2027-06-13-S01,13,2027-06-13,Oceanic whitetip sharks dive into deeper water to regulate body temperature when surface waters become too warm.,1,June,Oceanic whitetip sharks regulate temperature by diving,Animals,The text describes the species as cold-blooded and states that it will dive deep to regulate body temperature if it becomes too warm at the surface.,high,https://www.fisheries.noaa.gov/feature-story/sharks-rays-and-climate-change-impacts-habitat-prey-distribution-and-health,Oceanic whitetip shark,"Sharks, Rays, and Climate Change: Impacts on Habitat, Prey Distribution, and Health | NOAA Fisheries",www.fisheries.noaa.gov,verified
FACT-2027-06-13-S02,13,2027-06-13,"Biological makeup, poor diet, sedentary lifestyle, chronic stress, poor sleep, and social conditions can contribute to chronic diseases affecting more than one organ system.",2,June,Multiple factors can contribute to chronic disease,Human Body,"The text lists these biological, behavioral, and social factors as potentially leading to chronic diseases of more than one organ system.",high,https://www.nccih.nih.gov/health/whole-person-health-what-it-is-and-why-its-important,Chronic disease,Whole Person Health: What It Is and Why It's Important | NCCIH,www.nccih.nih.gov,verified
FACT-2027-06-13-S03,13,2027-06-13,A few historic examples exist of simultaneous eruptions from volcanoes or volcanic vents located within about 10 kilometers of each other.,3,June,Nearby volcanoes have sometimes erupted simultaneously,Nature,"The text reports a few historic examples of simultaneous eruptions within about 10 kilometers, while noting that causation is difficult to determine.",high,https://www.usgs.gov/faqs/can-earthquakes-trigger-volcanic-eruptions,Volcanology,Can earthquakes trigger volcanic eruptions? | U.S. Geological Survey,www.usgs.gov,verified
FACT-2027-06-13-S04,13,2027-06-13,Scalloped hammerhead pups remain in shallow coastal areas during their early life stages.,4,June,Scalloped hammerhead pups remain inshore early in life,Animals,The text states that adult females move inshore to give birth to live young and that the pups remain inshore during early life stages.,high,https://www.fisheries.noaa.gov/feature-story/sharks-rays-and-climate-change-impacts-habitat-prey-distribution-and-health,Scalloped hammerhead,"Sharks, Rays, and Climate Change: Impacts on Habitat, Prey Distribution, and Health | NOAA Fisheries",www.fisheries.noaa.gov,verified
FACT-2027-06-13-S05,13,2027-06-13,The U.S. Department of Veterans Affairs Whole Health approach aims to address lifestyle and environmental root causes of chronic disease.,5,June,The VA Whole Health approach addresses lifestyle and environmental causes,Human Body,The VA section states that its Whole Health System of Care and Whole Health approach aims to address lifestyle and environmental root causes of chronic disease.,high,https://www.nccih.nih.gov/health/whole-person-health-what-it-is-and-why-its-important,Health care models,Whole Person Health: What It Is and Why It's Important | NCCIH,www.nccih.nih.gov,verified
FACT-2027-06-13-S06,13,2027-06-13,Heat and volcanic gases from slowly cooling magma warm dense salty water in fractured rocks above the Yellowstone magma chamber.,6,June,Magma heats Yellowstone's underground brine,Nature,The text states that heat and volcanic gases from slowly cooling magma rise and warm dense salty water occupying fractured rocks above the magma chamber.,high,https://www.usgs.gov/faqs/what-relationship-between-volcanism-and-geysers-and-hot-springs-yellowstone,Geothermal systems,What is the relationship between volcanism and the geysers and hot springs in Yellowstone? | U.S. Geological Survey,www.usgs.gov,verified
FACT-2027-06-13-S07,13,2027-06-13,"Climate-driven degradation of reef habitats can reduce cleaning stations and cleaner fish, hindering giant manta rays’ ability to remove parasites and dead tissue.",7,June,Reef degradation can reduce manta ray cleaning opportunities,Ocean & Marine,"The text states that reef degradation may reduce cleaning stations and cleaner fish, and that losing these opportunities can hinder parasite and dead-tissue removal.",high,https://www.fisheries.noaa.gov/feature-story/sharks-rays-and-climate-change-impacts-habitat-prey-distribution-and-health,Reef ecosystems,"Sharks, Rays, and Climate Change: Impacts on Habitat, Prey Distribution, and Health | NOAA Fisheries",www.fisheries.noaa.gov,verified
FACT-2027-06-13-S08,13,2027-06-13,Higher ocean temperatures driven by climate change can affect the health and condition of marine animals.,8,June,Ocean warming affects marine animals,Ocean & Marine,The text states that higher ocean temperatures can directly affect these animals' health and condition.,high,https://www.fisheries.noaa.gov/video/climate-change-and-marine-animals-conservation-challenge,Climate impacts,Climate change makes conserving marine mammals challenging  | NOAA Fisheries,www.fisheries.noaa.gov,verified
FACT-2027-06-13-S09,13,2027-06-13,"A 2024 award recognized the development of three-dimensional, high-resolution temperature measurement and imaging of materials using embedded magnetic nanoparticles.",9,June,Embedded magnetic nanoparticles can support three-dimensional temperature imaging,Science,The award description explicitly states this development and its use of embedded magnetic nanoparticles.,high,https://www.nist.gov/pml/sensor-science,Thermometry,Sensor Science Division | NIST,www.nist.gov,verified
FACT-2027-06-13-S10,13,2027-06-13,Well-planned clinical trials give the clearest information about whether a treatment is effective and safe.,10,June,Well-planned clinical trials provide the clearest treatment evidence,Science,The text explicitly states that well-planned clinical trials give the clearest information about treatment effectiveness and safety.,high,https://www.nccih.nih.gov/health/tips/10-things-to-know-about-the-science-of-health,Health Research,10 Things To Know About the Science of Health | NCCIH,www.nccih.nih.gov,verified
FACT-2027-06-13-S11,13,2027-06-13,River length measurements also depend on map scale and measurement precision.,11,June,River length measurements also depend on map scale and measurement precision,Geography,Source page identified in the cited institutional reference.,medium,https://www.usgs.gov/water-science-school/science/rivers-world-worlds-longest-rivers,Geography,USGS,www.usgs.gov,verified
FACT-2027-06-13-S12,13,2027-06-13,Cities commonly develop near rivers because rivers supply essential water.,12,June,Cities commonly develop near rivers because rivers supply essential water,Geography,Source page identified in the cited institutional reference.,medium,https://www.usgs.gov/water-science-school/science/rivers-world-worlds-longest-rivers,Geography,USGS,www.usgs.gov,verified
FACT-2027-06-13-S13,13,2027-06-13,"Coffee cultivation spread from Yemen into Dutch, French, British, Portuguese and Spanish colonial territories.",13,June,"Coffee cultivation spread from Yemen into Dutch, French, British, Portuguese and Spanish c",History,Source page identified in the cited institutional reference.,medium,https://catdir.loc.gov/catdir/samples/cam033/2002073472.pdf,History,Library of Congress,catdir.loc.gov,verified
FACT-2027-06-13-S14,13,2027-06-13,Coffee has been a major internationally traded agricultural commodity since the sixteenth century.,14,June,Coffee has been a major internationally traded agricultural commodity since the sixteenth ,History,Source page identified in the cited institutional reference.,medium,https://catdir.loc.gov/catdir/samples/cam033/2002073472.pdf,History,Library of Congress,catdir.loc.gov,verified
FACT-2027-06-13-S15,13,2027-06-13,"There are five officially recognized dwarf planets in the solar system: Ceres, Pluto, Haumea, Makemake, and Eris.",15,June,Dwarf Planets,Space,"There are five officially recognized dwarf planets in our solar system: Ceres, Pluto, Haumea, Makemake, and Eris.",medium,https://science.nasa.gov/solar-system/planets/,Solar System,About the Planets - NASA Science,science.nasa.gov,verified
FACT-2027-06-13-S16,13,2027-06-13,The International Bureau of Weights and Measures produces Coordinated Universal Time by calculating a weighted average of data from contributing clocks.,16,June,BIPM produces Coordinated Universal Time,Technology,The text says BIPM oversees UTC and calculates a weighted average using data from contributing clocks.,high,https://www.nist.gov/atomic-clocks/how-do-we-know-what-time-it,Coordinated Universal Time,How Do We Know What Time It Is? | NIST,www.nist.gov,verified
FACT-2027-06-13-S17,13,2027-06-13,"The Enuma Elish is a Babylonian creation poem written on seven tablets and containing 1,091 lines.",17,June,"The Enuma Elish is a Babylonian creation poem written on seven tablets and containing 1,09",Ancient Civilizations,Source page identified in the cited institutional reference.,medium,https://www.metmuseum.org/essays/epic-of-creation-mesopotamia,Ancient Civilizations And Food,Met,www.metmuseum.org,verified
FACT-2027-06-13-S18,13,2027-06-13,"The page lists Spanish-language brain publications, including a coloring and activity book and a teen-brain fact sheet.",18,June,NIMH offers brain publications in Spanish,Everyday Life,The page lists “¡El emocionante mundo del cerebro!” and “El cerebro de los adolescentes: 7 cosas que usted debe saber.”,high,https://infocenter.nimh.nih.gov/health-topics/brain-anatomy-physiology,Educational materials,Brain Anatomy & Physiology,infocenter.nimh.nih.gov,verified
FACT-2027-06-13-S19,13,2027-06-13,"Guillaume Tirel, known as Taillevent, wrote what the text identifies as the first French cookbook, Le Viandier.",19,June,Taillevent wrote the first French cookbook,Food,"The text says, ""The first French cookbook was written by Guillaume Tirel (1310-1395) known as Taillevent. His book Le Viandier...""",high,https://guides.loc.gov/food-wine-cafe-culture-paris-france/origins-french-cuisine,Cookbooks,The Origins of French Cuisine - French Cuisine & Café Culture in Paris - Research Guides at Library of Congress,guides.loc.gov,verified
FACT-2027-06-13-S20,13,2027-06-13,"The 1964 Prince William Sound earthquake was the largest recorded in the United States, at magnitude 9.2.",20,June,"The 1964 Prince William Sound earthquake was the largest recorded in the United States, at",Mystery & Unexplained,Source page identified in the cited institutional reference.,medium,https://www.usgs.gov/programs/earthquake-hazards/cool-earthquake-facts,Mystery / Unexplained With Evidence,USGS,www.usgs.gov,verified
FACT-2027-06-14-S01,14,2027-06-14,Giant manta rays rely on large quantities of microscopic animals called zooplankton for food.,1,June,Giant manta rays depend on zooplankton,Animals,The text explicitly states that giant manta rays rely on large quantities of zooplankton for food.,high,https://www.fisheries.noaa.gov/feature-story/sharks-rays-and-climate-change-impacts-habitat-prey-distribution-and-health,Giant manta ray,"Sharks, Rays, and Climate Change: Impacts on Habitat, Prey Distribution, and Health | NOAA Fisheries",www.fisheries.noaa.gov,verified
FACT-2027-06-14-S02,14,2027-06-14,The Ornish Program for Reversing Heart Disease is an intensive cardiac rehabilitation program that the text says has been shown to reverse progression of coronary heart disease through lifestyle changes without drugs or surgery.,2,June,The Ornish program uses lifestyle changes for coronary heart disease,Human Body,"The text directly describes the program as reversing progression of coronary heart disease through lifestyle changes, without drugs or surgery.",high,https://www.nccih.nih.gov/health/whole-person-health-what-it-is-and-why-its-important,Cardiac rehabilitation,Whole Person Health: What It Is and Why It's Important | NCCIH,www.nccih.nih.gov,verified
FACT-2027-06-14-S03,14,2027-06-14,The heated brine transfers its heat to fresh groundwater recharged by rainfall and snowmelt.,3,June,Brine transfers heat to groundwater,Nature,The text says that the brine transfers its heat to overlying fresh groundwater recharged by rainfall and snowmelt from the surface.,high,https://www.usgs.gov/faqs/what-relationship-between-volcanism-and-geysers-and-hot-springs-yellowstone,Hydrology,What is the relationship between volcanism and the geysers and hot springs in Yellowstone? | U.S. Geological Survey,www.usgs.gov,verified
FACT-2027-06-14-S04,14,2027-06-14,"Whales, dolphins, and seals depend on a functioning ocean ecosystem for survival.",4,June,Marine mammals depend on ocean ecosystems,Animals,"The text says marine animals like whales, dolphins, and seals depend on a functioning ocean ecosystem for survival.",high,https://www.fisheries.noaa.gov/video/climate-change-and-marine-animals-conservation-challenge,Marine mammals,Climate change makes conserving marine mammals challenging  | NOAA Fisheries,www.fisheries.noaa.gov,verified
FACT-2027-06-14-S05,14,2027-06-14,Experts recommend that adults get at least 150 minutes of moderate physical activity per week.,5,June,Adult activity recommendation,Human Body,"The text says experts recommend adults get at least 150 minutes, or two and a half hours, of moderate physical activity a week.",high,https://www.nih.gov/health-information/your-healthiest-self-wellness-toolkits/physical-wellness-toolkit,Physical Activity,Physical Wellness Toolkit | National Institutes of Health (NIH),www.nih.gov,verified
FACT-2027-06-14-S06,14,2027-06-14,"When superheated water rises quickly, it can flash to steam and propel steam and hot water to the surface as a geyser.",6,June,Rapidly rising superheated water can form geysers,Nature,The text directly describes rapidly rising superheated water flashing to steam and propelling steam and hot water to the surface as a geyser.,high,https://www.usgs.gov/faqs/what-relationship-between-volcanism-and-geysers-and-hot-springs-yellowstone,Geysers,What is the relationship between volcanism and the geysers and hot springs in Yellowstone? | U.S. Geological Survey,www.usgs.gov,verified
FACT-2027-06-14-S07,14,2027-06-14,"More frequent and extreme weather events, including marine heatwaves and hurricanes, can affect marine animals.",7,June,Extreme weather threatens marine animals,Ocean & Marine,The text identifies marine heatwaves and hurricanes as climate-driven events that can directly affect marine animals.,high,https://www.fisheries.noaa.gov/video/climate-change-and-marine-animals-conservation-challenge,Extreme weather,Climate change makes conserving marine mammals challenging  | NOAA Fisheries,www.fisheries.noaa.gov,verified
FACT-2027-06-14-S08,14,2027-06-14,Marine animals are important indicators of overall ocean health.,8,June,Marine animals indicate ocean health,Ocean & Marine,The text explicitly describes marine animals as important indicators of overall ocean health.,high,https://www.fisheries.noaa.gov/video/climate-change-and-marine-animals-conservation-challenge,Ocean health,Climate change makes conserving marine mammals challenging  | NOAA Fisheries,www.fisheries.noaa.gov,verified
FACT-2027-06-14-S09,14,2027-06-14,Larger studies can increase the accuracy of study findings and reduce the probability that an observed effect was due to chance.,9,June,Study size can affect research findings,Science,The text directly links larger studies with increased accuracy and reduced probability of chance findings.,high,https://www.nccih.nih.gov/health/tips/10-things-to-know-about-the-science-of-health,Research Methods,10 Things To Know About the Science of Health | NCCIH,www.nccih.nih.gov,verified
FACT-2027-06-14-S10,14,2027-06-14,The strongest evidence about a treatment’s usefulness and safety consists of results from several studies by different investigators.,10,June,Multiple independent studies provide stronger evidence,Science,The text identifies results from several studies by different investigators as the strongest evidence.,high,https://www.nccih.nih.gov/health/tips/10-things-to-know-about-the-science-of-health,Evidence,10 Things To Know About the Science of Health | NCCIH,www.nccih.nih.gov,verified
FACT-2027-06-14-S11,14,2027-06-14,"The Missouri is listed by USGS at about 2,540 miles long.",11,June,"The Missouri is listed by USGS at about 2,540 miles long",Geography,Source page identified in the cited institutional reference.,medium,https://www.usgs.gov/water-science-school/science/rivers-world-worlds-longest-rivers,Geography,USGS,www.usgs.gov,verified
FACT-2027-06-14-S12,14,2027-06-14,"The Mississippi is listed by USGS at about 2,340 miles long.",12,June,"The Mississippi is listed by USGS at about 2,340 miles long",Geography,Source page identified in the cited institutional reference.,medium,https://www.usgs.gov/water-science-school/science/rivers-world-worlds-longest-rivers,Geography,USGS,www.usgs.gov,verified
FACT-2027-06-14-S13,14,2027-06-14,Coffee is now produced in more than 100 countries.,13,June,Coffee is now produced in more than 100 countries,History,Source page identified in the cited institutional reference.,medium,https://catdir.loc.gov/catdir/samples/cam033/2002073472.pdf,History,Library of Congress,catdir.loc.gov,verified
FACT-2027-06-14-S14,14,2027-06-14,"The Sumerian “Enki and the World Order” assigns gods responsibility for waters, crops, wildlife and herding.",14,June,"The Sumerian “Enki and the World Order” assigns gods responsibility for waters, crops, wil",Mythology & Legends,Source page identified in the cited institutional reference.,medium,https://www.metmuseum.org/essays/epic-of-creation-mesopotamia,Mythology & Legends,Met,www.metmuseum.org,verified
FACT-2027-06-14-S15,14,2027-06-14,The solar system formed approximately 4.6 billion years ago from a dense cloud of interstellar gas and dust that collapsed.,15,June,Solar System Formation,Space,Our solar system formed about 4.6 billion years ago from a dense cloud of interstellar gas and dust.,medium,https://science.nasa.gov/solar-system/solar-system-facts/,Solar System,Solar System: Facts - NASA Science,science.nasa.gov,verified
FACT-2027-06-14-S16,14,2027-06-14,NIST operates about 20 servers synchronized to UTC(NIST) that provide time upon request to internet-connected devices.,16,June,NIST distributes time over the internet,Technology,The text states that NIST operates around 20 synchronized servers whose purpose is to provide time to devices on the internet.,high,https://www.nist.gov/atomic-clocks/how-do-we-know-what-time-it,Internet timekeeping,How Do We Know What Time It Is? | NIST,www.nist.gov,verified
FACT-2027-06-14-S17,14,2027-06-14,"Radiocarbon dating helped establish that some Tularosa Cave maize cobs were about 2,500 years old.",17,June,"Radiocarbon dating helped establish that some Tularosa Cave maize cobs were about 2,500 ye",History,Source page identified in the cited institutional reference.,medium,https://www.smithsonianmag.com/smithsonian-institution/ancient-maize-thousands-years-civilization-america-180970543/,History,Smithsonian,www.smithsonianmag.com,verified
FACT-2027-06-14-S18,14,2027-06-14,The Enuma Elish presents Marduk’s rise as a theological explanation for Babylon’s political-religious prominence.,18,June,The Enuma Elish presents Marduk’s rise as a theological explanation for Babylon’s politica,Ancient Civilizations,Source page identified in the cited institutional reference.,medium,https://www.metmuseum.org/essays/epic-of-creation-mesopotamia,Ancient Civilizations And Food,Met,www.metmuseum.org,verified
FACT-2027-06-14-S19,14,2027-06-14,"In international archery, the distance between the target and the athlete is 70 m, with a tolerance of ±30 cm.",19,June,Archery target distance,Everyday Life,The text states that the distance between the 122 cm diameter target and the athlete is 70 m (± 30 cm).,high,https://www.nist.gov/pml/owm/metric-sports-summer-games-fast-facts,Sports Measurements,Metric in Sports: Summer Games Fast Facts | NIST,www.nist.gov,verified
FACT-2027-06-14-S20,14,2027-06-14,"Catherine de Medici brought Italian cooks from Florence to the French royal court, contributing customs such as more structured meals and multiple courses.",20,June,Catherine de Medici brought Italian dining customs to France,Food,"The text says she ""brought many of her Italian cooks with her from Florence,"" bringing ""more structured meals and multiple courses.""",high,https://guides.loc.gov/food-wine-cafe-culture-paris-france/origins-french-cuisine,Italian influence,The Origins of French Cuisine - French Cuisine & Café Culture in Paris - Research Guides at Library of Congress,guides.loc.gov,verified
FACT-2027-06-15-S01,15,2027-06-15,Sea turtles depend on a functioning ocean ecosystem for survival.,1,June,Sea turtles depend on ocean ecosystems,Animals,The text includes sea turtles among marine animals that depend on a functioning ocean ecosystem for survival.,high,https://www.fisheries.noaa.gov/video/climate-change-and-marine-animals-conservation-challenge,Sea turtles,Climate change makes conserving marine mammals challenging  | NOAA Fisheries,www.fisheries.noaa.gov,verified
FACT-2027-06-15-S02,15,2027-06-15,Experts recommend strength-training activities for all major muscle groups two or more days per week for adults.,2,June,Strength training frequency for adults,Human Body,The muscle section states that experts recommend strength training for all major muscle groups two or more days a week for adults.,high,https://www.nih.gov/health-information/your-healthiest-self-wellness-toolkits/physical-wellness-toolkit,Strength Training,Physical Wellness Toolkit | National Institutes of Health (NIH),www.nih.gov,verified
FACT-2027-06-15-S03,15,2027-06-15,Hot water that rises and loses heat at a steady rate flows to the surface as a hot spring.,3,June,Steady heat loss produces hot springs,Nature,"The text states that, more commonly, hot water rises and loses its heat steadily before flowing to the surface as a hot spring.",high,https://www.usgs.gov/faqs/what-relationship-between-volcanism-and-geysers-and-hot-springs-yellowstone,Hot springs,What is the relationship between volcanism and the geysers and hot springs in Yellowstone? | U.S. Geological Survey,www.usgs.gov,verified
FACT-2027-06-15-S04,15,2027-06-15,Many protected marine species affected by climate change are already threatened or endangered.,4,June,Many protected marine species are already threatened,Animals,"The text states that climate change often harms protected species, many of which are already threatened or endangered.",high,https://www.fisheries.noaa.gov/video/climate-change-and-marine-animals-conservation-challenge,Conservation,Climate change makes conserving marine mammals challenging  | NOAA Fisheries,www.fisheries.noaa.gov,verified
FACT-2027-06-15-S05,15,2027-06-15,Some types of strength training help keep bones healthy.,5,June,Strength training and bones,Human Body,The text states that some types of strength training keep bones healthy.,high,https://www.nih.gov/health-information/your-healthiest-self-wellness-toolkits/physical-wellness-toolkit,Strength Training,Physical Wellness Toolkit | National Institutes of Health (NIH),www.nih.gov,verified
FACT-2027-06-15-S06,15,2027-06-15,Water boiling at depth below Yellowstone's surface is hotter than the boiling temperature at the surface.,6,June,Deep boiling water is hotter than surface boiling water,Nature,The text explicitly says that water boiling at depth below the surface is hotter than the temperature of boiling at the surface.,high,https://www.usgs.gov/faqs/what-relationship-between-volcanism-and-geysers-and-hot-springs-yellowstone,Geothermal temperatures,What is the relationship between volcanism and the geysers and hot springs in Yellowstone? | U.S. Geological Survey,www.usgs.gov,verified
FACT-2027-06-15-S07,15,2027-06-15,Climate-driven changes can affect the availability of habitat that marine animals rely on to survive and reproduce.,7,June,Climate change can reduce available habitat,Ocean & Marine,The text states that climate-driven changes can impact the availability of habitat needed for survival and reproduction.,high,https://www.fisheries.noaa.gov/video/climate-change-and-marine-animals-conservation-challenge,Habitat,Climate change makes conserving marine mammals challenging  | NOAA Fisheries,www.fisheries.noaa.gov,verified
FACT-2027-06-15-S08,15,2027-06-15,"Marine heatwaves can displace habitat for sea turtles, whales, and other marine life by tens to thousands of kilometers.",8,June,Marine heatwaves can displace ocean habitats,Ocean & Marine,"The text states that marine heatwaves across the world’s oceans can displace habitat for sea turtles, whales, and other marine life by 10s to thousands of kilometers.",high,https://www.fisheries.noaa.gov/feature-story/ocean-heatwaves-dramatically-shift-habitats,Marine heatwaves,Ocean Heatwaves Dramatically Shift Habitats | NOAA Fisheries,www.fisheries.noaa.gov,verified
FACT-2027-06-15-S09,15,2027-06-15,"As new information is learned, scientific standards and techniques change, and practices evolve.",9,June,Scientific standards and techniques change over time,Science,"The text explicitly states that scientific standards, techniques, and practices change as new information is learned.",high,https://www.nccih.nih.gov/health/tips/10-things-to-know-about-the-science-of-health,Scientific Progress,10 Things To Know About the Science of Health | NCCIH,www.nccih.nih.gov,verified
FACT-2027-06-15-S10,15,2027-06-15,"Because clinical trials are complicated, lengthy, and expensive, they are usually conducted after smaller preliminary studies show some promise.",10,June,Clinical trials are often conducted after preliminary studies,Science,The text directly explains that clinical trials are usually done after smaller preliminary studies show potential benefit.,high,https://www.nccih.nih.gov/health/tips/10-things-to-know-about-the-science-of-health,Clinical Research,10 Things To Know About the Science of Health | NCCIH,www.nccih.nih.gov,verified
FACT-2027-06-15-S11,15,2027-06-15,"The Yukon is listed by USGS at about 1,980 miles long.",11,June,"The Yukon is listed by USGS at about 1,980 miles long",Geography,Source page identified in the cited institutional reference.,medium,https://www.usgs.gov/water-science-school/science/rivers-world-worlds-longest-rivers,Geography,USGS,www.usgs.gov,verified
FACT-2027-06-15-S12,15,2027-06-15,"The Rio Grande is listed by USGS at about 1,900 miles long.",12,June,"The Rio Grande is listed by USGS at about 1,900 miles long",Geography,Source page identified in the cited institutional reference.,medium,https://www.usgs.gov/water-science-school/science/rivers-world-worlds-longest-rivers,Geography,USGS,www.usgs.gov,verified
FACT-2027-06-15-S13,15,2027-06-15,The Mogollon cultivated maize and helped introduce it to societies north of the Rio Grande.,13,June,The Mogollon cultivated maize and helped introduce it to societies north of the Rio Grande,History,Source page identified in the cited institutional reference.,medium,https://www.smithsonianmag.com/smithsonian-institution/ancient-maize-thousands-years-civilization-america-180970543/,History,Smithsonian,www.smithsonianmag.com,verified
FACT-2027-06-15-S14,15,2027-06-15,"The San Andreas is a fault zone made of many segments, not one continuous fault.",14,June,"The San Andreas is a fault zone made of many segments, not one continuous fault",Mystery & Unexplained,Source page identified in the cited institutional reference.,medium,https://www.usgs.gov/programs/earthquake-hazards/cool-earthquake-facts,Mystery / Unexplained With Evidence,USGS,www.usgs.gov,verified
FACT-2027-06-15-S15,15,2027-06-15,The Enuma Elish describes humans as created to relieve the gods of labor and supply temple provisions.,15,June,The Enuma Elish describes humans as created to relieve the gods of labor and supply temple,Mythology & Legends,Source page identified in the cited institutional reference.,medium,https://www.metmuseum.org/essays/epic-of-creation-mesopotamia,Mythology & Legends,Met,www.metmuseum.org,verified
FACT-2027-06-15-S16,15,2027-06-15,"Our solar system orbits the center of the Milky Way galaxy at about 515,000 mph (828,000 kph).",16,June,The solar system orbits the Milky Way's center,Space,"The Introduction states that the solar system orbits the galactic center at about 515,000 mph (828,000 kph).",high,https://science.nasa.gov/solar-system/solar-system-facts/,Galactic Motion,Solar System: Facts - NASA Science,science.nasa.gov,verified
FACT-2027-06-15-S17,15,2027-06-15,"Phones and other smart devices receive regular time updates from cell towers, whose GPS receivers obtain time signals from GPS satellites.",17,June,Phones receive time updates from cell towers,Technology,The text explicitly describes internal device clocks receiving updates from cell towers and explains that the towers use GPS receivers.,high,https://www.nist.gov/atomic-clocks/how-do-we-know-what-time-it,Consumer electronics,How Do We Know What Time It Is? | NIST,www.nist.gov,verified
FACT-2027-06-15-S18,15,2027-06-15,"In the Enuma Elish, Marduk divides Tiamat’s body to form heaven and earth.",18,June,"In the Enuma Elish, Marduk divides Tiamat’s body to form heaven and earth",Ancient Civilizations,Source page identified in the cited institutional reference.,medium,https://www.metmuseum.org/essays/epic-of-creation-mesopotamia,Ancient Civilizations And Food,Met,www.metmuseum.org,verified
FACT-2027-06-15-S19,15,2027-06-15,"A basketball basket ring is positioned 3,050 mm above the floor.",19,June,Basketball rim height,Everyday Life,The basketball section states that the basket ring is positioned 3 050 mm above the floor.,high,https://www.nist.gov/pml/owm/metric-sports-summer-games-fast-facts,Basketball Measurements,Metric in Sports: Summer Games Fast Facts | NIST,www.nist.gov,verified
FACT-2027-06-15-S20,15,2027-06-15,François Pierre de la Varenne's 1651 cookbook recorded advances including reductions and the use of herbs instead of only spices.,20,June,La Varenne recorded the use of reductions and herbs,Food,"The text says his book recorded ""the creation of reductions"" and ""using herbs rather than just spices.""",high,https://guides.loc.gov/food-wine-cafe-culture-paris-france/origins-french-cuisine,French cooking techniques,The Origins of French Cuisine - French Cuisine & Café Culture in Paris - Research Guides at Library of Congress,guides.loc.gov,verified
FACT-2027-06-16-S01,16,2027-06-16,"The range of smooth hammerhead sharks shifted north by as much as 2,800 kilometers during the 2013–2015 northeast Pacific marine heatwave known as The Blob.",1,June,Smooth hammerhead sharks shifted north during The Blob,Animals,"The caption states that the smooth hammerhead shark range shifted north as much as 2,800 kilometers during The Blob.",high,https://www.fisheries.noaa.gov/feature-story/ocean-heatwaves-dramatically-shift-habitats,Sharks,Ocean Heatwaves Dramatically Shift Habitats | NOAA Fisheries,www.fisheries.noaa.gov,verified
FACT-2027-06-16-S02,16,2027-06-16,Metabolism changes as people get older.,2,June,Metabolism changes with age,Human Body,"The metabolism section explicitly says, “Your metabolism changes as you get older.”",high,https://www.nih.gov/health-information/your-healthiest-self-wellness-toolkits/physical-wellness-toolkit,Metabolism,Physical Wellness Toolkit | National Institutes of Health (NIH),www.nih.gov,verified
FACT-2027-06-16-S03,16,2027-06-16,"Hot springs in Yellowstone emerge at approximately 92°C, described as the boiling point of water at Yellowstone's mean altitude.",3,June,Yellowstone hot springs can approach 92°C,Nature,The text reports hot springs emerging at approximately 92°C and identifies that temperature as the boiling point at Yellowstone's mean altitude.,high,https://www.usgs.gov/faqs/what-relationship-between-volcanism-and-geysers-and-hot-springs-yellowstone,Geothermal temperatures,What is the relationship between volcanism and the geysers and hot springs in Yellowstone? | U.S. Geological Survey,www.usgs.gov,verified
FACT-2027-06-16-S04,16,2027-06-16,The 2014–2015 Pacific marine heatwave known as The Blob moved California sea lions’ prey farther from their rookeries in the Channel Islands.,4,June,The Blob moved sea lion prey away from rookeries,Animals,The text states that The Blob shifted surface temperatures and moved the prey of California sea lions farther from their rookeries in the Channel Islands.,high,https://www.fisheries.noaa.gov/feature-story/ocean-heatwaves-dramatically-shift-habitats,Sea lions,Ocean Heatwaves Dramatically Shift Habitats | NOAA Fisheries,www.fisheries.noaa.gov,verified
FACT-2027-06-16-S05,16,2027-06-16,"As people get older, they burn fewer calories and break down foods differently.",5,June,Age-related calorie use,Human Body,"The text says, “You burn fewer calories and break down foods differently” as metabolism changes with age.",high,https://www.nih.gov/health-information/your-healthiest-self-wellness-toolkits/physical-wellness-toolkit,Metabolism,Physical Wellness Toolkit | National Institutes of Health (NIH),www.nih.gov,verified
FACT-2027-06-16-S06,16,2027-06-16,Steam vents in Yellowstone have been reported at temperatures as high as 135°C.,6,June,Yellowstone steam vents can reach 135°C,Nature,The text states that steam vents have been reported as high as 135°C.,high,https://www.usgs.gov/faqs/what-relationship-between-volcanism-and-geysers-and-hot-springs-yellowstone,Geothermal temperatures,What is the relationship between volcanism and the geysers and hot springs in Yellowstone? | U.S. Geological Survey,www.usgs.gov,verified
FACT-2027-06-16-S07,16,2027-06-16,Thermal displacement measures how far mobile species must move to track ocean surface temperatures.,7,June,Thermal displacement measures temperature-following distance,Ocean & Marine,"The text directly contrasts conventional heatwave measurements with thermal displacement, which measures how far mobile species must move to track ocean surface temperatures.",high,https://www.fisheries.noaa.gov/feature-story/ocean-heatwaves-dramatically-shift-habitats,Oceanography,Ocean Heatwaves Dramatically Shift Habitats | NOAA Fisheries,www.fisheries.noaa.gov,verified
FACT-2027-06-16-S08,16,2027-06-16,Thermal displacement depends on the sea surface temperature gradient.,8,June,Temperature gradients affect thermal displacement,Ocean & Marine,"The text explicitly defines thermal displacement as dependent on the sea surface temperature gradient, the rate at which temperature changes across the ocean.",high,https://www.fisheries.noaa.gov/feature-story/ocean-heatwaves-dramatically-shift-habitats,Ocean temperature gradients,Ocean Heatwaves Dramatically Shift Habitats | NOAA Fisheries,www.fisheries.noaa.gov,verified
FACT-2027-06-16-S09,16,2027-06-16,"The Framingham Heart Study, Nurses’ Health Study, and Adventist Health Studies have evaluated connections between lifestyle, diet, genetics, health, and disease.",9,June,Large epidemiological studies examine lifestyle and disease connections,Science,"The text identifies these studies as large, long-term epidemiological studies that evaluated those connections.",high,https://www.nccih.nih.gov/health/whole-person-health-what-it-is-and-why-its-important,Health research,Whole Person Health: What It Is and Why It's Important | NCCIH,www.nccih.nih.gov,verified
FACT-2027-06-16-S10,16,2027-06-16,The text states that randomized controlled trials and other research on multicomponent interventions and whole person health are lacking.,10,June,Research on multicomponent whole person interventions is limited,Science,The research section explicitly says there is a lack of randomized controlled trials and other types of research on multicomponent interventions and whole person health.,high,https://www.nccih.nih.gov/health/whole-person-health-what-it-is-and-why-its-important,Research methods,Whole Person Health: What It Is and Why It's Important | NCCIH,www.nccih.nih.gov,verified
FACT-2027-06-16-S11,16,2027-06-16,Iceland lies directly over the Mid-Atlantic Ridge.,11,June,Iceland lies directly over the Mid-Atlantic Ridge,Geography,Source page identified in the cited institutional reference.,medium,https://www.usgs.gov/faqs/where-do-earthquakes-occur,Geography,USGS,www.usgs.gov,verified
FACT-2027-06-16-S12,16,2027-06-16,The Mid-Atlantic Ridge is a divergent plate boundary where plates spread apart.,12,June,The Mid-Atlantic Ridge is a divergent plate boundary where plates spread apart,Geography,Source page identified in the cited institutional reference.,medium,https://www.usgs.gov/faqs/where-do-earthquakes-occur,Geography,USGS,www.usgs.gov,verified
FACT-2027-06-16-S13,16,2027-06-16,"Ancient DNA research traces maize’s transformation from teosinte over roughly 9,000 years.",13,June,"Ancient DNA research traces maize’s transformation from teosinte over roughly 9,000 years",History,Source page identified in the cited institutional reference.,medium,https://www.smithsonianmag.com/smithsonian-institution/ancient-maize-thousands-years-civilization-america-180970543/,History,Smithsonian,www.smithsonianmag.com,verified
FACT-2027-06-16-S14,16,2027-06-16,"The San Andreas system is more than 1,300 km long.",14,June,"The San Andreas system is more than 1,300 km long",Mystery & Unexplained,Source page identified in the cited institutional reference.,medium,https://www.usgs.gov/programs/earthquake-hazards/cool-earthquake-facts,Mystery / Unexplained With Evidence,USGS,www.usgs.gov,verified
FACT-2027-06-16-S15,16,2027-06-16,"In Greek tradition, Delphi’s oracle was considered a center of the universe.",15,June,"In Greek tradition, Delphi’s oracle was considered a center of the universe",Mythology & Legends,Source page identified in the cited institutional reference.,medium,https://www.metmuseum.org/essays/greek-gods-and-religious-practices,Mythology & Legends,Met,www.metmuseum.org,verified
FACT-2027-06-16-S16,16,2027-06-16,It takes the solar system about 230 million years to complete one orbit around the galactic center.,16,June,A galactic orbit takes about 230 million years,Space,The text explicitly gives about 230 million years for one orbit around the galactic center.,high,https://science.nasa.gov/solar-system/solar-system-facts/,Galactic Motion,Solar System: Facts - NASA Science,science.nasa.gov,verified
FACT-2027-06-16-S17,16,2027-06-16,Researchers used the computer model HYDROTHERM to assess how groundwater would likely move in different environments.,17,June,HYDROTHERM models groundwater movement,Technology,The text says HYDROTHERM accepts different inputs to assess groundwater movement in unique environments.,high,https://www.usgs.gov/news/volcano-watch-did-groundwater-trigger-explosive-eruptions-kilauea,Scientific Modeling,Volcano Watch - Did groundwater trigger explosive eruptions at Kīlauea? | U.S. Geological Survey,www.usgs.gov,verified
FACT-2027-06-16-S18,16,2027-06-16,"Mesopotamian flood stories survive in Sumerian, Akkadian and Babylonian forms.",18,June,"Mesopotamian flood stories survive in Sumerian, Akkadian and Babylonian forms",Ancient Civilizations,Source page identified in the cited institutional reference.,medium,https://www.metmuseum.org/toah/hd/flod/hd/_flod.htm,Ancient Civilizations And Food,Met,www.metmuseum.org,verified
FACT-2027-06-16-S19,16,2027-06-16,The épée is the heaviest weapon used in fencing and weighs 756 g.,19,June,Heaviest fencing weapon,Everyday Life,The fencing section identifies the epee as the heaviest weapon and gives its weight as 756 g.,high,https://www.nist.gov/pml/owm/metric-sports-summer-games-fast-facts,Fencing Equipment,Metric in Sports: Summer Games Fast Facts | NIST,www.nist.gov,verified
FACT-2027-06-16-S20,16,2027-06-16,The text defines haute cuisine as the traditional French cooking style characterized by elaborate presentations and methodical technique.,20,June,Haute cuisine is characterized by elaborate presentation and methodical technique,Food,"The text states, ""Haute cuisine is the traditional French cooking style, characterized by elaborate presentations and methodical technique.""",high,https://guides.loc.gov/food-wine-cafe-culture-paris-france/origins-french-cuisine,Haute cuisine,The Origins of French Cuisine - French Cuisine & Café Culture in Paris - Research Guides at Library of Congress,guides.loc.gov,verified
FACT-2027-06-17-S01,17,2027-06-17,The Blob left hundreds of starving California sea lion pups to strand on beaches.,1,June,A marine heatwave left sea lion pups stranded,Animals,The text directly states that the prey shift caused by The Blob left hundreds of starving sea lion pups to strand on beaches.,high,https://www.fisheries.noaa.gov/feature-story/ocean-heatwaves-dramatically-shift-habitats,Marine mammals,Ocean Heatwaves Dramatically Shift Habitats | NOAA Fisheries,www.fisheries.noaa.gov,verified
FACT-2027-06-17-S02,17,2027-06-17,People lose lean muscle as they get older.,2,June,Age-related lean muscle loss,Human Body,"The metabolism section states, “You also lose lean muscle.”",high,https://www.nih.gov/health-information/your-healthiest-self-wellness-toolkits/physical-wellness-toolkit,Muscle,Physical Wellness Toolkit | National Institutes of Health (NIH),www.nih.gov,verified
FACT-2027-06-17-S03,17,2027-06-17,"Volcanoes are built by accumulating their own eruptive products, including lava, bombs, ash flows, and tephra.",3,June,Volcanoes build themselves from erupted material,Nature,"The text states that volcanoes are built by the accumulation of their own eruptive products, listing lava, bombs, ash flows, and tephra.",high,https://pubs.usgs.gov/gip/volc/text.html,Volcanism,Volcanoes,pubs.usgs.gov,verified
FACT-2027-06-17-S04,17,2027-06-17,A 2012 marine heatwave in the northwest Atlantic pushed commercial species such as squid and flounder hundreds of miles northward.,4,June,A northwest Atlantic heatwave shifted squid and flounder northward,Animals,The text explicitly states that the 2012 northwest Atlantic marine heatwave pushed squid and flounder hundreds of miles northward.,high,https://www.fisheries.noaa.gov/feature-story/ocean-heatwaves-dramatically-shift-habitats,Marine species,Ocean Heatwaves Dramatically Shift Habitats | NOAA Fisheries,www.fisheries.noaa.gov,verified
FACT-2027-06-17-S05,17,2027-06-17,A healthy eating plan includes a variety of healthy foods and limits unhealthy foods.,5,June,Healthy eating plan,Human Body,The diet section says a healthy eating plan not only limits unhealthy foods but also includes a variety of healthy foods.,high,https://www.nih.gov/health-information/your-healthiest-self-wellness-toolkits/physical-wellness-toolkit,Nutrition,Physical Wellness Toolkit | National Institutes of Health (NIH),www.nih.gov,verified
FACT-2027-06-17-S06,17,2027-06-17,"Molten rock below Earth's surface is called magma, while molten rock after it erupts is called lava.",6,June,Magma becomes lava after eruption,Nature,The text explicitly distinguishes molten rock below the surface as magma and erupted molten rock as lava.,high,https://pubs.usgs.gov/gip/volc/text.html,Volcanic Materials,Volcanoes,pubs.usgs.gov,verified
FACT-2027-06-17-S07,17,2027-06-17,"Marine heatwaves displaced ocean temperatures an average of approximately 200 kilometers in a matter of months, compared with just over 20 kilometers per decade for the average long-term shift associated with ocean warming.",7,June,Marine heatwaves shift temperatures faster than long-term warming,Ocean & Marine,The text gives approximately 200 kilometers in months for marine heatwaves and just over 20 kilometers per decade for long-term ocean warming.,high,https://www.fisheries.noaa.gov/feature-story/ocean-heatwaves-dramatically-shift-habitats,Ocean temperature change,Ocean Heatwaves Dramatically Shift Habitats | NOAA Fisheries,www.fisheries.noaa.gov,verified
FACT-2027-06-17-S08,17,2027-06-17,The global ocean covers 71 percent of Earth.,8,June,The global ocean covers most of Earth’s surface,Ocean & Marine,The text describes the ocean as the body of water that “covers 71 percent of the Earth.”,high,https://oceanservice.noaa.gov/facts/howmanyoceans.html,Ocean Coverage,How many oceans are there?,oceanservice.noaa.gov,verified
FACT-2027-06-17-S09,17,2027-06-17,Five-day weather forecasts are currently accurate about 90% of the time.,9,June,Five-day weather forecasts are about 90% accurate,Science,“Five-day weather forecasts are now accurate about 90% of the time.”,high,https://www.nist.gov/blogs/taking-measure/keepers-right-answer-why-measurements-nist-are-important-nation-and-world,Weather Forecasting,Keepers of the Right Answer: Why Measurements at NIST Are Important for the Nation and the World | NIST,www.nist.gov,verified
FACT-2027-06-17-S10,17,2027-06-17,"Since the change before 2018, mass has been determined using the Planck constant rather than a metal cylinder in France.",10,June,Mass is now defined using the Planck constant,Science,"“Before 2018, all mass measurements were traceable to a metal cylinder held in a vault in France. Now, mass is determined by a physical constant in nature — known as the Planck constant.”",high,https://www.nist.gov/blogs/taking-measure/keepers-right-answer-why-measurements-nist-are-important-nation-and-world,Mass Measurement,Keepers of the Right Answer: Why Measurements at NIST Are Important for the Nation and the World | NIST,www.nist.gov,verified
FACT-2027-06-17-S11,17,2027-06-17,"The Himalaya–Karakoram range contains 96 of the world’s 109 peaks above 7,317 m.",11,June,"The Himalaya–Karakoram range contains 96 of the world’s 109 peaks above 7,317 m",Geography,Source page identified in the cited institutional reference.,medium,https://www.usgs.gov/programs/earthquake-hazards/cool-earthquake-facts,Geography,USGS,www.usgs.gov,verified
FACT-2027-06-17-S12,17,2027-06-17,Global average sea level has risen by about 7–8 inches since 1900.,12,June,Global sea level has risen since 1900,Geography,The source gives a global average sea-level rise of about 7–8 inches since 1900.,high,https://www.fisheries.noaa.gov/topic/climate-change,Sea level,Climate Change | NOAA Fisheries,www.fisheries.noaa.gov,verified
FACT-2027-06-17-S13,17,2027-06-17,The National Fossil Collection at the National Museum of Natural History holds more than 40 million fossil specimens from around the world.,13,June,The National Fossil Collection holds more than 40 million specimens,History,The fossil-record section gives the collection's size as more than 40 million specimens and says they come from around the world.,high,https://www.si.edu/explore/science/natural-history,Fossils,Source page,www.si.edu,verified
FACT-2027-06-17-S14,17,2027-06-17,Earthquakes can occur as deep as about 750 km at subduction zones.,14,June,Earthquakes can occur as deep as about 750 km at subduction zones,Mystery & Unexplained,Source page identified in the cited institutional reference.,medium,https://www.usgs.gov/programs/earthquake-hazards/cool-earthquake-facts,Mystery / Unexplained With Evidence,USGS,www.usgs.gov,verified
FACT-2027-06-17-S15,17,2027-06-17,The Eleusinian mysteries were a Greek mystery cult whose rites were restricted to initiates.,15,June,The Eleusinian mysteries were a Greek mystery cult whose rites were restricted to initiate,Mythology & Legends,Source page identified in the cited institutional reference.,medium,https://www.metmuseum.org/essays/greek-gods-and-religious-practices,Mythology & Legends,Met,www.metmuseum.org,verified
FACT-2027-06-17-S16,17,2027-06-17,"Venus is the hottest planet in the solar system, even though Mercury is closer to the Sun.",16,June,Venus is the hottest planet,Space,Fact 4 directly identifies Venus as the hottest planet and contrasts its distance with Mercury's.,high,https://science.nasa.gov/solar-system/solar-system-facts/,Planets,Solar System: Facts - NASA Science,science.nasa.gov,verified
FACT-2027-06-17-S17,17,2027-06-17,Satellite radar data using InSAR were used to analyze Earth-surface deformation caused by the 2011 Tohoku-Oki and 2010 Maule earthquakes.,17,June,Satellite radar measured earthquake-related ground deformation,Technology,"The text says two studies used satellite radar data, identified as InSAR, to analyze the deformation caused by those earthquakes.",high,https://www.usgs.gov/observatories/hvo/news/volcano-watch-volcanoes-get-sinking-feeling-large-earthquakes,Remote Sensing,Volcano Watch — Volcanoes get that sinking feeling from large earthquakes,www.usgs.gov,verified
FACT-2027-06-17-S18,17,2027-06-17,The earliest written flood-story sources are Sumerian clay tablets from the late third millennium BCE.,18,June,The earliest written flood-story sources are Sumerian clay tablets from the late third mil,Ancient Civilizations,Source page identified in the cited institutional reference.,medium,https://www.metmuseum.org/toah/hd/flod/hd/_flod.htm,Ancient Civilizations And Food,Met,www.metmuseum.org,verified
FACT-2027-06-17-S19,17,2027-06-17,The balance beam used in gymnastics is 10 cm wide.,19,June,Gymnastics balance beam width,Everyday Life,The gymnastics section states that gymnasts perform on a balance beam that is only 10 cm wide.,high,https://www.nist.gov/pml/owm/metric-sports-summer-games-fast-facts,Gymnastics Measurements,Metric in Sports: Summer Games Fast Facts | NIST,www.nist.gov,verified
FACT-2027-06-17-S20,17,2027-06-17,Nouvelle Cuisine became popular in the early 1970s as a lighter and healthier approach to French cooking.,20,June,Nouvelle Cuisine promoted a lighter approach to French cooking,Food,"The text says, ""A lighter and more healthy approach known as Nouvelle Cuisine became popular in the early 1970s.""",high,https://guides.loc.gov/food-wine-cafe-culture-paris-france/origins-french-cuisine,Nouvelle Cuisine,The Origins of French Cuisine - French Cuisine & Café Culture in Paris - Research Guides at Library of Congress,guides.loc.gov,verified
FACT-2027-06-18-S01,18,2027-06-18,Giant pandas are native to central China.,1,June,Giant pandas are native to central China,Animals,The text states that giant pandas are native to central China.,high,https://nationalzoo.si.edu/animals/giant-panda,Distribution,Source page,nationalzoo.si.edu,verified
FACT-2027-06-18-S02,18,2027-06-18,"Positive physical health habits can help decrease stress, lower disease risk, and increase energy.",2,June,Benefits of positive physical health habits,Human Body,"The introduction states that positive physical health habits can help decrease stress, lower the risk of disease, and increase energy.",high,https://www.nih.gov/health-information/your-healthiest-self-wellness-toolkits/physical-wellness-toolkit,Physical Health,Physical Wellness Toolkit | National Institutes of Health (NIH),www.nih.gov,verified
FACT-2027-06-18-S03,18,2027-06-18,"Highly viscous lava can trap gases, allowing pressure to build until the gases escape explosively.",3,June,Gas pressure can make volcanic eruptions explosive,Nature,"The text says thick, pasty lava prevents gases from moving freely, causing tremendous pressure that ultimately escapes with explosive violence.",high,https://pubs.usgs.gov/gip/volc/text.html,Volcanic Eruptions,Volcanoes,pubs.usgs.gov,verified
FACT-2027-06-18-S04,18,2027-06-18,"As few as 1,864 giant pandas live in their native habitat, while another 600 live in zoos and breeding centers worldwide.",4,June,Most giant pandas live in their native habitat,Animals,The population figures are stated directly in the introduction and conservation section.,high,https://nationalzoo.si.edu/animals/giant-panda,Population,Source page,nationalzoo.si.edu,verified
FACT-2027-06-18-S05,18,2027-06-18,Humans are approximately 50% to 60% water by mass as adults.,5,June,Adult body water percentage,Human Body,The introduction states that humans are approximately 50% to 60% water by mass as adults.,high,https://www.ncbi.nlm.nih.gov/sites/books/NBK482447/,Body Composition,"Physiology, Body Fluids - StatPearls - NCBI Bookshelf",www.ncbi.nlm.nih.gov,verified
FACT-2027-06-18-S06,18,2027-06-18,Some pumice floats on water because its many gas bubbles make it very light.,6,June,Some pumice floats on water,Nature,The text states that violent gas separation can produce pumice and that some of this froth is so light because of its many gas bubbles that it floats on water.,high,https://pubs.usgs.gov/gip/volc/text.html,Volcanic Materials,Volcanoes,pubs.usgs.gov,verified
FACT-2027-06-18-S07,18,2027-06-18,The global ocean is geographically divided into distinct named regions.,7,June,The global ocean is divided into named regions,Ocean & Marine,The text explicitly says the global ocean is “geographically divided into distinct named regions.”,high,https://oceanservice.noaa.gov/facts/howmanyoceans.html,Ocean Regions,How many oceans are there?,oceanservice.noaa.gov,verified
FACT-2027-06-18-S08,18,2027-06-18,"Historically, the four named oceans were the Atlantic, Pacific, Indian, and Arctic.",8,June,The four historically named oceans,Ocean & Marine,"The text states, “Historically, there are four named oceans: the Atlantic, Pacific, Indian, and Arctic.”",high,https://oceanservice.noaa.gov/facts/howmanyoceans.html,Ocean Names,How many oceans are there?,oceanservice.noaa.gov,verified
FACT-2027-06-18-S09,18,2027-06-18,"In metrology, uncertainty describes how sure scientists are about the accuracy or correctness of a measurement answer.",9,June,Measurement uncertainty describes confidence in a result,Science,"“We will also be able to know how sure we are of the accuracy or correctness of the answer, which we call ‘uncertainty.’”",high,https://www.nist.gov/blogs/taking-measure/keepers-right-answer-why-measurements-nist-are-important-nation-and-world,Metrology,Keepers of the Right Answer: Why Measurements at NIST Are Important for the Nation and the World | NIST,www.nist.gov,verified
FACT-2027-06-18-S10,18,2027-06-18,"In 2018, countries voted to redefine four of the seven base units of the International System of Units.",10,June,The 2018 international conference redefined four base units,Science,"“The countries voted to redefine four of the seven base units for the International System of Units (SI), commonly known as the metric system.”",high,https://www.nist.gov/blogs/taking-measure/keepers-right-answer-why-measurements-nist-are-important-nation-and-world,Units of Measurement,Keepers of the Right Answer: Why Measurements at NIST Are Important for the Nation and the World | NIST,www.nist.gov,verified
FACT-2027-06-18-S11,18,2027-06-18,Louisiana loses a football-field-size area of coastal wetlands to the sea every hour due to rising seas and sinking lands.,11,June,Louisiana is losing coastal wetlands,Geography,The source directly states the rate and attributes it to rising seas and sinking lands.,high,https://www.fisheries.noaa.gov/topic/climate-change,Coastal wetlands,Climate Change | NOAA Fisheries,www.fisheries.noaa.gov,verified
FACT-2027-06-18-S12,18,2027-06-18,The two main sources of water in Yellowstone’s crust are meteoric water from rainfall or snowmelt and water released by crystallizing magma beneath Yellowstone Caldera.,12,June,Yellowstone has two main crustal water sources,Geography,The text identifies thermal-spring and geyser water as meteoric water and names crystallizing magma beneath Yellowstone Caldera as a second source.,high,https://www.usgs.gov/observatories/yvo/news/water-released-crystallizing-magma-can-trigger-earthquakes-yellowstone,Yellowstone,Water Released from Crystallizing Magma can Trigger Earthquakes in Yellowstone | U.S. Geological Survey,www.usgs.gov,verified
FACT-2027-06-18-S13,18,2027-06-18,The fossils in the National Fossil Collection record the history of life on Earth over the last 3.5 billion years.,13,June,Fossils record 3.5 billion years of life on Earth,History,The text explicitly states that these fossils record life's history over the last 3.5 billion years.,high,https://www.si.edu/explore/science/natural-history,Geologic Time,Source page,www.si.edu,verified
FACT-2027-06-18-S14,18,2027-06-18,The 1700 Cascadia earthquake is known partly because its tsunami was recorded in Japan.,14,June,The 1700 Cascadia earthquake is known partly because its tsunami was recorded in Japan,Mystery & Unexplained,Source page identified in the cited institutional reference.,medium,https://www.usgs.gov/programs/earthquake-hazards/cool-earthquake-facts,Mystery / Unexplained With Evidence,USGS,www.usgs.gov,verified
FACT-2027-06-18-S15,18,2027-06-18,"The Natural History Museum identifies Ananse/Anansi as a half-human, half-spider Akan folk hero.",15,June,"The Natural History Museum identifies Ananse/Anansi as a half-human, half-spider Akan folk",Mythology & Legends,Source page identified in the cited institutional reference.,medium,https://www.nhm.ac.uk/discover/ananse.html,Mythology & Legends,NHM,www.nhm.ac.uk,verified
FACT-2027-06-18-S16,18,2027-06-18,Mercury and Venus are the only eight planets with no moons.,16,June,Mercury and Venus have no moons,Space,The Moons section states that Mercury and Venus are the only planets among the eight with no moons.,high,https://science.nasa.gov/solar-system/solar-system-facts/,Moons,Solar System: Facts - NASA Science,science.nasa.gov,verified
FACT-2027-06-18-S17,18,2027-06-18,GPS works because satellites contain atomic clocks.,17,June,GPS depends on atomic clocks in satellites,Technology,“Your GPS works because of the atomic clocks inside the satellites.”,high,https://www.nist.gov/blogs/taking-measure/keepers-right-answer-why-measurements-nist-are-important-nation-and-world,GPS,Keepers of the Right Answer: Why Measurements at NIST Are Important for the Nation and the World | NIST,www.nist.gov,verified
FACT-2027-06-18-S18,18,2027-06-18,The Babylonian Gilgamesh flood narrative names Uta-napishtim as the flood survivor.,18,June,The Babylonian Gilgamesh flood narrative names Uta-napishtim as the flood survivor,Ancient Civilizations,Source page identified in the cited institutional reference.,medium,https://www.metmuseum.org/toah/hd/flod/hd/_flod.htm,Ancient Civilizations And Food,Met,www.metmuseum.org,verified
FACT-2027-06-18-S19,18,2027-06-18,"The modern pentathlon consists of pistol shooting, fencing, freestyle swimming, equestrian show jumping, and cross-country running.",19,June,Modern pentathlon events,Everyday Life,The text explicitly lists these five events as comprising the modern Pentathlon.,high,https://www.nist.gov/pml/owm/metric-sports-summer-games-fast-facts,Modern Pentathlon,Metric in Sports: Summer Games Fast Facts | NIST,www.nist.gov,verified
FACT-2027-06-18-S20,18,2027-06-18,"In the mid-1800s, bistros in urban centers served working-class customers warm, satisfying meals quickly and affordably.",20,June,Bistros served working-class diners affordable meals,Food,"The text says bistros ""served as places for the working class to get a warm and satisfying meal — quickly and affordably.""",high,https://guides.loc.gov/food-wine-cafe-culture-paris-france/origins-french-cuisine,Bistros,The Origins of French Cuisine - French Cuisine & Café Culture in Paris - Research Guides at Library of Congress,guides.loc.gov,verified
FACT-2027-06-19-S01,19,2027-06-19,A giant panda needs to consume about 70 to 100 pounds of bamboo each day.,1,June,Giant pandas eat up to 100 pounds of bamboo daily,Animals,The food section gives the daily bamboo consumption range as 70 to 100 pounds.,high,https://nationalzoo.si.edu/animals/giant-panda,Diet,Source page,nationalzoo.si.edu,verified
FACT-2027-06-19-S02,19,2027-06-19,Intracellular fluid is approximately 40% of total body weight.,2,June,Intracellular fluid proportion,Human Body,The cellular-level section states that intracellular fluid is approximately 40% of total body weight.,high,https://www.ncbi.nlm.nih.gov/sites/books/NBK482447/,Body Fluids,"Physiology, Body Fluids - StatPearls - NCBI Bookshelf",www.ncbi.nlm.nih.gov,verified
FACT-2027-06-19-S03,19,2027-06-19,Cinder cones are built from particles and blobs of congealed lava ejected from a single vent.,3,June,Cinder cones form around a single vent,Nature,The cinder cone section directly states that they are built from congealed lava particles and blobs ejected from a single vent.,high,https://pubs.usgs.gov/gip/volc/text.html,Volcano Types,Volcanoes,pubs.usgs.gov,verified
FACT-2027-06-19-S04,19,2027-06-19,"A giant panda uses a pseudo thumb formed by an elongated and enlarged wrist bone, covered with a fleshy skin pad, to grasp bamboo stems.",4,June,The panda’s pseudo thumb helps it grasp bamboo,Animals,The food section explicitly describes the pseudo thumb and its role in grasping bamboo.,high,https://nationalzoo.si.edu/animals/giant-panda,Adaptations,Source page,nationalzoo.si.edu,verified
FACT-2027-06-19-S05,19,2027-06-19,Extracellular fluid comprises approximately 20% of total body weight.,5,June,Extracellular fluid proportion,Human Body,The cellular-level section states that extracellular fluid comprises approximately 20% of total body weight.,high,https://www.ncbi.nlm.nih.gov/sites/books/NBK482447/,Body Fluids,"Physiology, Body Fluids - StatPearls - NCBI Bookshelf",www.ncbi.nlm.nih.gov,verified
FACT-2027-06-19-S06,19,2027-06-19,"Composite volcanoes are built from alternating layers of lava flows, volcanic ash, cinders, blocks, and bombs.",6,June,Composite volcanoes have alternating layers,Nature,The text explicitly describes composite volcanoes as steep-sided cones built of alternating layers of those materials.,high,https://pubs.usgs.gov/gip/volc/text.html,Volcano Types,Volcanoes,pubs.usgs.gov,verified
FACT-2027-06-19-S07,19,2027-06-19,"Most countries, including the United States, recognize the Southern Ocean as the fifth ocean.",7,June,The Southern Ocean is recognized as a fifth ocean by most countries,Ocean & Marine,"The text says most countries, including the United States, “now recognize the Southern (Antarctic) as the fifth ocean.”",high,https://oceanservice.noaa.gov/facts/howmanyoceans.html,Ocean Names,How many oceans are there?,oceanservice.noaa.gov,verified
FACT-2027-06-19-S08,19,2027-06-19,The Southern Ocean is described as the newest named ocean.,8,June,The Southern Ocean is the newest named ocean,Ocean & Marine,"The text explicitly states, “The Southern Ocean is the ‘newest’ named ocean.”",high,https://oceanservice.noaa.gov/facts/howmanyoceans.html,Southern Ocean,How many oceans are there?,oceanservice.noaa.gov,verified
FACT-2027-06-19-S09,19,2027-06-19,Spectroscopy uses the interaction between light and matter to gather information.,9,June,Spectroscopy measures light–matter interactions,Science,“Spectroscopy uses the interaction between light and matter to gather information.”,high,https://www.nist.gov/spectroscopy/what-spectroscopy,Physics,Spectroscopy: A Measurement Powerhouse | NIST,www.nist.gov,verified
FACT-2027-06-19-S10,19,2027-06-19,"The human eye can distinguish millions of colors, with each color revealing a light wave of a slightly different frequency.",10,June,The human eye functions as a spectrometer,Science,"“Indeed, the human eye is a type of spectrometer. It can distinguish millions of colors — each revealing a light wave of a slightly different frequency.”",high,https://www.nist.gov/spectroscopy/what-spectroscopy,Physics,Spectroscopy: A Measurement Powerhouse | NIST,www.nist.gov,verified
FACT-2027-06-19-S11,19,2027-06-19,"The 2017 Maple Creek earthquake swarm is described as having begun when pressurized water caused faults to rupture, with newly opened pathways allowing more faults to break.",11,June,The 2017 Maple Creek swarm was linked to pressurized water,Geography,The text says this is what was thought to have happened during the Maple Creek swarm and describes pressurized water rupturing faults and opening pathways.,high,https://www.usgs.gov/observatories/yvo/news/water-released-crystallizing-magma-can-trigger-earthquakes-yellowstone,Yellowstone,Water Released from Crystallizing Magma can Trigger Earthquakes in Yellowstone | U.S. Geological Survey,www.usgs.gov,verified
FACT-2027-06-19-S12,19,2027-06-19,"While working as a fur trader in Labrador, Canada, Clarence Birdseye observed that fish froze almost immediately after being pulled from the water.",12,June,Birdseye discovered rapid freezing in Labrador,History,The text says Birdseye was working as a fur trader in Labrador when he observed the fish freeze almost immediately.,high,https://www.loc.gov/everyday-mysteries/categories/technology/item/who-invented-frozen-food/,Food history,Who invented frozen food?  | Library of Congress,www.loc.gov,verified
FACT-2027-06-19-S13,19,2027-06-19,The 1960 Chile earthquake produced seismic waves that traveled around Earth for days.,13,June,The 1960 Chile earthquake produced seismic waves that traveled around Earth for days,Mystery & Unexplained,Source page identified in the cited institutional reference.,medium,https://www.usgs.gov/programs/earthquake-hazards/cool-earthquake-facts,Mystery / Unexplained With Evidence,USGS,www.usgs.gov,verified
FACT-2027-06-19-S14,19,2027-06-19,Ananse is traditionally described as a keeper of stories and a knowledge seeker.,14,June,Ananse is traditionally described as a keeper of stories and a knowledge seeker,Mythology & Legends,Source page identified in the cited institutional reference.,medium,https://www.nhm.ac.uk/discover/ananse.html,Mythology & Legends,NHM,www.nhm.ac.uk,verified
FACT-2027-06-19-S15,19,2027-06-19,"Mercury, Venus, Earth, and Mars are terrestrial planets with small, solid, rocky surfaces.",15,June,The first four planets are terrestrial planets,Space,"The Structure section identifies the first four planets as terrestrial and describes them as small with solid, rocky surfaces.",high,https://science.nasa.gov/solar-system/solar-system-facts/,Solar System Structure,Solar System: Facts - NASA Science,science.nasa.gov,verified
FACT-2027-06-19-S16,19,2027-06-19,Advances in semiconductor technology require computer chips to be measured at the nanometer scale.,16,June,Modern computer chips are measured at nanometer scale,Technology,"“As semiconductor technology has advanced, we now have to measure computer chips at the scale of nanometers.”",high,https://www.nist.gov/blogs/taking-measure/keepers-right-answer-why-measurements-nist-are-important-nation-and-world,Semiconductors,Keepers of the Right Answer: Why Measurements at NIST Are Important for the Nation and the World | NIST,www.nist.gov,verified
FACT-2027-06-19-S17,19,2027-06-19,Yellowstone is a plateau high in the Rocky Mountains and an active geothermal area.,17,June,Yellowstone is a geothermal area in the Rocky Mountains,Geography,The text identifies Yellowstone as a plateau high in the Rocky Mountains and calls it an active geothermal area.,high,https://www.usgs.gov/faqs/what-relationship-between-volcanism-and-geysers-and-hot-springs-yellowstone,Yellowstone,What is the relationship between volcanism and the geysers and hot springs in Yellowstone? | U.S. Geological Survey,www.usgs.gov,verified
FACT-2027-06-19-S18,19,2027-06-19,"In the Gilgamesh flood story, a dove, swallow and raven are released to search for land.",18,June,"In the Gilgamesh flood story, a dove, swallow and raven are released to search for land",Ancient Civilizations,Source page identified in the cited institutional reference.,medium,https://www.metmuseum.org/toah/hd/flod/hd/_flod.htm,Ancient Civilizations And Food,Met,www.metmuseum.org,verified
FACT-2027-06-19-S19,19,2027-06-19,A table tennis ball weighs about 2.7 g.,19,June,Table tennis ball mass,Everyday Life,The table tennis section states that the ball has a diameter of 40 mm and weighs about 2.7 g.,high,https://www.nist.gov/pml/owm/metric-sports-summer-games-fast-facts,Table Tennis Measurements,Metric in Sports: Summer Games Fast Facts | NIST,www.nist.gov,verified
FACT-2027-06-19-S20,19,2027-06-19,"Squashes are among the oldest known crops, with some sites in Mexico estimated at 10,000 years old.",20,June,Ancient cultivation of squashes,Food,The text describes squashes as one of the oldest known crops and gives the Mexico estimate.,high,https://www.loc.gov/item/how-did-squash-get-its-name/,History,Everyday Mysteries,www.loc.gov,verified
FACT-2027-06-20-S01,20,2027-06-20,"Giant pandas live in broadleaf and coniferous forests with dense bamboo understories at elevations between 5,000 and 10,000 feet.",1,June,Giant pandas live in mountainous bamboo forests,Animals,"The native habitat section specifies the forest types, bamboo understory, and elevation range.",high,https://nationalzoo.si.edu/animals/giant-panda,Habitat,Source page,nationalzoo.si.edu,verified
FACT-2027-06-20-S02,20,2027-06-20,Physiologic blood plasma osmolarity is approximately 286 mOsmoles/L.,2,June,Physiologic plasma osmolarity,Human Body,The mechanism section explicitly gives physiologic blood plasma osmolarity as approximately 286 mOsmoles/L.,high,https://www.ncbi.nlm.nih.gov/sites/books/NBK482447/,Physiology,"Physiology, Body Fluids - StatPearls - NCBI Bookshelf",www.ncbi.nlm.nih.gov,verified
FACT-2027-06-20-S03,20,2027-06-20,Shield volcanoes are built almost entirely from fluid lava flows that spread broadly and form gently sloping cones.,3,June,Shield volcanoes are built mainly from fluid lava flows,Nature,"The shield volcano section states that they are built almost entirely of fluid lava flows and form broad, gently sloping cones.",high,https://pubs.usgs.gov/gip/volc/text.html,Volcano Types,Volcanoes,pubs.usgs.gov,verified
FACT-2027-06-20-S04,20,2027-06-20,Most giant panda communication is accomplished through scent marking throughout their habitat and territory.,4,June,Giant pandas primarily communicate through scent marking,Animals,The communication section directly states that most communication is accomplished through scent marking.,high,https://nationalzoo.si.edu/animals/giant-panda,Communication,Source page,nationalzoo.si.edu,verified
FACT-2027-06-20-S05,20,2027-06-20,Fluid moves toward hyperosmotic compartments and away from hypoosmotic compartments.,5,June,Direction of osmotic fluid movement,Human Body,The mechanism section explicitly states that fluid moves towards hyperosmotic compartments and away from hypoosmotic compartments.,high,https://www.ncbi.nlm.nih.gov/sites/books/NBK482447/,Physiology,"Physiology, Body Fluids - StatPearls - NCBI Bookshelf",www.ncbi.nlm.nih.gov,verified
FACT-2027-06-20-S06,20,2027-06-20,"Calderas are large, steep-walled, basin-shaped depressions formed by the collapse of a large area over and around a volcanic vent or vents.",6,June,Calderas form when volcanoes collapse,Nature,The text defines calderas as depressions formed by the collapse of volcanoes and gives this description of their formation and shape.,high,https://pubs.usgs.gov/gip/volc/text.html,Volcanic Landforms,Volcanoes,pubs.usgs.gov,verified
FACT-2027-06-20-S07,20,2027-06-20,The U.S. Board on Geographic Names defines the Southern Ocean as extending from Antarctica’s coast to 60 degrees South latitude.,7,June,The Southern Ocean extends to 60 degrees south,Ocean & Marine,The text says it is the body of water extending “from the coast of Antarctica to the line of latitude at 60 degrees South.”,high,https://oceanservice.noaa.gov/facts/howmanyoceans.html,Southern Ocean Boundaries,How many oceans are there?,oceanservice.noaa.gov,verified
FACT-2027-06-20-S08,20,2027-06-20,The proposed Southern Ocean boundaries have not been ratified by members of the International Hydrographic Organization.,8,June,Southern Ocean boundaries have not been ratified by the IHO,Ocean & Marine,"The text states that not all countries agree on the proposed boundaries, so they “have yet to be ratified by members of the IHO.”",high,https://oceanservice.noaa.gov/facts/howmanyoceans.html,International Recognition,How many oceans are there?,oceanservice.noaa.gov,verified
FACT-2027-06-20-S09,20,2027-06-20,"In emission spectroscopy, scientists measure the frequencies of light emitted by an object.",9,June,Emission spectroscopy measures emitted light,Science,"“In emission spectroscopy, scientists measure light frequencies emitted by an object like a star.”",high,https://www.nist.gov/spectroscopy/what-spectroscopy,Physics,Spectroscopy: A Measurement Powerhouse | NIST,www.nist.gov,verified
FACT-2027-06-20-S10,20,2027-06-20,"Laser-induced breakdown spectroscopy uses a laser pulse to turn part of a sample into hot plasma, then analyzes the light emitted as the plasma cools to determine the sample’s composition.",10,June,Laser-induced breakdown spectroscopy analyzes plasma emissions,Science,"“A laser pulse turns a small amount of a sample into a hot plasma, which emits light as it cools. Scientists analyze the spectrum of the emitted light to determine the makeup of the sample.”",high,https://www.nist.gov/spectroscopy/what-spectroscopy,Physics,Spectroscopy: A Measurement Powerhouse | NIST,www.nist.gov,verified
FACT-2027-06-20-S11,20,2027-06-20,"The Yellowstone Plateau is located in the northern Rocky Mountains of Wyoming, Montana, and Idaho.",11,June,Yellowstone Plateau spans three states,Geography,"The text identifies the Yellowstone Plateau as being in the northern Rocky Mountains in Wyoming, Montana, and Idaho.",high,https://www.usgs.gov/volcanoes/yellowstone/science/volcanic-hazards-yellowstone,Location,Volcanic Hazards at Yellowstone | U.S. Geological Survey,www.usgs.gov,verified
FACT-2027-06-20-S12,20,2027-06-20,"After the French Revolution, displaced aristocratic chefs began opening restaurants to the public.",12,June,The French Revolution displaced chefs into public restaurants,History,"The text states that the Revolution caused the collapse of aristocratic kitchens and that ""Displaced chefs began to open restaurants to the public for the first time.""",high,https://guides.loc.gov/food-wine-cafe-culture-paris-france/origins-french-cuisine,French Revolution,The Origins of French Cuisine - French Cuisine & Café Culture in Paris - Research Guides at Library of Congress,guides.loc.gov,verified
FACT-2027-06-20-S13,20,2027-06-20,Soft sediments can make earthquake shaking last roughly three times as long as at stable bedrock sites.,13,June,Soft sediments can make earthquake shaking last roughly three times as long as at stable b,Mystery & Unexplained,Source page identified in the cited institutional reference.,medium,https://www.usgs.gov/programs/earthquake-hazards/earthquake-facts-earthquake-fantasy,Mystery / Unexplained With Evidence,USGS,www.usgs.gov,verified
FACT-2027-06-20-S14,20,2027-06-20,The kraken legend is rooted in Scandinavian folklore.,14,June,The kraken legend is rooted in Scandinavian folklore,Mythology & Legends,Source page identified in the cited institutional reference.,medium,https://www.nhm.ac.uk/discover/sea-monsters-inspiration-serpents-mermaids-the-kraken.html,Mythology & Legends,NHM,www.nhm.ac.uk,verified
FACT-2027-06-20-S15,20,2027-06-20,"Jupiter and Saturn are gas giants, while Uranus and Neptune are ice giants.",15,June,Jupiter and Saturn are gas giants,Space,The Structure section explicitly classifies Jupiter and Saturn as gas giants and Uranus and Neptune as ice giants.,high,https://science.nasa.gov/solar-system/solar-system-facts/,Solar System Structure,Solar System: Facts - NASA Science,science.nasa.gov,verified
FACT-2027-06-20-S16,20,2027-06-20,"The Sensor Science Division advances SI-traceable measurements in dimensional metrology, thermodynamics, optical radiation, and fluid flow.",16,June,NIST SSD develops SI-traceable measurement technologies,Technology,"The division's mission is to advance the next generation of SI-traceable measurements in dimensional metrology, thermodynamics, optical radiation, and fluid flow.",medium,https://www.nist.gov/pml/sensor-science,Measurement,Sensor Science Division | NIST,www.nist.gov,verified
FACT-2027-06-20-S17,20,2027-06-20,"Mauna Kea is approximately 10,205 meters tall from seabed to summit.",17,June,Tallest mountain base to summit,World Records & Extremes,Guinness identifies Mauna Kea as world's tallest measured from submarine base.,high,https://www.guinnessworldrecords.com/world-records/tallest-mountain,Mountains,Tallest mountain,www.guinnessworldrecords.com,verified
FACT-2027-06-20-S18,20,2027-06-20,The Sumerian flood hero Ziusudra is granted eternal life in the surviving narrative.,18,June,The Sumerian flood hero Ziusudra is granted eternal life in the surviving narrative,Ancient Civilizations,Source page identified in the cited institutional reference.,medium,https://www.metmuseum.org/toah/hd/flod/hd/_flod.htm,Ancient Civilizations And Food,Met,www.metmuseum.org,verified
FACT-2027-06-20-S19,20,2027-06-20,An international volleyball court is 18 m long and 9 m wide.,19,June,Volleyball court dimensions,Everyday Life,"The volleyball section describes the court as rectangular, measuring 18 m long and 9 m wide.",high,https://www.nist.gov/pml/owm/metric-sports-summer-games-fast-facts,Volleyball Measurements,Metric in Sports: Summer Games Fast Facts | NIST,www.nist.gov,verified
FACT-2027-06-20-S20,20,2027-06-20,"Squashes are a source of minerals, carotenoids, and vitamin A, with moderate quantities of vitamins B and C.",20,June,Nutritional content of squashes,Food,The “Fun Facts about Squash” section explicitly lists these nutrients.,high,https://www.loc.gov/item/how-did-squash-get-its-name/,Nutrition,Everyday Mysteries,www.loc.gov,verified
FACT-2027-06-21-S01,21,2027-06-21,"Female giant pandas ovulate only once a year, in the spring.",1,June,Female giant pandas ovulate once a year,Animals,The reproduction section explicitly states the annual spring ovulation cycle.,high,https://nationalzoo.si.edu/animals/giant-panda,Reproduction,Source page,nationalzoo.si.edu,verified
FACT-2027-06-21-S02,21,2027-06-21,Fluid overload is clinically known as edema.,2,June,Clinical definition of edema,Human Body,The clinical significance section states that fluid balance abnormalities can involve fluid overload and that fluid overload is clinically known as edema.,high,https://www.ncbi.nlm.nih.gov/sites/books/NBK482447/,Edema,"Physiology, Body Fluids - StatPearls - NCBI Bookshelf",www.ncbi.nlm.nih.gov,verified
FACT-2027-06-21-S03,21,2027-06-21,"The Yellowstone Plateau is centered on a youthful, active volcanic system containing subterranean magma, boiling pressurized waters, and active faults.",3,June,Yellowstone has an active volcanic system,Nature,"The text explicitly describes the system as youthful and active and lists magma, pressurized waters, and active faults.",high,https://www.usgs.gov/volcanoes/yellowstone/science/volcanic-hazards-yellowstone,Volcanology,Volcanic Hazards at Yellowstone | U.S. Geological Survey,www.usgs.gov,verified
FACT-2027-06-21-S04,21,2027-06-21,"At birth, a giant panda cub is pink, hairless, and blind.",4,June,Newborn giant panda cubs are blind and hairless,Animals,"The reproduction section directly describes newborn cubs as pink, hairless, and blind.",high,https://nationalzoo.si.edu/animals/giant-panda,Development,Source page,nationalzoo.si.edu,verified
FACT-2027-06-21-S05,21,2027-06-21,The average adult has an obligatory water intake requirement of 1600 mL per day.,5,June,Obligatory adult water intake,Human Body,The dehydration section explicitly states that the average adult has an obligatory intake requirement of 1600 mL per day.,high,https://www.ncbi.nlm.nih.gov/sites/books/NBK482447/,Dehydration,"Physiology, Body Fluids - StatPearls - NCBI Bookshelf",www.ncbi.nlm.nih.gov,verified
FACT-2027-06-21-S06,21,2027-06-21,The source states that large and moderate earthquakes and hydrothermal explosions are certain to occur within the next few decades.,6,June,Earthquakes and hydrothermal explosions are expected,Nature,The text says these events are certain to occur within the next few decades.,high,https://www.usgs.gov/volcanoes/yellowstone/science/volcanic-hazards-yellowstone,Volcanic Hazards,Volcanic Hazards at Yellowstone | U.S. Geological Survey,www.usgs.gov,verified
FACT-2027-06-21-S07,21,2027-06-21,Seas are smaller than oceans.,7,June,Seas are smaller than oceans,Ocean & Marine,"The text explicitly states, ""Seas are smaller than oceans.""",high,https://oceanservice.noaa.gov/facts/oceanorsea.html,Geography,What's the difference between an ocean and a sea?,oceanservice.noaa.gov,verified
FACT-2027-06-21-S08,21,2027-06-21,Seas are usually located where the land and ocean meet.,8,June,Seas usually occur where land meets the ocean,Ocean & Marine,"The text explicitly says seas are ""usually located where the land and ocean meet.""",high,https://oceanservice.noaa.gov/facts/oceanorsea.html,Geography,What's the difference between an ocean and a sea?,oceanservice.noaa.gov,verified
FACT-2027-06-21-S09,21,2027-06-21,"NIST's Sensor Science Division has institutional responsibility for realizing and disseminating the meter, kelvin, and candela.",9,June,SSD is responsible for three SI base units,Science,"SSD has institutional responsibility for the realization and dissemination of 3 of the 7 base units of the International System of Units: the meter, the kelvin, and the candela.",medium,https://www.nist.gov/pml/sensor-science,Metrology,Sensor Science Division | NIST,www.nist.gov,verified
FACT-2027-06-21-S10,21,2027-06-21,Time is measured by measuring the durations separating two events.,10,June,Time is measured through intervals,Science,"“We cannot measure time directly... Instead, we measure time intervals — the durations separating two events.”",high,https://www.nist.gov/atomic-clocks/how-do-we-know-what-time-it,Time and frequency metrology,How Do We Know What Time It Is? | NIST,www.nist.gov,verified
FACT-2027-06-21-S11,21,2027-06-21,Scientists at the National Museum of Natural History study environments and mineral samples ranging from Earth's interior to the asteroid belt.,11,June,Smithsonian geologists study Earth's interior to the asteroid belt,Geography,The geology section explicitly states that scientists study environments and mineral samples from Earth's interior to the asteroid belt.,high,https://www.si.edu/explore/science/natural-history,Geology,Source page,www.si.edu,verified
FACT-2027-06-21-S12,21,2027-06-21,"One of the first published recipes for pumpkin pie, called “Pompkin Pudding,” appeared in Amelia Simmons’ 1796 cookbook American cookery.",12,June,Early published pumpkin-pie recipe,History,"The text explicitly gives the recipe name, author, year, and cookbook.",high,https://www.loc.gov/item/how-did-squash-get-its-name/,Cookbooks,Everyday Mysteries,www.loc.gov,verified
FACT-2027-06-21-S13,21,2027-06-21,"Earthquake damage depends strongly on geology and engineering, not magnitude alone.",13,June,"Earthquake damage depends strongly on geology and engineering, not magnitude alone",Mystery & Unexplained,Source page identified in the cited institutional reference.,medium,https://www.usgs.gov/programs/earthquake-hazards/earthquake-facts-earthquake-fantasy,Mystery / Unexplained With Evidence,USGS,www.usgs.gov,verified
FACT-2027-06-21-S14,21,2027-06-21,NHM researchers identify giant squid and octopuses as plausible natural inspirations for kraken stories.,14,June,NHM researchers identify giant squid and octopuses as plausible natural inspirations for k,Mythology & Legends,Source page identified in the cited institutional reference.,medium,https://www.nhm.ac.uk/discover/sea-monsters-inspiration-serpents-mermaids-the-kraken.html,Mythology & Legends,NHM,www.nhm.ac.uk,verified
FACT-2027-06-21-S15,21,2027-06-21,The Oort Cloud contains icy pieces of space debris orbiting the Sun as far as 1.6 light-years away.,15,June,The Oort Cloud extends up to 1.6 light-years away,Space,The Size and Distance section states that Oort Cloud debris orbits the Sun as far as 1.6 light-years away.,high,https://science.nasa.gov/solar-system/solar-system-facts/,Solar System Size,Solar System: Facts - NASA Science,science.nasa.gov,verified
FACT-2027-06-21-S16,21,2027-06-21,"NIST researchers developed three-dimensional, high-resolution temperature measurement and imaging of materials using embedded magnetic nanoparticles.",16,June,Magnetic nanoparticles enable three-dimensional temperature imaging,Technology,"The 2024 Bronze Medal Award recognized the development of three-dimensional, high-resolution temperature measurement and imaging of materials using embedded magnetic nanoparticles.",medium,https://www.nist.gov/pml/sensor-science,Thermometry,Sensor Science Division | NIST,www.nist.gov,verified
FACT-2027-06-21-S17,21,2027-06-21,"Guinness credits the Nile as the world's longest river at 6,695 km.",17,June,Longest river record,World Records & Extremes,"Guinness gives the Nile length as 6,695 km from its farthest stream.",high,https://www.guinnessworldrecords.com/world-records/longest-river,Rivers,Longest river,www.guinnessworldrecords.com,verified
FACT-2027-06-21-S18,21,2027-06-21,"Greek religious practice included animal sacrifice, especially of oxen, goats and sheep.",18,June,"Greek religious practice included animal sacrifice, especially of oxen, goats and sheep",Ancient Civilizations,Source page identified in the cited institutional reference.,medium,https://www.metmuseum.org/essays/greek-gods-and-religious-practices,Ancient Civilizations And Food,Met,www.metmuseum.org,verified
FACT-2027-06-21-S19,21,2027-06-21,"The women’s weightlifting bar is 2.01 m long and weighs 15 kg, while the men’s bar is 2.2 m long and weighs 20 kg.",19,June,Weightlifting bar dimensions,Everyday Life,The weightlifting section gives the stated lengths and weights for women’s and men’s bars.,high,https://www.nist.gov/pml/owm/metric-sports-summer-games-fast-facts,Weightlifting Equipment,Metric in Sports: Summer Games Fast Facts | NIST,www.nist.gov,verified
FACT-2027-06-21-S20,21,2027-06-21,All the kinds of squash described in the text belong to the genus Cucurbita and family Cucurbitaceae.,20,June,Squash genus and family,Food,The text explicitly identifies the genus and family.,high,https://www.loc.gov/item/how-did-squash-get-its-name/,Botany,Everyday Mysteries,www.loc.gov,verified
FACT-2027-06-22-S01,22,2027-06-22,The Smithsonian's National Museum of Natural History insect collection contains over 35 million specimens.,1,June,The Smithsonian insect collection exceeds 35 million specimens,Animals,The Insect Info description explicitly says the insect collection has over 35 million specimens.,high,https://www.si.edu/explore/science/natural-history,Entomology,Source page,www.si.edu,verified
FACT-2027-06-22-S02,22,2027-06-22,The modified Parkland formula is 4 mL/kg per percentage of body surface area burned.,2,June,Modified Parkland formula,Human Body,The burn-fluid section gives the modified Parkland formula as 4 mL/kg/% body surface area burned.,high,https://www.ncbi.nlm.nih.gov/sites/books/NBK482447/,Burns,"Physiology, Body Fluids - StatPearls - NCBI Bookshelf",www.ncbi.nlm.nih.gov,verified
FACT-2027-06-22-S03,22,2027-06-22,The source states that volcanic eruptions are less likely but ultimately inevitable in the Yellowstone region.,3,June,Future volcanic eruptions are considered inevitable,Nature,The text explicitly contrasts their lower likelihood with their eventual inevitability.,high,https://www.usgs.gov/volcanoes/yellowstone/science/volcanic-hazards-yellowstone,Volcanic Hazards,Volcanic Hazards at Yellowstone | U.S. Geological Survey,www.usgs.gov,verified
FACT-2027-06-22-S04,22,2027-06-22,Insects are part of the animal group known as arthropods.,4,June,Insects are arthropods,Animals,The transcript states that insects are part of the group of animals known as arthropods.,high,https://naturalhistory.si.edu/education/teaching-resources/life-science/what-insect,Insect Biology,What Is an Insect? | Smithsonian National Museum of Natural History,naturalhistory.si.edu,verified
FACT-2027-06-22-S05,22,2027-06-22,"The brain can be divided into the forebrain, midbrain, and hindbrain.",5,June,The brain has three basic units,Human Body,"The text explicitly states that the brain can be divided into three basic units: the forebrain, midbrain, and hindbrain.",high,https://www.ninds.nih.gov/health-information/public-education/brain-basics/brain-basics-know-your-brain,Brain structure,Brain Basics: Know Your Brain | National Institute of Neurological Disorders and Stroke,www.ninds.nih.gov,verified
FACT-2027-06-22-S06,22,2027-06-22,"During the past 2.1 million years, Yellowstone volcano has had three immense explosive volcanic eruptions.",6,June,Yellowstone had three immense explosive eruptions,Nature,The text directly states that three such eruptions occurred over the past 2.1 million years.,high,https://www.usgs.gov/volcanoes/yellowstone/science/volcanic-hazards-yellowstone,Volcanic History,Volcanic Hazards at Yellowstone | U.S. Geological Survey,www.usgs.gov,verified
FACT-2027-06-22-S07,22,2027-06-22,Seas are typically partially enclosed by land.,7,June,Seas are typically partially enclosed by land,Ocean & Marine,"The text explicitly states, ""Typically, seas are partially enclosed by land.""",high,https://oceanservice.noaa.gov/facts/oceanorsea.html,Geography,What's the difference between an ocean and a sea?,oceanservice.noaa.gov,verified
FACT-2027-06-22-S08,22,2027-06-22,Seas are found on the margins of the ocean.,8,June,Seas are found on ocean margins,Ocean & Marine,"The text explicitly states, ""Seas are found on the margins of the ocean.""",high,https://oceanservice.noaa.gov/facts/oceanorsea.html,Geography,What's the difference between an ocean and a sea?,oceanservice.noaa.gov,verified
FACT-2027-06-22-S09,22,2027-06-22,"The Anatomy page links to a resource titled ""Biological Pathways"" from the National Human Genome Research Institute.",9,June,The page includes resources on biological pathways,Science,"The source lists: ""Biological Pathways(National Human Genome Research Institute) Also in Spanish.""",high,https://www.nlm.nih.gov/medlineplus/anatomy.html,Human Body,Anatomy | MedlinePlus,www.nlm.nih.gov,verified
FACT-2027-06-22-S10,22,2027-06-22,"The Anatomy page links to a resource titled ""Cell Structure"" from the National Cancer Institute.",10,June,The page includes resources on cell structure,Science,"The source lists: ""Cell Structure(National Cancer Institute).""",high,https://www.nlm.nih.gov/medlineplus/anatomy.html,Human Body,Anatomy | MedlinePlus,www.nlm.nih.gov,verified
FACT-2027-06-22-S11,22,2027-06-22,"The Smithsonian's Global Volcanism Program tracks active volcanoes and their eruptions during the last 10,000 years.",11,June,The Global Volcanism Program tracks volcanoes,Geography,"The Volcanoes of the World description explicitly says the program tracks active volcanoes and eruptions during the last 10,000 years.",high,https://www.si.edu/explore/science/natural-history,Volcanology,Source page,www.si.edu,verified
FACT-2027-06-22-S12,22,2027-06-22,"George P. Marsh, also identified as George Perkins Marsh, is listed as the author of the book.",12,June,George P. Marsh authored the book,History,"The Names field lists ""Marsh, George P. (George Perkins), 1801-1882,"" and the Contributor field lists Marsh.",high,https://www.loc.gov/item/17031949/,Authorship,"The origin and history of the English language, and of the early literature it embodies.  | Library of Congress",www.loc.gov,verified
FACT-2027-06-22-S13,22,2027-06-22,"Earthquakes can trigger landslides, liquefaction and tsunamis.",13,June,"Earthquakes can trigger landslides, liquefaction and tsunamis",Mystery & Unexplained,Source page identified in the cited institutional reference.,medium,https://www.usgs.gov/programs/earthquake-hazards/earthquake-facts-earthquake-fantasy,Mystery / Unexplained With Evidence,USGS,www.usgs.gov,verified
FACT-2027-06-22-S14,22,2027-06-22,Ancient Greek writers Aristotle and Pliny wrote about large squid-like animals.,14,June,Ancient Greek writers Aristotle and Pliny wrote about large squid-like animals,Mythology & Legends,Source page identified in the cited institutional reference.,medium,https://www.nhm.ac.uk/discover/sea-monsters-inspiration-serpents-mermaids-the-kraken.html,Mythology & Legends,NHM,www.nhm.ac.uk,verified
FACT-2027-06-22-S15,22,2027-06-22,"Mercury, Venus, Earth, and Mars are the first four planets from the Sun and are also known as terrestrial planets because they have solid surfaces.",15,June,The inner planets are terrestrial planets,Space,The Inner Planets section identifies these four planets and directly gives the reason for the terrestrial classification.,high,https://science.nasa.gov/solar-system/planets/,Planet Classification,About the Planets,science.nasa.gov,verified
FACT-2027-06-22-S16,22,2027-06-22,Howard Yoon and Vladimir Khromchenko developed infrared radiometers and radiation thermometers for critical calibration needs of the U.S. Air Force and Army.,16,June,Novel infrared radiometers support military calibration,Technology,The 2023 Edward Bennett Rosa Award recognized their development of novel infrared radiometers and radiation thermometers to support critical calibration needs of the U.S. Air Force and Army.,medium,https://www.nist.gov/pml/sensor-science,Infrared Measurement,Sensor Science Division | NIST,www.nist.gov,verified
FACT-2027-06-22-S17,22,2027-06-22,"The Pacific Ocean covers approximately 161,760,000 km².",17,June,Largest ocean,World Records & Extremes,"Guinness, citing NOAA, gives Pacific area as 161,760,000 km².",high,https://www.guinnessworldrecords.com/world-records/66649-largest-ocean,Oceans,Largest ocean,www.guinnessworldrecords.com,verified
FACT-2027-06-22-S18,22,2027-06-22,Greek sanctuaries commonly included an outdoor altar and a temple with a cult image.,18,June,Greek sanctuaries commonly included an outdoor altar and a temple with a cult image,Ancient Civilizations,Source page identified in the cited institutional reference.,medium,https://www.metmuseum.org/essays/greek-gods-and-religious-practices,Ancient Civilizations And Food,Met,www.metmuseum.org,verified
FACT-2027-06-22-S19,22,2027-06-22,Fiber intake should be increased gradually so the body can adjust.,19,June,Gradual increase in fiber intake,Everyday Life,"Get more fiber. Increase your fiber intake gradually, so your body can get used to it.",medium,https://www.nih.gov/health-information/your-healthiest-self-wellness-toolkits/physical-wellness-toolkit,Nutrition,Physical Wellness Toolkit | National Institutes of Health (NIH),www.nih.gov,verified
FACT-2027-06-22-S20,22,2027-06-22,"Cucurbita pepo includes summer squash varieties such as zucchini, marrow, courgette, yellow squash, crookneck, spaghetti squash, and summer pumpkins.",20,June,Summer squash classification,Food,The C. pepo entry explicitly lists these examples as summer squash.,high,https://www.loc.gov/item/how-did-squash-get-its-name/,Varieties,Everyday Mysteries,www.loc.gov,verified
FACT-2027-06-23-S01,23,2027-06-23,"All insects have a head, thorax, and abdomen.",1,June,Insects have three main body parts,Animals,"The transcript explicitly lists the three main body parts of insects as a head, thorax, and abdomen.",high,https://naturalhistory.si.edu/education/teaching-resources/life-science/what-insect,Insect Biology,What Is an Insect? | Smithsonian National Museum of Natural History,naturalhistory.si.edu,verified
FACT-2027-06-23-S02,23,2027-06-23,The hindbrain controls vital functions such as respiration and heart rate.,2,June,The hindbrain controls vital functions,Human Body,"The text states that the hindbrain controls the body’s vital functions, including respiration and heart rate.",high,https://www.ninds.nih.gov/health-information/public-education/brain-basics/brain-basics-know-your-brain,Brain function,Brain Basics: Know Your Brain | National Institute of Neurological Disorders and Stroke,www.ninds.nih.gov,verified
FACT-2027-06-23-S03,23,2027-06-23,The Yellowstone Caldera formed 0.64 million years ago.,3,June,"The Yellowstone Caldera formed 640,000 years ago",Nature,The text gives the caldera's formation date as 0.64 million years ago.,high,https://www.usgs.gov/volcanoes/yellowstone/science/volcanic-hazards-yellowstone,Geology,Volcanic Hazards at Yellowstone | U.S. Geological Survey,www.usgs.gov,verified
FACT-2027-06-23-S04,23,2027-06-23,All insects have six legs.,4,June,Insects have six legs,Animals,"The transcript states, “all insects have six legs.”",high,https://naturalhistory.si.edu/education/teaching-resources/life-science/what-insect,Insect Biology,What Is an Insect? | Smithsonian National Museum of Natural History,naturalhistory.si.edu,verified
FACT-2027-06-23-S05,23,2027-06-23,The cerebellum coordinates movement and is involved in learned movements.,5,June,The cerebellum coordinates movement,Human Body,The text explicitly says that the cerebellum coordinates movement and is involved in learned movements.,high,https://www.ninds.nih.gov/health-information/public-education/brain-basics/brain-basics-know-your-brain,Cerebellum,Brain Basics: Know Your Brain | National Institute of Neurological Disorders and Stroke,www.ninds.nih.gov,verified
FACT-2027-06-23-S06,23,2027-06-23,"After the Yellowstone Caldera formed, the region experienced dozens of less explosive but large lava flows, the last of which erupted 70,000 years ago.",6,June,"The last large Yellowstone lava flow erupted 70,000 years ago",Nature,"The text explicitly dates the last of these lava flows to 70,000 years ago.",high,https://www.usgs.gov/volcanoes/yellowstone/science/volcanic-hazards-yellowstone,Volcanic History,Volcanic Hazards at Yellowstone | U.S. Geological Survey,www.usgs.gov,verified
FACT-2027-06-23-S07,23,2027-06-23,The Bering Sea is part of the Pacific Ocean.,7,June,The Bering Sea is part of the Pacific Ocean,Ocean & Marine,"The text explicitly says, ""the Bering Sea is part of the Pacific Ocean.""",high,https://oceanservice.noaa.gov/facts/oceanorsea.html,Geography,What's the difference between an ocean and a sea?,oceanservice.noaa.gov,verified
FACT-2027-06-23-S08,23,2027-06-23,The Sargasso Sea is defined only by ocean currents.,8,June,The Sargasso Sea is an exception to typical sea boundaries,Ocean & Marine,"The text explicitly states, ""The Sargasso Sea is an exception. It is defined only by ocean currents.""",high,https://oceanservice.noaa.gov/facts/oceanorsea.html,Geography,What's the difference between an ocean and a sea?,oceanservice.noaa.gov,verified
FACT-2027-06-23-S09,23,2027-06-23,The Anatomy page links to an introduction to the lymphatic system from the National Cancer Institute.,9,June,The page includes resources on the lymphatic system,Science,"The source lists: ""Introduction to the Lymphatic System(National Cancer Institute).""",high,https://www.nlm.nih.gov/medlineplus/anatomy.html,Human Body,Anatomy | MedlinePlus,www.nlm.nih.gov,verified
FACT-2027-06-23-S10,23,2027-06-23,"The Anatomy page links to resources on regions of the digestive system, the small and large intestine, and how the digestive system works.",10,June,The page includes resources on the digestive system,Science,"The source lists: ""Regions of the Digestive System(National Cancer Institute),"" ""Small & Large Intestine(National Cancer Institute),"" and ""Your Digestive System and How It Works(National Institute of Diabetes and Digestive and Kidney Diseases) Also in Spanish.""",high,https://www.nlm.nih.gov/medlineplus/anatomy.html,Human Body,Anatomy | MedlinePlus,www.nlm.nih.gov,verified
FACT-2027-06-23-S11,23,2027-06-23,"The Sensor Science Division is based in Gaithersburg, Maryland.",11,June,Sensor Science Division is based in Gaithersburg,Geography,"The text explicitly states that the Sensor Science Division is based in Gaithersburg, Maryland.",high,https://www.nist.gov/pml/sensor-science,Locations,Sensor Science Division | NIST,www.nist.gov,verified
FACT-2027-06-23-S12,23,2027-06-23,The book was published in New York by C. Scribner & Co. in 1869.,12,June,The book was published in 1869,History,"Created / Published states ""New York, C. Scribner & co., 1869.""",high,https://www.loc.gov/item/17031949/,Publication,"The origin and history of the English language, and of the early literature it embodies.  | Library of Congress",www.loc.gov,verified
FACT-2027-06-23-S13,23,2027-06-23,"The East African Rift is an active continental rift extending more than 3,000 km.",13,June,"The East African Rift is an active continental rift extending more than 3,000 km",Mystery & Unexplained,Source page identified in the cited institutional reference.,medium,https://www.usgs.gov/programs/earthquake-hazards/cool-earthquake-facts,Mystery / Unexplained With Evidence,USGS,www.usgs.gov,verified
FACT-2027-06-23-S14,23,2027-06-23,The Odyssey includes the sea-monster figure Scylla.,14,June,The Odyssey includes the sea-monster figure Scylla,Mythology & Legends,Source page identified in the cited institutional reference.,medium,https://www.nhm.ac.uk/discover/sea-monsters-inspiration-serpents-mermaids-the-kraken.html,Mythology & Legends,NHM,www.nhm.ac.uk,verified
FACT-2027-06-23-S15,23,2027-06-23,"Anxiety is a future-oriented, long-acting response to a diffuse threat, whereas fear is a present-oriented, short-lived response to a specific, identifiable threat.",15,June,Anxiety vs. Fear,Psychology,"APA defines anxiety as 'a future-oriented, long-acting response broadly focused on a diffuse threat, whereas fear is an appropriate, present-oriented, and short-lived response to a clearly identifiable and specific threat.'",medium,https://www.apa.org/topics/anxiety,Emotions,Anxiety - American Psychological Association,www.apa.org,verified
FACT-2027-06-23-S16,23,2027-06-23,Jupiter is the fifth planet from the Sun and the largest planet in the solar system.,16,June,Jupiter is the largest planet,Space,The Jupiter Facts section explicitly gives both its position and largest-planet ranking.,high,https://science.nasa.gov/solar-system/planets/,Planet Facts,About the Planets,science.nasa.gov,verified
FACT-2027-06-23-S17,23,2027-06-23,NIST's self-referenced ambient-radiation thermometer can measure non-contact temperatures from -50 °C to 150 °C.,17,June,Ambient-radiation thermometers provide non-contact temperature measurement,Technology,The patent description states that the Ambient-Radiation Thermometer can measure non-contact temperatures from -50 deg C to 150 deg C.,medium,https://www.nist.gov/pml/sensor-science,Thermometry,Sensor Science Division | NIST,www.nist.gov,verified
FACT-2027-06-23-S18,23,2027-06-23,The Pacific represents about 44.7% of the area covered by the world's oceans.,18,June,Pacific ocean percentage,World Records & Extremes,Guinness gives the Pacific share as 44.7%.,high,https://www.guinnessworldrecords.com/world-records/66649-largest-ocean,Ocean area,Largest ocean,www.guinnessworldrecords.com,verified
FACT-2027-06-23-S19,23,2027-06-23,"The four major Panhellenic festivals were held at Olympia, Delphi, Nemea and Isthmia.",19,June,"The four major Panhellenic festivals were held at Olympia, Delphi, Nemea and Isthmia",Ancient Civilizations,Source page identified in the cited institutional reference.,medium,https://www.metmuseum.org/essays/greek-gods-and-religious-practices,Ancient Civilizations And Food,Met,www.metmuseum.org,verified
FACT-2027-06-23-S20,23,2027-06-23,Replacing saturated fats with unsaturated fats is recommended.,20,June,Replacing saturated fats,Everyday Life,"Replace saturated fats in your diet with unsaturated fats. Use olive, canola, or other vegetable oils instead of butter, meat fats, or shortening.",medium,https://www.nih.gov/health-information/your-healthiest-self-wellness-toolkits/physical-wellness-toolkit,Nutrition,Physical Wellness Toolkit | National Institutes of Health (NIH),www.nih.gov,verified
FACT-2027-06-24-S01,24,2027-06-24,All insects have a pair of antennae attached to the head.,1,June,Insects have antennae,Animals,The transcript states that all insects have a pair of antennae and that the antennae are attached to the head.,high,https://naturalhistory.si.edu/education/teaching-resources/life-science/what-insect,Insect Biology,What Is an Insect? | Smithsonian National Museum of Natural History,naturalhistory.si.edu,verified
FACT-2027-06-24-S02,24,2027-06-24,"The two cerebral hemispheres communicate through the corpus callosum, a thick tract of nerve fibers.",2,June,The corpus callosum connects the hemispheres,Human Body,The text identifies the corpus callosum as the thick nerve-fiber tract through which the two hemispheres communicate.,high,https://www.ninds.nih.gov/health-information/public-education/brain-basics/brain-basics-know-your-brain,Cerebral hemispheres,Brain Basics: Know Your Brain | National Institute of Neurological Disorders and Stroke,www.ninds.nih.gov,verified
FACT-2027-06-24-S03,24,2027-06-24,A magnitude 7.5 earthquake in 1959 killed 28 people in the Yellowstone region.,3,June,A 1959 Yellowstone-region earthquake killed 28 people,Nature,The text describes the 1959 earthquake as magnitude 7.5 and states that it killed 28 people.,high,https://www.usgs.gov/volcanoes/yellowstone/science/volcanic-hazards-yellowstone,Earthquakes,Volcanic Hazards at Yellowstone | U.S. Geological Survey,www.usgs.gov,verified
FACT-2027-06-24-S04,24,2027-06-24,Insects have either no wings or two pairs of wings.,4,June,Insects have zero or two pairs of wings,Animals,The transcript states that all insects have zero or two pairs of wings.,high,https://naturalhistory.si.edu/education/teaching-resources/life-science/what-insect,Insect Biology,What Is an Insect? | Smithsonian National Museum of Natural History,naturalhistory.si.edu,verified
FACT-2027-06-24-S05,24,2027-06-24,Most of the actual information processing in the brain takes place in the cerebral cortex.,5,June,The cerebral cortex performs most brain information processing,Human Body,The text explicitly states that most actual information processing takes place in the cerebral cortex.,high,https://www.ninds.nih.gov/health-information/public-education/brain-basics/brain-basics-know-your-brain,Cerebral cortex,Brain Basics: Know Your Brain | National Institute of Neurological Disorders and Stroke,www.ninds.nih.gov,verified
FACT-2027-06-24-S06,24,2027-06-24,"The Encyclopedia of Life provides free, open, multilingual digital access to trusted information on all known species.",6,June,Encyclopedia of Life provides open species information,Nature,"The text describes EOL as providing free, open, multilingual, digital access to trusted information on all known species.",high,https://naturalhistory.si.edu/research/eol,Biodiversity Information,Encyclopedia of Life | Smithsonian National Museum of Natural History,naturalhistory.si.edu,verified
FACT-2027-06-24-S07,24,2027-06-24,"Many people use the terms ""ocean"" and ""sea"" interchangeably when speaking about the ocean.",7,June,Ocean and sea are sometimes used interchangeably,Ocean & Marine,The text explicitly states that many people use the two terms interchangeably.,high,https://oceanservice.noaa.gov/facts/oceanorsea.html,Terminology,What's the difference between an ocean and a sea?,oceanservice.noaa.gov,verified
FACT-2027-06-24-S08,24,2027-06-24,About 97 percent of Earth's water is in the ocean.,8,June,Most of Earth's water is in the ocean,Ocean & Marine,The source explicitly states that about 97 percent of Earth's water can be found in the ocean.,high,https://oceanservice.noaa.gov/facts/oceanwater.html,Ocean water,How much water is in the ocean?,oceanservice.noaa.gov,verified
FACT-2027-06-24-S09,24,2027-06-24,The Anatomy page provides an image resource on the components of the urinary system and links to a resource about how the kidneys work.,9,June,The page includes resources on the urinary system,Science,"The source lists ""Components of the Urinary System(National Cancer Institute)"" under Images and ""Your Kidneys and How They Work(National Institute of Diabetes and Digestive and Kidney Diseases) Also in Spanish"" under Specifics.",high,https://www.nlm.nih.gov/medlineplus/anatomy.html,Human Body,Anatomy | MedlinePlus,www.nlm.nih.gov,verified
FACT-2027-06-24-S10,24,2027-06-24,The Anatomy page includes dedicated sections for children and teenagers with resources about body parts and systems.,10,June,The page offers anatomy materials for children and teenagers,Science,"The source contains sections titled ""## Children"" and ""## Teenagers"" and lists resources such as ""Your Bones,"" ""Your Digestive System,"" ""All About Your Brain & Nervous System,"" and ""The Immune System.""",high,https://www.nlm.nih.gov/medlineplus/anatomy.html,Human Body,Anatomy | MedlinePlus,www.nlm.nih.gov,verified
FACT-2027-06-24-S11,24,2027-06-24,"Cucurbita maxima includes winter squash varieties such as buttercup, Hubbard, turban, and winter pumpkins.",11,June,Winter squash classification,Food,The C. maxima entry explicitly identifies these varieties as winter squash.,high,https://www.loc.gov/item/how-did-squash-get-its-name/,Varieties,Everyday Mysteries,www.loc.gov,verified
FACT-2027-06-24-S12,24,2027-06-24,The ocean covers more than 70 percent of Earth's surface.,12,June,The ocean covers most of Earth's surface,Geography,The source states that the ocean covers more than 70 percent of the surface of our planet.,high,https://oceanservice.noaa.gov/facts/oceanwater.html,Earth's surface,How much water is in the ocean?,oceanservice.noaa.gov,verified
FACT-2027-06-24-S13,24,2027-06-24,The volume's lectures were delivered at the Lowell Institute in 1860–1861.,13,June,The book consists of Lowell Institute lectures,History,"The Notes section states, ""The lectures which compose the present volume were delivered at the Lowell institute ... in 1860-1861.""",high,https://www.loc.gov/item/17031949/,Lectures,"The origin and history of the English language, and of the early literature it embodies.  | Library of Congress",www.loc.gov,verified
FACT-2027-06-24-S14,24,2027-06-24,"A U.S. utility patent grants an inventor the legal right to exclude others from making, using, selling, or importing their invention, rather than granting the inventor an inherent right to perform those actions.",14,June,Patent Exclusivity,Inventions,"USPTO states: 'A patent grant confers on the owner “the right to exclude others from making, using, offering for sale, or selling” the invention... It does not entitle the owner to make, use, offer for sale, sell, or import; it only excludes others from doing so.'",medium,https://www.uspto.gov/ip-policy/patent-policy/patents,Patents,Patents | USPTO,www.uspto.gov,verified
FACT-2027-06-24-S15,24,2027-06-24,"English is widely considered the world's primary lingua franca, with approximately 1.5 billion speakers globally as of the early 2020s.",15,June,Most Spoken Language,Language,Britannica states: 'In the early 2020s there were about 1.5 billion English speakers around the world. This makes it the most spoken language...',medium,https://www.britannica.com/topic/English-language,Linguistics,"English language | Origin, History, Development, Characteristics, & Facts | Britannica",www.britannica.com,verified
FACT-2027-06-24-S16,24,2027-06-24,"The world’s longest mountain range is the mid-ocean ridge, about 64,374 km long.",16,June,"The world’s longest mountain range is the mid-ocean ridge, about 64,374 km long",Mystery & Unexplained,Source page identified in the cited institutional reference.,medium,https://www.usgs.gov/programs/earthquake-hazards/cool-earthquake-facts,Mystery / Unexplained With Evidence,USGS,www.usgs.gov,verified
FACT-2027-06-24-S17,24,2027-06-24,The Norse hafgufa and Greek aspidochelone are legends that may preserve observations of whale feeding.,17,June,The Norse hafgufa and Greek aspidochelone are legends that may preserve observations of wh,Mythology & Legends,Source page identified in the cited institutional reference.,medium,https://www.nhm.ac.uk/discover/news/2023/february/legendary-beasts-ancient-literature-may-have-been-whales-gulping-down-fish.html,Mythology & Legends,NHM,www.nhm.ac.uk,verified
FACT-2027-06-24-S18,24,2027-06-24,"Chronic stress can exacerbate chronic pain, depression, and opioid misuse when they occur alongside chronic diseases.",18,June,Chronic stress can exacerbate several conditions,Psychology,"The text says chronic diseases can occur with chronic pain, depression, and opioid misuse, and that all these conditions are exacerbated by chronic stress.",high,https://www.nccih.nih.gov/health/whole-person-health-what-it-is-and-why-its-important,Stress and health,Whole Person Health: What It Is and Why It's Important | NCCIH,www.nccih.nih.gov,verified
FACT-2027-06-24-S19,24,2027-06-24,Ceres is the only dwarf planet in the inner solar system.,19,June,Ceres is the only dwarf planet in the inner solar system,Space,The Dwarf Planets section states that Ceres is the only dwarf planet in the inner solar system.,high,https://science.nasa.gov/solar-system/planets/,Dwarf Planets,About the Planets,science.nasa.gov,verified
FACT-2027-06-24-S20,24,2027-06-24,A NIST Mueller matrix ellipsometer combines multi-mirror polarization-state generation and analysis with a detector.,20,June,Mueller matrix ellipsometers use multi-mirror polarization systems,Technology,The patent description states that a multi-mirror polarization state generator is combined with a multi-mirror polarization state analyzer and a detector to realize a Mueller matrix ellipsometer.,medium,https://www.nist.gov/pml/sensor-science,Optical Instrumentation,Sensor Science Division | NIST,www.nist.gov,verified
FACT-2027-06-25-S01,25,2027-06-25,An insect’s wings and legs are attached to its thorax.,1,June,Insect wings and legs attach to the thorax,Animals,The transcript explicitly states that wings and legs are always attached to the insect’s thorax.,high,https://naturalhistory.si.edu/education/teaching-resources/life-science/what-insect,Insect Biology,What Is an Insect? | Smithsonian National Museum of Natural History,naturalhistory.si.edu,verified
FACT-2027-06-25-S02,25,2027-06-25,The neuron is the primary functional unit of the brain and the rest of the nervous system.,2,June,Neurons are the nervous system’s primary functional units,Human Body,The text states that the primary functional unit of the brain and nervous system is a cell called the neuron.,high,https://www.ninds.nih.gov/health-information/public-education/brain-basics/brain-basics-know-your-brain,Neurons,Brain Basics: Know Your Brain | National Institute of Neurological Disorders and Stroke,www.ninds.nih.gov,verified
FACT-2027-06-25-S03,25,2027-06-25,The Encyclopedia of Life was founded in 2008.,3,June,EOL was founded in 2008,Nature,The text states that EOL was founded in 2008.,high,https://naturalhistory.si.edu/research/eol,Biodiversity Information,Encyclopedia of Life | Smithsonian National Museum of Natural History,naturalhistory.si.edu,verified
FACT-2027-06-25-S04,25,2027-06-25,A spider is not an insect because it has eight legs.,4,June,Spiders are not insects,Animals,The transcript contrasts insects’ six legs with a spider’s eight legs and states that a spider is not an insect.,high,https://naturalhistory.si.edu/education/teaching-resources/life-science/what-insect,Arthropods,What Is an Insect? | Smithsonian National Museum of Natural History,naturalhistory.si.edu,verified
FACT-2027-06-25-S05,25,2027-06-25,Myelin insulates axons and helps nerve signals travel faster and farther.,5,June,Myelin speeds nerve signals,Human Body,The text describes myelin as a fatty molecule that insulates the axon and helps nerve signals travel faster and farther.,high,https://www.ninds.nih.gov/health-information/public-education/brain-basics/brain-basics-know-your-brain,Myelin,Brain Basics: Know Your Brain | National Institute of Neurological Disorders and Stroke,www.ninds.nih.gov,verified
FACT-2027-06-25-S06,25,2027-06-25,The Encyclopedia of Life has curated information on nearly 2 million species.,6,June,EOL has information on nearly 2 million species,Nature,The text says EOL has curated information on nearly 2 million species.,high,https://naturalhistory.si.edu/research/eol,Biodiversity Information,Encyclopedia of Life | Smithsonian National Museum of Natural History,naturalhistory.si.edu,verified
FACT-2027-06-25-S07,25,2027-06-25,"An estimate places the volume of ocean water at 1,335,000,000 cubic kilometers.",7,June,The ocean contains over 1.3 billion cubic kilometers of water,Ocean & Marine,"The source attributes this estimate to NOAA's National Geophysical Data Center and gives the volume as 1,335,000,000 cubic kilometers.",high,https://oceanservice.noaa.gov/facts/oceanwater.html,Ocean volume,How much water is in the ocean?,oceanservice.noaa.gov,verified
FACT-2027-06-25-S08,25,2027-06-25,"An estimate places the volume of ocean water at 321,003,271 cubic miles.",8,June,The ocean contains over 321 million cubic miles of water,Ocean & Marine,"The source gives NOAA's ocean-water estimate as 321,003,271 cubic miles.",high,https://oceanservice.noaa.gov/facts/oceanwater.html,Ocean volume,How much water is in the ocean?,oceanservice.noaa.gov,verified
FACT-2027-06-25-S09,25,2027-06-25,Health and disease are described as states on a path that can move toward either health or disease.,9,June,Health and disease can shift along a path,Science,"“Health and disease are not separate, disconnected states but instead occur on a path that can move in two different directions, either toward health or toward disease.”",high,https://www.nccih.nih.gov/health/whole-person-health-what-it-is-and-why-its-important,Health,Whole Person Health: What It Is and Why It's Important | NCCIH,www.nccih.nih.gov,verified
FACT-2027-06-25-S10,25,2027-06-25,Challenger Deep lies deeper than Everest's height above sea level.,10,June,Everest-Challenger contrast,World Records & Extremes,NOAA states Challenger Deep is deeper even than Everest is tall.,high,https://www.fisheries.noaa.gov/pacific-islands/habitat-conservation/mariana-trench-marine-national-monument,Ocean depth,Mariana Trench Marine National Monument,www.fisheries.noaa.gov,verified
FACT-2027-06-25-S11,25,2027-06-25,"Biological makeup, unhealthy behaviors, and social conditions can contribute to chronic diseases affecting more than one organ system.",11,June,Multiple factors can contribute to diseases affecting several organ systems,Science,"The source states that biological makeup, behaviors such as poor diet, sedentary lifestyle, chronic stress, and poor sleep, and social conditions “can lead to chronic diseases of more than one organ system.”",high,https://www.nccih.nih.gov/health/whole-person-health-what-it-is-and-why-its-important,Health,Whole Person Health: What It Is and Why It's Important | NCCIH,www.nccih.nih.gov,verified
FACT-2027-06-25-S12,25,2027-06-25,"Ancient Greeks made liquid offerings, or libations, as part of religious practice.",12,June,"Ancient Greeks made liquid offerings, or libations, as part of religious practice",Ancient Civilizations,Source page identified in the cited institutional reference.,medium,https://www.metmuseum.org/essays/greek-gods-and-religious-practices,Ancient Civilizations And Food,Met,www.metmuseum.org,verified
FACT-2027-06-25-S13,25,2027-06-25,"When discussing medicines with a health professional, people should provide a list that includes prescription and over-the-counter drugs, vitamins, natural products, and supplements.",13,June,Medication reviews should include all products taken,Everyday Life,"The source advises providing a list of medicines, including over-the-counter drugs, vitamins, natural products, and supplements.",high,https://www.nia.nih.gov/sites/default/files/d7/MedAgeBrain-FactSheet.pdf,Health and Safety,"Brain Health: Medicine, Age, and Your Brain",www.nia.nih.gov,verified
FACT-2027-06-25-S14,25,2027-06-25,"Fortune cookies are baked as flat circles, and paper fortunes are folded inside while the cookies are still warm and flexible.",14,June,Fortune cookies are folded while warm,Food,The answer states that cookies are baked as flat circles and that slips of paper are folded inside after baking while the cookies remain warm and flexible.,high,https://www.loc.gov/item/how-do-fortunes-get-inside-fortune-cookies/,Preparation,Everyday Mysteries,www.loc.gov,verified
FACT-2027-06-25-S15,25,2027-06-25,"There are over 1,386,000,000 cubic kilometers of water on Earth.",15,June,Earth has over 1.386 billion cubic kilometers of water,Geography,"The source attributes this figure to the U.S. Geological Survey and states that Earth has over 1,386,000,000 cubic kilometers of water.",high,https://oceanservice.noaa.gov/facts/oceanwater.html,Earth's total water,How much water is in the ocean?,oceanservice.noaa.gov,verified
FACT-2027-06-25-S16,25,2027-06-25,"The physical volume contains xv, 574 pages.",16,June,The volume has 574 pages,History,"The Medium field states ""xv, 574 p. 21 cm.""",high,https://www.loc.gov/item/17031949/,Physical book,"The origin and history of the English language, and of the early literature it embodies.  | Library of Congress",www.loc.gov,verified
FACT-2027-06-25-S17,25,2027-06-25,Clarence Birdseye is credited with inventing the quick-freezing method in 1924.,17,June,Clarence Birdseye is credited with inventing quick freezing,Inventions,The text states that Birdseye is credited with inventing in 1924 the quick freezing method.,high,https://www.loc.gov/everyday-mysteries/categories/technology/item/who-invented-frozen-food/,Food preservation,Who invented frozen food?  | Library of Congress,www.loc.gov,verified
FACT-2027-06-25-S18,25,2027-06-25,The Smithsonian works with Native American communities to revive and sustain Indigenous languages.,18,June,The Smithsonian works with Native American communities on Indigenous languages,Language,The Indigenous Voices description explicitly states that the Smithsonian works with Native American communities for this purpose.,high,https://www.si.edu/explore/science/natural-history,Indigenous Languages,Source page,www.si.edu,verified
FACT-2027-06-25-S19,25,2027-06-25,"The Andes are the longest continental mountain range, about 7,564 km long.",19,June,"The Andes are the longest continental mountain range, about 7,564 km long",Mystery & Unexplained,Source page identified in the cited institutional reference.,medium,https://www.usgs.gov/programs/earthquake-hazards/cool-earthquake-facts,Mystery / Unexplained With Evidence,USGS,www.usgs.gov,verified
FACT-2027-06-25-S20,25,2027-06-25,"“Trap feeding,” in which whales float with mouths open to catch prey, was formally observed in 2011.",20,June,"“Trap feeding,” in which whales float with mouths open to catch prey, was formally observe",Mythology & Legends,Source page identified in the cited institutional reference.,medium,https://www.nhm.ac.uk/discover/news/2023/february/legendary-beasts-ancient-literature-may-have-been-whales-gulping-down-fish.html,Mythology & Legends,NHM,www.nhm.ac.uk,verified
FACT-2027-06-26-S01,26,2027-06-26,The source presents octopus cells as relevant to how an octopus survives.,1,June,Octopus cells are related to survival,Animals,The text directs learners to find out how an octopus's cells help it survive.,high,https://ssec.si.edu/structure-and-function,Cephalopods,STCMS™: Structure and Function | Smithsonian Science Education Center,ssec.si.edu,verified
FACT-2027-06-26-S02,26,2027-06-26,"Some neurotransmitters make cells more active, while others block or dampen cellular activity.",2,June,Neurotransmitters can excite or inhibit cells,Human Body,The text explicitly distinguishes excitatory neurotransmitters from inhibitory neurotransmitters that block or dampen activity.,high,https://www.ninds.nih.gov/health-information/public-education/brain-basics/brain-basics-know-your-brain,Neurotransmitters,Brain Basics: Know Your Brain | National Institute of Neurological Disorders and Stroke,www.ninds.nih.gov,verified
FACT-2027-06-26-S03,26,2027-06-26,"EOL has developed technical infrastructure and expertise to support the recruitment, integration, and dissemination of structured biodiversity data.",3,June,EOL supports structured biodiversity data,Nature,The text explicitly describes EOL’s infrastructure and expertise for structured biodiversity data.,high,https://naturalhistory.si.edu/research/eol,Biodiversity Data,Encyclopedia of Life | Smithsonian National Museum of Natural History,naturalhistory.si.edu,verified
FACT-2027-06-26-S04,26,2027-06-26,"Houseflies find sugar with their feet, which are 10 million times more sensitive than human tongues.",4,June,Houseflies detect sugar with their feet,Animals,The text explicitly compares the sugar sensitivity of housefly feet with human tongues.,high,https://www.si.edu/spotlight/buginfo/fun-facts-bugs,Insects,Source page,www.si.edu,verified
FACT-2027-06-26-S05,26,2027-06-26,The cerebral cortex is the largest and most highly developed part of the brain.,5,June,The cerebral cortex is the brain’s largest part,Human Body,The text lists the cerebral cortex as the brain’s “Largest part” and “Most highly developed part.”,high,https://nida.nih.gov/sites/default/files/brainsheetsmod2_45.pdf,Brain,Source page,nida.nih.gov,verified
FACT-2027-06-26-S06,26,2027-06-26,EOL selectively infers likely characteristics by painting computable data across phylogenetic branches of the Tree of Life.,6,June,EOL uses phylogenetic branch painting,Nature,The text describes selective inference through phylogenetic branch painting of computable data across the Tree of Life.,high,https://naturalhistory.si.edu/research/eol,Phylogenetics,Encyclopedia of Life | Smithsonian National Museum of Natural History,naturalhistory.si.edu,verified
FACT-2027-06-26-S07,26,2027-06-26,NOAA's National Ocean Service presents factual information about oceans and coasts.,7,June,NOAA National Ocean Service provides ocean facts,Ocean & Marine,The page heading says “Ocean Facts” and the subtitle says “Get the facts about our ocean and coasts.”,high,https://oceanservice.noaa.gov/facts/welcome.html,Ocean topics,NOAA's National Ocean Service: Newsroom,oceanservice.noaa.gov,verified
FACT-2027-06-26-S08,26,2027-06-26,"The page lists the Atlantic Meridional Overturning Circulation, abbreviated AMOC, as an ocean-facts topic.",8,June,Ocean facts include the Atlantic Meridional Overturning Circulation,Ocean & Marine,The recent ocean-facts list includes “What is the Atlantic Meridional Overturning Circulation (AMOC)?”,high,https://oceanservice.noaa.gov/facts/welcome.html,Ocean science,NOAA's National Ocean Service: Newsroom,oceanservice.noaa.gov,verified
FACT-2027-06-26-S09,26,2027-06-26,The teen brain fact sheet includes information about susceptibility to stress.,9,June,The teen brain is discussed in relation to stress,Psychology,The Spanish description says it presents information on “la susceptibilidad al estrés” in adolescents.,high,https://infocenter.nimh.nih.gov/health-topics/brain-anatomy-physiology,Adolescence and stress,Brain Anatomy & Physiology,infocenter.nimh.nih.gov,verified
FACT-2027-06-26-S10,26,2027-06-26,There is a lack of randomized controlled trials and other research on multicomponent interventions and whole person health.,10,June,Whole person health research has an evidence gap,Science,"“There is a lack, however, of randomized controlled trials and other types of research on multicomponent interventions and whole person health.”",high,https://www.nccih.nih.gov/health/whole-person-health-what-it-is-and-why-its-important,Health,Whole Person Health: What It Is and Why It's Important | NCCIH,www.nccih.nih.gov,verified
FACT-2027-06-26-S11,26,2027-06-26,Pluto was reclassified as a dwarf planet in 2006 by the International Astronomical Union.,11,June,Pluto was reclassified as a dwarf planet in 2006,Space,"The Pluto Facts section explicitly states the year, new classification, and organization responsible.",high,https://science.nasa.gov/solar-system/planets/,Planet Reclassification,About the Planets,science.nasa.gov,verified
FACT-2027-06-26-S12,26,2027-06-26,"A non-nulling gas velocity measurement apparatus uses a non-nulling pitot probe, gas valves, and separate pressure channels.",12,June,Non-nulling pitot probes measure gas velocity parameters,Technology,"The patent description says the apparatus performs non-nulling measurements of gas velocity parameters and includes a non-nulling pitot probe, gas valves, and different pressure channels.",medium,https://www.nist.gov/pml/sensor-science,Gas Measurement,Sensor Science Division | NIST,www.nist.gov,verified
FACT-2027-06-26-S13,26,2027-06-26,"The source says that machines such as the Kitamura FCM-8006W can make up to 8,000 cookies in an hour.",13,June,"Some fortune-cookie machines make up to 8,000 cookies per hour",World Records & Extremes,"The final manufacturing paragraph gives the stated production capacity of up to 8,000 cookies per hour.",high,https://www.loc.gov/item/how-do-fortunes-get-inside-fortune-cookies/,Production Capacity,Everyday Mysteries,www.loc.gov,verified
FACT-2027-06-26-S14,26,2027-06-26,Homer’s Iliad and Odyssey were believed to have been composed around the eighth century BCE.,14,June,Homer’s Iliad and Odyssey were believed to have been composed around the eighth century BC,Ancient Civilizations,Source page identified in the cited institutional reference.,medium,https://www.metmuseum.org/essays/greek-gods-and-religious-practices,Ancient Civilizations And Food,Met,www.metmuseum.org,verified
FACT-2027-06-26-S15,26,2027-06-26,"A basketball dropped from 1,800 mm must rebound to between 1,035 mm and 1,085 mm when measured at the underside of the ball.",15,June,Basketball rebound specification,Everyday Life,"The spherical basketball is inflated so that when it’s dropped on the court from 1 800 mm, the underside of the ball rebounds to between 1 035 mm and 1 085 mm.",high,https://www.nist.gov/pml/owm/metric-sports-summer-games-fast-facts,Sports,Metric in Sports: Summer Games Fast Facts | NIST,www.nist.gov,verified
FACT-2027-06-26-S16,26,2027-06-26,"As fortune cookies cool, they harden into shape because the sugar in the dough hardens.",16,June,Cooling hardens fortune cookies,Food,"The text says that sugar hardens into a crispy, shiny cookie as the baked dough cools.",high,https://www.loc.gov/item/how-do-fortunes-get-inside-fortune-cookies/,Food Chemistry,Everyday Mysteries,www.loc.gov,verified
FACT-2027-06-26-S17,26,2027-06-26,Longitude and latitude are each listed as recent ocean-facts topics.,17,June,Longitude and latitude are ocean-facts topics,Geography,The list includes “What is longitude?” and “What is latitude?”,high,https://oceanservice.noaa.gov/facts/welcome.html,Geodesy,NOAA's National Ocean Service: Newsroom,oceanservice.noaa.gov,verified
FACT-2027-06-26-S18,26,2027-06-26,The Library of Congress states that the books in this collection are in the public domain and free to use and reuse.,18,June,The book is in the public domain,History,"Rights & Access states, ""The books in this collection are in the public domain and are free to use and reuse.""",high,https://www.loc.gov/item/17031949/,Copyright,"The origin and history of the English language, and of the early literature it embodies.  | Library of Congress",www.loc.gov,verified
FACT-2027-06-26-S19,26,2027-06-26,"Clarence Birdseye developed two quick-freezing methods, and both involved packaging the food beforehand.",19,June,Birdseye developed two quick-freezing methods,Inventions,The text states that Birdseye developed two methods and that both employed packaging the food beforehand.,high,https://www.loc.gov/everyday-mysteries/categories/technology/item/who-invented-frozen-food/,Freezing technology,Who invented frozen food?  | Library of Congress,www.loc.gov,verified
FACT-2027-06-26-S20,26,2027-06-26,"The word “squash” comes from the Narragansett Native American word “askutasquash,” meaning “eaten raw or uncooked.”",20,June,Origin of the word “squash”,Language,The answer explicitly states the word’s Narragansett origin and meaning.,high,https://www.loc.gov/item/how-did-squash-get-its-name/,Word Origins,Everyday Mysteries,www.loc.gov,verified
FACT-2027-06-27-S01,27,2027-06-27,Ants can lift and carry more than fifty times their own weight.,1,June,Ants carry more than fifty times their body weight,Animals,The text directly states that ants can carry more than fifty times their own weight.,high,https://www.si.edu/spotlight/buginfo/fun-facts-bugs,Insects,Source page,www.si.edu,verified
FACT-2027-06-27-S02,27,2027-06-27,The corpus callosum connects the brain’s right and left cerebral hemispheres.,2,June,The corpus callosum connects the cerebral hemispheres,Human Body,The text states that the “Corpus callosum connects the two hemispheres.”,high,https://nida.nih.gov/sites/default/files/brainsheetsmod2_45.pdf,Brain,Source page,nida.nih.gov,verified
FACT-2027-06-27-S03,27,2027-06-27,Smithsonian scientists and researchers study how Earth and its inhabitants have changed and adapted over time.,3,June,Smithsonian researchers study Earth's natural history,Nature,The text says Smithsonian scientists explore how Earth and its inhabitants have changed and adapted over time.,high,https://www.si.edu/explore/science/natural-history,Natural History,Source page,www.si.edu,verified
FACT-2027-06-27-S04,27,2027-06-27,Mexican Jumping Beans sometimes sold commercially contain a caterpillar of a bean moth inside.,4,June,Mexican Jumping Beans contain caterpillars,Animals,The text explicitly identifies the organism inside Mexican Jumping Beans as a bean moth caterpillar.,high,https://www.si.edu/spotlight/buginfo/fun-facts-bugs,Insects,Source page,www.si.edu,verified
FACT-2027-06-27-S05,27,2027-06-27,The brain’s right hemisphere controls the left side of the body.,5,June,The right hemisphere controls the body’s left side,Human Body,"The right hemisphere section states, “Controls the left side of the body.”",high,https://nida.nih.gov/sites/default/files/brainsheetsmod2_45.pdf,Brain,Source page,nida.nih.gov,verified
FACT-2027-06-27-S06,27,2027-06-27,"Insects pollinate flowers, provide food for other animals, and help clean up waste.",6,June,Insects perform important ecological roles,Nature,"The transcript says insects shape lives by pollinating flowers, serving as a food source for other animals, and cleaning up poop.",high,https://naturalhistory.si.edu/education/teaching-resources/life-science/what-insect,Ecological Roles,What Is an Insect? | Smithsonian National Museum of Natural History,naturalhistory.si.edu,verified
FACT-2027-06-27-S07,27,2027-06-27,The lifespan of Greenland sharks is listed as a recent ocean-facts topic.,7,June,Greenland shark lifespan is an ocean-facts topic,Ocean & Marine,The list includes “How long do Greenland sharks live?”,high,https://oceanservice.noaa.gov/facts/welcome.html,Marine life,NOAA's National Ocean Service: Newsroom,oceanservice.noaa.gov,verified
FACT-2027-06-27-S08,27,2027-06-27,Most new oceanic crust forms at ocean ridges and is later recycled into Earth’s interior.,8,June,Most new oceanic crust forms at ocean ridges and is later recycled into Earth’s interior,Mystery & Unexplained,Source page identified in the cited institutional reference.,medium,https://www.usgs.gov/maps/dynamic-planet-world-map-volcanoes-earthquakes-impact-craters-and-plate-tectonics,Mystery / Unexplained With Evidence,USGS,www.usgs.gov,verified
FACT-2027-06-27-S09,27,2027-06-27,The medieval King’s Mirror may describe real animals among its sea-monster accounts.,9,June,The medieval King’s Mirror may describe real animals among its sea-monster accounts,Mythology & Legends,Source page identified in the cited institutional reference.,medium,https://www.nhm.ac.uk/discover/news/2023/february/legendary-beasts-ancient-literature-may-have-been-whales-gulping-down-fish.html,Mythology & Legends,NHM,www.nhm.ac.uk,verified
FACT-2027-06-27-S10,27,2027-06-27,The teen brain fact sheet includes information about mental health problems in adolescents.,10,June,The teen brain is discussed in relation to mental health,Psychology,The Spanish description says it presents information on “los problemas de salud mental” in adolescents.,high,https://infocenter.nimh.nih.gov/health-topics/brain-anatomy-physiology,Adolescent mental health,Brain Anatomy & Physiology,infocenter.nimh.nih.gov,verified
FACT-2027-06-27-S11,27,2027-06-27,"The Ornish Program for Reversing Heart Disease includes exercise, smoking cessation, stress management, social support, and a low-fat, whole-foods, plant-based diet.",11,June,The Ornish program combines several lifestyle changes,Science,"The source lists the program’s lifestyle changes as “exercise, smoking cessation, stress management, social support, and a whole-foods, plant-based diet low in total fat.”",high,https://www.nccih.nih.gov/health/whole-person-health-what-it-is-and-why-its-important,Health,Whole Person Health: What It Is and Why It's Important | NCCIH,www.nccih.nih.gov,verified
FACT-2027-06-27-S12,27,2027-06-27,"Naturally formed bodies that orbit planets are called moons, or planetary satellites.",12,June,Definition of a moon,Space,The text explicitly defines moons as naturally formed bodies orbiting planets.,high,https://science.nasa.gov/solar-system/moons/,Planetary Satellites,Moons,science.nasa.gov,verified
FACT-2027-06-27-S13,27,2027-06-27,"A photonic bolometer includes a photonic chip, a weak thermal link, a thermally isolated member, and a photonic temperature sensor.",13,June,Photonic bolometers use thermally isolated members,Technology,The patent description lists those components and states that the weak thermal link thermally isolates the thermally isolated member from the photonic chip.,medium,https://www.nist.gov/pml/sensor-science,Photonic Sensors,Sensor Science Division | NIST,www.nist.gov,verified
FACT-2027-06-27-S14,27,2027-06-27,NIST created the world's first atomic clock.,14,June,NIST created the first atomic clock,World Records & Extremes,The text explicitly states that NIST created the world's first atomic clock.,high,https://www.nist.gov/blogs/taking-measure/keepers-right-answer-why-measurements-nist-are-important-nation-and-world,Atomic Clocks,Keepers of the Right Answer: Why Measurements at NIST Are Important for the Nation and the World | NIST,www.nist.gov,verified
FACT-2027-06-27-S15,27,2027-06-27,Plankton are listed as a recent ocean-facts topic.,15,June,Plankton are an ocean-facts topic,Ocean & Marine,The list includes “What are plankton?”,high,https://oceanservice.noaa.gov/facts/welcome.html,Marine biology,NOAA's National Ocean Service: Newsroom,oceanservice.noaa.gov,verified
FACT-2027-06-27-S16,27,2027-06-27,"Ancient Greeks had no single guiding scripture equivalent to the Torah, Bible or Qur’an.",16,June,"Ancient Greeks had no single guiding scripture equivalent to the Torah, Bible or Qur’an",Ancient Civilizations,Source page identified in the cited institutional reference.,medium,https://www.metmuseum.org/essays/greek-gods-and-religious-practices,Ancient Civilizations And Food,Met,www.metmuseum.org,verified
FACT-2027-06-27-S17,27,2027-06-27,An international tennis court is 23.77 m long; its width is 8.23 m for singles and 10.97 m for doubles.,17,June,Tennis court dimensions,Everyday Life,"An international tennis court is 23.77 m long. The singles tennis court width measures 8.23 m, while a doubles court measures 10.97 m.",high,https://www.nist.gov/pml/owm/metric-sports-summer-games-fast-facts,Sports,Metric in Sports: Summer Games Fast Facts | NIST,www.nist.gov,verified
FACT-2027-06-27-S18,27,2027-06-27,"Fortune cookie batter is usually composed of sugar, flour, water, and eggs.",18,June,Fortune cookie batter commonly contains four ingredients,Food,"The source explicitly lists sugar, flour, water, and eggs as the usual batter components.",high,https://www.loc.gov/item/how-do-fortunes-get-inside-fortune-cookies/,Ingredients,Everyday Mysteries,www.loc.gov,verified
FACT-2027-06-27-S19,27,2027-06-27,Megathrust earthquakes are generated in subduction zones where one tectonic plate is thrust beneath another.,19,June,Megathrust earthquakes occur in subduction zones,Geography,The text explicitly defines subduction zones as places where one tectonic plate is thrust beneath another as plates converge.,high,https://www.usgs.gov/observatories/hvo/news/volcano-watch-volcanoes-get-sinking-feeling-large-earthquakes,Earthquakes,Volcano Watch — Volcanoes get that sinking feeling from large earthquakes,www.usgs.gov,verified
FACT-2027-06-27-S20,27,2027-06-27,"Before 2018, all mass measurements were traceable to a metal cylinder held in a vault in France.",20,June,Mass measurements were formerly traceable to a French metal cylinder,History,The text explicitly describes the pre-2018 mass standard as a metal cylinder held in a French vault.,high,https://www.nist.gov/blogs/taking-measure/keepers-right-answer-why-measurements-nist-are-important-nation-and-world,Measurement Standards,Keepers of the Right Answer: Why Measurements at NIST Are Important for the Nation and the World | NIST,www.nist.gov,verified
FACT-2027-06-28-S01,28,2027-06-28,"Approximately 2,000 silkworm cocoons are needed to produce one pound of silk.",1,June,Silkworm cocoons are used to produce silk,Animals,The text gives the approximate number of cocoons required for one pound of silk.,high,https://www.si.edu/spotlight/buginfo/fun-facts-bugs,Insects,Source page,www.si.edu,verified
FACT-2027-06-28-S02,28,2027-06-28,"The cerebellum controls posture, movement, and the sense of balance.",2,June,The cerebellum controls balance and movement,Human Body,"The cerebellum section states, “Controls posture, movement, and sense of balance.”",high,https://nida.nih.gov/sites/default/files/brainsheetsmod2_45.pdf,Brain,Source page,nida.nih.gov,verified
FACT-2027-06-28-S03,28,2027-06-28,Less than one percent of all the water on Earth is fresh.,3,June,Less than one percent of Earth's water is fresh,Nature,The source explicitly states that less than one percent of Earth's water is fresh.,high,https://oceanservice.noaa.gov/facts/oceanwater.html,Fresh water,How much water is in the ocean?,oceanservice.noaa.gov,verified
FACT-2027-06-28-S04,28,2027-06-28,True flies have only one pair of wings; their hind pair is reduced to balancing organs called halteres.,4,June,True flies have one pair of wings,Animals,The text directly describes the wing arrangement and identifies the halteres as modified hind wings.,high,https://www.si.edu/spotlight/buginfo/fun-facts-bugs,Insects,Source page,www.si.edu,verified
FACT-2027-06-28-S05,28,2027-06-28,"The medulla controls heart rate, respiration, and blood pressure.",5,June,The medulla regulates vital functions,Human Body,"The text states, “The medulla controls heart rate, respiration, and blood pressure.”",high,https://nida.nih.gov/sites/default/files/brainsheetsmod2_45.pdf,Brain,Source page,nida.nih.gov,verified
FACT-2027-06-28-S06,28,2027-06-28,About two percent of the water not in the ocean is frozen in glaciers and ice caps.,6,June,About two percent of Earth's water is frozen in glaciers and ice caps,Nature,"The source says that, of the small percentage not in the ocean, about two percent is frozen in glaciers and ice caps.",high,https://oceanservice.noaa.gov/facts/oceanwater.html,Glaciers and ice caps,How much water is in the ocean?,oceanservice.noaa.gov,verified
FACT-2027-06-28-S07,28,2027-06-28,"Birdseye’s quick-freezing process resulted in 168 patents covering freezing, packaging, paper type, and related innovations.",7,June,Birdseye’s process resulted in 168 patents,Inventions,The text states that the process created 168 patents covering those areas.,high,https://www.loc.gov/everyday-mysteries/categories/technology/item/who-invented-frozen-food/,Patents,Who invented frozen food?  | Library of Congress,www.loc.gov,verified
FACT-2027-06-28-S08,28,2027-06-28,George P. Marsh's book addresses the history of the English language.,8,June,The book examines the history of the English language,Language,"The title is ""The origin and history of the English language,"" and the headings include ""English language--History.""",high,https://www.loc.gov/item/17031949/,English language,"The origin and history of the English language, and of the early literature it embodies.  | Library of Congress",www.loc.gov,verified
FACT-2027-06-28-S09,28,2027-06-28,The unexplained-looking movement of continents is explained by tectonic plates moving over geologic time.,9,June,The unexplained-looking movement of continents is explained by tectonic plates moving over,Mystery & Unexplained,Source page identified in the cited institutional reference.,medium,https://www.usgs.gov/maps/dynamic-planet-world-map-volcanoes-earthquakes-impact-craters-and-plate-tectonics,Mystery / Unexplained With Evidence,USGS,www.usgs.gov,verified
FACT-2027-06-28-S10,28,2027-06-28,Ammonite fossils were called “snakestones” in parts of England because they resemble coiled snakes.,10,June,Ammonite fossils were called “snakestones” in parts of England because they resemble coile,Mythology & Legends,Source page identified in the cited institutional reference.,medium,https://www.nhm.ac.uk/discover/snakestones-ammonites-myth-magic-science.html,Mythology & Legends,NHM,www.nhm.ac.uk,verified
FACT-2027-06-28-S11,28,2027-06-28,The amount of oxygen that comes from the ocean is listed as a recent ocean-facts topic.,11,June,Ocean-derived oxygen is an ocean-facts topic,Ocean & Marine,The list includes “How much oxygen comes from the ocean?”,high,https://oceanservice.noaa.gov/facts/welcome.html,Ocean chemistry,NOAA's National Ocean Service: Newsroom,oceanservice.noaa.gov,verified
FACT-2027-06-28-S12,28,2027-06-28,"Cognition includes the abilities to think, understand, learn, plan, and remember.",12,June,Cognition includes several mental abilities,Psychology,The text directly defines cognition using these abilities.,high,https://www.nia.nih.gov/sites/default/files/d7/MedAgeBrain-FactSheet.pdf,Cognition,"Brain Health: Medicine, Age, and Your Brain",www.nia.nih.gov,verified
FACT-2027-06-28-S13,28,2027-06-28,"Mixing alcohol with some drugs can cause slowing, confusion, or changes in brain function.",13,June,Alcohol can alter brain function with some drugs,Science,"The source states that alcohol mixed with some drugs can slow a person down, cause confusion, or affect the way the brain functions.",high,https://www.nia.nih.gov/sites/default/files/d7/MedAgeBrain-FactSheet.pdf,Human Body,"Brain Health: Medicine, Age, and Your Brain",www.nia.nih.gov,verified
FACT-2027-06-28-S14,28,2027-06-28,"Moons come in many shapes, sizes, and types.",14,June,Moons vary in form,Space,"The text directly states that moons come in many shapes, sizes, and types.",high,https://science.nasa.gov/solar-system/moons/,Moon Characteristics,Moons,science.nasa.gov,verified
FACT-2027-06-28-S15,28,2027-06-28,NIST’s commercial cesium beam clocks are more accurate but less stable than its hydrogen masers.,15,June,Cesium beam clocks trade stability for accuracy,Technology,"“Alongside the masers are about a half-dozen commercial cesium beam clocks, which are more accurate but less stable.”",high,https://www.nist.gov/atomic-clocks/how-do-we-know-what-time-it,Atomic clocks,How Do We Know What Time It Is? | NIST,www.nist.gov,verified
FACT-2027-06-28-S16,28,2027-06-28,Subduction zones generate the largest earthquakes on Earth.,16,June,Subduction zones generate Earth’s largest earthquakes,World Records & Extremes,The text directly states that these zones generate the largest earthquakes on Earth.,high,https://www.usgs.gov/observatories/hvo/news/volcano-watch-volcanoes-get-sinking-feeling-large-earthquakes,Earthquakes,Volcano Watch — Volcanoes get that sinking feeling from large earthquakes,www.usgs.gov,verified
FACT-2027-06-28-S17,28,2027-06-28,Researchers identified fermented-grape chemical residues in Bronze Age Troy drinking vessels.,17,June,Researchers identified fermented-grape chemical residues in Bronze Age Troy drinking vesse,Ancient Civilizations,Source page identified in the cited institutional reference.,medium,https://www.smithsonianmag.com/smart-news/who-drank-wine-in-ancient-troy-new-research-suggests-just-about-everyone-180986348/,Ancient Civilizations And Food,Smithsonian,www.smithsonianmag.com,verified
FACT-2027-06-28-S18,28,2027-06-28,"Weightlifters must remain within a 4 m by 4 m lifting platform, which has an area of 16 m².",18,June,Weightlifting platform size,Everyday Life,"When attempting a lift, athletes are required to stay within the 4 m by 4 m (16 m2) lifting platform.",high,https://www.nist.gov/pml/owm/metric-sports-summer-games-fast-facts,Sports,Metric in Sports: Summer Games Fast Facts | NIST,www.nist.gov,verified
FACT-2027-06-28-S19,28,2027-06-28,"Originally, bakers placed a fortune in the center of a baked dough circle and used chopsticks to fold it before it cooled.",19,June,Early fortune cookies were folded with chopsticks,Food,The text describes bakers quickly placing a fortune in the middle and using chopsticks to fold the cookie.,high,https://www.loc.gov/item/how-do-fortunes-get-inside-fortune-cookies/,Manufacturing,Everyday Mysteries,www.loc.gov,verified
FACT-2027-06-28-S20,28,2027-06-28,"The ash cloud from the May 18, 1980 eruption spread across the United States in three days and circled Earth in 15 days.",20,June,Mount St. Helens ash circled Earth in 15 days,Geography,The text states that the ash cloud spread across the U.S. in three days and circled the Earth in 15 days.,high,https://www.usgs.gov/volcanoes/mount-st.-helens/science/1980-cataclysmic-eruption,Atmospheric Phenomena,1980 Cataclysmic Eruption | U.S. Geological Survey,www.usgs.gov,verified
FACT-2027-06-29-S01,29,2027-06-29,Blow flies are the first kind of insect attracted to an animal carcass following death.,1,June,Blow flies are first attracted to animal carcasses,Animals,The text explicitly identifies blow flies as the first insects attracted after death.,high,https://www.si.edu/spotlight/buginfo/fun-facts-bugs,Insects,Source page,www.si.edu,verified
FACT-2027-06-29-S02,29,2027-06-29,The hippocampus is responsible for learning and memory.,2,June,The hippocampus supports learning and memory,Human Body,"The limbic system section states, “Hippocampus is responsible for learning and memory.”",high,https://nida.nih.gov/sites/default/files/brainsheetsmod2_45.pdf,Brain,Source page,nida.nih.gov,verified
FACT-2027-06-29-S03,29,2027-06-29,A tiny fraction of Earth's water exists as water vapor in the atmosphere.,3,June,Some of Earth's water exists as atmospheric vapor,Nature,The source explicitly states that a tiny fraction of water exists as water vapor in the atmosphere.,high,https://oceanservice.noaa.gov/facts/oceanwater.html,Atmosphere,How much water is in the ocean?,oceanservice.noaa.gov,verified
FACT-2027-06-29-S04,29,2027-06-29,Many insects replace their body water with glycerol to survive the cold of winter months.,4,June,Some insects use glycerol as antifreeze,Animals,The text states that glycerol acts as an antifreeze for many insects during winter.,high,https://www.si.edu/spotlight/buginfo/fun-facts-bugs,Insects,Source page,www.si.edu,verified
FACT-2027-06-29-S05,29,2027-06-29,The occipital lobe processes all visual information coming into the brain.,5,June,The occipital lobe processes visual information,Human Body,"The occipital lobe section states, “Processes all the visual information coming into the brain.”",high,https://nida.nih.gov/sites/default/files/brainsheetsmod2_45.pdf,Brain,Source page,nida.nih.gov,verified
FACT-2027-06-29-S06,29,2027-06-29,"In February 1924, the surface of the lava lake at Halema‘uma‘u dropped rapidly and disappeared from view.",6,June,Halema‘uma‘u’s lava lake disappeared in 1924,Nature,The text states that the lava lake surface dropped rapidly and disappeared in February 1924.,high,https://www.usgs.gov/news/volcano-watch-did-groundwater-trigger-explosive-eruptions-kilauea,Volcanology,Volcano Watch - Did groundwater trigger explosive eruptions at Kīlauea? | U.S. Geological Survey,www.usgs.gov,verified
FACT-2027-06-29-S07,29,2027-06-29,Astronomer William Herschel discovered Uranus in 1781.,7,June,Uranus was discovered in 1781,History,The text states that Uranus was discovered in 1781 by astronomer William Herschel.,high,https://science.nasa.gov/uranus/facts/,Astronomical discovery,Uranus: Facts - NASA Science,science.nasa.gov,verified
FACT-2027-06-29-S08,29,2027-06-29,"In 1974, Edward Louie invented a machine that could insert the fortune and fold the cookie.",8,June,Edward Louie invented a fortune-cookie machine,Inventions,The source states that Louie invented this machine in 1974 while owning the Lotus Fortune Cookie Company.,high,https://www.loc.gov/item/how-do-fortunes-get-inside-fortune-cookies/,Food Machinery,Everyday Mysteries,www.loc.gov,verified
FACT-2027-06-29-S09,29,2027-06-29,The book addresses the early literature embodied by the English language.,9,June,The book examines early English literature,Language,"The title states that it concerns ""the early literature it embodies,"" and the headings include ""English literature--History and criticism.""",high,https://www.loc.gov/item/17031949/,English literature,"The origin and history of the English language, and of the early literature it embodies.  | Library of Congress",www.loc.gov,verified
FACT-2027-06-29-S10,29,2027-06-29,"There are more than 1,500 volcanoes and about 44,000 earthquakes represented on the USGS dynamic-planet map.",10,June,"There are more than 1,500 volcanoes and about 44,000 earthquakes represented on the USGS d",Mystery & Unexplained,Source page identified in the cited institutional reference.,medium,https://www.usgs.gov/maps/dynamic-planet-world-map-volcanoes-earthquakes-impact-craters-and-plate-tectonics,Mystery / Unexplained With Evidence,USGS,www.usgs.gov,verified
FACT-2027-06-29-S11,29,2027-06-29,The Whitby snakestone legend says Saint Hilda turned snakes to stone.,11,June,The Whitby snakestone legend says Saint Hilda turned snakes to stone,Mythology & Legends,Source page identified in the cited institutional reference.,medium,https://www.nhm.ac.uk/discover/snakestones-ammonites-myth-magic-science.html,Mythology & Legends,NHM,www.nhm.ac.uk,verified
FACT-2027-06-29-S12,29,2027-06-29,Barrier islands are listed as a recent ocean-facts topic.,12,June,Barrier islands are an ocean-facts topic,Ocean & Marine,The list includes “What is a barrier island?”,high,https://oceanservice.noaa.gov/facts/welcome.html,Coastal geography,NOAA's National Ocean Service: Newsroom,oceanservice.noaa.gov,verified
FACT-2027-06-29-S13,29,2027-06-29,"Improvement takes time, and setbacks can occur while building healthy habits.",13,June,Setbacks during lifestyle change,Psychology,"Be patient. Improvement takes time, and setbacks happen. Focus on progress, not perfection.",medium,https://www.nih.gov/health-information/your-healthiest-self-wellness-toolkits/physical-wellness-toolkit,Habit Formation,Physical Wellness Toolkit | National Institutes of Health (NIH),www.nih.gov,verified
FACT-2027-06-29-S14,29,2027-06-29,Neurotransmitters travel across the synapse to receptors on the dendrites of the next neuron.,14,June,Neurotransmitters cross synapses to receptors,Science,"The source states, ""The neurotransmitters then travel across the synapse to special places on the dendrites of the next neuron, called receptors.""",high,https://nida.nih.gov/sites/default/files/worksheetsmod1_69.pdf,Neuroscience,Neurotransmission Fact Sheet,nida.nih.gov,verified
FACT-2027-06-29-S15,29,2027-06-29,Mars has two small moons named Phobos and Deimos.,15,June,Mars has two moons,Space,The Mars section explicitly names Phobos and Deimos as its two small moons.,high,https://science.nasa.gov/solar-system/moons/,Mars,Moons,science.nasa.gov,verified
FACT-2027-06-29-S16,29,2027-06-29,NIST’s central computer calculates a weighted average of clock data and gives more weight to signals from more stable clocks.,16,June,Clock data is combined using weighted averaging,Technology,"“That computer runs an algorithm to calculate a weighted average of the clock data... The more stable a clock is, the more weight the algorithm gives its time signals.”",high,https://www.nist.gov/atomic-clocks/how-do-we-know-what-time-it,Atomic clocks,How Do We Know What Time It Is? | NIST,www.nist.gov,verified
FACT-2027-06-29-S17,29,2027-06-29,The Mount St. Helens debris avalanche was the largest debris avalanche on Earth in recorded history.,17,June,The 1980 Mount St. Helens debris avalanche was the largest recorded on Earth,World Records & Extremes,The text explicitly calls it “the largest debris avalanche on Earth in recorded history.”,high,https://www.usgs.gov/volcanoes/mount-st.-helens/science/1980-cataclysmic-eruption,Geological Extremes,1980 Cataclysmic Eruption | U.S. Geological Survey,www.usgs.gov,verified
FACT-2027-06-29-S18,29,2027-06-29,"Ancient Egyptians regarded and revered cats for some 2,600 years.",18,June,"Ancient Egyptians revered cats for about 2,600 years",Ancient Civilizations,"The description of the ancient-Egyptian cats story explicitly gives a period of some 2,600 years.",high,https://www.si.edu/explore/science/natural-history,Ancient Egypt,Source page,www.si.edu,verified
FACT-2027-06-29-S19,29,2027-06-29,"Approximately 91,000 insect species have been described in the United States.",19,June,Described insect species in the United States,Country Facts,"The text states that the number of described species in the United States is approximately 91,000.",high,https://www.si.edu/spotlight/buginfo/bugnos,United States insects,Numbers of Insects (Species and Individuals) | Smithsonian Institution,www.si.edu,verified
FACT-2027-06-29-S20,29,2027-06-29,International competitive wrestling matches consist of two 3-minute periods.,20,June,Wrestling match periods,Everyday Life,International competitive matches include two 3-minute periods that take place on a mat with a circular competition zone.,high,https://www.nist.gov/pml/owm/metric-sports-summer-games-fast-facts,Sports,Metric in Sports: Summer Games Fast Facts | NIST,www.nist.gov,verified
FACT-2027-06-30-S01,30,2027-06-30,"A particular Hawk Moth caterpillar from Brazil raises its head and inflates its thorax when alarmed, causing it to look like the head of a snake.",1,June,Some caterpillars resemble snake heads when alarmed,Animals,The text directly describes the caterpillar’s defensive posture and resulting snake-head appearance.,high,https://www.si.edu/spotlight/buginfo/fun-facts-bugs,Insects,Source page,www.si.edu,verified
FACT-2027-06-30-S02,30,2027-06-30,A teenager’s brain grows and matures.,2,June,The adolescent brain grows and matures,Human Body,The Teen Brain fact sheet describes how a teenager’s brain “grows” and “matures.”,high,https://infocenter.nimh.nih.gov/health-topics/brain-anatomy-physiology,Brain development,Brain Anatomy & Physiology,infocenter.nimh.nih.gov,verified
FACT-2027-06-30-S03,30,2027-06-30,"By May 6, 1924, the floor of Halema‘uma‘u had dropped more than 180 meters below the crater rim.",3,June,Halema‘uma‘u’s crater floor fell over 180 meters in 1924,Nature,"The text gives a drop of more than 180 m, or about 600 ft, by May 6, 1924.",high,https://www.usgs.gov/news/volcano-watch-did-groundwater-trigger-explosive-eruptions-kilauea,Volcanology,Volcano Watch - Did groundwater trigger explosive eruptions at Kīlauea? | U.S. Geological Survey,www.usgs.gov,verified
FACT-2027-06-30-S04,30,2027-06-30,Values on food nutrition labels are determined by comparing them with food standards produced by NIST.,4,June,NIST food standards support nutrition-label values,Food,The text explicitly says nutrition-label values are determined by comparing them to NIST-produced food standards.,high,https://www.nist.gov/blogs/taking-measure/keepers-right-answer-why-measurements-nist-are-important-nation-and-world,Nutrition Labels,Keepers of the Right Answer: Why Measurements at NIST Are Important for the Nation and the World | NIST,www.nist.gov,verified
FACT-2027-06-30-S05,30,2027-06-30,The Yellowstone Caldera is an oval depression about 53 miles long and 28 miles across.,5,June,The Yellowstone Caldera's dimensions,Geography,"The text describes the caldera as a shallow, oval depression, 53 miles long and 28 miles across.",high,https://pubs.usgs.gov/fs/fs100-03/index.html,Landforms,Tracking Changes in Yellowstone's Restless Volcanic System | USGS Fact Sheet 100-03,pubs.usgs.gov,verified
FACT-2027-06-30-S06,30,2027-06-30,"The magnitude 7.5 Hebgen Lake earthquake struck northwest of the Yellowstone Caldera on August 18, 1959, killing 28 people.",6,June,The largest historical Yellowstone-area earthquake,History,"The text identifies the magnitude 7.5 Hebgen Lake earthquake, gives its date and location, and states that it killed 28 people.",high,https://pubs.usgs.gov/fs/fs100-03/index.html,Earthquakes,Tracking Changes in Yellowstone's Restless Volcanic System | USGS Fact Sheet 100-03,pubs.usgs.gov,verified
FACT-2027-06-30-S07,30,2027-06-30,"Yong Lee created the first fully automated fortune-cookie machine, called the Fortune III, in 1980.",7,June,The Fortune III was the first fully automated fortune-cookie machine,Inventions,"The text explicitly identifies Yong Lee, the year 1980, and the machine’s name.",high,https://www.loc.gov/item/how-do-fortunes-get-inside-fortune-cookies/,Automation,Everyday Mysteries,www.loc.gov,verified
FACT-2027-06-30-S08,30,2027-06-30,The catalog identifies the language of the book as English.,8,June,The book is in English,Language,"The Language field states ""English.""",high,https://www.loc.gov/item/17031949/,Publication language,"The origin and history of the English language, and of the early literature it embodies.  | Library of Congress",www.loc.gov,verified
FACT-2027-06-30-S09,30,2027-06-30,"Money is generally defined as a medium that serves as a durable store of value, a unit of account for prices, and a widely accepted medium of exchange.",9,June,Defining Money,Money & Economics,"IMF publication states: 'money is something that holds its value over time, can be easily translated into prices, and is widely accepted.'",medium,https://www.imf.org/external/pubs/ft/fandd/2012/09/pdf/basics.pdf,Economics,Back to Basics: What Is Money?,www.imf.org,verified
FACT-2027-06-30-S10,30,2027-06-30,Earth’s continental crust is generally older than oceanic crust because most oceanic crust is recycled.,10,June,Earth’s continental crust is generally older than oceanic crust because most oceanic crust,Mystery & Unexplained,Source page identified in the cited institutional reference.,medium,https://www.usgs.gov/maps/dynamic-planet-world-map-volcanoes-earthquakes-impact-craters-and-plate-tectonics,Mystery / Unexplained With Evidence,USGS,www.usgs.gov,verified
FACT-2027-06-30-S11,30,2027-06-30,"Ancient Greeks called ammonites “horns of Ammon,” the source of the scientific name.",11,June,"Ancient Greeks called ammonites “horns of Ammon,” the source of the scientific name",Mythology & Legends,Source page identified in the cited institutional reference.,medium,https://www.nhm.ac.uk/discover/snakestones-ammonites-myth-magic-science.html,Mythology & Legends,NHM,www.nhm.ac.uk,verified
FACT-2027-06-30-S12,30,2027-06-30,"The possibility of cleaning up, stopping, or ending harmful algal blooms is listed as a recent ocean-facts topic.",12,June,Harmful algal blooms are an ocean-facts topic,Ocean & Marine,"The list includes “Can we clean up, stop, or end harmful algal blooms?”",high,https://oceanservice.noaa.gov/facts/welcome.html,Harmful algal blooms,NOAA's National Ocean Service: Newsroom,oceanservice.noaa.gov,verified
FACT-2027-06-30-S13,30,2027-06-30,"After a person has been smoking for a while, the brain decreases the amount of acetylcholine and the number of acetylcholine receptors.",13,June,Nicotine changes acetylcholine receptors,Psychology,"The source states, ""After a person has been smoking for a while, the brain decreases the amount of acetylcholine and the number of receptors.""",high,https://nida.nih.gov/sites/default/files/worksheetsmod1_69.pdf,Addiction,Neurotransmission Fact Sheet,nida.nih.gov,verified
FACT-2027-06-30-S14,30,2027-06-30,Poisons that affect neurotransmission are called neurotoxins.,14,June,Neurotoxins affect neurotransmission,Science,"The source states, ""Poisons that affect neurotransmission are called neurotoxins.""",high,https://nida.nih.gov/sites/default/files/worksheetsmod1_69.pdf,Toxicology,Neurotransmission Fact Sheet,nida.nih.gov,verified
FACT-2027-06-30-S15,30,2027-06-30,The moons of Uranus are named for great literature.,15,June,Uranus moon names,Space,The Uranus section directly states that its moons are named for great literature.,high,https://science.nasa.gov/solar-system/moons/,Uranus,Moons,science.nasa.gov,verified
FACT-2027-06-30-S16,30,2027-06-30,BIPM creates Coordinated Universal Time by assigning weights to contributing clocks according to output stability and calculating a weighted average.,16,June,UTC is produced from clocks worldwide,Technology,"“To create UTC, BIPM’s scientists assign each contributing clock a weight based on how stable its output is, then calculate a weighted average of all the data.”",high,https://www.nist.gov/atomic-clocks/how-do-we-know-what-time-it,Global timekeeping,How Do We Know What Time It Is? | NIST,www.nist.gov,verified
FACT-2027-06-30-S17,30,2027-06-30,"The eruption that formed the Yellowstone Caldera released 240 cubic miles of magma, more than 1,000 times the volume erupted at Mount St. Helens in 1980.",17,June,The enormous volume of Yellowstone's major eruption,World Records & Extremes,"The text gives the eruption volume as 240 cubic miles and compares it as more than 1,000 times the Mount St. Helens volume.",high,https://pubs.usgs.gov/fs/fs100-03/index.html,Volcanic Eruptions,Tracking Changes in Yellowstone's Restless Volcanic System | USGS Fact Sheet 100-03,pubs.usgs.gov,verified
FACT-2027-06-30-S18,30,2027-06-30,The desert locust eats its own weight in food each day.,18,June,Desert locust feeding rate,Animals,"The text states that the Desert Locust ""eats its own weight in food each day.""",high,https://www.si.edu/spotlight/buginfo/incredbugs,Insects,incredbugs,www.si.edu,verified
FACT-2027-06-30-S19,30,2027-06-30,A teenager’s brain adapts to the world.,19,June,The adolescent brain adapts to the world,Human Body,The Teen Brain fact sheet describes how a teenager’s brain “adapts to the world.”,high,https://infocenter.nimh.nih.gov/health-topics/brain-anatomy-physiology,Brain development,Brain Anatomy & Physiology,infocenter.nimh.nih.gov,verified
FACT-2027-06-30-S20,30,2027-06-30,Explosions at Kīlauea in May 1924 sent ash plumes more than 2 kilometers high.,20,June,The 1924 explosions sent ash plumes more than 2 kilometers high,Nature,"The text says the explosions sent ash plumes more than 2 km, or 1 mi, high.",high,https://www.usgs.gov/news/volcano-watch-did-groundwater-trigger-explosive-eruptions-kilauea,Volcanic Eruptions,Volcano Watch - Did groundwater trigger explosive eruptions at Kīlauea? | U.S. Geological Survey,www.usgs.gov,verified