ID,Day,Date,Fact,Slot,Month,Title,Category,Evidence,Confidence,Source URL,Subcategory,Source title,Source domain,Verification status
FACT-2027-03-01-S01,1,2027-03-01,The planetary system is called the solar system because “solar” describes things related to the Sun and comes from the Latin word “solis.”,1,March,Name of the planetary system,Space,"Our planetary system is called “the solar system” because we use the word “solar” to describe things related to our star, after the Latin word for Sun, ""solis.""",high,https://science.nasa.gov/solar-system/solar-system-facts/,Astronomy,Solar System: Facts - NASA Science,science.nasa.gov,verified
FACT-2027-03-01-S02,1,2027-03-01,"Water weighs 62.416 pounds per cubic foot at 32°F and 1,000 kilograms per cubic meter.",2,March,Water weight at 32°F,Science,"The source states: ""Weight: 62.416 pounds/cubic foot at 32°F; 1,000 kilograms/cubic meter.""",high,https://www.usgs.gov/water-science-school/science/facts-about-water,Chemistry of water,Facts About Water | U.S. Geological Survey,usgs.gov,verified
FACT-2027-03-01-S03,1,2027-03-01,Life began in the ocean over 3.5 billion years ago.,3,March,Life began in the ocean,Ocean & Marine,"The video transcript states: ""The ocean is where life began over 3.5 billion years ago.""",high,https://oceanservice.noaa.gov/ocean/30days/,Oceanography,Celebrate the Ocean,oceanservice.noaa.gov,verified
FACT-2027-03-01-S04,1,2027-03-01,Water has a density of 0.95865 gram per cubic centimeter at 212°F.,4,March,Water density at 212°F,Nature,"The source states: ""0.95865 gram/cc at 212°F.""",high,https://www.usgs.gov/water-science-school/science/facts-about-water,Water properties,Facts About Water | U.S. Geological Survey,usgs.gov,verified
FACT-2027-03-01-S05,1,2027-03-01,"The Arabian Peninsula chronology encompasses present-day Bahrain, Kuwait, Oman, Qatar, Saudi Arabia, United Arab Emirates, and Yemen.",5,March,Arabian Peninsula,History,"The source states that the Arabian Peninsula chronology “encompasses present-day Bahrain, Kuwait, Oman, Qatar, Saudi Arabia, United Arab Emirates, and Yemen.”",high,https://metmuseum.org/toah/chronology/,World history,Chronology | Heilbrunn Timeline of Art History | The Metropolitan Museum of Art,metmuseum.org,verified
FACT-2027-03-01-S06,1,2027-03-01,The Metropolitan Museum of Art publishes the Heilbrunn Timeline of Art History.,6,March,Heilbrunn Timeline of Art History,Ancient Civilizations,"The source heading states “Heilbrunn Timeline of Art History,” and the source title identifies it as “Heilbrunn Timeline of Art History | The Metropolitan Museum of Art.”",high,https://metmuseum.org/toah/chronology/,Ancient world chronology,Chronology | Heilbrunn Timeline of Art History | The Metropolitan Museum of Art,metmuseum.org,verified
FACT-2027-03-01-S07,1,2027-03-01,"The solar system orbits the center of the Milky Way at about 515,000 mph (828,000 kph).",7,March,Solar system orbital speed,Space,"Our solar system orbits the center of the galaxy at about 515,000 mph (828,000 kph).",high,https://science.nasa.gov/solar-system/solar-system-facts/,Astronomy,Solar System: Facts - NASA Science,science.nasa.gov,verified
FACT-2027-03-01-S08,1,2027-03-01,Water weighs 61.998 pounds per cubic foot at 100°F and 993 kilograms per cubic meter.,8,March,Water weight at 100°F,Science,"The source states: ""Weight: 61.998 pounds/cubic foot at 100°F; 993 kilograms/cubic meter.""",high,https://www.usgs.gov/water-science-school/science/facts-about-water,Chemistry of water,Facts About Water | U.S. Geological Survey,usgs.gov,verified
FACT-2027-03-01-S09,1,2027-03-01,The ocean covers over 70% of Earth's surface.,9,March,The ocean covers most of Earth's surface,Ocean & Marine,"The video transcript states: ""The ocean covers over 70% of the Earth's surface.""",high,https://oceanservice.noaa.gov/ocean/30days/,Oceanography,Celebrate the Ocean,oceanservice.noaa.gov,verified
FACT-2027-03-01-S10,1,2027-03-01,Water is called the universal solvent because it dissolves more substances than any other liquid.,10,March,Water as a universal solvent,Nature,"The source states: ""Water is called the \"" universal solvent\"" because it dissolves more substances than any other liquid.""",high,https://www.usgs.gov/water-science-school/science/facts-about-water,Water properties,Facts About Water | U.S. Geological Survey,usgs.gov,verified
FACT-2027-03-01-S11,1,2027-03-01,The China chronology encompasses present-day China.,11,March,China,History,The source states that the China chronology “encompasses present-day China.”,high,https://metmuseum.org/toah/chronology/,World history,Chronology | Heilbrunn Timeline of Art History | The Metropolitan Museum of Art,metmuseum.org,verified
FACT-2027-03-01-S12,1,2027-03-01,The chronology collection contains 291 entries.,12,March,Chronology collection size,Ancient Civilizations,The source displays “## Chronology(291)”.,high,https://metmuseum.org/toah/chronology/,Ancient world chronology,Chronology | Heilbrunn Timeline of Art History | The Metropolitan Museum of Art,metmuseum.org,verified
FACT-2027-03-01-S13,1,2027-03-01,"The United States Constitution was ratified on June 21, 1788, and includes the intellectual property clause in Article I, Section 8, Clause 8.",13,March,U.S. Constitution ratified,Inventions,"1788 | The United States Constitution was ratified on June 21. It includes what is now known as the intellectual property clause: Article I, Section 8, Clause 8.",high,https://www.uspto.gov/patents/milestones,Patent history,Milestones in U.S. patenting | USPTO,uspto.gov,verified
FACT-2027-03-01-S14,1,2027-03-01,"The first Patent Board consisted of Thomas Jefferson, Henry Knox, and Edmund Randolph and began examining patents after the first patent statute was passed.",14,March,First Patent Board,Inventions,"After the passage of the act, the first Patent Board, made up of Secretary of State Thomas Jefferson, Secretary of War Henry Knox, and Attorney General Edmund Randolph, began examining patents.",high,https://www.uspto.gov/patents/milestones,Patent history,Milestones in U.S. patenting | USPTO,uspto.gov,verified
FACT-2027-03-01-S15,1,2027-03-01,The heart is about the size of a fist.,15,March,Heart size,Human Body,"The source states, “The heart is an organ, about the size of a fist.”",high,https://www.cdc.gov/heart-defects/how-the-heart-works/index.html,Cardiovascular system,How the Heart Works | Congenital Heart Defects (CHDs) | CDC,cdc.gov,verified
FACT-2027-03-01-S16,1,2027-03-01,The heart is made of muscle and pumps blood through the body.,16,March,Heart pumping function,Human Body,"The source states, “The heart is made of muscle and pumps blood through the body.”",high,https://www.cdc.gov/heart-defects/how-the-heart-works/index.html,Cardiovascular system,How the Heart Works | Congenital Heart Defects (CHDs) | CDC,cdc.gov,verified
FACT-2027-03-01-S17,1,2027-03-01,"Wilbur Olin Atwater was born in Upstate New York on May 3, 1844.",17,March,Atwater's birth,Food,"The source states: ""Atwater was born in Upstate New York on May 3, 1844, but was reared in Vermont.""",high,https://www.ars.usda.gov/oc/timeline/nutrition/,Food science history,nutrition : USDA ARS,ars.usda.gov,verified
FACT-2027-03-01-S18,1,2027-03-01,Atwater attended the University of Vermont for two years and graduated from Wesleyan University.,18,March,Atwater's education,Food,"The source states: ""He attended the University of Vermont for 2 years and graduated from Wesleyan University in Middletown, Connecticut.""",high,https://www.ars.usda.gov/oc/timeline/nutrition/,Food science history,nutrition : USDA ARS,ars.usda.gov,verified
FACT-2027-03-01-S19,1,2027-03-01,The giant panda belongs to the class Mammalia.,19,March,Class,Animals,The taxonomic information lists “Class: Mammalia.”,high,https://nationalzoo.si.edu/animals/giant-panda,Zoology,Giant panda | Smithsonian National Zoo,nationalzoo.si.edu,verified
FACT-2027-03-01-S20,1,2027-03-01,The giant panda belongs to the order Carnivora.,20,March,Order,Animals,The taxonomic information lists “Order: Carnivora.”,high,https://nationalzoo.si.edu/animals/giant-panda,Zoology,Giant panda | Smithsonian National Zoo,nationalzoo.si.edu,verified
FACT-2027-03-02-S01,2,2027-03-02,The solar system takes about 230 million years to complete one orbit around the galactic center.,1,March,Solar system orbital period,Space,It takes about 230 million years to complete one orbit around the galactic center.,high,https://science.nasa.gov/solar-system/solar-system-facts/,Astronomy,Solar System: Facts - NASA Science,science.nasa.gov,verified
FACT-2027-03-02-S02,2,2027-03-02,"Water weighs 8.33 pounds per gallon, or 1 kilogram per liter.",2,March,Water weight per gallon,Science,"The source states: ""Weight: 8.33 pounds/gallon; 1 kilogram/liter.""",high,https://www.usgs.gov/water-science-school/science/facts-about-water,Chemistry of water,Facts About Water | U.S. Geological Survey,usgs.gov,verified
FACT-2027-03-02-S03,2,2027-03-02,Australia's Great Barrier Reef is the largest living structure on Earth.,3,March,The Great Barrier Reef is the largest living structure,Ocean & Marine,"The video transcript states: ""Australia's Great Barrier Reef is the largest living structure on Earth.""",high,https://oceanservice.noaa.gov/ocean/30days/,Oceanography,Celebrate the Ocean,oceanservice.noaa.gov,verified
FACT-2027-03-02-S04,2,2027-03-02,Water is the most cohesive among non-metallic liquids.,4,March,Water's relative cohesion,Nature,"The source states: ""Water is the most cohesive among the non-metallic liquids.""",high,https://www.usgs.gov/water-science-school/science/facts-about-water,Water properties,Facts About Water | U.S. Geological Survey,usgs.gov,verified
FACT-2027-03-02-S05,2,2027-03-02,"The Guinea Coast chronology encompasses present-day Benin, Côte d’Ivoire, Ghana, Guinea-Bissau, coastal Guinea, Liberia, Nigeria, Sierra Leone, and Togo.",5,March,Guinea Coast,History,"The source states that the Guinea Coast chronology “encompasses present-day Benin, Côte d'Ivoire, Ghana, Guinea-Bissau, coastal Guinea, Liberia, Nigeria, Sierra Leone, and Togo.”",high,https://metmuseum.org/toah/chronology/,World history,Chronology | Heilbrunn Timeline of Art History | The Metropolitan Museum of Art,metmuseum.org,verified
FACT-2027-03-02-S06,2,2027-03-02,"The Anatolia and the Caucasus chronology encompasses present-day Armenia, Azerbaijan, Georgia, southeastern Russia, and Asian Turkey.",6,March,Anatolia and the Caucasus,Ancient Civilizations,"The source states that the Anatolia and the Caucasus chronology “encompasses present-day Armenia, Azerbaijan, Georgia, southeastern Russia, and Asian Turkey.”",high,https://metmuseum.org/toah/chronology/,Ancient world chronology,Chronology | Heilbrunn Timeline of Art History | The Metropolitan Museum of Art,metmuseum.org,verified
FACT-2027-03-02-S07,2,2027-03-02,The Milky Way is a barred spiral galaxy with two major arms and two minor arms.,7,March,Milky Way classification,Space,"Our solar system is located in the Milky Way, a barred spiral galaxy with two major arms, and two minor arms.",high,https://science.nasa.gov/solar-system/solar-system-facts/,Astronomy,Solar System: Facts - NASA Science,science.nasa.gov,verified
FACT-2027-03-02-S08,2,2027-03-02,Water has a density of 1 gram per cubic centimeter at 39.2°F.,8,March,Water density at 39.2°F,Science,"The source states: ""Density: 1 gram/cubic centimeter (cc) at 39.2°F.""",high,https://www.usgs.gov/water-science-school/science/facts-about-water,Chemistry of water,Facts About Water | U.S. Geological Survey,usgs.gov,verified
FACT-2027-03-02-S09,2,2027-03-02,Australia's Great Barrier Reef can be seen from the moon.,9,March,The Great Barrier Reef can be seen from the moon,Ocean & Marine,"The video transcript states: ""Australia's Great Barrier Reef ... can be seen from the moon!""",high,https://oceanservice.noaa.gov/ocean/30days/,Oceanography,Celebrate the Ocean,oceanservice.noaa.gov,verified
FACT-2027-03-02-S10,2,2027-03-02,Water is used as a coolant in industry and in car radiators.,10,March,Water is used as a coolant,Nature,"The source states: ""This is why water is valuable to industries and in your car's radiator as a coolant.""",high,https://www.usgs.gov/water-science-school/science/facts-about-water,Water properties,Facts About Water | U.S. Geological Survey,usgs.gov,verified
FACT-2027-03-02-S11,2,2027-03-02,The Korea chronology encompasses present-day Korea.,11,March,Korea,History,The source states that the Korea chronology “encompasses present-day Korea.”,high,https://metmuseum.org/toah/chronology/,World history,Chronology | Heilbrunn Timeline of Art History | The Metropolitan Museum of Art,metmuseum.org,verified
FACT-2027-03-02-S12,2,2027-03-02,The Australia chronology encompasses present-day Australia.,12,March,Australia,Ancient Civilizations,The source states that the Australia chronology “encompasses present-day Australia.”,high,https://metmuseum.org/toah/chronology/,Ancient world chronology,Chronology | Heilbrunn Timeline of Art History | The Metropolitan Museum of Art,metmuseum.org,verified
FACT-2027-03-02-S13,2,2027-03-02,"The first U.S. patent was granted to Samuel Hopkins for a process of making potash on July 31, 1790.",13,March,First U.S. patent,Inventions,"The first U.S. patent was granted to Samuel Hopkins for a process of making potash, an ingredient used in fertilizer on July 31.",high,https://www.uspto.gov/patents/milestones,Patent history,Milestones in U.S. patenting | USPTO,uspto.gov,verified
FACT-2027-03-02-S14,2,2027-03-02,President George Washington signed the first U.S. patent.,14,March,First patent signature,Inventions,President George Washington signed the first patent.,high,https://www.uspto.gov/patents/milestones,Patent history,Milestones in U.S. patenting | USPTO,uspto.gov,verified
FACT-2027-03-02-S15,2,2027-03-02,Blood is carried through the body in blood vessels called arteries and veins.,15,March,Blood vessels,Human Body,"The source states, “Blood is carried through the body in blood vessels called arteries and veins.”",high,https://www.cdc.gov/heart-defects/how-the-heart-works/index.html,Cardiovascular system,How the Heart Works | Congenital Heart Defects (CHDs) | CDC,cdc.gov,verified
FACT-2027-03-02-S16,2,2027-03-02,The process of moving blood through the body is called circulation.,16,March,Circulation,Human Body,"The source states, “The process of moving blood through the body is called circulation.”",high,https://www.cdc.gov/heart-defects/how-the-heart-works/index.html,Cardiovascular system,How the Heart Works | Congenital Heart Defects (CHDs) | CDC,cdc.gov,verified
FACT-2027-03-02-S17,2,2027-03-02,"For his doctoral thesis, Atwater made the first modern analysis of a food in the United States.",17,March,Atwater's doctoral research,Food,The source states that Atwater made the first modern analysis of a food—feed corn—for his doctoral thesis in the United States.,high,https://www.ars.usda.gov/oc/timeline/nutrition/,Food science history,nutrition : USDA ARS,ars.usda.gov,verified
FACT-2027-03-02-S18,2,2027-03-02,Atwater studied physiological chemistry in Leipzig and Berlin.,18,March,Atwater's European study,Food,"The source states: ""he set out for Leipzig and Berlin to study physiological chemistry with the masters.""",high,https://www.ars.usda.gov/oc/timeline/nutrition/,Food science history,nutrition : USDA ARS,ars.usda.gov,verified
FACT-2027-03-02-S19,2,2027-03-02,The giant panda belongs to the family Ursidae.,19,March,Family,Animals,The taxonomic information lists “Family: Ursidae.”,high,https://nationalzoo.si.edu/animals/giant-panda,Zoology,Giant panda | Smithsonian National Zoo,nationalzoo.si.edu,verified
FACT-2027-03-02-S20,2,2027-03-02,The giant panda is a black-and-white bear with a body typical of bears.,20,March,Bear-like body,Animals,The physical description calls it “a black-and-white bear” and says it has “a body typical of bears.”,high,https://nationalzoo.si.edu/animals/giant-panda,Zoology,Giant panda | Smithsonian National Zoo,nationalzoo.si.edu,verified
FACT-2027-03-03-S01,3,2027-03-03,"The Sun is in a small, partial Milky Way arm called the Orion Arm or Orion Spur, between the Sagittarius and Perseus arms.",1,March,Solar system location in the Milky Way,Space,"Our Sun is in a small, partial arm of the Milky Way called the Orion Arm, or Orion Spur, between the Sagittarius and Perseus arms.",high,https://science.nasa.gov/solar-system/solar-system-facts/,Astronomy,Solar System: Facts - NASA Science,science.nasa.gov,verified
FACT-2027-03-03-S02,3,2027-03-03,"One gallon equals 4 quarts, 8 pints, 128 fluid ounces, and 3.7854 liters.",2,March,Gallon volume conversion,Science,"The source states: ""1 gallon = 4 quarts = 8 pints = 128 fluid ounces = 3.7854 liters.""",high,https://www.usgs.gov/water-science-school/science/facts-about-water,Chemistry of water,Facts About Water | U.S. Geological Survey,usgs.gov,verified
FACT-2027-03-03-S03,3,2027-03-03,The deepest part of the ocean is in the Mariana Trench.,3,March,The Mariana Trench contains the deepest part of the ocean,Ocean & Marine,"The video transcript states: ""The deepest part of the ocean is in the Mariana Trench.""",high,https://oceanservice.noaa.gov/ocean/30days/,Oceanography,Celebrate the Ocean,oceanservice.noaa.gov,verified
FACT-2027-03-03-S04,3,2027-03-03,Water's surface tension is responsible for capillary action.,4,March,Surface tension enables capillary action,Nature,"The source states: ""Surface tension is responsible for capillary action.""",high,https://www.usgs.gov/water-science-school/science/facts-about-water,Water properties,Facts About Water | U.S. Geological Survey,usgs.gov,verified
FACT-2027-03-03-S05,3,2027-03-03,"The Oceania chronology encompasses present-day Australia, island Southeast Asia, and the islands of the tropical north and south Pacific.",5,March,Oceania,History,"The source states that the Oceania chronology “encompasses present-day Australia, island Southeast Asia, and the islands of the tropical north and south Pacific.”",high,https://metmuseum.org/toah/chronology/,World history,Chronology | Heilbrunn Timeline of Art History | The Metropolitan Museum of Art,metmuseum.org,verified
FACT-2027-03-03-S06,3,2027-03-03,"The Central Africa chronology encompasses present-day Angola, Cabinda, Cameroon, Central African Republic, Democratic Republic of the Congo, Congo, Equatorial Guinea, and Gabon.",6,March,Central Africa,Ancient Civilizations,"The source states that the Central Africa chronology “encompasses present-day Angola, Cabinda, Cameroon, Central African Republic, Democratic Republic of the Congo, Congo, Equatorial Guinea, and Gabon.”",high,https://metmuseum.org/toah/chronology/,Ancient world chronology,Chronology | Heilbrunn Timeline of Art History | The Metropolitan Museum of Art,metmuseum.org,verified
FACT-2027-03-03-S07,3,2027-03-03,"Venus is the hottest planet in the solar system, even though Mercury is closer to the Sun.",7,March,Hottest planet,Space,"The hottest planet in our solar system is Venus, even though Mercury is closer to the Sun.",high,https://science.nasa.gov/solar-system/solar-system-facts/,Astronomy,Solar System: Facts - NASA Science,science.nasa.gov,verified
FACT-2027-03-03-S08,3,2027-03-03,One liter equals 0.2642 gallons and 1.0568 quarts.,8,March,Liter volume conversion,Science,"The source states: ""1 liter = 0.2642 gallons = 1.0568 quart.""",high,https://www.usgs.gov/water-science-school/science/facts-about-water,Chemistry of water,Facts About Water | U.S. Geological Survey,usgs.gov,verified
FACT-2027-03-03-S09,3,2027-03-03,The deepest part of the ocean is nearly 7 miles beneath the waves.,9,March,The deepest part of the ocean is nearly seven miles below the waves,Ocean & Marine,"The video transcript states: ""The deepest part of the ocean is in the Mariana Trench, and nearly 7 miles beneath the waves!""",high,https://oceanservice.noaa.gov/ocean/30days/,Oceanography,Celebrate the Ocean,oceanservice.noaa.gov,verified
FACT-2027-03-03-S10,3,2027-03-03,"At sea level, water boils at 212°F (100°C).",10,March,Water boils at 212°F at sea level,Nature,"The source states: ""At sea level water boils at 212°F (100°C).""",high,https://www.usgs.gov/water-science-school/science/facts-about-water,Water properties,Facts About Water | U.S. Geological Survey,usgs.gov,verified
FACT-2027-03-03-S11,3,2027-03-03,"The Southern Africa chronology encompasses present-day Botswana, Lesotho, Madagascar, southern Mozambique, Namibia, South Africa, Swaziland, and Zimbabwe.",11,March,Southern Africa,History,"The source states that the Southern Africa chronology “encompasses present-day Botswana, Lesotho, Madagascar, southern Mozambique, Namibia, South Africa, Swaziland, and Zimbabwe.”",high,https://metmuseum.org/toah/chronology/,World history,Chronology | Heilbrunn Timeline of Art History | The Metropolitan Museum of Art,metmuseum.org,verified
FACT-2027-03-03-S12,3,2027-03-03,"The Central America chronology encompasses present-day Costa Rica, southern Nicaragua, and Panama.",12,March,Central America,Ancient Civilizations,"The source states that the Central America chronology “encompasses present-day Costa Rica, southern Nicaragua, and Panama.”",high,https://metmuseum.org/toah/chronology/,Ancient world chronology,Chronology | Heilbrunn Timeline of Art History | The Metropolitan Museum of Art,metmuseum.org,verified
FACT-2027-03-03-S13,3,2027-03-03,"William Thornton was appointed on June 1, 1802, as the first government employee to grant patents on a full-time basis.",13,March,First full-time patent-granting employee,Inventions,"On June 1, William Thornton was appointed as the first government employee to grant patents on a full-time basis.",high,https://www.uspto.gov/patents/milestones,Patent history,Milestones in U.S. patenting | USPTO,uspto.gov,verified
FACT-2027-03-03-S14,3,2027-03-03,"The Patent Act of 1836 introduced a new patent numbering system, required examination before granting patents, and established professional patent examiners.",14,March,Patent Act of 1836,Inventions,"This law introduced a new patent numbering system, required the examination of patents prior to granting them, and established a corps of professional patent examiners to do so.",high,https://www.uspto.gov/patents/milestones,Patent history,Milestones in U.S. patenting | USPTO,uspto.gov,verified
FACT-2027-03-03-S15,3,2027-03-03,The heart and blood vessels together make up the cardiovascular system.,15,March,Cardiovascular system,Human Body,"The source states, “Together, the heart and vessels make up the cardiovascular system.”",high,https://www.cdc.gov/heart-defects/how-the-heart-works/index.html,Cardiovascular system,How the Heart Works | Congenital Heart Defects (CHDs) | CDC,cdc.gov,verified
FACT-2027-03-03-S16,3,2027-03-03,The heart has four chambers: two atria and two ventricles.,16,March,Four heart chambers,Human Body,"The source states, “The heart has four chambers (two atria and two ventricles).”",high,https://www.cdc.gov/heart-defects/how-the-heart-works/index.html,Cardiovascular system,How the Heart Works | Congenital Heart Defects (CHDs) | CDC,cdc.gov,verified
FACT-2027-03-03-S17,3,2027-03-03,Atwater served as the first director of USDA's Office of Experiment Stations.,17,March,Atwater's directorship,Food,"The source states: ""Atwater served as the first director of the new Office of Experiment Stations.""",high,https://www.ars.usda.gov/oc/timeline/nutrition/,Food science history,nutrition : USDA ARS,ars.usda.gov,verified
FACT-2027-03-03-S18,3,2027-03-03,"Congress provided $15,000 annually to each state and territory for agricultural experiment stations.",18,March,State experiment-station funding,Food,"The source states that Atwater's leadership was a major factor in getting Congress to provide ""$15,000 annually to each state and territory"" for agricultural experiment stations.",high,https://www.ars.usda.gov/oc/timeline/nutrition/,Food science history,nutrition : USDA ARS,ars.usda.gov,verified
FACT-2027-03-03-S19,3,2027-03-03,"The giant panda's thick, woolly coat helps keep it warm in the cool forests of its habitat.",19,March,Thick coat,Animals,"The source states that the panda's “thick, wooly coat keeps it warm in the cool forests of its habitat.”",high,https://nationalzoo.si.edu/animals/giant-panda,Zoology,Giant panda | Smithsonian National Zoo,nationalzoo.si.edu,verified
FACT-2027-03-03-S20,3,2027-03-03,Giant pandas have large molar teeth and strong jaw muscles for crushing tough bamboo.,20,March,Bamboo-crushing teeth,Animals,The source states that giant pandas have “large molar teeth and strong jaw muscles for crushing tough bamboo.”,high,https://nationalzoo.si.edu/animals/giant-panda,Zoology,Giant panda | Smithsonian National Zoo,nationalzoo.si.edu,verified
FACT-2027-03-04-S01,4,2027-03-04,Jupiter is the largest planet in the solar system.,1,March,Largest planet,Space,The largest planet is Jupiter.,high,https://science.nasa.gov/solar-system/solar-system-facts/,Astronomy,Solar System: Facts - NASA Science,science.nasa.gov,verified
FACT-2027-03-04-S02,4,2027-03-04,"One million gallons equals 3.069 acre-feet and 133,685.64 cubic feet.",2,March,Million-gallon volume conversion,Science,"The source states: ""1 million gallons = 3.069 acre-feet = 133,685.64 cubic feet.""",high,https://www.usgs.gov/water-science-school/science/facts-about-water,Chemistry of water,Facts About Water | U.S. Geological Survey,usgs.gov,verified
FACT-2027-03-04-S03,4,2027-03-04,Coral reefs cover only one-fiftieth of the ocean floor.,3,March,Coral reefs cover a small portion of the ocean floor,Ocean & Marine,"The video transcript states: ""Coral reefs cover only 1/50th of the ocean floor.""",high,https://oceanservice.noaa.gov/ocean/30days/,Oceanography,Celebrate the Ocean,oceanservice.noaa.gov,verified
FACT-2027-03-04-S04,4,2027-03-04,"Ice is less dense than liquid water, so ice cubes float in water.",4,March,Ice is less dense than liquid water,Nature,"The source states: ""Ice is less dense than liquid water which is why your ice cubes float in your glass.""",high,https://www.usgs.gov/water-science-school/science/facts-about-water,Water properties,Facts About Water | U.S. Geological Survey,usgs.gov,verified
FACT-2027-03-04-S05,4,2027-03-04,The cotton gin is a device for removing seeds from cotton fiber.,5,March,Purpose of the cotton gin,History,"The source states, ""The cotton gin is a device for removing the seeds from cotton fiber.""",high,https://www.archives.gov/milestone-documents/patent-for-cotton-gin,United States history,Patent for Cotton Gin (1794) | National Archives,archives.gov,verified
FACT-2027-03-04-S06,4,2027-03-04,"The Central and North Asia chronology encompasses present-day Afghanistan, China’s Xinjiang Province, Kazakhstan, Kyrgyzstan, Mongolia, eastern Russia, Tajikistan, Turkmenistan, and Uzbekistan.",6,March,Central and North Asia,Ancient Civilizations,"The source states that the Central and North Asia chronology “encompasses present-day Afghanistan, China (Xinjiang Province), Kazakhstan, Kyrgyzstan, Mongolia, eastern Russia, Tajikistan, Turkmenistan, and Uzbekistan.”",high,https://metmuseum.org/toah/chronology/,Ancient world chronology,Chronology | Heilbrunn Timeline of Art History | The Metropolitan Museum of Art,metmuseum.org,verified
FACT-2027-03-04-S07,4,2027-03-04,"If Jupiter were a hollow shell, 1,000 Earths could fit inside it.",7,March,Jupiter's capacity,Space,"If Jupiter was a hollow shell, 1,000 Earths could fit inside.",high,https://science.nasa.gov/solar-system/solar-system-facts/,Astronomy,Solar System: Facts - NASA Science,science.nasa.gov,verified
FACT-2027-03-04-S08,4,2027-03-04,"One cubic foot per second equals 449 gallons per minute, 0.646 million gallons per day, and 1.98 acre-feet per day.",8,March,Cubic-foot-per-second conversion,Science,"The source states: ""1 cubic foot/second (cfs) = 449 gallons/minute = 0.646 million gallons/day = 1.98 acre-feet/day.""",high,https://www.usgs.gov/water-science-school/science/facts-about-water,Chemistry of water,Facts About Water | U.S. Geological Survey,usgs.gov,verified
FACT-2027-03-04-S09,4,2027-03-04,About one quarter of all marine species make coral reefs their home.,9,March,Coral reefs support many marine species,Ocean & Marine,"The video transcript states: ""about one quarter of all the marine species make coral reefs their home.""",high,https://oceanservice.noaa.gov/ocean/30days/,Oceanography,Celebrate the Ocean,oceanservice.noaa.gov,verified
FACT-2027-03-04-S10,4,2027-03-04,The ocean includes over 96% of Earth's water.,10,March,Most of Earth's water is in the ocean,Nature,"The video transcript states: ""The ocean ... includes over 96% of the Earth's water.""",high,https://oceanservice.noaa.gov/ocean/30days/,Climate and weather,Celebrate the Ocean,oceanservice.noaa.gov,verified
FACT-2027-03-04-S11,4,2027-03-04,Eli Whitney made improvements to existing cotton-cleaning machines in 1794.,11,March,Whitney improved the cotton gin,History,"The source states, ""Such machines had been around for centuries when Eli Whitney made his improvements in 1794.""",high,https://www.archives.gov/milestone-documents/patent-for-cotton-gin,United States history,Patent for Cotton Gin (1794) | National Archives,archives.gov,verified
FACT-2027-03-04-S12,4,2027-03-04,"The Eastern Europe and Scandinavia chronology encompasses present-day Belarus, Denmark, Estonia, Finland, Iceland, Latvia, Lithuania, Norway, western Russia, Sweden, and Ukraine.",12,March,Eastern Europe and Scandinavia,Ancient Civilizations,"The source states that the Eastern Europe and Scandinavia chronology “encompasses present-day Belarus, Denmark, Estonia, Finland, Iceland, Latvia, Lithuania, Norway, western Russia, Sweden, and Ukraine.”",high,https://metmuseum.org/toah/chronology/,Ancient world chronology,Chronology | Heilbrunn Timeline of Art History | The Metropolitan Museum of Art,metmuseum.org,verified
FACT-2027-03-04-S13,4,2027-03-04,"Charles M. Keller became the first person to hold the official title of patent examiner on July 5, 1836.",13,March,First official patent examiner,Inventions,"One day later, Charles M. Keller becomes the first person to hold the official title of “patent examiner.”",high,https://www.uspto.gov/patents/milestones,Patent history,Milestones in U.S. patenting | USPTO,uspto.gov,verified
FACT-2027-03-04-S14,4,2027-03-04,"The 9,957 patents granted before the 1836 numbering system are known as the X-patents.",14,March,Pre-numbering patents,Inventions,"The 9,957 patents granted before the numbering system are now known as the X-patents.",high,https://www.uspto.gov/patents/milestones,Patent history,Milestones in U.S. patenting | USPTO,uspto.gov,verified
FACT-2027-03-04-S15,4,2027-03-04,A wall called the septum separates the two atria.,15,March,Septum between atria,Human Body,"The source states, “There is a wall (septum) between the two atria.”",high,https://www.cdc.gov/heart-defects/how-the-heart-works/index.html,Cardiovascular system,How the Heart Works | Congenital Heart Defects (CHDs) | CDC,cdc.gov,verified
FACT-2027-03-04-S16,4,2027-03-04,A wall separates the two ventricles.,16,March,Septum between ventricles,Human Body,"The source states, “There is ... another wall between the two ventricles.”",high,https://www.cdc.gov/heart-defects/how-the-heart-works/index.html,Cardiovascular system,How the Heart Works | Congenital Heart Defects (CHDs) | CDC,cdc.gov,verified
FACT-2027-03-04-S17,4,2027-03-04,Atwater began three periodicals as director of USDA's Office of Experiment Stations.,17,March,Atwater's periodicals,Food,"The source states that the Experiment Station Record was ""one of three periodicals Atwater began as director of USDA's Office of Experiment Stations.""",high,https://www.ars.usda.gov/oc/timeline/nutrition/,Food science history,nutrition : USDA ARS,ars.usda.gov,verified
FACT-2027-03-04-S18,4,2027-03-04,"Atwater's federal nutrition program studied food consumption, food composition, cooking and processing effects, and nutrient requirements.",18,March,Atwater's four research areas,Food,The source lists four areas: types and amounts of foods consumed; chemical composition of foods; effects of cooking and processing; and nutrient amounts and types needed for human function.,high,https://www.ars.usda.gov/oc/timeline/nutrition/,Food science history,nutrition : USDA ARS,ars.usda.gov,verified
FACT-2027-03-04-S19,4,2027-03-04,"Giant pandas stand about 2 to 3 feet, or 60 to 90 centimeters, tall at the shoulder when on all four legs.",19,March,Shoulder height,Animals,The source states that giant pandas stand between 2 and 3 feet (60 to 90 centimeters) tall at the shoulder.,high,https://nationalzoo.si.edu/animals/giant-panda,Zoology,Giant panda | Smithsonian National Zoo,nationalzoo.si.edu,verified
FACT-2027-03-04-S20,4,2027-03-04,"Congress passed the first patent statute in U.S. history on April 10, 1790.",20,March,First U.S. patent statute,Technology,1790 | Congress passed the first patent statute in U.S. history on April 10.,high,https://www.uspto.gov/patents/milestones,Patent system,Milestones in U.S. patenting | USPTO,uspto.gov,verified
FACT-2027-03-05-S01,5,2027-03-05,"The solar system has hundreds of moons orbiting planets, dwarf planets, and asteroids.",1,March,Moons in the solar system,Space,"Our solar system has hundreds of moons orbiting planets, dwarf planets, and asteroids.",high,https://science.nasa.gov/solar-system/solar-system-facts/,Astronomy,Solar System: Facts - NASA Science,science.nasa.gov,verified
FACT-2027-03-05-S02,5,2027-03-05,"As water moves through the ground or bodies, it carries valuable chemicals, minerals, and nutrients.",2,March,Water transports dissolved materials,Science,"The source states: ""wherever water goes, either through the ground or through our bodies, it takes along valuable chemicals, minerals, and nutrients.""",high,https://www.usgs.gov/water-science-school/science/facts-about-water,Chemistry of water,Facts About Water | U.S. Geological Survey,usgs.gov,verified
FACT-2027-03-05-S03,5,2027-03-05,"No light penetrates the ocean at depths greater than 3,280 feet.",3,March,"Light does not penetrate below 3,280 feet",Ocean & Marine,"The video transcript states: ""No light penetrates the ocean at depths greater than 3,280 feet.""",high,https://oceanservice.noaa.gov/ocean/30days/,Oceanography,Celebrate the Ocean,oceanservice.noaa.gov,verified
FACT-2027-03-05-S04,5,2027-03-05,The Gulf Stream transports more water than all of Earth's rivers combined.,4,March,The Gulf Stream transports enormous volumes of water,Nature,"The video transcript states: ""The Gulf Stream transports more water than all of the Earth's rivers combined.""",high,https://oceanservice.noaa.gov/ocean/30days/,Climate and weather,Celebrate the Ocean,oceanservice.noaa.gov,verified
FACT-2027-03-05-S05,5,2027-03-05,"Eli Whitney received a patent for his cotton gin on March 14, 1794.",5,March,Patent date,History,"The source states that Whitney's cotton gin was one ""for which he received a patent on March 14, 1794.""",high,https://www.archives.gov/milestone-documents/patent-for-cotton-gin,United States history,Patent for Cotton Gin (1794) | National Archives,archives.gov,verified
FACT-2027-03-05-S06,5,2027-03-05,The early Egypt chronology encompasses ancient Egypt and northern ancient Nubia.,6,March,Egypt,Ancient Civilizations,"The source states that “Egypt, 8000–2000 B.C.” “encompasses ancient Egypt and northern ancient Nubia.”",high,https://metmuseum.org/toah/chronology/,Ancient world chronology,Chronology | Heilbrunn Timeline of Art History | The Metropolitan Museum of Art,metmuseum.org,verified
FACT-2027-03-05-S07,5,2027-03-05,Some asteroids have moons.,7,March,Asteroids with moons,Space,"Most orbit planets, but some asteroids have moons.",high,https://science.nasa.gov/solar-system/solar-system-facts/,Astronomy,Solar System: Facts - NASA Science,science.nasa.gov,verified
FACT-2027-03-05-S08,5,2027-03-05,Pure water has a neutral pH of 7.,8,March,Neutral pH of pure water,Science,"The source states: ""Pure water has a neutral pH of 7.""",high,https://www.usgs.gov/water-science-school/science/facts-about-water,Chemistry of water,Facts About Water | U.S. Geological Survey,usgs.gov,verified
FACT-2027-03-05-S09,5,2027-03-05,Scientists are still discovering new species beneath the waves.,9,March,Scientists continue discovering ocean species,Ocean & Marine,"The video transcript states: ""scientists are still discovering new species beneath the waves.""",high,https://oceanservice.noaa.gov/ocean/30days/,Oceanography,Celebrate the Ocean,oceanservice.noaa.gov,verified
FACT-2027-03-05-S10,5,2027-03-05,The ocean plays an important role in shaping climate and weather patterns.,10,March,Ocean influence on weather,Nature,"The source states, ""The ocean plays an important role in shaping our climate and weather patterns.""",high,https://oceanservice.noaa.gov/facts/ocean_weather.html,Climate and weather,What role does the ocean play in the weather?,oceanservice.noaa.gov,verified
FACT-2027-03-05-S11,5,2027-03-05,A single cotton gin could produce up to fifty pounds of cleaned cotton in one day.,11,March,Daily production capacity,History,"The source states, ""a single device could produce up to fifty pounds of cleaned cotton in a day.""",high,https://www.archives.gov/milestone-documents/patent-for-cotton-gin,United States history,Patent for Cotton Gin (1794) | National Archives,archives.gov,verified
FACT-2027-03-05-S12,5,2027-03-05,"The France chronology encompasses present-day Andorra, France, and Monaco.",12,March,France,Ancient Civilizations,"The source states that the France chronology “encompasses present-day Andorra, France, and Monaco.”",high,https://metmuseum.org/toah/chronology/,Ancient world chronology,Chronology | Heilbrunn Timeline of Art History | The Metropolitan Museum of Art,metmuseum.org,verified
FACT-2027-03-05-S13,5,2027-03-05,A catastrophic fire destroyed the Patent Office and many patent documents and models on December 15.,13,March,Patent Office fire,Inventions,"On December 15, a catastrophic fire destroys the Patent Office, as well as many patent documents and models.",high,https://www.uspto.gov/patents/milestones,Patent history,Milestones in U.S. patenting | USPTO,uspto.gov,verified
FACT-2027-03-05-S14,5,2027-03-05,The first purpose-built Patent Office opened for business in 1840.,14,March,First purpose-built Patent Office,Inventions,1840 | The first purpose-built Patent Office opened for business.,high,https://www.uspto.gov/patents/milestones,Patent history,Milestones in U.S. patenting | USPTO,uspto.gov,verified
FACT-2027-03-05-S15,5,2027-03-05,Arteries and veins go into and out of the heart.,15,March,Vessels connected to the heart,Human Body,"The source states, “Arteries and veins go into and out of the heart.”",high,https://www.cdc.gov/heart-defects/how-the-heart-works/index.html,Cardiovascular system,How the Heart Works | Congenital Heart Defects (CHDs) | CDC,cdc.gov,verified
FACT-2027-03-05-S16,5,2027-03-05,Arteries carry blood away from the heart.,16,March,Artery direction,Human Body,"The source states, “Arteries carry blood away from the heart.”",high,https://www.cdc.gov/heart-defects/how-the-heart-works/index.html,Cardiovascular system,How the Heart Works | Congenital Heart Defects (CHDs) | CDC,cdc.gov,verified
FACT-2027-03-05-S17,5,2027-03-05,"Atwater's food-consumption studies included students, college athletes, professional families, mechanics, farmers, and laborers.",17,March,Groups included in Atwater's studies,Food,The source explicitly lists these groups among the participants in his studies.,high,https://www.ars.usda.gov/oc/timeline/nutrition/,Food science history,nutrition : USDA ARS,ars.usda.gov,verified
FACT-2027-03-05-S18,5,2027-03-05,"Atwater supervised nutrition-intake studies of Black sharecroppers, Mexican families, poor whites, and inmates in state mental institutions.",18,March,Atwater's disadvantaged-population studies,Food,The source states that he supervised intake studies of these four groups.,high,https://www.ars.usda.gov/oc/timeline/nutrition/,Food science history,nutrition : USDA ARS,ars.usda.gov,verified
FACT-2027-03-05-S19,5,2027-03-05,"Giant pandas reach about 4 to 6 feet, or 1.2 to 1.8 meters, in length.",19,March,Body length,Animals,The source states that giant pandas reach 4 to 6 feet (1.2 to 1.8 meters) long.,high,https://nationalzoo.si.edu/animals/giant-panda,Zoology,Giant panda | Smithsonian National Zoo,nationalzoo.si.edu,verified
FACT-2027-03-05-S20,5,2027-03-05,The Patent Office was established in 1802.,20,March,Patent Office established,Technology,1802 | The Patent Office was established.,high,https://www.uspto.gov/patents/milestones,Patent system,Milestones in U.S. patenting | USPTO,uspto.gov,verified
FACT-2027-03-06-S01,6,2027-03-06,The four giant planets and at least one asteroid have rings.,1,March,Bodies with rings,Space,The four giant planets – and at least one asteroid – have rings.,high,https://science.nasa.gov/solar-system/solar-system-facts/,Astronomy,Solar System: Facts - NASA Science,science.nasa.gov,verified
FACT-2027-03-06-S02,6,2027-03-06,"A pH below 7 is acidic, while a pH above 7 is basic.",2,March,Acidic and basic pH ranges,Science,"The source states that pH 7 is ""neither acidic (less than 7) nor basic (greater than 7).""",high,https://www.usgs.gov/water-science-school/science/facts-about-water,Chemistry of water,Facts About Water | U.S. Geological Survey,usgs.gov,verified
FACT-2027-03-06-S03,6,2027-03-06,"The mid-ocean ridge crisscrosses the globe for over 40,000 miles.",3,March,The mid-ocean ridge extends around the globe,Ocean & Marine,"The video transcript states: ""The mid-ocean ridge crisscrosses the globe for over 40,000 miles.""",high,https://oceanservice.noaa.gov/ocean/30days/,Oceanography,Celebrate the Ocean,oceanservice.noaa.gov,verified
FACT-2027-03-06-S04,6,2027-03-06,Crop and food prices may increase when excessively wet or dry weather adversely affects crops.,4,March,Weather effects on crop and food prices,Nature,"The source states, ""Crop and food prices may increase when weather that is too wet or too dry adversely affects crops.""",high,https://oceanservice.noaa.gov/facts/ocean_weather.html,Climate and weather,What role does the ocean play in the weather?,oceanservice.noaa.gov,verified
FACT-2027-03-06-S05,6,2027-03-06,The cotton gin made cotton a profitable crop for the first time.,5,March,Cotton became profitable,History,"The source states, ""This made cotton a profitable crop for the first time.""",high,https://www.archives.gov/milestone-documents/patent-for-cotton-gin,United States history,Patent for Cotton Gin (1794) | National Archives,archives.gov,verified
FACT-2027-03-06-S06,6,2027-03-06,"The Great Britain and Ireland chronology encompasses present-day England, Ireland, Scotland, and Wales.",6,March,Great Britain and Ireland,Ancient Civilizations,"The source states that the Great Britain and Ireland chronology “encompasses present-day England, Ireland, Scotland, and Wales.”",high,https://metmuseum.org/toah/chronology/,Ancient world chronology,Chronology | Heilbrunn Timeline of Art History | The Metropolitan Museum of Art,metmuseum.org,verified
FACT-2027-03-06-S07,6,2027-03-06,More than 300 robotic spacecraft from many nations have explored destinations beyond Earth's orbit.,7,March,Robotic spacecraft beyond Earth,Space,More than 300 robotic spacecraft from many nations have explored destinations beyond Earth's orbit.,high,https://science.nasa.gov/solar-system/solar-system-facts/,Astronomy,Solar System: Facts - NASA Science,science.nasa.gov,verified
FACT-2027-03-06-S08,6,2027-03-06,"Water molecules stick to one another, making water highly cohesive.",8,March,Water molecules are cohesive,Science,"The source states: ""The water molecule is highly cohesive — it is very sticky, meaning water molecules stick to each other.""",high,https://www.usgs.gov/water-science-school/science/facts-about-water,Chemistry of water,Facts About Water | U.S. Geological Survey,usgs.gov,verified
FACT-2027-03-06-S09,6,2027-03-06,The mid-ocean ridge is the largest geological feature on Earth.,9,March,The mid-ocean ridge is Earth's largest geological feature,Ocean & Marine,"The video transcript states: ""The mid-ocean ridge ... is the largest geological feature on Earth.""",high,https://oceanservice.noaa.gov/ocean/30days/,Oceanography,Celebrate the Ocean,oceanservice.noaa.gov,verified
FACT-2027-03-06-S10,6,2027-03-06,Managing reservoir levels and water usage helps ensure abundant water supplies for everyone.,10,March,Managing supplies through rainfall planning,Nature,"The source states that these actions are taken ""to ensure everyone has abundant water supplies.""",high,https://oceanservice.noaa.gov/facts/ocean_weather.html,Climate and weather,What role does the ocean play in the weather?,oceanservice.noaa.gov,verified
FACT-2027-03-06-S11,6,2027-03-06,"After the invention of the cotton gin, the yield of raw cotton doubled each decade after 1800.",11,March,Growth in raw cotton yield,History,"The source states, ""After this invention, the yield of raw cotton doubled each decade after 1800.""",high,https://www.archives.gov/milestone-documents/patent-for-cotton-gin,United States history,Patent for Cotton Gin (1794) | National Archives,archives.gov,verified
FACT-2027-03-06-S12,6,2027-03-06,"The Himalayan Region chronology encompasses present-day Bhutan, Nepal, and Tibet.",12,March,Himalayan Region,Ancient Civilizations,"The source states that the Himalayan Region chronology “encompasses present-day Bhutan, Nepal, and Tibet.”",high,https://metmuseum.org/toah/chronology/,Ancient world chronology,Chronology | Heilbrunn Timeline of Art History | The Metropolitan Museum of Art,metmuseum.org,verified
FACT-2027-03-06-S13,6,2027-03-06,The first U.S. design patent was granted in 1842 to George Bruce for a new typeface.,13,March,First U.S. design patent,Inventions,"1842 | The first U.S. design patent was granted by printer and industrialist George Bruce for a new typeface, or font.",high,https://www.uspto.gov/patents/milestones,Patent history,Milestones in U.S. patenting | USPTO,uspto.gov,verified
FACT-2027-03-06-S14,6,2027-03-06,Design patents protect how something looks rather than how it works.,14,March,Design patent protection,Inventions,Design patents protect the way something looks rather than how it works.,high,https://www.uspto.gov/patents/milestones,Patent history,Milestones in U.S. patenting | USPTO,uspto.gov,verified
FACT-2027-03-06-S15,6,2027-03-06,Veins carry blood to the heart.,15,March,Vein direction,Human Body,"The source states, “Veins carry blood to the heart.”",high,https://www.cdc.gov/heart-defects/how-the-heart-works/index.html,Cardiovascular system,How the Heart Works | Congenital Heart Defects (CHDs) | CDC,cdc.gov,verified
FACT-2027-03-06-S16,6,2027-03-06,Valves control the flow of blood through the vessels and chambers of the heart.,16,March,Valve function,Human Body,"The source states, “The flow of blood through the vessels and chambers of the heart is controlled by valves.”",high,https://www.cdc.gov/heart-defects/how-the-heart-works/index.html,Cardiovascular system,How the Heart Works | Congenital Heart Defects (CHDs) | CDC,cdc.gov,verified
FACT-2027-03-06-S17,6,2027-03-06,"In 1896, Atwater and A.P. Bryant published The Chemical Composition of American Food Materials, also called Bulletin No. 28.",17,March,Bulletin No. 28,Food,"The source states: ""In 1896, Atwater and Wesleyan graduate student A.P. Bryant published The Chemical Composition of American Food Materials, or simply, Bulletin No. 28.""",high,https://www.ars.usda.gov/oc/timeline/nutrition/,Food science history,nutrition : USDA ARS,ars.usda.gov,verified
FACT-2027-03-06-S18,6,2027-03-06,Bulletin No. 28 became the forerunner of USDA Agriculture Handbook 8.,18,March,Bulletin No. 28's successor,Food,"The source states: ""This bulletin would become the forerunner of USDA's Agriculture Handbook 8.""",high,https://www.ars.usda.gov/oc/timeline/nutrition/,Food science history,nutrition : USDA ARS,ars.usda.gov,verified
FACT-2027-03-06-S19,6,2027-03-06,"Male giant pandas are larger than females and can weigh up to 250 pounds, or 113 kilograms, in the wild.",19,March,Male size,Animals,The source states that males are larger than females and weigh up to 250 pounds (113 kilograms) in the wild.,high,https://nationalzoo.si.edu/animals/giant-panda,Zoology,Giant panda | Smithsonian National Zoo,nationalzoo.si.edu,verified
FACT-2027-03-06-S20,6,2027-03-06,"U.S. patent no. 1 was granted to Senator John Ruggles for a traction wheel for steam locomotives on July 13, 1836.",20,March,U.S. patent number 1,Technology,U.S. patent no. 1 was granted to Senator John Ruggles for a traction wheel for steam locomotives on July 13.,high,https://www.uspto.gov/patents/milestones,Patent system,Milestones in U.S. patenting | USPTO,uspto.gov,verified
FACT-2027-03-07-S01,7,2027-03-07,The solar system is the only planetary system known to support life.,1,March,Known life-bearing system,Space,Our solar system is the only one known to support life.,high,https://science.nasa.gov/solar-system/solar-system-facts/,Astronomy,Solar System: Facts - NASA Science,science.nasa.gov,verified
FACT-2027-03-07-S02,7,2027-03-07,Water molecules stick to other surfaces.,2,March,Water molecules are adhesive,Science,"The source states: ""Water molecules are also adhesive in that they stick to other surfaces.""",high,https://www.usgs.gov/water-science-school/science/facts-about-water,Chemistry of water,Facts About Water | U.S. Geological Survey,usgs.gov,verified
FACT-2027-03-07-S03,7,2027-03-07,About 95% of the ocean remains unexplored.,3,March,Most of the ocean remains unexplored,Ocean & Marine,"The video transcript states: ""about 95% of the ocean remains unexplored.""",high,https://oceanservice.noaa.gov/ocean/30days/,Oceanography,Celebrate the Ocean,oceanservice.noaa.gov,verified
FACT-2027-03-07-S04,7,2027-03-07,"When water molecules are heated, they exchange freely with the air through evaporation.",4,March,Heated water exchanges with air through evaporation,Nature,"The source states: ""When water molecules are heated, they exchange freely with the air in a process called evaporation.""",high,https://oceanexplorer.noaa.gov/ocean-fact/climate/,Climate and weather,How does the ocean affect climate and weather on land? - NOAA Ocean Exploration,oceanexplorer.noaa.gov,verified
FACT-2027-03-07-S05,7,2027-03-07,"By mid-century, America was growing three-quarters of the world's cotton supply.",5,March,American share of world cotton supply,History,"The source states, ""By mid-century, America was growing three-quarters of the world's supply of cotton.""",high,https://www.archives.gov/milestone-documents/patent-for-cotton-gin,United States history,Patent for Cotton Gin (1794) | National Archives,archives.gov,verified
FACT-2027-03-07-S06,7,2027-03-07,The Iberian Peninsula chronology encompasses present-day Portugal and Spain.,6,March,Iberian Peninsula,Ancient Civilizations,The source states that the Iberian Peninsula chronology “encompasses present-day Portugal and Spain.”,high,https://metmuseum.org/toah/chronology/,Ancient world chronology,Chronology | Heilbrunn Timeline of Art History | The Metropolitan Museum of Art,metmuseum.org,verified
FACT-2027-03-07-S07,7,2027-03-07,Life is known to exist on Earth.,7,March,Known location of life,Space,"So far, we only know of life on Earth.",high,https://science.nasa.gov/solar-system/solar-system-facts/,Astronomy,Solar System: Facts - NASA Science,science.nasa.gov,verified
FACT-2027-03-07-S08,7,2027-03-07,Pure water does not conduct electricity.,8,March,Pure water does not conduct electricity,Science,"The source states: ""Pure water ... does not conduct electricity.""",high,https://www.usgs.gov/water-science-school/science/facts-about-water,Chemistry of water,Facts About Water | U.S. Geological Survey,usgs.gov,verified
FACT-2027-03-07-S09,7,2027-03-07,There is only one world ocean.,9,March,There is one world ocean,Ocean & Marine,"The video transcript states: ""There is only one world ocean.""",high,https://oceanservice.noaa.gov/ocean/30days/,Oceanography,Celebrate the Ocean,oceanservice.noaa.gov,verified
FACT-2027-03-07-S10,7,2027-03-07,Ocean currents are created largely by surface winds.,10,March,Surface winds create ocean currents,Nature,"The source states that currents are ""created largely by surface winds.""",high,https://oceanexplorer.noaa.gov/ocean-fact/climate/,Climate and weather,How does the ocean affect climate and weather on land? - NOAA Ocean Exploration,oceanexplorer.noaa.gov,verified
FACT-2027-03-07-S11,7,2027-03-07,Most American cotton was shipped to England or New England for manufacture into cloth.,11,March,Cotton shipment destinations,History,"The source states, ""most of it shipped to England or New England where it was manufactured into cloth.""",high,https://www.archives.gov/milestone-documents/patent-for-cotton-gin,United States history,Patent for Cotton Gin (1794) | National Archives,archives.gov,verified
FACT-2027-03-07-S12,7,2027-03-07,The Iran chronology encompasses present-day Iran.,12,March,Iran,Ancient Civilizations,The source states that the Iran chronology “encompasses present-day Iran.”,high,https://metmuseum.org/toah/chronology/,Ancient world chronology,Chronology | Heilbrunn Timeline of Art History | The Metropolitan Museum of Art,metmuseum.org,verified
FACT-2027-03-07-S13,7,2027-03-07,Clara Barton started work as a clerk at the Patent Office in 1855.,13,March,Clara Barton at the Patent Office,Inventions,1855 | Clara Barton starts work as a clerk at the Patent Office.,high,https://www.uspto.gov/patents/milestones,Patent history,Milestones in U.S. patenting | USPTO,uspto.gov,verified
FACT-2027-03-07-S14,7,2027-03-07,The United States joined the Paris Convention in 1887.,14,March,U.S. joins Paris Convention,Inventions,"1887 | The United States joins the Paris Convention, an international treaty that strengthens and harmonizes the protection of patent holders around the world.",high,https://www.uspto.gov/patents/milestones,Patent history,Milestones in U.S. patenting | USPTO,uspto.gov,verified
FACT-2027-03-07-S15,7,2027-03-07,Blood provides oxygen and nutrients to the body and removes carbon dioxide and waste.,15,March,Blood transport functions,Human Body,"The source states, “Blood provides oxygen and nutrients to the body and removes carbon dioxide and waste.”",high,https://www.cdc.gov/heart-defects/how-the-heart-works/index.html,Cardiovascular system,How the Heart Works | Congenital Heart Defects (CHDs) | CDC,cdc.gov,verified
FACT-2027-03-07-S16,7,2027-03-07,"As blood travels through the body, oxygen is used up and the blood becomes oxygen-poor.",16,March,Oxygen use during circulation,Human Body,"The source states, “As blood travels through the body, oxygen is used up, and the blood becomes oxygen poor.”",high,https://www.cdc.gov/heart-defects/how-the-heart-works/index.html,Cardiovascular system,How the Heart Works | Congenital Heart Defects (CHDs) | CDC,cdc.gov,verified
FACT-2027-03-07-S17,7,2027-03-07,The Human Nutrition Information Service was responsible for maintaining and updating data on the composition of American foods.,17,March,Food-composition data responsibility,Food,"The source states: ""The responsibility for maintaining and updating data on the composition of American foods now lies with the HNIS.""",high,https://www.ars.usda.gov/oc/timeline/nutrition/,Food science history,nutrition : USDA ARS,ars.usda.gov,verified
FACT-2027-03-07-S18,7,2027-03-07,ARS chemists in Beltsville work with HNIS to develop analytical methods and ensure quality control in testing laboratories.,18,March,ARS food-analysis collaboration,Food,The source states that chemists at ARS's Human Nutrition Research Center in Beltsville work hand in hand with HNIS for these purposes.,high,https://www.ars.usda.gov/oc/timeline/nutrition/,Food science history,nutrition : USDA ARS,ars.usda.gov,verified
FACT-2027-03-07-S19,7,2027-03-07,"Giant pandas live in a few mountain ranges in south-central China, in Sichuan, Shaanxi and Gansu provinces.",19,March,Native range,Animals,"The source states that giant pandas live in mountain ranges in south-central China, specifically in those three provinces.",high,https://nationalzoo.si.edu/animals/giant-panda,Zoology,Giant panda | Smithsonian National Zoo,nationalzoo.si.edu,verified
FACT-2027-03-07-S20,7,2027-03-07,The first purpose-built Patent Office was the first federally funded museum collection in U.S. history.,20,March,Patent Office museum collection,Technology,"This Washington, D.C. facility was also the first federally-funded museum collection in U.S. history.",high,https://www.uspto.gov/patents/milestones,Patent system,Milestones in U.S. patenting | USPTO,uspto.gov,verified
FACT-2027-03-08-S01,8,2027-03-08,Voyager 1 and Voyager 2 are the only spacecraft leaving the solar system.,1,March,Voyager spacecraft,Space,NASA’s Voyager 1 and Voyager 2 are the only spacecraft leaving our solar system.,high,https://science.nasa.gov/solar-system/solar-system-facts/,Astronomy,Solar System: Facts - NASA Science,science.nasa.gov,verified
FACT-2027-03-08-S02,8,2027-03-08,Water becomes a conductor when it begins dissolving substances around it.,2,March,Dissolved substances make water conductive,Science,"The source states: ""Water becomes a conductor once it starts dissolving substances around it.""",high,https://www.usgs.gov/water-science-school/science/facts-about-water,Chemistry of water,Facts About Water | U.S. Geological Survey,usgs.gov,verified
FACT-2027-03-08-S03,8,2027-03-08,NOAA's National Ocean Service sends a World Ocean Day message.,3,March,NOAA celebrates World Ocean Day,Ocean & Marine,"The video transcript ends with: ""Happy World Ocean Day from NOAA's National Ocean Service.""",high,https://oceanservice.noaa.gov/ocean/30days/,Oceanography,Celebrate the Ocean,oceanservice.noaa.gov,verified
FACT-2027-03-08-S04,8,2027-03-08,Ocean currents regulate global climate.,4,March,Ocean currents regulate global climate,Nature,"The source states: ""Thus, ocean currents regulate global climate.""",high,https://oceanexplorer.noaa.gov/ocean-fact/climate/,Climate and weather,How does the ocean affect climate and weather on land? - NOAA Ocean Exploration,oceanexplorer.noaa.gov,verified
FACT-2027-03-08-S05,8,2027-03-08,"At mid-century, the South provided three-fifths of America's exports, most of it in cotton.",5,March,Cotton's share of Southern exports,History,"The source states, ""At mid-century the South provided three-fifths of America's exports—most of it in cotton.""",high,https://www.archives.gov/milestone-documents/patent-for-cotton-gin,United States history,Patent for Cotton Gin (1794) | National Archives,archives.gov,verified
FACT-2027-03-08-S06,8,2027-03-08,The Japan chronology encompasses present-day Japan.,6,March,Japan,Ancient Civilizations,The source states that the Japan chronology “encompasses present-day Japan.”,high,https://metmuseum.org/toah/chronology/,Ancient world chronology,Chronology | Heilbrunn Timeline of Art History | The Metropolitan Museum of Art,metmuseum.org,verified
FACT-2027-03-08-S07,8,2027-03-08,"Pioneer 10, Pioneer 11, and New Horizons will eventually reach interstellar space.",7,March,Future interstellar spacecraft,Space,"Three other spacecraft – Pioneer 10, Pioneer 11, and New Horizons – will eventually hit interstellar space.",high,https://science.nasa.gov/solar-system/solar-system-facts/,Astronomy,Solar System: Facts - NASA Science,science.nasa.gov,verified
FACT-2027-03-08-S08,8,2027-03-08,Water absorbs a lot of heat before it begins to get hot.,8,March,Water has a high heat capacity,Science,"The source states: ""Water has a high heat index—it absorbs a lot of heat before it begins to get hot"" and ""Water has a high specific heat capacity—it absorbs a lot of heat before it begins to get hot.""",high,https://www.usgs.gov/water-science-school/science/facts-about-water,Chemistry of water,Facts About Water | U.S. Geological Survey,usgs.gov,verified
FACT-2027-03-08-S09,8,2027-03-08,The ocean provides countless benefits to the planet and the creatures that live here.,9,March,The ocean provides benefits to Earth and living creatures,Ocean & Marine,"The source states: ""Our ocean provides countless benefits to our planet and all the creatures that live here.""",high,https://oceanservice.noaa.gov/ocean/30days/,Oceanography,Celebrate the Ocean,oceanservice.noaa.gov,verified
FACT-2027-03-08-S10,8,2027-03-08,Moonquakes occur less frequently and have smaller magnitudes than earthquakes on Earth.,10,March,Moonquake frequency and magnitude,Nature,"The source states that moonquakes ""happen less frequently and have smaller magnitudes than earthquakes on the Earth.""",high,https://www.usgs.gov/programs/earthquake-hazards/cool-earthquake-facts,Natural phenomena,Cool Earthquake Facts | U.S. Geological Survey,usgs.gov,verified
FACT-2027-03-08-S11,8,2027-03-08,"During the period described, rice exports at best stayed steady.",11,March,Rice exports remained steady,History,"The source states, ""rice exports at best stayed steady.""",high,https://www.archives.gov/milestone-documents/patent-for-cotton-gin,United States history,Patent for Cotton Gin (1794) | National Archives,archives.gov,verified
FACT-2027-03-08-S12,8,2027-03-08,The Mesopotamia chronology encompasses present-day Iraq and northeastern Syria.,12,March,Mesopotamia,Ancient Civilizations,The source states that the Mesopotamia chronology “encompasses present-day Iraq and northeastern Syria.”,high,https://metmuseum.org/toah/chronology/,Ancient world chronology,Chronology | Heilbrunn Timeline of Art History | The Metropolitan Museum of Art,metmuseum.org,verified
FACT-2027-03-08-S13,8,2027-03-08,"Utility Patent no. 1 million was granted to Francis H. Holton on August 8, 1911, for a tubeless vehicle tire.",13,March,Utility patent no. 1 million,Inventions,"1911 | On August 8, Utility Patent no. 1 million was granted to Francis H. Holton, for a tubeless vehicle tire.",high,https://www.uspto.gov/patents/milestones,Patent history,Milestones in U.S. patenting | USPTO,uspto.gov,verified
FACT-2027-03-08-S14,8,2027-03-08,"Congress passed the Plant Patent Act in 1930, creating a distinct type of patent to protect new varieties of certain plants.",14,March,Plant Patent Act,Inventions,"1930 | Congress passes the Plant Patent Act, creating a distinct type of patent to protect new varieties of certain plants.",high,https://www.uspto.gov/patents/milestones,Patent history,Milestones in U.S. patenting | USPTO,uspto.gov,verified
FACT-2027-03-08-S15,8,2027-03-08,Oxygen-poor blood returns from the body to the heart through the superior vena cava and inferior vena cava.,15,March,Venous return to the heart,Human Body,"The source states, “Oxygen-poor blood returns from the body to the heart through the superior vena cava (SVC) and inferior vena cava (IVC).”",high,https://www.cdc.gov/heart-defects/how-the-heart-works/index.html,Cardiovascular system,How the Heart Works | Congenital Heart Defects (CHDs) | CDC,cdc.gov,verified
FACT-2027-03-08-S16,8,2027-03-08,The superior vena cava and inferior vena cava are the two main veins that bring blood back to the heart.,16,March,Main veins returning blood,Human Body,The source states that the superior vena cava and inferior vena cava are “the two main veins that bring blood back to the heart.”,high,https://www.cdc.gov/heart-defects/how-the-heart-works/index.html,Cardiovascular system,How the Heart Works | Congenital Heart Defects (CHDs) | CDC,cdc.gov,verified
FACT-2027-03-08-S17,8,2027-03-08,"Carbohydrates and fat were understood to provide energy, while protein was understood to build and repair tissues.",17,March,Traditional nutrient functions,Food,"The source states that carbohydrates and fat provided energy for body temperature and muscular work, and that protein had the added duty of building and repairing tissues.",high,https://www.ars.usda.gov/oc/timeline/nutrition/,Food science history,nutrition : USDA ARS,ars.usda.gov,verified
FACT-2027-03-08-S18,8,2027-03-08,"Giant pandas inhabit forests at elevations between 5,000 and 10,000 feet.",18,March,Habitat elevation,Animals,"The source states that giant pandas live in forests at elevations between 5,000 and 10,000 feet.",high,https://nationalzoo.si.edu/animals/giant-panda,Zoology,Giant panda | Smithsonian National Zoo,nationalzoo.si.edu,verified
FACT-2027-03-08-S19,8,2027-03-08,"Beginning in 1872, the Patent Office published granted patents in the Official Gazette every Tuesday following their issuance.",19,March,Official Gazette publication,Technology,1872 | The Patent Office began publishing granted patents in the Official Gazette every Tuesday following their issuance.,high,https://www.uspto.gov/patents/milestones,Patent system,Milestones in U.S. patenting | USPTO,uspto.gov,verified
FACT-2027-03-08-S20,8,2027-03-08,Vitamins were unknown during the early period described in the source.,20,March,Historical knowledge of vitamins,Food,"The source states: ""Vitamins were unknown.""",high,https://www.ars.usda.gov/oc/timeline/nutrition/,Food science history,nutrition : USDA ARS,ars.usda.gov,verified
FACT-2027-03-09-S01,9,2027-03-09,"The solar system includes the Sun, eight planets, five officially named dwarf planets, hundreds of moons, and thousands of asteroids and comets.",1,March,Solar system components,Space,"Our solar system includes the Sun, eight planets, five officially named dwarf planets, hundreds of moons, and thousands of asteroids and comets.",high,https://science.nasa.gov/solar-system/solar-system-facts/,Astronomy,Solar System: Facts - NASA Science,science.nasa.gov,verified
FACT-2027-03-09-S02,9,2027-03-09,Water's high heat capacity helps regulate how quickly air changes temperature.,2,March,Water moderates air temperature changes,Science,"The source states: ""The high heat index of water also helps regulate the rate at which air changes temperature.""",high,https://www.usgs.gov/water-science-school/science/facts-about-water,Chemistry of water,Facts About Water | U.S. Geological Survey,usgs.gov,verified
FACT-2027-03-09-S03,9,2027-03-09,"Each year, the source celebrates the ocean throughout June.",3,March,Ocean celebration occurs in June,Ocean & Marine,"The source states: ""Each year, we celebrate our ocean throughout the month of June.""",high,https://oceanservice.noaa.gov/ocean/30days/,Oceanography,Celebrate the Ocean,oceanservice.noaa.gov,verified
FACT-2027-03-09-S04,9,2027-03-09,The hypocenter is the location beneath Earth's surface where an earthquake fault rupture begins.,4,March,Hypocenter definition,Nature,"The source states: ""The hypocenter of an earthquake is the location beneath the earth’s surface where the rupture of the fault begins.""",high,https://www.usgs.gov/programs/earthquake-hazards/cool-earthquake-facts,Natural phenomena,Cool Earthquake Facts | U.S. Geological Survey,usgs.gov,verified
FACT-2027-03-09-S05,9,2027-03-09,"Sugar began to thrive during the period described, but only in Louisiana.",5,March,Sugar expanded in Louisiana,History,"The source states, ""sugar began to thrive, but only in Louisiana.""",high,https://www.archives.gov/milestone-documents/patent-for-cotton-gin,United States history,Patent for Cotton Gin (1794) | National Archives,archives.gov,verified
FACT-2027-03-09-S06,9,2027-03-09,The Mexico chronology encompasses the current political boundaries of the United Mexican States except for southern Mexico.,6,March,Mexico,Ancient Civilizations,The source states that the Mexico chronology “encompasses the current political boundaries of the United Mexican States except for southern Mexico.”,high,https://metmuseum.org/toah/chronology/,Ancient world chronology,Chronology | Heilbrunn Timeline of Art History | The Metropolitan Museum of Art,metmuseum.org,verified
FACT-2027-03-09-S07,9,2027-03-09,The solar system includes the Kuiper Belt beyond Neptune's orbit.,7,March,Kuiper Belt,Space,The solar system also includes the Kuiper Belt that lies past Neptune's orbit.,high,https://science.nasa.gov/solar-system/solar-system-facts/,Astronomy,Solar System: Facts - NASA Science,science.nasa.gov,verified
FACT-2027-03-09-S08,9,2027-03-09,"Water's heat capacity helps make seasonal temperature changes gradual rather than sudden, especially near oceans.",8,March,Water contributes to gradual seasonal temperature changes,Science,"The source states that it is ""why the temperature change between seasons is gradual rather than sudden, especially near the oceans.""",high,https://www.usgs.gov/water-science-school/science/facts-about-water,Chemistry of water,Facts About Water | U.S. Geological Survey,usgs.gov,verified
FACT-2027-03-09-S09,9,2027-03-09,The ocean plays a leading role in Earth's climate.,9,March,Ocean's role in climate,Ocean & Marine,"The source states, ""The ocean plays a leading role in the Earth's climate.""",high,https://oceanservice.noaa.gov/facts/ocean_weather.html,Oceanography,What role does the ocean play in the weather?,oceanservice.noaa.gov,verified
FACT-2027-03-09-S10,9,2027-03-09,"About 90% of the world's earthquakes occur in the Ring of Fire, or Circum-Pacific belt.",10,March,Ring of Fire earthquake share,Nature,"The source states: ""The ‘Ring of Fire’ ... is the zone of earthquakes surrounding the Pacific Ocean — about 90% of the world’s earthquakes occur there.""",high,https://www.usgs.gov/programs/earthquake-hazards/cool-earthquake-facts,Natural phenomena,Cool Earthquake Facts | U.S. Geological Survey,usgs.gov,verified
FACT-2027-03-09-S11,9,2027-03-09,"Although the cotton gin reduced the labor required to remove seeds, it did not reduce the number of enslaved people forced to grow and pick cotton.",11,March,Cotton gin did not reduce enslaved labor,History,"The source states, ""Though the cotton gin reduced the labor of removing seeds, it did not reduce the number of enslaved people forced to grow and pick the cotton.""",high,https://www.archives.gov/milestone-documents/patent-for-cotton-gin,United States history,Patent for Cotton Gin (1794) | National Archives,archives.gov,verified
FACT-2027-03-09-S12,9,2027-03-09,"The Micronesia chronology encompasses present-day Republic of Palau, Guam, Kiribati, the Commonwealth of the northern Marianas, Republic of the Marshall Islands, Federated States of Micronesia, and Nauru.",12,March,Micronesia,Ancient Civilizations,"The source states that the Micronesia chronology “encompasses present-day Republic of Palau, Guam, Kiribati, the Commonwealth of the northern Marianas, Republic of the Marshall Islands, Federated States of Micronesia, and Nauru.”",high,https://metmuseum.org/toah/chronology/,Ancient world chronology,Chronology | Heilbrunn Timeline of Art History | The Metropolitan Museum of Art,metmuseum.org,verified
FACT-2027-03-09-S13,9,2027-03-09,The Patent Act of 1952 clarified and simplified existing U.S. patent law and removed redundancies.,13,March,Patent Act of 1952,Inventions,1952 | The Patent Act of 1952 clarified and simplified existing patent law in the United States and removed redundancies.,high,https://www.uspto.gov/patents/milestones,Patent history,Milestones in U.S. patenting | USPTO,uspto.gov,verified
FACT-2027-03-09-S14,9,2027-03-09,U.S. patent laws and regulations are known as Title 35 of the United States Code.,14,March,Title 35 patent laws,Inventions,Patent laws and regulations are now known as Title 35 of United States Code.,high,https://www.uspto.gov/patents/milestones,Patent history,Milestones in U.S. patenting | USPTO,uspto.gov,verified
FACT-2027-03-09-S15,9,2027-03-09,Oxygen-poor blood enters the right atrium.,15,March,Blood entering the right atrium,Human Body,"The source states, “The oxygen-poor blood enters the right atrium (RA).”",high,https://www.cdc.gov/heart-defects/how-the-heart-works/index.html,Cardiovascular system,How the Heart Works | Congenital Heart Defects (CHDs) | CDC,cdc.gov,verified
FACT-2027-03-09-S16,9,2027-03-09,The right atrium is the right upper chamber of the heart.,16,March,Right atrium location,Human Body,The source identifies the right atrium as “the right upper chamber of the heart.”,high,https://www.cdc.gov/heart-defects/how-the-heart-works/index.html,Cardiovascular system,How the Heart Works | Congenital Heart Defects (CHDs) | CDC,cdc.gov,verified
FACT-2027-03-09-S17,9,2027-03-09,Giant pandas live in broadleaf and coniferous forests with a dense bamboo understory.,17,March,Forest habitat,Animals,The source describes their habitat as broadleaf and coniferous forests with a dense understory of bamboo.,high,https://nationalzoo.si.edu/animals/giant-panda,Zoology,Giant panda | Smithsonian National Zoo,nationalzoo.si.edu,verified
FACT-2027-03-09-S18,9,2027-03-09,Henry Rosenberg received U.S. plant patent no. 1 in 1931 for a climbing rose called “The New Dawn.”,18,March,First U.S. plant patent,Technology,1931 | Henry Rosenberg receives U.S. plant patent no. 1 for a climbing rose with ever-blooming properties that he called “The New Dawn.”,high,https://www.uspto.gov/patents/milestones,Patent system,Milestones in U.S. patenting | USPTO,uspto.gov,verified
FACT-2027-03-09-S19,9,2027-03-09,"Whole wheat flour contains vitamins, minerals, and fiber not found in white flour.",19,March,Nutrients in whole wheat flour,Food,"The source states: ""Today, we know that whole wheat flour contains vitamins, minerals, and fiber not found in white flour.""",high,https://www.ars.usda.gov/oc/timeline/nutrition/,Food science history,nutrition : USDA ARS,ars.usda.gov,verified
FACT-2027-03-09-S20,9,2027-03-09,Adult giant pandas are generally solitary.,20,March,Solitary lifestyle,Animals,The source states that adult giant pandas “may be generally solitary.”,high,https://nationalzoo.si.edu/animals/giant-panda,Zoology,Giant panda | Smithsonian National Zoo,nationalzoo.si.edu,verified
FACT-2027-03-10-S01,10,2027-03-10,"The Kuiper Belt is a ring of icy bodies, almost all smaller than dwarf planet Pluto.",1,March,Kuiper Belt composition,Space,"This is a ring of icy bodies, almost all smaller than the most popular Kuiper Belt Object – dwarf planet Pluto.",high,https://science.nasa.gov/solar-system/solar-system-facts/,Astronomy,Solar System: Facts - NASA Science,science.nasa.gov,verified
FACT-2027-03-10-S02,10,2027-03-10,Water has very high surface tension.,2,March,Water has high surface tension,Science,"The source states: ""Water has a very high surface tension.""",high,https://www.usgs.gov/water-science-school/science/facts-about-water,Chemistry of water,Facts About Water | U.S. Geological Survey,usgs.gov,verified
FACT-2027-03-10-S03,10,2027-03-10,Hurricanes originate over tropical regions of the ocean.,3,March,Hurricane formation region,Ocean & Marine,"The source states, ""Hurricanes originate over the tropical regions of the ocean.""",high,https://oceanservice.noaa.gov/facts/ocean_weather.html,Oceanography,What role does the ocean play in the weather?,oceanservice.noaa.gov,verified
FACT-2027-03-10-S04,10,2027-03-10,The Alpide belt is the world's next most seismic region and accounts for 5–6% of earthquakes.,4,March,Alpide belt earthquake share,Nature,"The source states: ""The next most seismic region (5-6% of earthquakes) is the Alpide belt.""",high,https://www.usgs.gov/programs/earthquake-hazards/cool-earthquake-facts,Natural phenomena,Cool Earthquake Facts | U.S. Geological Survey,usgs.gov,verified
FACT-2027-03-10-S05,10,2027-03-10,"Because of the cotton gin, enslaved people labored on increasingly large plantations.",5,March,Expansion of plantations,History,"The source states, ""Because of the cotton gin, enslaved people labored on ever-larger plantations.""",high,https://www.archives.gov/milestone-documents/patent-for-cotton-gin,United States history,Patent for Cotton Gin (1794) | National Archives,archives.gov,verified
FACT-2027-03-10-S06,10,2027-03-10,The North America chronology encompasses present-day Canada and the United States.,6,March,North America,Ancient Civilizations,The source states that the North America chronology “encompasses present-day Canada and the United States.”,high,https://metmuseum.org/toah/chronology/,Ancient world chronology,Chronology | Heilbrunn Timeline of Art History | The Metropolitan Museum of Art,metmuseum.org,verified
FACT-2027-03-10-S07,10,2027-03-10,The Oort Cloud is a giant spherical shell surrounding the solar system.,7,March,Oort Cloud structure,Space,Beyond the fringes of the Kuiper Belt is the Oort Cloud. This giant spherical shell surrounds our solar system.,high,https://science.nasa.gov/solar-system/solar-system-facts/,Astronomy,Solar System: Facts - NASA Science,science.nasa.gov,verified
FACT-2027-03-10-S08,10,2027-03-10,"Because of its surface tension, water tends to clump into drops rather than spread as a thin film.",8,March,Water forms drops,Science,"The source states that water ""tends to clump together in drops rather than spread out in a thin film, like rubbing alcohol.""",high,https://www.usgs.gov/water-science-school/science/facts-about-water,Chemistry of water,Facts About Water | U.S. Geological Survey,usgs.gov,verified
FACT-2027-03-10-S09,10,2027-03-10,"Hurricanes originate under conditions combining high humidity, light winds, and warm sea surface temperatures.",9,March,Conditions associated with hurricane origin,Ocean & Marine,"The source states that hurricanes originate ""under conditions where high humidity, light winds, and warm sea surface temperatures combine.""",high,https://oceanservice.noaa.gov/facts/ocean_weather.html,Oceanography,What role does the ocean play in the weather?,oceanservice.noaa.gov,verified
FACT-2027-03-10-S10,10,2027-03-10,"A seiche is an internal wave that oscillates in a body of water, such as sloshing in a swimming pool caused by earthquake shaking.",10,March,Seiche definition,Nature,"The source states: ""A seiche ... is ‘an internal wave oscillating in a body of water’ ... the sloshing of the water in your swimming pool, or any body of water, caused by the ground shaking in an earthquake.""",high,https://www.usgs.gov/programs/earthquake-hazards/cool-earthquake-facts,Natural phenomena,Cool Earthquake Facts | U.S. Geological Survey,usgs.gov,verified
FACT-2027-03-10-S11,10,2027-03-10,Work on the increasingly large plantations became more regimented and relentless.,11,March,Plantation work became more regimented,History,"The source states that on ""ever-larger plantations"" work was ""more regimented and relentless.""",high,https://www.archives.gov/milestone-documents/patent-for-cotton-gin,United States history,Patent for Cotton Gin (1794) | National Archives,archives.gov,verified
FACT-2027-03-10-S12,10,2027-03-10,"The Polynesia chronology encompasses present-day Cook Islands, Easter Island (Rapa Nui), Fiji, Hawai'i, French Polynesia, New Zealand (Aotearoa), Niue, Pitcairn Islands, Independent Samoa, American Samoa, Tokelau, Tonga, Tuvalu, and Wallis and Futuna.",12,March,Polynesia,Ancient Civilizations,"The source states that the Polynesia chronology “encompasses present-day Cook Islands, Easter Island (Rapa Nui), Fiji, Hawai'i, French Polynesia, New Zealand (Aotearoa), Niue, Pitcairn Islands, Independent Samoa, American Samoa, Tokelau, Tonga, Tuvalu, and Wallis and Futuna.”",high,https://metmuseum.org/toah/chronology/,Ancient world chronology,Chronology | Heilbrunn Timeline of Art History | The Metropolitan Museum of Art,metmuseum.org,verified
FACT-2027-03-10-S13,10,2027-03-10,"The Patent Office was renamed the Patent and Trademark Office effective January 2, 1975.",13,March,Patent Office renamed,Inventions,"1975 | The Patent Office was renamed the Patent and Trademark Office by an act of Congress, effective as of January 2.",high,https://www.uspto.gov/patents/milestones,Patent history,Milestones in U.S. patenting | USPTO,uspto.gov,verified
FACT-2027-03-10-S14,10,2027-03-10,"The USPTO relocated to its current headquarters building in Alexandria, Virginia, in 2005.",14,March,USPTO headquarters relocation,Inventions,"2005 | The USPTO relocated to its current headquarters building in Alexandria, Virginia.",high,https://www.uspto.gov/patents/milestones,Patent history,Milestones in U.S. patenting | USPTO,uspto.gov,verified
FACT-2027-03-10-S15,10,2027-03-10,Blood flows through the tricuspid valve into the right ventricle.,15,March,Blood flow through the tricuspid valve,Human Body,"The source states, “From there, the blood flows through the tricuspid valve (TV) into the right ventricle (RV).”",high,https://www.cdc.gov/heart-defects/how-the-heart-works/index.html,Cardiovascular system,How the Heart Works | Congenital Heart Defects (CHDs) | CDC,cdc.gov,verified
FACT-2027-03-10-S16,10,2027-03-10,The right ventricle is the right lower chamber of the heart.,16,March,Right ventricle location,Human Body,The source identifies the right ventricle as “the right lower chamber of the heart.”,high,https://www.cdc.gov/heart-defects/how-the-heart-works/index.html,Cardiovascular system,How the Heart Works | Congenital Heart Defects (CHDs) | CDC,cdc.gov,verified
FACT-2027-03-10-S17,10,2027-03-10,"Utility Patent no. 5 million was granted on March 19, 1991, to inventors from the University of Florida for a method of producing fuel ethanol.",17,March,Utility patent no. 5 million,Technology,"1991 | On March 19, Utility Patent no. 5 million was granted to a team of inventors from the University of Florida for an innovative way to produce fuel ethanol.",high,https://www.uspto.gov/patents/milestones,Patent system,Milestones in U.S. patenting | USPTO,uspto.gov,verified
FACT-2027-03-10-S18,10,2027-03-10,A 1992 ARS study found that trans fatty acids had the potential to raise blood cholesterol.,18,March,Trans fats and cholesterol,Food,The source states that the study looked at trans fatty acids' effects on blood cholesterol and showed that these fats had the potential to raise cholesterol.,high,https://www.ars.usda.gov/oc/timeline/nutrition/,Food science history,nutrition : USDA ARS,ars.usda.gov,verified
FACT-2027-03-10-S19,10,2027-03-10,Giant pandas accomplish most of their communication through scent marking throughout their habitat and territory.,19,March,Scent-based communication,Animals,The source states that most communication is accomplished through scent marking.,high,https://nationalzoo.si.edu/animals/giant-panda,Zoology,Giant panda | Smithsonian National Zoo,nationalzoo.si.edu,verified
FACT-2027-03-10-S20,10,2027-03-10,"The first USPTO regional office opened in Detroit, Michigan, in 2012.",20,March,First USPTO regional office,Technology,"2012 | The first USPTO regional office opened in Detroit, Michigan.",high,https://www.uspto.gov/patents/milestones,Patent system,Milestones in U.S. patenting | USPTO,uspto.gov,verified
FACT-2027-03-11-S01,11,2027-03-11,The Oort Cloud has never been directly observed.,1,March,Oort Cloud observation status,Space,It has never been directly observed.,high,https://science.nasa.gov/solar-system/solar-system-facts/,Astronomy,Solar System: Facts - NASA Science,science.nasa.gov,verified
FACT-2027-03-11-S02,11,2027-03-11,Capillary action allows water and dissolved substances to move through plant roots.,2,March,Capillary action moves water through plant roots,Science,"The source states that capillary action ""allows water (and its dissolved substances) to move through the roots of plants.""",high,https://www.usgs.gov/water-science-school/science/facts-about-water,Chemistry of water,Facts About Water | U.S. Geological Survey,usgs.gov,verified
FACT-2027-03-11-S03,11,2027-03-11,Warm ocean waters provide energy that fuels storm systems.,3,March,Warm ocean water fuels storms,Ocean & Marine,"The source states, ""Warm ocean waters provide the energy to fuel storm systems.""",high,https://oceanservice.noaa.gov/facts/ocean_weather.html,Oceanography,What role does the ocean play in the weather?,oceanservice.noaa.gov,verified
FACT-2027-03-11-S04,11,2027-03-11,Earthquake intensity measures the shaking created by an earthquake and varies with location.,4,March,Intensity definition,Nature,"The source states: ""The intensity of an earthquake is a measure of the shaking created by the earthquake, and this value does vary with location.""",high,https://www.usgs.gov/programs/earthquake-hazards/cool-earthquake-facts,Natural phenomena,Cool Earthquake Facts | U.S. Geological Survey,usgs.gov,verified
FACT-2027-03-11-S05,11,2027-03-11,The cited document is Eli Whitney's Cotton Gin Patent Drawing.,5,March,Patent drawing citation,History,"The citation identifies the document as ""Eli Whitney's Cotton Gin Patent Drawing.""",high,https://www.archives.gov/milestone-documents/patent-for-cotton-gin,United States history,Patent for Cotton Gin (1794) | National Archives,archives.gov,verified
FACT-2027-03-11-S06,11,2027-03-11,"The early South America chronology encompasses present-day northwestern Argentina, Bolivia, Chile, Colombia, Ecuador, and Peru.",6,March,South America,Ancient Civilizations,"The source states that “South America, 8000–2000 B.C.” “encompasses present-day northwestern Argentina, Bolivia, Chile, Colombia, Ecuador, and Peru.”",high,https://metmuseum.org/toah/chronology/,Ancient world chronology,Chronology | Heilbrunn Timeline of Art History | The Metropolitan Museum of Art,metmuseum.org,verified
FACT-2027-03-11-S07,11,2027-03-11,The Oort Cloud extends as far as 1.6 light-years from the Sun.,7,March,Oort Cloud distance,Space,The Oort Cloud is made of icy pieces of space debris ... orbiting our Sun as far as 1.6 light-years away.,high,https://science.nasa.gov/solar-system/solar-system-facts/,Astronomy,Solar System: Facts - NASA Science,science.nasa.gov,verified
FACT-2027-03-11-S08,11,2027-03-11,Capillary action allows water and dissolved substances to move through tiny blood vessels in the body.,8,March,Capillary action moves water through blood vessels,Science,"The source states that capillary action allows water and dissolved substances to move ""through the tiny blood vessels in our bodies.""",high,https://www.usgs.gov/water-science-school/science/facts-about-water,Chemistry of water,Facts About Water | U.S. Geological Survey,usgs.gov,verified
FACT-2027-03-11-S09,11,2027-03-11,Storm systems fueled by warm ocean waters provide fresh water vital to all living things.,9,March,Storm-system freshwater,Ocean & Marine,"The source states that warm ocean waters fuel ""storm systems that provide fresh water vital to all living things.""",high,https://oceanservice.noaa.gov/facts/ocean_weather.html,Oceanography,What role does the ocean play in the weather?,oceanservice.noaa.gov,verified
FACT-2027-03-11-S10,11,2027-03-11,The Wasatch Fault is 386 km long.,10,March,Wasatch Fault length,Nature,"The source states: ""The 386 km (240-mile)-long Wasatch Fault is made up of several segments.""",high,https://www.usgs.gov/programs/earthquake-hazards/cool-earthquake-facts,Natural phenomena,Cool Earthquake Facts | U.S. Geological Survey,usgs.gov,verified
FACT-2027-03-11-S11,11,2027-03-11,The cited record series consists of restored patent drawings from 1837 through 1847.,11,March,Restored patent drawings date range,History,"The citation identifies ""Restored Patent Drawings, 1837 - 1847.""",high,https://www.archives.gov/milestone-documents/patent-for-cotton-gin,United States history,Patent for Cotton Gin (1794) | National Archives,archives.gov,verified
FACT-2027-03-11-S12,11,2027-03-11,"The early South Asia chronology encompasses present-day southeastern Afghanistan, Bangladesh, Bhutan, India, Nepal, Pakistan, Sri Lanka, and Tibet.",12,March,South Asia,Ancient Civilizations,"The source states that “South Asia, 8000–2000 B.C.” “encompasses present-day southeastern Afghanistan, Bangladesh, Bhutan, India, Nepal, Pakistan, Sri Lanka, and Tibet.”",high,https://metmuseum.org/toah/chronology/,Ancient world chronology,Chronology | Heilbrunn Timeline of Art History | The Metropolitan Museum of Art,metmuseum.org,verified
FACT-2027-03-11-S13,11,2027-03-11,"The America Invents Act was signed into law on September 16, 2011.",13,March,America Invents Act,Inventions,2011 | The America Invents Act was signed into law on September 16.,high,https://www.uspto.gov/patents/milestones,Patent history,Milestones in U.S. patenting | USPTO,uspto.gov,verified
FACT-2027-03-11-S14,11,2027-03-11,The America Invents Act implemented the “first inventor to file” standard.,14,March,First inventor to file standard,Inventions,Among the many provisions of the legislation was implementing the “first inventor to file” standard.,high,https://www.uspto.gov/patents/milestones,Patent history,Milestones in U.S. patenting | USPTO,uspto.gov,verified
FACT-2027-03-11-S15,11,2027-03-11,The right ventricle pumps oxygen-poor blood through the pulmonary valve into the main pulmonary artery.,15,March,Right ventricular pumping,Human Body,"The source states, “The right ventricle (RV) pumps oxygen-poor blood through the pulmonary valve (PV) into the main pulmonary artery (MPA).”",high,https://www.cdc.gov/heart-defects/how-the-heart-works/index.html,Cardiovascular system,How the Heart Works | Congenital Heart Defects (CHDs) | CDC,cdc.gov,verified
FACT-2027-03-11-S16,11,2027-03-11,Blood flows through the right and left pulmonary arteries into the lungs.,16,March,Blood flow to the lungs,Human Body,"The source states, “From there, the blood flows through the right and left pulmonary arteries into the lungs.”",high,https://www.cdc.gov/heart-defects/how-the-heart-works/index.html,Cardiovascular system,How the Heart Works | Congenital Heart Defects (CHDs) | CDC,cdc.gov,verified
FACT-2027-03-11-S17,11,2027-03-11,The Children's Nutrition Research Center was begun in 1978 as a cooperative venture with Baylor College of Medicine and Texas Children's Hospital in Houston.,17,March,Children's Nutrition Research Center,Food,The source states this directly.,high,https://www.ars.usda.gov/oc/timeline/nutrition/,Food science history,nutrition : USDA ARS,ars.usda.gov,verified
FACT-2027-03-11-S18,11,2027-03-11,The giant panda's scientific name is Ailuropoda melanoleuca.,18,March,Scientific name,Everyday Life,The source lists the species as “Ailuropoda melanoleuca.”,high,https://nationalzoo.si.edu/animals/giant-panda,Public institutions,Giant panda | Smithsonian National Zoo,nationalzoo.si.edu,verified
FACT-2027-03-11-S19,11,2027-03-11,"Giant pandas mark territory by rubbing anal-gland secretions onto tree trunks, rocks or the ground, usually along habitual paths.",19,March,Scent marking,Animals,The source describes this specific scent-marking behavior.,high,https://nationalzoo.si.edu/animals/giant-panda,Zoology,Giant panda | Smithsonian National Zoo,nationalzoo.si.edu,verified
FACT-2027-03-11-S20,11,2027-03-11,"Utility Patent no. 12 million was granted on June 4, 2024, to inventors from Pacific Biosciences of California, Inc. for labeled nucleotide analogs and related sequencing methods and systems.",20,March,Utility patent no. 12 million,Technology,"2024 | On June 4, Utility Patent no. 12 million was granted to a team of inventors from Pacific Biosciences of California, Inc. for a “Labeled Nucleotide Analogs, Reaction Mixtures, and Methods and Systems for Sequencing,” a chemical reagent for use in DNA sequencing.",high,https://www.uspto.gov/patents/milestones,Patent system,Milestones in U.S. patenting | USPTO,uspto.gov,verified
FACT-2027-03-12-S01,12,2027-03-12,"One astronomical unit is the distance from the Sun to Earth, about 93 million miles (150 million kilometers).",1,March,Definition of an astronomical unit,Space,"One astronomical unit (or AU) is the distance from the Sun to Earth, or about 93 million miles (150 million kilometers).",high,https://science.nasa.gov/solar-system/solar-system-facts/,Astronomy,Solar System: Facts - NASA Science,science.nasa.gov,verified
FACT-2027-03-12-S02,12,2027-03-12,Air pressure affects the boiling point of water.,2,March,Air pressure affects boiling point,Science,"The source states: ""Air pressure affects the boiling point of water.""",high,https://www.usgs.gov/water-science-school/science/facts-about-water,Chemistry of water,Facts About Water | U.S. Geological Survey,usgs.gov,verified
FACT-2027-03-12-S03,12,2027-03-12,Understanding and predicting precipitation is critical to farmers.,3,March,Importance of precipitation prediction,Ocean & Marine,"The source states, ""Understanding and predicting precipitation is critical to farmers.""",high,https://oceanservice.noaa.gov/facts/ocean_weather.html,Oceanography,What role does the ocean play in the weather?,oceanservice.noaa.gov,verified
FACT-2027-03-12-S04,12,2027-03-12,"The world's longest mountain range is the mid-ocean ridge, extending 64,374 km.",4,March,Longest mountain range,Nature,"The source states: ""The longest mountain range in the world, though, is the mid-ocean ridge, extending 64,374 km (40,000 mi).""",high,https://www.usgs.gov/programs/earthquake-hazards/cool-earthquake-facts,Natural phenomena,Cool Earthquake Facts | U.S. Geological Survey,usgs.gov,verified
FACT-2027-03-12-S05,12,2027-03-12,"The cotton gin patent drawing is held in the Records of the Patent and Trademark Office, Record Group 241.",5,March,Patent Office records,History,"The citation identifies ""Records of the Patent and Trademark Office, Record Group 241.""",high,https://www.archives.gov/milestone-documents/patent-for-cotton-gin,United States history,Patent for Cotton Gin (1794) | National Archives,archives.gov,verified
FACT-2027-03-12-S06,12,2027-03-12,"The Southeast Asia chronology encompasses present-day mainland Burma, Cambodia, Laos, Malaysia, Thailand, and Vietnam, as well as island Southeast Asia including Indonesia and Bali.",6,March,Southeast Asia,Ancient Civilizations,"The source states that the Southeast Asia chronology “encompasses present-day mainland (Burma, Cambodia, Laos, Malaysia, Thailand, and Vietnam) and island (Indonesia, Bali, etc.) Southeast Asia.”",high,https://metmuseum.org/toah/chronology/,Ancient world chronology,Chronology | Heilbrunn Timeline of Art History | The Metropolitan Museum of Art,metmuseum.org,verified
FACT-2027-03-12-S07,12,2027-03-12,"The Oort Cloud extends from 5,000 astronomical units to 100,000 astronomical units.",7,March,Oort Cloud thickness,Space,"This shell of material is thick, extending from 5,000 astronomical units to 100,000 astronomical units.",high,https://science.nasa.gov/solar-system/solar-system-facts/,Astronomy,Solar System: Facts - NASA Science,science.nasa.gov,verified
FACT-2027-03-12-S08,12,2027-03-12,"As altitude increases, air pressure and water's boiling point decrease.",8,March,Boiling point decreases with altitude,Science,"The source states: ""The higher the altitude, the lower the air pressure, the lower the boiling point of water.""",high,https://www.usgs.gov/water-science-school/science/facts-about-water,Chemistry of water,Facts About Water | U.S. Geological Survey,usgs.gov,verified
FACT-2027-03-12-S09,12,2027-03-12,Farmers use precipitation information when deciding which crops to plant.,9,March,Precipitation prediction and crop decisions,Ocean & Marine,"The source states that precipitation prediction is critical to farmers ""who decide which crops to plant.""",high,https://oceanservice.noaa.gov/facts/ocean_weather.html,Oceanography,What role does the ocean play in the weather?,oceanservice.noaa.gov,verified
FACT-2027-03-12-S10,12,2027-03-12,There is no known phenomenon called earthquake weather.,10,March,Earthquake weather,Nature,"The source states: ""As far as we know, there is no such thing as ‘earthquake weather’.""",high,https://www.usgs.gov/programs/earthquake-hazards/cool-earthquake-facts,Natural phenomena,Cool Earthquake Facts | U.S. Geological Survey,usgs.gov,verified
FACT-2027-03-12-S11,12,2027-03-12,"The cited document is held at the National Archives at College Park, College Park, Maryland.",11,March,Document repository,History,"The citation states, ""National Archives at College Park, College Park, MD.""",high,https://www.archives.gov/milestone-documents/patent-for-cotton-gin,United States history,Patent for Cotton Gin (1794) | National Archives,archives.gov,verified
FACT-2027-03-12-S12,12,2027-03-12,The United States chronology encompasses present-day United States.,12,March,The United States,Ancient Civilizations,"The source states that “The United States, 1600–1800 A.D.” “encompasses present-day United States.”",high,https://metmuseum.org/toah/chronology/,Ancient world chronology,Chronology | Heilbrunn Timeline of Art History | The Metropolitan Museum of Art,metmuseum.org,verified
FACT-2027-03-12-S13,12,2027-03-12,"Utility Patent no. 10 million was granted on June 19, 2018, to Joseph Marron and Raytheon Company for a coherent LADAR system.",13,March,Utility patent no. 10 million,Inventions,"2018 | On June 19, Utility Patent no. 10 million was granted by inventor Joseph Marron and patent assignee Raytheon Company for a “Coherent LADAR Using Intra-Pixel Quadrature Detection.’",high,https://www.uspto.gov/patents/milestones,Patent history,Milestones in U.S. patenting | USPTO,uspto.gov,verified
FACT-2027-03-12-S14,12,2027-03-12,"Utility Patent no. 11 million was granted to 4C Medical Technologies, Inc. on May 11, 2021.",14,March,Utility patent no. 11 million,Inventions,"2021 | Utility Patent no. 11 million was granted to 4C Medical Technologies, Inc. Co-inventors Saravana B. Kumar and Jason S. Diedering on May 11.",high,https://www.uspto.gov/patents/milestones,Patent history,Milestones in U.S. patenting | USPTO,uspto.gov,verified
FACT-2027-03-12-S15,12,2027-03-12,"In the lungs, oxygen is put into the blood and carbon dioxide is taken out of the blood during breathing.",15,March,Gas exchange in the lungs,Human Body,"The source states, “In the lungs, oxygen is put into the blood and carbon dioxide is taken out of the blood during the process of breathing.”",high,https://www.cdc.gov/heart-defects/how-the-heart-works/index.html,Cardiovascular system,How the Heart Works | Congenital Heart Defects (CHDs) | CDC,cdc.gov,verified
FACT-2027-03-12-S16,12,2027-03-12,"After blood gets oxygen in the lungs, it is called oxygen-rich blood.",16,March,Oxygen-rich blood,Human Body,"The source states, “After the blood gets oxygen in the lungs, it is called oxygen-rich blood.”",high,https://www.cdc.gov/heart-defects/how-the-heart-works/index.html,Cardiovascular system,How the Heart Works | Congenital Heart Defects (CHDs) | CDC,cdc.gov,verified
FACT-2027-03-12-S17,12,2027-03-12,Proteins and fats in human milk can signal an infant's immune and digestive systems to mature and affect overall health.,17,March,Functions of breast-milk components,Food,The source states that some proteins and fats in mother's milk do more than nourish the infant and have these effects.,high,https://www.ars.usda.gov/oc/timeline/nutrition/,Food science history,nutrition : USDA ARS,ars.usda.gov,verified
FACT-2027-03-12-S18,12,2027-03-12,"The giant panda has black fur on its ears, eye patches, muzzle, legs and shoulders, while the rest of its coat is white.",18,March,Black-and-white coat,Everyday Life,The source states that the panda has black fur on those body parts and that the rest of its coat is white.,high,https://nationalzoo.si.edu/animals/giant-panda,Public institutions,Giant panda | Smithsonian National Zoo,nationalzoo.si.edu,verified
FACT-2027-03-12-S19,12,2027-03-12,Bamboo is the giant panda's primary food.,19,March,Bamboo diet,Animals,The source repeatedly describes giant pandas eating bamboo and needing to consume large amounts of it for nutrients.,high,https://nationalzoo.si.edu/animals/giant-panda,Zoology,Giant panda | Smithsonian National Zoo,nationalzoo.si.edu,verified
FACT-2027-03-12-S20,12,2027-03-12,The Lemelson Center is associated with the Smithsonian.,20,March,Lemelson Center affiliation,Technology,The page displays both the Lemelson Center logo and the Smithsonian logo.,high,https://invention.si.edu/invention-stories,Innovation,Invention Stories | Lemelson,invention.si.edu,verified
FACT-2027-03-13-S01,13,2027-03-13,The Oort Cloud is the boundary of the Sun's gravitational influence.,1,March,Oort Cloud boundary,Space,The Oort Cloud is the boundary of the Sun's gravitational influence.,high,https://science.nasa.gov/solar-system/solar-system-facts/,Astronomy,Solar System: Facts - NASA Science,science.nasa.gov,verified
FACT-2027-03-13-S02,13,2027-03-13,"At 5,000 feet, water boils at 202.9°F (94.9°C).",2,March,"Water boils at 5,000 feet",Science,"The source states: ""at 5,000 feet, water boils at 202.9°F (94.9 °C).""",high,https://www.usgs.gov/water-science-school/science/facts-about-water,Chemistry of water,Facts About Water | U.S. Geological Survey,usgs.gov,verified
FACT-2027-03-13-S03,13,2027-03-13,Farmers use precipitation information when deciding how deep to plant crops.,3,March,Precipitation prediction and planting depth,Ocean & Marine,"The source states that farmers decide ""how deep"" to plant crops based in part on soil moisture levels.",high,https://oceanservice.noaa.gov/facts/ocean_weather.html,Oceanography,What role does the ocean play in the weather?,oceanservice.noaa.gov,verified
FACT-2027-03-13-S04,13,2027-03-13,R. D. Oldham discovered Earth's core in 1906 through studies of earthquake records.,4,March,Discovery of Earth's core,Nature,"The source states: ""In 1906 R.D. Oldham discovered it from his studies of earthquake records.""",high,https://www.usgs.gov/programs/earthquake-hazards/cool-earthquake-facts,Natural phenomena,Cool Earthquake Facts | U.S. Geological Survey,usgs.gov,verified
FACT-2027-03-13-S05,13,2027-03-13,"Thomas Edison received a patent for an electric lamp on January 27, 1880.",5,March,Thomas Edison received an electric-lamp patent,History,"The source states, ""On January 27, 1880, Thomas Edison received the historic patent"" and that ""The Patent Office granted Thomas Edison a patent for his \""electric-lamp.\""""",high,https://www.archives.gov/milestone-documents/thomas-edisons-patent-application-for-the-light-bulb,United States history,Thomas Edison's Patent Application for the Light Bulb (1880) | National Archives,archives.gov,verified
FACT-2027-03-13-S06,13,2027-03-13,"The Western and Central Europe chronology encompasses present-day Andorra, Austria, Belgium, Czech Republic, England, France, Germany, Hungary, Liechtenstein, Luxembourg, Moldova, Monaco, Netherlands, Northern Ireland, Poland, the Republic of Ireland, Romania, Scotland, Slovakia, Slovenia, Switzerland, Ukraine, and Wales.",6,March,Western and Central Europe,Ancient Civilizations,"The source states that the Western and Central Europe chronology “encompasses present-day Andorra, Austria, Belgium, Czech Republic, England, France, Germany, Hungary, Liechtenstein, Luxembourg, Moldova, Monaco, Netherlands, Northern Ireland, Poland, the Republic of Ireland, Romania, Scotland, Slovakia, Slovenia, Switzerland, Ukraine, and Wales.”",high,https://metmuseum.org/toah/chronology/,Ancient world chronology,Chronology | Heilbrunn Timeline of Art History | The Metropolitan Museum of Art,metmuseum.org,verified
FACT-2027-03-13-S07,13,2027-03-13,The heliosphere is a bubble created by the solar wind.,7,March,Heliosphere definition,Space,The heliosphere is the bubble created by the solar wind – a stream of electrically charged gas blowing outward from the Sun in all directions.,high,https://science.nasa.gov/solar-system/solar-system-facts/,Astronomy,Solar System: Facts - NASA Science,science.nasa.gov,verified
FACT-2027-03-13-S08,13,2027-03-13,It takes longer to hard-boil an egg at higher altitude because water's boiling point is lower.,8,March,Eggs take longer to boil at higher altitude,Science,"The source states: ""The higher the altitude ... the longer time to hard-boil an egg.""",high,https://www.usgs.gov/water-science-school/science/facts-about-water,Chemistry of water,Facts About Water | U.S. Geological Survey,usgs.gov,verified
FACT-2027-03-13-S09,13,2027-03-13,Farmers' decisions about crop planting depth are based in part on soil moisture levels.,9,March,Soil moisture in crop decisions,Ocean & Marine,"The source states that farmers decide how deep to plant crops ""based in part on soil moisture levels.""",high,https://oceanservice.noaa.gov/facts/ocean_weather.html,Oceanography,What role does the ocean play in the weather?,oceanservice.noaa.gov,verified
FACT-2027-03-13-S10,13,2027-03-13,Most earthquakes occur at depths of less than 80 km from Earth's surface.,10,March,Typical earthquake depth,Nature,"The source states: ""Most earthquakes occur at depths of less than 80 km (50 miles) from the Earth’s surface.""",high,https://www.usgs.gov/programs/earthquake-hazards/cool-earthquake-facts,Natural phenomena,Cool Earthquake Facts | U.S. Geological Survey,usgs.gov,verified
FACT-2027-03-13-S11,13,2027-03-13,Edison's patent concerned an improvement on electric lamps rather than their invention.,11,March,Edison's patent was an improvement on electric lamps,History,"The source states, ""Edison's patent was an improvement on electric lamps, not the invention of them.""",high,https://www.archives.gov/milestone-documents/thomas-edisons-patent-application-for-the-light-bulb,United States history,Thomas Edison's Patent Application for the Light Bulb (1880) | National Archives,archives.gov,verified
FACT-2027-03-13-S12,13,2027-03-13,The Smithsonian National Museum of Natural History is the institution represented by the source.,12,March,Museum name,Ancient Civilizations,The page header states “Smithsonian National Museum of Natural History.”,high,https://naturalhistory.si.edu/explore/animals,Material culture,Animals | Smithsonian National Museum of Natural History,naturalhistory.si.edu,verified
FACT-2027-03-13-S13,13,2027-03-13,"Design Patent no. 1 million was granted on September 26, 2023, to Agustina Huckaby for the ornamental design of a dispensing comb.",13,March,Design patent no. 1 million,Inventions,"2023 | On September 26, Design Patent no. 1 million was granted to Agustina Huckaby of Fort Worth, Texas, for the ornamental design for a dispensing comb.",high,https://www.uspto.gov/patents/milestones,Patent history,Milestones in U.S. patenting | USPTO,uspto.gov,verified
FACT-2027-03-13-S14,13,2027-03-13,Whitney's cotton gin was the first to clean short-staple cotton.,14,March,Short-staple cotton cleaning,Inventions,"The source states, ""Whitney's was the first to clean short-staple cotton.""",high,https://www.archives.gov/milestone-documents/patent-for-cotton-gin,Invention history,Patent for Cotton Gin (1794) | National Archives,archives.gov,verified
FACT-2027-03-13-S15,13,2027-03-13,Oxygen-rich blood flows from the lungs back into the left atrium through four pulmonary veins.,15,March,Pulmonary venous return,Human Body,"The source states, “Oxygen-rich blood flows from the lungs back into the left atrium (LA) ... through four pulmonary veins.”",high,https://www.cdc.gov/heart-defects/how-the-heart-works/index.html,Cardiovascular system,How the Heart Works | Congenital Heart Defects (CHDs) | CDC,cdc.gov,verified
FACT-2027-03-13-S16,13,2027-03-13,The left atrium is the left upper chamber of the heart.,16,March,Left atrium location,Human Body,The source identifies the left atrium as “the left upper chamber of the heart.”,high,https://www.cdc.gov/heart-defects/how-the-heart-works/index.html,Cardiovascular system,How the Heart Works | Congenital Heart Defects (CHDs) | CDC,cdc.gov,verified
FACT-2027-03-13-S17,13,2027-03-13,Studies at the Grand Forks Human Nutrition Research Center found that boron plays a role in maintaining healthy bones and optimal brain and motor function.,17,March,Boron research,Food,The source states that boron was proving to play these roles in Grand Forks studies.,high,https://www.ars.usda.gov/oc/timeline/nutrition/,Food science history,nutrition : USDA ARS,ars.usda.gov,verified
FACT-2027-03-13-S18,13,2027-03-13,A giant panda uses an elongated and enlarged wrist bone covered with a fleshy skin pad as a “pseudo thumb” to grasp bamboo.,18,March,Pseudo thumb,Everyday Life,The source describes the pseudo thumb as an elongated and enlarged wrist bone covered with a fleshy pad of skin that helps grasp bamboo stems.,high,https://nationalzoo.si.edu/animals/giant-panda,Public institutions,Giant panda | Smithsonian National Zoo,nationalzoo.si.edu,verified
FACT-2027-03-13-S19,13,2027-03-13,"A giant panda usually eats while sitting upright, using its front paws to grasp bamboo.",19,March,Upright feeding posture,Animals,The source states that a panda usually eats while sitting upright and that this posture leaves the front paws free to grasp bamboo stems.,high,https://nationalzoo.si.edu/animals/giant-panda,Zoology,Giant panda | Smithsonian National Zoo,nationalzoo.si.edu,verified
FACT-2027-03-13-S20,13,2027-03-13,The featured filmmaking story concerns recognized and unsung contributions of women working in the film industry.,20,March,Women’s contributions to film,Technology,"The story description says, “Our recent program made us wonder about the contributions, recognized and unsung, of women working in the film industry.”",high,https://invention.si.edu/invention-stories,Innovation,Invention Stories | Lemelson,invention.si.edu,verified
FACT-2027-03-14-S01,14,2027-03-14,The termination shock is the boundary where the solar wind is abruptly slowed by pressure from interstellar gases.,1,March,Termination shock,Space,The boundary where the solar wind is abruptly slowed by pressure from interstellar gases is called the termination shock.,high,https://science.nasa.gov/solar-system/solar-system-facts/,Astronomy,Solar System: Facts - NASA Science,science.nasa.gov,verified
FACT-2027-03-14-S02,14,2027-03-14,Water's density changes with temperature.,2,March,Water density changes with temperature,Science,"The source states: ""The density of water is roughly 1 gram per milliliter but, this changes with temperature.""",high,https://www.usgs.gov/water-science-school/science/facts-about-water,Chemistry of water,Facts About Water | U.S. Geological Survey,usgs.gov,verified
FACT-2027-03-14-S03,14,2027-03-14,Extreme heat and cold affect livestock management.,3,March,Extreme temperatures and livestock,Ocean & Marine,"The source states, ""Like precipitation, extreme heat and cold also affect livestock management.""",high,https://oceanservice.noaa.gov/facts/ocean_weather.html,Oceanography,What role does the ocean play in the weather?,oceanservice.noaa.gov,verified
FACT-2027-03-14-S04,14,2027-03-14,The San Andreas Fault is a fault zone composed of many segments rather than one continuous fault.,4,March,San Andreas Fault structure,Nature,"The source states: ""The San Andreas fault is NOT a single, continuous fault, but rather is actually a fault zone made up of many segments.""",high,https://www.usgs.gov/programs/earthquake-hazards/cool-earthquake-facts,Natural phenomena,Cool Earthquake Facts | U.S. Geological Survey,usgs.gov,verified
FACT-2027-03-14-S05,14,2027-03-14,Edison's electric-lamp design used a carbon filament.,5,March,Carbon filament,History,"The source states that Edison's design changes and materials included ""such as a carbon filament.""",high,https://www.archives.gov/milestone-documents/thomas-edisons-patent-application-for-the-light-bulb,United States history,Thomas Edison's Patent Application for the Light Bulb (1880) | National Archives,archives.gov,verified
FACT-2027-03-14-S06,14,2027-03-14,The Giant Squid is an icon of the museum’s Ocean Hall.,6,March,Giant squid feature,Ancient Civilizations,"The source states, “The Giant Squid is an icon of our Ocean Hall.”",high,https://naturalhistory.si.edu/explore/animals,Material culture,Animals | Smithsonian National Museum of Natural History,naturalhistory.si.edu,verified
FACT-2027-03-14-S07,14,2027-03-14,Voyager 1 crossed the termination shock in 2004.,7,March,Voyager 1 termination-shock crossing,Space,Voyager 1 in 2004 ... [crossed] the termination shock.,high,https://science.nasa.gov/solar-system/solar-system-facts/,Astronomy,Solar System: Facts - NASA Science,science.nasa.gov,verified
FACT-2027-03-14-S08,14,2027-03-14,Substances dissolved in water can change its density.,8,March,Dissolved substances affect water density,Science,"The source states that water density changes ""if there are substances dissolved in it.""",high,https://www.usgs.gov/water-science-school/science/facts-about-water,Chemistry of water,Facts About Water | U.S. Geological Survey,usgs.gov,verified
FACT-2027-03-14-S09,14,2027-03-14,Weather prediction can be a life-saving tool.,9,March,Life-saving value of weather prediction,Ocean & Marine,"The source states, ""Weather prediction can be a life-saving tool.""",high,https://oceanservice.noaa.gov/facts/ocean_weather.html,Oceanography,What role does the ocean play in the weather?,oceanservice.noaa.gov,verified
FACT-2027-03-14-S10,14,2027-03-14,"The San Andreas Fault system is more than 1,300 km long and reaches depths of up to 16 km in some places.",10,March,San Andreas Fault length and depth,Nature,"The source states: ""The San Andreas fault system is more that 1300 km (800 miles) long, and in some spots is as much as 16 km (10 miles) deep.""",high,https://www.usgs.gov/programs/earthquake-hazards/cool-earthquake-facts,Natural phenomena,Cool Earthquake Facts | U.S. Geological Survey,usgs.gov,verified
FACT-2027-03-14-S11,14,2027-03-14,"Edison was credited in the source with 1,093 patented inventions and innovations.",11,March,Edison's patent output,History,"The source states that Edison's New Jersey laboratories produced ""1,093 patented inventions and innovations.""",high,https://www.archives.gov/milestone-documents/thomas-edisons-patent-application-for-the-light-bulb,United States history,Thomas Edison's Patent Application for the Light Bulb (1880) | National Archives,archives.gov,verified
FACT-2027-03-14-S12,14,2027-03-14,The source includes a resource titled “Make Way for Whales.”,12,March,Humpback whale resource,Ancient Civilizations,The page labels the whale resource “Make Way for Whales.”,high,https://naturalhistory.si.edu/explore/animals,Material culture,Animals | Smithsonian National Museum of Natural History,naturalhistory.si.edu,verified
FACT-2027-03-14-S13,14,2027-03-14,Machines for spinning and weaving cotton and the steamboat fueled demand for cotton.,13,March,Inventions increased cotton demand,Inventions,"The source states, ""Demand was fueled by other inventions of the Industrial Revolution, such as the machines to spin and weave it and the steamboat to transport it.""",high,https://www.archives.gov/milestone-documents/patent-for-cotton-gin,Invention history,Patent for Cotton Gin (1794) | National Archives,archives.gov,verified
FACT-2027-03-14-S14,14,2027-03-14,"During the period described, tobacco fell in value.",14,March,Tobacco value declined,Inventions,"The source states, ""During this time tobacco fell in value.""",high,https://www.archives.gov/milestone-documents/patent-for-cotton-gin,Invention history,Patent for Cotton Gin (1794) | National Archives,archives.gov,verified
FACT-2027-03-14-S15,14,2027-03-14,Oxygen-rich blood flows through the mitral valve into the left ventricle.,15,March,Blood flow through the mitral valve,Human Body,"The source states, “Oxygen-rich blood then flows through the mitral valve (MV) into the left ventricle (LV).”",high,https://www.cdc.gov/heart-defects/how-the-heart-works/index.html,Cardiovascular system,How the Heart Works | Congenital Heart Defects (CHDs) | CDC,cdc.gov,verified
FACT-2027-03-14-S16,14,2027-03-14,Weather reflects short-term conditions of the atmosphere.,16,March,Weather describes short-term atmospheric conditions,Geography,The source states: “Weather reflects short-term conditions of the atmosphere.”,high,https://oceanservice.noaa.gov/facts/weather_climate.html,Climate,What is the difference between weather and climate?,oceanservice.noaa.gov,verified
FACT-2027-03-14-S17,14,2027-03-14,Adequate iron and zinc intake was found necessary for maintaining body temperature in the cold.,17,March,Iron and zinc in thermoregulation,Food,"The source states that adequate intakes of iron and zinc were found necessary for this function, in addition to their established functions.",high,https://www.ars.usda.gov/oc/timeline/nutrition/,Food science history,nutrition : USDA ARS,ars.usda.gov,verified
FACT-2027-03-14-S18,14,2027-03-14,"Female giant pandas rarely reach 220 pounds, or 104 kilograms.",18,March,Female weight,Everyday Life,The source states that females rarely reach 220 pounds (104 kilograms).,high,https://nationalzoo.si.edu/animals/giant-panda,Public institutions,Giant panda | Smithsonian National Zoo,nationalzoo.si.edu,verified
FACT-2027-03-14-S19,14,2027-03-14,A giant panda needs to consume about 70 to 100 pounds of bamboo each day.,19,March,Daily bamboo consumption,Animals,The source states that a panda needs to consume “from 70 to 100 pounds of bamboo each day.”,high,https://nationalzoo.si.edu/animals/giant-panda,Zoology,Giant panda | Smithsonian National Zoo,nationalzoo.si.edu,verified
FACT-2027-03-14-S20,14,2027-03-14,Food and Drink is one of the page’s favorite categories.,20,March,Food and Drink category,Technology,The page lists “Food and Drink” under “Our favorite categories.”,high,https://invention.si.edu/invention-stories,Innovation,Invention Stories | Lemelson,invention.si.edu,verified
FACT-2027-03-15-S01,15,2027-03-15,Voyager 1 entered interstellar space in 2012.,1,March,Voyager 1 interstellar entry,Space,Voyager 1 went interstellar in 2012.,high,https://science.nasa.gov/solar-system/solar-system-facts/,Astronomy,Solar System: Facts - NASA Science,science.nasa.gov,verified
FACT-2027-03-15-S02,15,2027-03-15,"The May 1894 agricultural appropriations bill included $10,000 for food investigations.",2,March,First federal funding for human nutrition research,Science,"The source states that in May 1894, the agricultural appropriations bill included $10,000 for food investigations, opening the way for the first federal funding of human nutrition research in the United States.",high,https://www.ars.usda.gov/oc/timeline/nutrition/,Nutrition science,nutrition : USDA ARS,ars.usda.gov,verified
FACT-2027-03-15-S03,15,2027-03-15,Weather prediction helps people prepare for catastrophic storms.,3,March,Prediction helps prepare for storms,Ocean & Marine,"The source states that prediction helps people ""prepare for catastrophic storms.""",high,https://oceanservice.noaa.gov/facts/ocean_weather.html,Oceanography,What role does the ocean play in the weather?,oceanservice.noaa.gov,verified
FACT-2027-03-15-S04,15,2027-03-15,The deepest earthquakes can occur as deep as 750 km below Earth's surface at subducting plate boundaries.,4,March,Maximum typical earthquake depth,Nature,"The source states: ""The deepest earthquakes typically occur at plate boundaries where the Earth’s crust is being subducted into the Earth’s mantle. These occur as deep as 750 km (400 miles) below the surface.""",high,https://www.usgs.gov/programs/earthquake-hazards/cool-earthquake-facts,Natural phenomena,Cool Earthquake Facts | U.S. Geological Survey,usgs.gov,verified
FACT-2027-03-15-S05,15,2027-03-15,Edison had virtually no formal education.,5,March,Edison's formal education,History,"The source describes Edison as having ""virtually no formal education.""",high,https://www.archives.gov/milestone-documents/thomas-edisons-patent-application-for-the-light-bulb,United States history,Thomas Edison's Patent Application for the Light Bulb (1880) | National Archives,archives.gov,verified
FACT-2027-03-15-S06,15,2027-03-15,The museum provides a teaching resource titled “Explore Animal Adaptations.”,6,March,Animal adaptations resource,Ancient Civilizations,The source lists “Explore Animal Adaptations” under Teaching Resources.,high,https://naturalhistory.si.edu/explore/animals,Material culture,Animals | Smithsonian National Museum of Natural History,naturalhistory.si.edu,verified
FACT-2027-03-15-S07,15,2027-03-15,Mercury and Venus are the only planets without moons.,7,March,Planets without moons,Space,"Of the eight planets, Mercury and Venus are the only ones with no moons.",high,https://science.nasa.gov/solar-system/solar-system-facts/,Astronomy,Solar System: Facts - NASA Science,science.nasa.gov,verified
FACT-2027-03-15-S08,15,2027-03-15,Atwater remained at Wesleyan University until his death in 1907.,8,March,Atwater's Wesleyan career,Science,"The source states: ""he found his way back to his alma mater and remained at Wesleyan University until his death in 1907.""",high,https://www.ars.usda.gov/oc/timeline/nutrition/,Nutrition science,nutrition : USDA ARS,ars.usda.gov,verified
FACT-2027-03-15-S09,15,2027-03-15,Weather prediction can help citizens and governments anticipate extreme hot and cold temperatures.,9,March,Temperature prediction and health risks,Ocean & Marine,"The source states that prediction can help citizens and governments ""anticipate extreme hot and cold temperatures.""",high,https://oceanservice.noaa.gov/facts/ocean_weather.html,Oceanography,What role does the ocean play in the weather?,oceanservice.noaa.gov,verified
FACT-2027-03-15-S10,15,2027-03-15,Subduction is the process in which oceanic lithosphere collides with and descends beneath continental lithosphere.,10,March,Subduction definition,Nature,"The source states: ""Subduction is the process of the oceanic lithosphere colliding with and descending beneath the continental lithosphere.""",high,https://www.usgs.gov/programs/earthquake-hazards/cool-earthquake-facts,Natural phenomena,Cool Earthquake Facts | U.S. Geological Survey,usgs.gov,verified
FACT-2027-03-15-S11,15,2027-03-15,Edison's laboratories were located in New Jersey.,11,March,Edison's New Jersey laboratories,History,"The source states, ""Out of his New Jersey laboratories"" came his patented inventions and innovations.",high,https://www.archives.gov/milestone-documents/thomas-edisons-patent-application-for-the-light-bulb,United States history,Thomas Edison's Patent Application for the Light Bulb (1880) | National Archives,archives.gov,verified
FACT-2027-03-15-S12,15,2027-03-15,The museum is open every day except December 25.,12,March,Museum opening schedule,Ancient Civilizations,"The source states, “Open every day except Dec. 25.”",high,https://naturalhistory.si.edu/explore/animals,Material culture,Animals | Smithsonian National Museum of Natural History,naturalhistory.si.edu,verified
FACT-2027-03-15-S13,15,2027-03-15,Cotton's profitability greatly increased plantation owners' demand for land and enslaved labor.,13,March,Cotton profitability increased labor demand,Inventions,"The source states, ""Cotton growing became so profitable for plantation owners that it greatly increased their demand for both land and enslaved labor.""",high,https://www.archives.gov/milestone-documents/patent-for-cotton-gin,Invention history,Patent for Cotton Gin (1794) | National Archives,archives.gov,verified
FACT-2027-03-15-S14,15,2027-03-15,"The cited patent drawing is dated March 14, 1794.",14,March,Patent drawing date,Inventions,"The citation includes ""3/14/1794.""",high,https://www.archives.gov/milestone-documents/patent-for-cotton-gin,Invention history,Patent for Cotton Gin (1794) | National Archives,archives.gov,verified
FACT-2027-03-15-S15,15,2027-03-15,The left ventricle is the left lower chamber of the heart.,15,March,Left ventricle location,Human Body,The source identifies the left ventricle as “the left lower chamber.”,high,https://www.cdc.gov/heart-defects/how-the-heart-works/index.html,Cardiovascular system,How the Heart Works | Congenital Heart Defects (CHDs) | CDC,cdc.gov,verified
FACT-2027-03-15-S16,15,2027-03-15,Climate is the average daily weather for an extended period at a certain location.,16,March,Climate is based on average weather,Geography,The source states: “climate is the average daily weather for an extended period of time at a certain location.”,high,https://oceanservice.noaa.gov/facts/weather_climate.html,Climate,What is the difference between weather and climate?,oceanservice.noaa.gov,verified
FACT-2027-03-15-S17,15,2027-03-15,Loss of acid-secreting stomach cells can interfere with absorption of vitamin B-12 from food but not from supplements.,17,March,Vitamin B-12 absorption with aging,Food,The source states that Boston center studies showed this association.,high,https://www.ars.usda.gov/oc/timeline/nutrition/,Food science history,nutrition : USDA ARS,ars.usda.gov,verified
FACT-2027-03-15-S18,15,2027-03-15,Giant panda forests are characterized by torrential rains or dense mist throughout the year and are often shrouded in heavy clouds.,18,March,Rain and mist,Everyday Life,The source explicitly describes these forest conditions.,high,https://nationalzoo.si.edu/animals/giant-panda,Public institutions,Giant panda | Smithsonian National Zoo,nationalzoo.si.edu,verified
FACT-2027-03-15-S19,15,2027-03-15,"In the wild, giant pandas typically nap between feedings for two to four hours at a time.",19,March,Resting behavior,Animals,The source states that wild giant pandas typically nap between feedings for two to four hours at a time.,high,https://nationalzoo.si.edu/animals/giant-panda,Zoology,Giant panda | Smithsonian National Zoo,nationalzoo.si.edu,verified
FACT-2027-03-15-S20,15,2027-03-15,"The Medicine, Health, and Life Sciences category features an image of Drew addressing nine Black medical residents.",20,March,Drew addressing medical residents,Technology,"The image description says, “Drew smiling and addressing 9 Black medical residents seated in chairs, all wearing lab coats.”",high,https://invention.si.edu/invention-stories,Innovation,Invention Stories | Lemelson,invention.si.edu,verified
FACT-2027-03-16-S01,16,2027-03-16,Venus has a quasi-satellite officially named Zoozve.,1,March,Venus quasi-satellite,Space,Venus does have a quasi-satellite that has officially been named Zoozve.,high,https://science.nasa.gov/solar-system/solar-system-facts/,Astronomy,Solar System: Facts - NASA Science,science.nasa.gov,verified
FACT-2027-03-16-S02,16,2027-03-16,Atwater oversaw more than 300 food-consumption studies involving families and institutions in 17 states.,2,March,Scope of Atwater's consumption studies,Science,"The source states: ""Atwater oversaw more than 300 food consumption studies of families and institutions in 17 states.""",high,https://www.ars.usda.gov/oc/timeline/nutrition/,Nutrition science,nutrition : USDA ARS,ars.usda.gov,verified
FACT-2027-03-16-S03,16,2027-03-16,Extreme hot and cold temperatures may cause death among elderly people.,3,March,Extreme temperatures may cause death,Ocean & Marine,"The source states that extreme hot and cold temperatures ""may cause death among the elderly.""",high,https://oceanservice.noaa.gov/facts/ocean_weather.html,Oceanography,What role does the ocean play in the weather?,oceanservice.noaa.gov,verified
FACT-2027-03-16-S04,16,2027-03-16,The USGS Volcano Hazards Program and Volcano Science Center produce web resources about volcanoes.,4,March,USGS volcano programs,Nature,"The source states that ""The USGS Volcano Hazards Program and the USGS Volcano Science Center both produce a variety of web resources"" about volcanoes.",high,https://www.usgs.gov/news/featured-story/volcanoes-and-usgs-volcano-science-just-facts,Volcanology,Volcanoes and USGS Volcano Science: Just the Facts | U.S. Geological Survey,usgs.gov,verified
FACT-2027-03-16-S05,16,2027-03-16,A practical incandescent light bulb was identified as one of Edison's three most famous inventions.,5,March,Practical incandescent light bulb,History,"The source lists ""a practical incandescent light bulb"" among Edison's three most famous inventions.",high,https://www.archives.gov/milestone-documents/thomas-edisons-patent-application-for-the-light-bulb,United States history,Thomas Edison's Patent Application for the Light Bulb (1880) | National Archives,archives.gov,verified
FACT-2027-03-16-S06,16,2027-03-16,The institution is the Smithsonian’s National Museum of Natural History.,6,March,Museum name,Ancient Civilizations,The source identifies the institution as “National Museum of Natural History” and states “The Smithsonian’s National Museum of Natural History.”,high,https://www.si.edu/newsdesk/factsheets/national-museum-natural-history,Material culture,National Museum of Natural History | Smithsonian Institution,si.edu,verified
FACT-2027-03-16-S07,16,2027-03-16,"Pluto has five moons, including Charon.",7,March,Pluto's moons,Space,"Pluto, smaller than our own moon, has five moons in its orbit, including Charon.",high,https://science.nasa.gov/solar-system/solar-system-facts/,Astronomy,Solar System: Facts - NASA Science,science.nasa.gov,verified
FACT-2027-03-16-S08,16,2027-03-16,"Bulletin No. 28 listed minimum, maximum, and average values for known nutrients in American foods analyzed by July 1895.",8,March,Contents of Bulletin No. 28,Science,The source states that it listed these values for all American foods analyzed by July 1895.,high,https://www.ars.usda.gov/oc/timeline/nutrition/,Nutrition science,nutrition : USDA ARS,ars.usda.gov,verified
FACT-2027-03-16-S09,16,2027-03-16,Water management experts study how much rainfall to anticipate.,9,March,Rainfall anticipation for water management,Ocean & Marine,"The source states, ""Water management experts study how much rainfall to anticipate.""",high,https://oceanservice.noaa.gov/facts/ocean_weather.html,Oceanography,What role does the ocean play in the weather?,oceanservice.noaa.gov,verified
FACT-2027-03-16-S10,16,2027-03-16,All erupting volcanoes pose some degree of risk to people and infrastructure.,10,March,Volcanoes pose risks to people and infrastructure,Nature,"The source states, ""When erupting, all volcanoes pose a degree of risk to people and infrastructure.""",high,https://www.usgs.gov/news/featured-story/volcanoes-and-usgs-volcano-science-just-facts,Volcanology,Volcanoes and USGS Volcano Science: Just the Facts | U.S. Geological Survey,usgs.gov,verified
FACT-2027-03-16-S11,16,2027-03-16,The moving picture camera was identified as one of Edison's three most famous inventions.,11,March,Moving picture camera,History,"The source lists ""the moving picture camera"" among Edison's three most famous inventions.",high,https://www.archives.gov/milestone-documents/thomas-edisons-patent-application-for-the-light-bulb,United States history,Thomas Edison's Patent Application for the Light Bulb (1880) | National Archives,archives.gov,verified
FACT-2027-03-16-S12,16,2027-03-16,"The scientific research staff is organized into seven departments: anthropology, botany, entomology, mineral sciences, invertebrate zoology, paleobiology and vertebrate zoology.",12,March,Scientific research departments,Ancient Civilizations,The source explicitly lists the seven departments.,high,https://www.si.edu/newsdesk/factsheets/national-museum-natural-history,Material culture,National Museum of Natural History | Smithsonian Institution,si.edu,verified
FACT-2027-03-16-S13,16,2027-03-16,"The cotton gin patent document is available on DocsTeach, an online tool for teaching with documents from the National Archives.",13,March,Teaching resource availability,Inventions,"The source states, ""This document is available on DocsTeach, the online tool for teaching with documents from the National Archives.""",high,https://www.archives.gov/milestone-documents/patent-for-cotton-gin,Invention history,Patent for Cotton Gin (1794) | National Archives,archives.gov,verified
FACT-2027-03-16-S14,16,2027-03-16,The left ventricle pumps oxygen-rich blood through the aortic valve into the aorta.,14,March,Left ventricular pumping,Human Body,"The source states, “The left ventricle (LV) pumps the oxygen-rich blood through the aortic valve (AoV) into the aorta (Ao).”",high,https://www.cdc.gov/heart-defects/how-the-heart-works/index.html,Cardiovascular system,How the Heart Works | Congenital Heart Defects (CHDs) | CDC,cdc.gov,verified
FACT-2027-03-16-S15,16,2027-03-16,"Weather can change from minute to minute, hour to hour, day to day, and season to season.",15,March,Weather can change over short intervals,Geography,"The source states: “Weather can change from minute-to-minute, hour-to-hour, day-to-day, and season-to-season.”",high,https://oceanservice.noaa.gov/facts/weather_climate.html,Climate,What is the difference between weather and climate?,oceanservice.noaa.gov,verified
FACT-2027-03-16-S16,16,2027-03-16,The source reports that senior citizens may need more vitamin B6 than then-current recommendations and that postmenopausal women need more vitamin D and adequate calcium to prevent osteoporosis.,16,March,Vitamin needs of older adults,Food,The source states both findings in its discussion of Boston center studies.,high,https://www.ars.usda.gov/oc/timeline/nutrition/,Food science history,nutrition : USDA ARS,ars.usda.gov,verified
FACT-2027-03-16-S17,16,2027-03-16,Giant pandas occasionally vocalize while playing and become very vocal during mating.,17,March,Vocal behavior,Everyday Life,The source states that pandas occasionally vocalize when playing and become very vocal during mating.,high,https://nationalzoo.si.edu/animals/giant-panda,Public institutions,Giant panda | Smithsonian National Zoo,nationalzoo.si.edu,verified
FACT-2027-03-16-S18,16,2027-03-16,Giant pandas reach breeding maturity between 4 and 7 years of age.,18,March,Breeding maturity,Animals,The source states that giant pandas reach breeding maturity between 4 and 7 years of age.,high,https://nationalzoo.si.edu/animals/giant-panda,Zoology,Giant panda | Smithsonian National Zoo,nationalzoo.si.edu,verified
FACT-2027-03-16-S19,16,2027-03-16,"The page offers an email subscription for news, events, inspiration, and more.",19,March,Email subscription,Technology,"The page states, “Fresh news, events, inspiration and more — straight to your inbox,” followed by “Subscribe.”",high,https://invention.si.edu/invention-stories,Innovation,Invention Stories | Lemelson,invention.si.edu,verified
FACT-2027-03-16-S20,16,2027-03-16,"Edison's patent allowed for an electric lamp that was reliable, safe, and practical.",20,March,Practical electric lamp,Inventions,"The source states that his patent allowed for ""an electric lamp that was reliable, safe, and practical.""",high,https://www.archives.gov/milestone-documents/thomas-edisons-patent-application-for-the-light-bulb,Invention history,Thomas Edison's Patent Application for the Light Bulb (1880) | National Archives,archives.gov,verified
FACT-2027-03-17-S01,17,2027-03-17,The solar system formed about 4.6 billion years ago.,1,March,Formation age,Space,Our solar system formed about 4.6 billion years ago.,high,https://science.nasa.gov/solar-system/solar-system-facts/,Astronomy,Solar System: Facts - NASA Science,science.nasa.gov,verified
FACT-2027-03-17-S02,17,2027-03-17,"Atwater studied nutrient losses during vegetable boiling, breakfast-cereal digestibility, changes from cooking meat, and the effects of milling and baking bread.",2,March,Atwater's cooking and processing studies,Science,The source explicitly lists these four research subjects.,high,https://www.ars.usda.gov/oc/timeline/nutrition/,Nutrition science,nutrition : USDA ARS,ars.usda.gov,verified
FACT-2027-03-17-S03,17,2027-03-17,Anticipated rainfall helps water management experts manage reservoir levels.,3,March,Rainfall information and reservoirs,Ocean & Marine,"The source states that experts study anticipated rainfall ""so they can manage reservoir levels.""",high,https://oceanservice.noaa.gov/facts/ocean_weather.html,Oceanography,What role does the ocean play in the weather?,oceanservice.noaa.gov,verified
FACT-2027-03-17-S04,17,2027-03-17,Risks differ between volcanoes because of differences in eruptive style and geographic location.,4,March,Volcanic risks differ by volcano,Nature,"The source states that risks are not equivalent ""because of differences in eruptive style and geographic location.""",high,https://www.usgs.gov/news/featured-story/volcanoes-and-usgs-volcano-science-just-facts,Volcanology,Volcanoes and USGS Volcano Science: Just the Facts | U.S. Geological Survey,usgs.gov,verified
FACT-2027-03-17-S05,17,2027-03-17,The source states that Edison's dynamos transformed the United States into the world's greatest industrial superpower.,5,March,Edison's dynamos,History,"The source states, ""His thundering dynamos transformed the United States into the world’s greatest industrial superpower.""",high,https://www.archives.gov/milestone-documents/thomas-edisons-patent-application-for-the-light-bulb,United States history,Thomas Edison's Patent Application for the Light Bulb (1880) | National Archives,archives.gov,verified
FACT-2027-03-17-S06,17,2027-03-17,"Approximately half of the collection is maintained at the Smithsonian’s Museum Support Center in Suitland, Maryland.",6,March,Museum Support Center,Ancient Civilizations,"The source states, “Approximately half of the collection is maintained at the Smithsonian’s Museum Support Center in Suitland, Maryland.”",high,https://www.si.edu/newsdesk/factsheets/national-museum-natural-history,Material culture,National Museum of Natural History | Smithsonian Institution,si.edu,verified
FACT-2027-03-17-S07,17,2027-03-17,The solar system formed from a dense cloud of interstellar gas and dust.,7,March,Formation material,Space,Our solar system formed about 4.6 billion years ago from a dense cloud of interstellar gas and dust.,high,https://science.nasa.gov/solar-system/solar-system-facts/,Astronomy,Solar System: Facts - NASA Science,science.nasa.gov,verified
FACT-2027-03-17-S08,17,2027-03-17,Researchers use stable isotopes to determine which amino acids an infant is synthesizing and how quickly the infant is making cholesterol.,8,March,Stable isotopes in infant research,Science,The source states that stable isotopes can determine these two processes.,high,https://www.ars.usda.gov/oc/timeline/nutrition/,Nutrition science,nutrition : USDA ARS,ars.usda.gov,verified
FACT-2027-03-17-S09,17,2027-03-17,Anticipated rainfall helps water management experts manage water usage.,9,March,Rainfall information and water usage,Ocean & Marine,"The source states that experts study anticipated rainfall ""so they can manage ... water usage.""",high,https://oceanservice.noaa.gov/facts/ocean_weather.html,Oceanography,What role does the ocean play in the weather?,oceanservice.noaa.gov,verified
FACT-2027-03-17-S10,17,2027-03-17,The USGS assesses the relative threats posed by U.S. volcanoes to identify those warranting the greatest risk-mitigation efforts.,10,March,USGS assesses relative threats,Nature,The source states that assessing relative threats identifies which volcanoes warrant the greatest risk-mitigation efforts by the USGS and its partners.,high,https://www.usgs.gov/news/featured-story/volcanoes-and-usgs-volcano-science-just-facts,Natural phenomena,Volcanoes and USGS Volcano Science: Just the Facts | U.S. Geological Survey,usgs.gov,verified
FACT-2027-03-17-S11,17,2027-03-17,Edison assembled financial backing and a group of scientists and technicians to develop an effective and affordable electric lamp.,11,March,Edison's electric-lamp development effort,History,"The source states that Edison ""lined up financial backing, assembled a group of brilliant scientists and technicians, and applied his genius to the challenge of creating an effective and affordable electric lamp.""",high,https://www.archives.gov/milestone-documents/thomas-edisons-patent-application-for-the-light-bulb,United States history,Thomas Edison's Patent Application for the Light Bulb (1880) | National Archives,archives.gov,verified
FACT-2027-03-17-S12,17,2027-03-17,The FossiLab is a glass-enclosed laboratory where visitors can watch paleontologists and trained volunteers extract fossils and make fossil casts and molds.,12,March,FossiLab,Ancient Civilizations,The source explicitly describes the FossiLab and these activities.,high,https://www.si.edu/newsdesk/factsheets/national-museum-natural-history,Material culture,National Museum of Natural History | Smithsonian Institution,si.edu,verified
FACT-2027-03-17-S13,17,2027-03-17,The aorta is the main artery that takes oxygen-rich blood out to the rest of the body.,13,March,Aorta function,Human Body,The source describes the aorta as “the main artery that takes oxygen-rich blood out to the rest of the body.”,high,https://www.cdc.gov/heart-defects/how-the-heart-works/index.html,Cardiovascular system,How the Heart Works | Congenital Heart Defects (CHDs) | CDC,cdc.gov,verified
FACT-2027-03-17-S14,17,2027-03-17,Climate is the average of weather over time and space.,14,March,Climate averages weather over time and space,Geography,"The source states: “Climate, is the average of weather over time and space.”",high,https://oceanservice.noaa.gov/facts/weather_climate.html,Climate,What is the difference between weather and climate?,oceanservice.noaa.gov,verified
FACT-2027-03-17-S15,17,2027-03-17,USDA's Human Nutrition Information Service and HHS's National Center for Health Statistics were identified as the two federal agencies responsible for major national nutrition surveys.,15,March,Modern nutrition-survey agencies,Food,The source explicitly identifies these two agencies as responsible for conducting the major national surveys.,high,https://www.ars.usda.gov/oc/timeline/nutrition/,Food science history,nutrition : USDA ARS,ars.usda.gov,verified
FACT-2027-03-17-S16,17,2027-03-17,A giant panda spends about 10 to 16 hours a day foraging and eating.,16,March,Time spent feeding,Everyday Life,The source states that obtaining enough food requires a panda to spend 10 to 16 hours a day foraging and eating.,high,https://nationalzoo.si.edu/animals/giant-panda,Public institutions,Giant panda | Smithsonian National Zoo,nationalzoo.si.edu,verified
FACT-2027-03-17-S17,17,2027-03-17,"Female giant pandas ovulate only once a year, in the spring.",17,March,Annual ovulation,Animals,"The source states that female pandas ovulate only once a year, in the spring.",high,https://nationalzoo.si.edu/animals/giant-panda,Zoology,Giant panda | Smithsonian National Zoo,nationalzoo.si.edu,verified
FACT-2027-03-17-S18,17,2027-03-17,Saturn's northern polar hexagon is a hurricane-like vortex.,18,March,Saturn's polar vortex,Technology,"The source states, ""The hurricane-like vortex has an eye about 50 times larger than a typical Earth hurricane.""",high,https://science.nasa.gov/solar-system/planets/,Space technology,About the Planets,science.nasa.gov,verified
FACT-2027-03-17-S19,17,2027-03-17,The phonograph was identified as one of Edison's three most famous inventions.,19,March,Phonograph,Inventions,"The source states, ""Three of his most famous inventions, the phonograph, a practical incandescent light bulb, and the moving picture camera"".",high,https://www.archives.gov/milestone-documents/thomas-edisons-patent-application-for-the-light-bulb,Invention history,Thomas Edison's Patent Application for the Light Bulb (1880) | National Archives,archives.gov,verified
FACT-2027-03-17-S20,17,2027-03-17,The heart pumps blood to all parts of the body.,20,March,Heart blood distribution,Human Body,"The source states, “The heart pumps blood to all parts of the body.”",high,https://www.cdc.gov/heart-defects/how-the-heart-works/index.html,Cardiovascular system,How the Heart Works | Congenital Heart Defects (CHDs) | CDC,cdc.gov,verified
FACT-2027-03-18-S01,18,2027-03-18,The solar system has eight planets.,1,March,Number of planets,Space,"The source states, ""Our solar system has eight planets.""",high,https://science.nasa.gov/solar-system/planets/,Astronomy,About the Planets,science.nasa.gov,verified
FACT-2027-03-18-S02,18,2027-03-18,The source reports that declines in cardiovascular fitness and muscle strength are due to inactivity rather than aging and that appropriate exercise can improve both functions in elderly people.,2,March,Fitness changes in older adults,Science,The source states that the center's most promising news showed these declines were due to inactivity and that elderly people could vastly improve both functions with the right exercises.,high,https://www.ars.usda.gov/oc/timeline/nutrition/,Nutrition science,nutrition : USDA ARS,ars.usda.gov,verified
FACT-2027-03-18-S03,18,2027-03-18,"The ocean influences weather and climate by storing solar radiation, distributing heat and moisture globally, and driving weather systems.",3,March,Ocean influences weather and climate,Ocean & Marine,"The source states: ""The ocean influences weather and climate by storing solar radiation, distributing heat and moisture around the globe, and driving weather systems.""",high,https://oceanexplorer.noaa.gov/ocean-fact/climate/,Oceanography,How does the ocean affect climate and weather on land? - NOAA Ocean Exploration,oceanexplorer.noaa.gov,verified
FACT-2027-03-18-S04,18,2027-03-18,Volcanic eruption hazards are not limited to explosions and lava flows.,4,March,Volcanic hazards include more than explosions and lava flows,Nature,"The source states, ""It’s not just about the explosion and lava flow.""",high,https://www.usgs.gov/news/featured-story/volcanoes-and-usgs-volcano-science-just-facts,Volcanology,Volcanoes and USGS Volcano Science: Just the Facts | U.S. Geological Survey,usgs.gov,verified
FACT-2027-03-18-S05,18,2027-03-18,Edison and his team tried thousands of theories while developing the electric lamp.,5,March,Experiments preceding the electric lamp,History,"The source states, ""Edison and his team tried out thousands of theories.""",high,https://www.archives.gov/milestone-documents/thomas-edisons-patent-application-for-the-light-bulb,United States history,Thomas Edison's Patent Application for the Light Bulb (1880) | National Archives,archives.gov,verified
FACT-2027-03-18-S06,18,2027-03-18,The Sant Ocean Hall includes male and female giant squids and an exact replica of a living North Atlantic right whale.,6,March,Ocean Hall specimens,Ancient Civilizations,The source explicitly lists these features.,high,https://www.si.edu/newsdesk/factsheets/national-museum-natural-history,Material culture,National Museum of Natural History | Smithsonian Institution,si.edu,verified
FACT-2027-03-18-S07,18,2027-03-18,"The eight planets are Mercury, Venus, Earth, Mars, Jupiter, Saturn, Uranus, and Neptune.",7,March,Planets of the solar system,Space,"The source lists ""Mercury, Venus, Earth, Mars, Jupiter, Saturn, Uranus, and Neptune"" as the solar system's eight planets.",high,https://science.nasa.gov/solar-system/planets/,Astronomy,About the Planets,science.nasa.gov,verified
FACT-2027-03-18-S08,18,2027-03-18,The source reports that antioxidant vitamins may delay cataracts or boost a flagging immune system.,8,March,Antioxidants and age-related conditions,Science,The source states that studies suggested these possible effects.,high,https://www.ars.usda.gov/oc/timeline/nutrition/,Nutrition science,nutrition : USDA ARS,ars.usda.gov,verified
FACT-2027-03-18-S09,18,2027-03-18,The ocean plays an important role in keeping Earth warm by storing solar radiation.,9,March,Ocean stores solar radiation,Ocean & Marine,"The source states that the ocean affects weather and climate ""by playing an important role in keeping our planet warm"" and that it stores solar radiation.",high,https://oceanexplorer.noaa.gov/ocean-fact/climate/,Oceanography,How does the ocean affect climate and weather on land? - NOAA Ocean Exploration,oceanexplorer.noaa.gov,verified
FACT-2027-03-18-S10,18,2027-03-18,Tephra consists of airborne lava fragments.,10,March,Tephra definition,Nature,"The source labels tephra as ""airborne lava fragments.""",high,https://www.usgs.gov/news/featured-story/volcanoes-and-usgs-volcano-science-just-facts,Volcanology,Volcanoes and USGS Volcano Science: Just the Facts | U.S. Geological Survey,usgs.gov,verified
FACT-2027-03-18-S11,18,2027-03-18,"The patent number for Edison's electric lamp was 223,898.",11,March,Electric-lamp patent number,History,"The source states, ""The patent number for his electric lamp is 223,898.""",high,https://www.archives.gov/milestone-documents/thomas-edisons-patent-application-for-the-light-bulb,United States history,Thomas Edison's Patent Application for the Light Bulb (1880) | National Archives,archives.gov,verified
FACT-2027-03-18-S12,18,2027-03-18,The Kenneth E. Behring Family Hall of Mammals presents mammal evolution across 225 million years.,12,March,Mammals Hall,Ancient Civilizations,The source states that the hall tells the story of mammal evolution “across 225 million years.”,high,https://www.si.edu/newsdesk/factsheets/national-museum-natural-history,Material culture,National Museum of Natural History | Smithsonian Institution,si.edu,verified
FACT-2027-03-18-S13,18,2027-03-18,Weather is what is observed outside on any particular day.,13,March,Weather describes conditions on a particular day,Geography,The source states: “Weather is what you see outside on any particular day.”,high,https://oceanservice.noaa.gov/facts/weather_climate.html,Climate,What is the difference between weather and climate?,oceanservice.noaa.gov,verified
FACT-2027-03-18-S14,18,2027-03-18,"NESSY allows participants to enter food bar codes and weigh portions, while a connected laptop computes and stores the data.",14,March,NESSY dietary recording,Food,The source describes this procedure for the Nutrition Evaluation Scale System.,high,https://www.ars.usda.gov/oc/timeline/nutrition/,Food science history,nutrition : USDA ARS,ars.usda.gov,verified
FACT-2027-03-18-S15,18,2027-03-18,A giant panda can conceive only during a short period of two to three days around ovulation.,15,March,Short conception window,Everyday Life,The source states that two to three days around ovulation is the only time a giant panda is able to conceive.,high,https://nationalzoo.si.edu/animals/giant-panda,Public institutions,Giant panda | Smithsonian National Zoo,nationalzoo.si.edu,verified
FACT-2027-03-18-S16,18,2027-03-18,Female giant pandas give birth 90 to 180 days after mating.,16,March,Birth timing,Animals,The source states that females give birth from 90 to 180 days after mating.,high,https://nationalzoo.si.edu/animals/giant-panda,Zoology,Giant panda | Smithsonian National Zoo,nationalzoo.si.edu,verified
FACT-2027-03-18-S17,18,2027-03-18,The maximum wind speed of Saturn's northern polar vortex is about twice that of Earth's strongest cyclones.,17,March,Saturn's polar wind speed,Technology,"The source states, ""[It has] a maximum wind speed about double that of the strongest cyclones here.""",high,https://science.nasa.gov/solar-system/planets/,Space technology,About the Planets,science.nasa.gov,verified
FACT-2027-03-18-S18,18,2027-03-18,"In 1878, the creation of a practical long-burning electric light had eluded scientists for decades.",18,March,Long-burning electric light challenge,Inventions,"The source states, ""In 1878, the creation of a practical long-burning electric light had eluded scientists for decades.""",high,https://www.archives.gov/milestone-documents/thomas-edisons-patent-application-for-the-light-bulb,Invention history,Thomas Edison's Patent Application for the Light Bulb (1880) | National Archives,archives.gov,verified
FACT-2027-03-18-S19,18,2027-03-18,"The brain can be divided into the forebrain, midbrain, and hindbrain.",19,March,Three basic brain units,Human Body,"The source states that “the brain can be divided into three basic units: the forebrain, the midbrain, and the hindbrain.”",high,https://www.ninds.nih.gov/health-information/public-education/brain-basics/brain-basics-know-your-brain,Neuroscience,Brain Basics: Know Your Brain | National Institute of Neurological Disorders and Stroke,ninds.nih.gov,verified
FACT-2027-03-18-S20,18,2027-03-18,Examples of weather include a temperature of 75 degrees with sunshine or 20 degrees with heavy snow.,20,March,Weather can include temperature and precipitation conditions,Geography,The source gives these examples: “it may be 75° degrees and sunny or it could be 20° degrees with heavy snow.”,high,https://oceanservice.noaa.gov/facts/weather_climate.html,Climate,What is the difference between weather and climate?,oceanservice.noaa.gov,verified
FACT-2027-03-19-S01,19,2027-03-19,"The source identifies Ceres, Pluto, Haumea, Makemake, and Eris as officially recognized dwarf planets in the solar system.",1,March,Recognized dwarf planets,Space,"The source states, ""There are five officially recognized dwarf planets in our solar system: Ceres, Pluto, Haumea, Makemake, and Eris.""",high,https://science.nasa.gov/solar-system/planets/,Astronomy,About the Planets,science.nasa.gov,verified
FACT-2027-03-19-S02,19,2027-03-19,Jupiter's four largest moons were the first moons discovered beyond Earth.,2,March,Jupiter's four largest moons were discovered beyond Earth,Science,The source states: “Jupiter's four largest moons were the first moons discovered beyond Earth.”,high,https://science.nasa.gov/solar-system/moons/facts/,Astronomy,Moons: Facts,science.nasa.gov,verified
FACT-2027-03-19-S03,19,2027-03-19,The majority of radiation from the Sun is absorbed by the ocean.,3,March,Most solar radiation is absorbed by the ocean,Ocean & Marine,"The source states: ""The majority of radiation from the Sun is absorbed by the ocean.""",high,https://oceanexplorer.noaa.gov/ocean-fact/climate/,Oceanography,How does the ocean affect climate and weather on land? - NOAA Ocean Exploration,oceanexplorer.noaa.gov,verified
FACT-2027-03-19-S04,19,2027-03-19,USGS volcano science is primarily focused on volcanoes within the United States.,4,March,USGS volcano science focus,Nature,"The source states, ""USGS volcano science is primarily focused on volcanoes located within the United States.""",high,https://www.usgs.gov/news/featured-story/volcanoes-and-usgs-volcano-science-just-facts,Volcanology,Volcanoes and USGS Volcano Science: Just the Facts | U.S. Geological Survey,usgs.gov,verified
FACT-2027-03-19-S05,19,2027-03-19,Edison's patent covered an improvement in electric lamps.,5,March,Patent subject,History,"The citation describes the record as an application ""for an improvement in electric lamps,"" and the application requests a patent for ""an Improvement in Electric Lamps.""",high,https://www.archives.gov/milestone-documents/thomas-edisons-patent-application-for-the-light-bulb,United States history,Thomas Edison's Patent Application for the Light Bulb (1880) | National Archives,archives.gov,verified
FACT-2027-03-19-S06,19,2027-03-19,"African Voices examines the diversity, dynamism and global influence of Africa’s peoples and cultures.",6,March,African Voices,Ancient Civilizations,The source states that the exhibition examines these qualities over time.,high,https://www.si.edu/newsdesk/factsheets/national-museum-natural-history,Material culture,National Museum of Natural History | Smithsonian Institution,si.edu,verified
FACT-2027-03-19-S07,19,2027-03-19,"The word planet traces back to the ancient Greek word planēt, meaning “wanderer.”",7,March,Meaning of planet,Space,"The source states, ""The word traces back to the ancient Greek word planēt, which means ‘wanderer.’""",high,https://science.nasa.gov/solar-system/planets/,Astronomy,About the Planets,science.nasa.gov,verified
FACT-2027-03-19-S08,19,2027-03-19,Ganymede is the largest moon in the solar system.,8,March,Ganymede is the largest moon,Science,The source states: “Jupiter's menagerie of moons includes the largest moon in the solar system — Ganymede.”,high,https://science.nasa.gov/solar-system/moons/facts/,Astronomy,Moons: Facts,science.nasa.gov,verified
FACT-2027-03-19-S09,19,2027-03-19,Solar radiation absorption by the ocean is particularly strong in tropical waters around the equator.,9,March,Tropical waters absorb much solar radiation,Ocean & Marine,"The source states that the majority of solar radiation is absorbed by the ocean, ""particularly in tropical waters around the equator.""",high,https://oceanexplorer.noaa.gov/ocean-fact/climate/,Oceanography,How does the ocean affect climate and weather on land? - NOAA Ocean Exploration,oceanexplorer.noaa.gov,verified
FACT-2027-03-19-S10,19,2027-03-19,The USGS works globally with various international agencies.,10,March,USGS cooperation with international agencies,Nature,"The source states, ""Although we work globally with various international agencies.""",high,https://www.usgs.gov/news/featured-story/volcanoes-and-usgs-volcano-science-just-facts,Natural phenomena,Volcanoes and USGS Volcano Science: Just the Facts | U.S. Geological Survey,usgs.gov,verified
FACT-2027-03-19-S11,19,2027-03-19,"Thomas A. Edison was identified in the application as being from Menlo Park, New Jersey.",11,March,Edison's residence in Menlo Park,History,"The application states, ""Your Petitioner Thomas A. Edison of Menlo Park in the State of New Jersey.""",high,https://www.archives.gov/milestone-documents/thomas-edisons-patent-application-for-the-light-bulb,United States history,Thomas Edison's Patent Application for the Light Bulb (1880) | National Archives,archives.gov,verified
FACT-2027-03-19-S12,19,2027-03-19,The museum offers school programs aligned with the Next Generation Science Standards for K–12 student groups.,12,March,School program standards,Ancient Civilizations,The source states that school programs aligned with the standards are available for K–12 student groups.,high,https://www.si.edu/newsdesk/factsheets/national-museum-natural-history,Material culture,National Museum of Natural History | Smithsonian Institution,si.edu,verified
FACT-2027-03-19-S13,19,2027-03-19,"All five ARS human nutrition centers develop or improve methods for assessing nutritional status, particularly through noninvasive means.",13,March,Noninvasive nutritional-status assessment,Food,The source states this directly.,high,https://www.ars.usda.gov/oc/timeline/nutrition/,Food science history,nutrition : USDA ARS,ars.usda.gov,verified
FACT-2027-03-19-S14,19,2027-03-19,"A newborn giant panda cub is pink, hairless, blind and weighs about 3 to 5 ounces.",14,March,Newborn condition,Everyday Life,"The source describes a newborn cub as weighing 3–5 ounces and being pink, hairless and blind.",high,https://nationalzoo.si.edu/animals/giant-panda,Public institutions,Giant panda | Smithsonian National Zoo,nationalzoo.si.edu,verified
FACT-2027-03-19-S15,19,2027-03-19,"Although a female giant panda may give birth to two young, usually only one survives.",15,March,Typical surviving offspring,Animals,The source states that females may give birth to two young but usually only one survives.,high,https://nationalzoo.si.edu/animals/giant-panda,Zoology,Giant panda | Smithsonian National Zoo,nationalzoo.si.edu,verified
FACT-2027-03-19-S16,19,2027-03-19,"Observations with the Hubble Space Telescope revealed a giant, evolving, 10-sided atmospheric wave around Saturn's south pole.",16,March,Saturn's southern decagon,Technology,"The source states, ""Recent observations with NASA’s Hubble Space Telescope have revealed a giant, evolving, 10-sided atmospheric wave encircling Saturn's south pole.""",high,https://science.nasa.gov/solar-system/planets/,Space technology,About the Planets,science.nasa.gov,verified
FACT-2027-03-19-S17,19,2027-03-19,"Edison's electric-lamp patent was patented on January 27, 1880.",17,March,Electric-lamp patent date,Inventions,"The citation identifies the record as ""Thomas Edison's patent drawing and application for an improvement in electric lamps, patented January 27, 1880.""",high,https://www.archives.gov/milestone-documents/thomas-edisons-patent-application-for-the-light-bulb,Invention history,Thomas Edison's Patent Application for the Light Bulb (1880) | National Archives,archives.gov,verified
FACT-2027-03-19-S18,19,2027-03-19,"The hindbrain includes the upper spinal cord, brain stem, and cerebellum.",18,March,Hindbrain components,Human Body,"The source states that “the hindbrain includes the upper part of the spinal cord, the brain stem, and a wrinkled ball of tissue called the cerebellum.”",high,https://www.ninds.nih.gov/health-information/public-education/brain-basics/brain-basics-know-your-brain,Neuroscience,Brain Basics: Know Your Brain | National Institute of Neurological Disorders and Stroke,ninds.nih.gov,verified
FACT-2027-03-19-S19,19,2027-03-19,"Examples of climate include expected snow in the Northeast in January and hot, humid conditions in the Southeast in July.",19,March,Climate describes expected weather patterns,Geography,The source states: “you can expect snow in the Northeast in January or for it to be hot and humid in the Southeast in July. This is climate.”,high,https://oceanservice.noaa.gov/facts/weather_climate.html,Climate,What is the difference between weather and climate?,oceanservice.noaa.gov,verified
FACT-2027-03-19-S20,19,2027-03-19,The Boston center studied antioxidants including vitamins C and E and beta carotene.,20,March,Antioxidant research,Food,The source states that a substantial amount of Boston center research dealt with these antioxidants.,high,https://www.ars.usda.gov/oc/timeline/nutrition/,Food science history,nutrition : USDA ARS,ars.usda.gov,verified
FACT-2027-03-20-S01,20,2027-03-20,"In 2006, the International Astronomical Union agreed on its own definition of “planet.”",1,March,IAU planet definition,Space,"The source states, ""In 2006, the International Astronomical Union (IAU) ... agreed on their own definition of ‘planet.’""",high,https://science.nasa.gov/solar-system/planets/,Astronomy,About the Planets,science.nasa.gov,verified
FACT-2027-03-20-S02,20,2027-03-20,Europa is an ocean moon of Jupiter.,2,March,Europa is an ocean moon,Science,The source states: “Jupiter also has an ocean moon —Europa.”,high,https://science.nasa.gov/solar-system/moons/facts/,Astronomy,Moons: Facts,science.nasa.gov,verified
FACT-2027-03-20-S03,20,2027-03-20,"The ocean around the equator acts like a massive, heat-retaining solar panel.",3,March,Ocean acts as a heat-retaining solar panel,Ocean & Marine,"The source states that, in tropical waters around the equator, ""the ocean acts like a massive, heat-retaining solar panel.""",high,https://oceanexplorer.noaa.gov/ocean-fact/climate/,Oceanography,How does the ocean affect climate and weather on land? - NOAA Ocean Exploration,oceanexplorer.noaa.gov,verified
FACT-2027-03-20-S04,20,2027-03-20,The USGS and USAID’s Bureau of Humanitarian Assistance jointly fund the Volcano Disaster Assistance Program.,4,March,Volcano Disaster Assistance Program,Nature,"The source describes the ""USGS/USAID-funded Volcano Disaster Assistance Program"" as a partnership between the USGS and USAID’s Bureau of Humanitarian Assistance.",high,https://www.usgs.gov/news/featured-story/volcanoes-and-usgs-volcano-science-just-facts,Volcanology,Volcanoes and USGS Volcano Science: Just the Facts | U.S. Geological Survey,usgs.gov,verified
FACT-2027-03-20-S05,20,2027-03-20,Edison petitioned for letters patent for an improvement in electric lamps and the method of manufacturing them.,5,March,Edison petitioned for letters patent,History,"The application states that Edison ""prays that Letters Patent may be granted to him for the invention of an Improvement in Electric Lamps and in the method of manufacturing the same.""",high,https://www.archives.gov/milestone-documents/thomas-edisons-patent-application-for-the-light-bulb,United States history,Thomas Edison's Patent Application for the Light Bulb (1880) | National Archives,archives.gov,verified
FACT-2027-03-20-S06,20,2027-03-20,The museum offers 400 digital teaching resources and short explainer videos.,6,March,Digital teaching resources,Ancient Civilizations,The source refers to “the museum’s 400 digital teaching resources and short explainer videos.”,high,https://www.si.edu/newsdesk/factsheets/national-museum-natural-history,Material culture,National Museum of Natural History | Smithsonian Institution,si.edu,verified
FACT-2027-03-20-S07,20,2027-03-20,Pluto was reclassified as a dwarf planet in 2006 by the International Astronomical Union.,7,March,Pluto reclassification,Space,"The source states, ""Pluto was long considered our solar system's ninth planet. It was reclassified as a dwarf planet in 2006 by the International Astronomical Union.""",high,https://science.nasa.gov/solar-system/planets/,Astronomy,About the Planets,science.nasa.gov,verified
FACT-2027-03-20-S08,20,2027-03-20,Io is a volcanic moon of Jupiter.,8,March,Io is volcanic,Science,"The source states: “Jupiter's other two large moons are Io, a volcanic moon, and Callisto.”",high,https://science.nasa.gov/solar-system/moons/facts/,Astronomy,Moons: Facts,science.nasa.gov,verified
FACT-2027-03-20-S09,20,2027-03-20,Land areas absorb some sunlight.,9,March,Land absorbs sunlight,Ocean & Marine,"The source states: ""Land areas also absorb some sunlight.""",high,https://oceanexplorer.noaa.gov/ocean-fact/climate/,Oceanography,How does the ocean affect climate and weather on land? - NOAA Ocean Exploration,oceanexplorer.noaa.gov,verified
FACT-2027-03-20-S10,20,2027-03-20,The USGS partners with the Smithsonian’s National Museum of Natural History’s Global Volcanism Program.,10,March,USGS-Smithsonian partnership,Nature,"The source states that ""USGS partners with the Smithsonian’s National Museum of Natural History’s ‘Global Volcanism Program’.""",high,https://www.usgs.gov/news/featured-story/volcanoes-and-usgs-volcano-science-just-facts,Volcanology,Volcanoes and USGS Volcano Science: Just the Facts | U.S. Geological Survey,usgs.gov,verified
FACT-2027-03-20-S11,20,2027-03-20,The patent application was identified as case number 186.,11,March,Patent application case number,History,"The application text ends the description of the invention with ""(Case no. 186).""",high,https://www.archives.gov/milestone-documents/thomas-edisons-patent-application-for-the-light-bulb,United States history,Thomas Edison's Patent Application for the Light Bulb (1880) | National Archives,archives.gov,verified
FACT-2027-03-20-S12,20,2027-03-20,William Temple Hornaday became the first head of the Smithsonian's Department of Living Animals in 1886.,12,March,William Temple Hornaday led the Department of Living Animals,Everyday Life,The source states that he 'became the first head of the Department of Living Animals at the Smithsonian later that year' after his 1886 trip.,high,https://nationalzoo.si.edu/about/history,Public institutions,History | Smithsonian National Zoo,nationalzoo.si.edu,verified
FACT-2027-03-20-S13,20,2027-03-20,Giant panda cubs may stay with their mothers for up to three years.,13,March,Maternal dependency,Animals,The source states that giant panda cubs may stay with their mothers for up to three years.,high,https://nationalzoo.si.edu/animals/giant-panda,Zoology,Giant panda | Smithsonian National Zoo,nationalzoo.si.edu,verified
FACT-2027-03-20-S14,20,2027-03-20,The museum’s Ocean Portal and Human Origins websites provide deeper information on marine science and human evolution.,14,March,Ocean Portal and Human Origins websites,Ancient Civilizations,The source states that visitors can explore marine science and human evolution through these websites.,high,https://www.si.edu/newsdesk/factsheets/national-museum-natural-history,Material culture,National Museum of Natural History | Smithsonian Institution,si.edu,verified
FACT-2027-03-20-S15,20,2027-03-20,Direct evidence of another planet in the solar system has not yet been found.,15,March,Unconfirmed additional planet,Technology,"The source states, ""direct evidence of another planet has yet to be found.""",high,https://science.nasa.gov/solar-system/planets/,Space technology,About the Planets,science.nasa.gov,verified
FACT-2027-03-20-S16,20,2027-03-20,The human brain weighs approximately three pounds.,16,March,Brain weight,Psychology,The source describes the brain as “this three-pound organ.”,high,https://www.ninds.nih.gov/health-information/public-education/brain-basics/brain-basics-know-your-brain,Cognition,Brain Basics: Know Your Brain | National Institute of Neurological Disorders and Stroke,ninds.nih.gov,verified
FACT-2027-03-20-S17,20,2027-03-20,Lemuel W. Serrell was identified as Edison's attorney for the patent application.,17,March,Edison's patent attorney,Inventions,"The application asks that the Patent Office recognize ""Lemuel W. Serrell, of the City of New York, N.Y., as his Attorney.""",high,https://www.archives.gov/milestone-documents/thomas-edisons-patent-application-for-the-light-bulb,Invention history,Thomas Edison's Patent Application for the Light Bulb (1880) | National Archives,archives.gov,verified
FACT-2027-03-20-S18,20,2027-03-20,The hindbrain controls vital functions such as respiration and heart rate.,18,March,Hindbrain vital functions,Human Body,The source states that “the hindbrain controls the body’s vital functions such as respiration and heart rate.”,high,https://www.ninds.nih.gov/health-information/public-education/brain-basics/brain-basics-know-your-brain,Neuroscience,Brain Basics: Know Your Brain | National Institute of Neurological Disorders and Stroke,ninds.nih.gov,verified
FACT-2027-03-20-S19,20,2027-03-20,The climate record includes extreme values such as record high temperatures and record amounts of rainfall.,19,March,Climate records include extreme values,Geography,The source states: “The climate record also includes extreme values such as record high temperatures or record amounts of rainfall.”,high,https://oceanservice.noaa.gov/facts/weather_climate.html,Climate,What is the difference between weather and climate?,oceanservice.noaa.gov,verified
FACT-2027-03-20-S20,20,2027-03-20,Wilbur Olin Atwater died in 1907.,20,March,Atwater's death,Food,The source states both that he remained at Wesleyan until his death in 1907 and that vitamins and most minerals were discovered after his death in 1907.,high,https://www.ars.usda.gov/oc/timeline/nutrition/,Food science history,nutrition : USDA ARS,ars.usda.gov,verified
FACT-2027-03-21-S01,21,2027-03-21,"The first four planets from the Sun are Mercury, Venus, Earth, and Mars.",1,March,Inner planets,Space,"The source states, ""The first four planets from the Sun are Mercury, Venus, Earth, and Mars.""",high,https://science.nasa.gov/solar-system/planets/,Astronomy,About the Planets,science.nasa.gov,verified
FACT-2027-03-21-S02,21,2027-03-21,Many of Jupiter's outer moons have highly elliptical orbits and orbit backward relative to the planet's spin.,2,March,Some outer Jovian moons orbit backward,Science,The source states: “Many of Jupiter's outer moons have highly elliptical orbits and orbit backwards (opposite to the spin of the planet).”,high,https://science.nasa.gov/solar-system/moons/facts/,Astronomy,Moons: Facts,science.nasa.gov,verified
FACT-2027-03-21-S03,21,2027-03-21,The atmosphere helps retain heat that would otherwise quickly radiate into space after sunset.,3,March,Atmosphere retains heat,Ocean & Marine,"The source states: ""The atmosphere helps to retain heat that would otherwise quickly radiate into space after sunset.""",high,https://oceanexplorer.noaa.gov/ocean-fact/climate/,Oceanography,How does the ocean affect climate and weather on land? - NOAA Ocean Exploration,oceanexplorer.noaa.gov,verified
FACT-2027-03-21-S04,21,2027-03-21,Comprehensive monitoring can provide timely warnings of a volcano reawakening.,4,March,Comprehensive monitoring provides warnings,Nature,"The source states, ""Comprehensive monitoring provides timely warnings of a volcano ‘reawakening.’""",high,https://www.usgs.gov/news/featured-story/volcanoes-and-usgs-volcano-science-just-facts,Natural phenomena,Volcanoes and USGS Volcano Science: Just the Facts | U.S. Geological Survey,usgs.gov,verified
FACT-2027-03-21-S05,21,2027-03-21,The Patent Office granted Thomas Edison a patent for his electric lamp.,5,March,Patent Office grant,History,"The source states, ""The Patent Office granted Thomas Edison a patent for his \""electric-lamp.\""""",high,https://www.archives.gov/milestone-documents/thomas-edisons-patent-application-for-the-light-bulb,United States history,Thomas Edison's Patent Application for the Light Bulb (1880) | National Archives,archives.gov,verified
FACT-2027-03-21-S06,21,2027-03-21,"By the 1950s, the Zoo had hired its first full-time veterinarian.",6,March,The Zoo hired its first full-time veterinarian by the 1950s,Everyday Life,"The source states, 'By the 1950s it was emerging as a leader in animal care and conservation science, and hired its first full-time veterinarian.'",high,https://nationalzoo.si.edu/about/history,Public institutions,History | Smithsonian National Zoo,nationalzoo.si.edu,verified
FACT-2027-03-21-S07,21,2027-03-21,Giant panda cubs open their eyes at about 6 to 8 weeks and become mobile at about 3 months.,7,March,Cub development,Animals,The source states that cubs do not open their eyes until 6–8 weeks and are not mobile until 3 months.,high,https://nationalzoo.si.edu/animals/giant-panda,Zoology,Giant panda | Smithsonian National Zoo,nationalzoo.si.edu,verified
FACT-2027-03-21-S08,21,2027-03-21,The museum is open daily from 10 a.m. to 5:30 p.m.,8,March,Opening hours,Ancient Civilizations,"The source states, “The museum is open daily ... from 10 a.m. to 5:30 p.m.”",high,https://www.si.edu/newsdesk/factsheets/national-museum-natural-history,Material culture,National Museum of Natural History | Smithsonian Institution,si.edu,verified
FACT-2027-03-21-S09,21,2027-03-21,Moons are also called planetary satellites.,9,March,Moons are planetary satellites,Technology,"The source states: “Moons – also called planetary satellites – come in many shapes, sizes and types.”",high,https://science.nasa.gov/solar-system/moons/facts/,Space technology,Moons: Facts,science.nasa.gov,verified
FACT-2027-03-21-S10,21,2027-03-21,"Mercury, Venus, Earth, and Mars are also known as terrestrial planets because they have solid surfaces.",10,March,Terrestrial planets,Space,"The source states, ""These inner planets also are known as terrestrial planets because they have solid surfaces.""",high,https://science.nasa.gov/solar-system/planets/,Astronomy,About the Planets,science.nasa.gov,verified
FACT-2027-03-21-S11,21,2027-03-21,Saturn's two ocean moons are Enceladus and Titan.,11,March,Saturn has two ocean moons,Science,The source states: “Saturn has two ocean moons – Enceladus and Titan.”,high,https://science.nasa.gov/solar-system/moons/facts/,Astronomy,Moons: Facts,science.nasa.gov,verified
FACT-2027-03-21-S12,21,2027-03-21,The cerebellum coordinates movement and is involved in learned movements.,12,March,Cerebellar movement coordination,Psychology,The source states that “the cerebellum coordinates movement and is involved in learned movements.”,high,https://www.ninds.nih.gov/health-information/public-education/brain-basics/brain-basics-know-your-brain,Cognition,Brain Basics: Know Your Brain | National Institute of Neurological Disorders and Stroke,ninds.nih.gov,verified
FACT-2027-03-21-S13,21,2027-03-21,The ocean helps distribute heat around the globe.,13,March,Ocean distributes heat globally,Ocean & Marine,"The source states: ""The ocean doesn’t just store solar radiation — it also helps to distribute heat around the globe.""",high,https://oceanexplorer.noaa.gov/ocean-fact/climate/,Oceanography,How does the ocean affect climate and weather on land? - NOAA Ocean Exploration,oceanexplorer.noaa.gov,verified
FACT-2027-03-21-S14,21,2027-03-21,Information from volcano monitoring can help communities prepare for an eruption.,14,March,Monitoring supports community preparation,Nature,"The source states that monitoring information ""helps communities prepare for an eruption event.""",high,https://www.usgs.gov/news/featured-story/volcanoes-and-usgs-volcano-science-just-facts,Volcanology,Volcanoes and USGS Volcano Science: Just the Facts | U.S. Geological Survey,usgs.gov,verified
FACT-2027-03-21-S15,21,2027-03-21,Spoken or signed language is a more or less universal human competence.,15,March,Language is a broadly universal human competence,Language,The source states that “spoken or signed language is a more or less universal human competence.”,high,https://www.britannica.com/topic/writing/History-of-writing-systems,Writing systems,"Writing - Scripts, Alphabets, Cuneiform | Britannica",britannica.com,verified
FACT-2027-03-21-S16,21,2027-03-21,The patent drawing and application are identified as a National Archives record.,16,March,National Archives source,Inventions,"The citation ends with ""National Archives.""",high,https://www.archives.gov/milestone-documents/thomas-edisons-patent-application-for-the-light-bulb,Invention history,Thomas Edison's Patent Application for the Light Bulb (1880) | National Archives,archives.gov,verified
FACT-2027-03-21-S17,21,2027-03-21,The midbrain controls some reflex actions and participates in controlling eye and other voluntary movements.,17,March,Midbrain functions,Human Body,The source states that the midbrain “controls some reflex actions and is part of the circuit involved in the control of eye movements and other voluntary movements.”,high,https://www.ninds.nih.gov/health-information/public-education/brain-basics/brain-basics-know-your-brain,Neuroscience,Brain Basics: Know Your Brain | National Institute of Neurological Disorders and Stroke,ninds.nih.gov,verified
FACT-2027-03-21-S18,21,2027-03-21,"The patent drawing and application are held in Records of the Patent and Trademark Office, Record Group 241.",18,March,Record group,History,"The citation states, ""Records of the Patent and Trademark Office; Record Group 241; National Archives.""",high,https://www.archives.gov/milestone-documents/thomas-edisons-patent-application-for-the-light-bulb,United States history,Thomas Edison's Patent Application for the Light Bulb (1880) | National Archives,archives.gov,verified
FACT-2027-03-21-S19,21,2027-03-21,Climate change refers to changes in long-term averages of daily weather.,19,March,Climate change concerns long-term weather averages,Geography,"The source states: “when we are talking about climate change, we are talking about changes in long-term averages of daily weather.”",high,https://oceanservice.noaa.gov/facts/weather_climate.html,Climate,What is the difference between weather and climate?,oceanservice.noaa.gov,verified
FACT-2027-03-21-S20,21,2027-03-21,Frozen food has always existed in climates cold enough for food to freeze.,20,March,Natural frozen food,Food,The source states: “frozen food has always existed in climates that were cold enough for the food to freeze.”,high,https://www.loc.gov/everyday-mysteries/categories/technology/item/who-invented-frozen-food/,Food science history,Who invented frozen food?  | Library of Congress,loc.gov,verified
FACT-2027-03-22-S01,22,2027-03-22,Ling Ling and Hsing Hsing were the Zoo's first giant pandas and arrived in 1972.,1,March,The first giant pandas arrived in 1972,Everyday Life,The source states that 'the arrival in 1972 of Ling Ling and Hsing Hsing' marked 'the Zoo's first giant pandas.',high,https://nationalzoo.si.edu/about/history,Public institutions,History | Smithsonian National Zoo,nationalzoo.si.edu,verified
FACT-2027-03-22-S02,22,2027-03-22,The largest threat to giant panda survival is habitat destruction.,2,March,Primary conservation threat,Animals,The source explicitly states that “the largest threat to giant panda survival is habitat destruction.”,high,https://nationalzoo.si.edu/animals/giant-panda,Zoology,Giant panda | Smithsonian National Zoo,nationalzoo.si.edu,verified
FACT-2027-03-22-S03,22,2027-03-22,Admission to the museum is free.,3,March,Free admission,Ancient Civilizations,"The source states, “Admission is free.”",high,https://www.si.edu/newsdesk/factsheets/national-museum-natural-history,Material culture,National Museum of Natural History | Smithsonian Institution,si.edu,verified
FACT-2027-03-22-S04,22,2027-03-22,"Moons orbit planets and dwarf planets, and they also orbit asteroids.",4,March,"Moons can orbit planets, dwarf planets, and asteroids",Technology,"The source states: “Moons orbit planets, and dwarf planets. They also orbit asteroids.”",high,https://science.nasa.gov/solar-system/moons/facts/,Space technology,Moons: Facts,science.nasa.gov,verified
FACT-2027-03-22-S05,22,2027-03-22,The giant planets in the outer solar system do not have hard surfaces and instead have swirling gases above a core.,5,March,Outer planet surfaces,Space,"The source states, ""The giant planets in the outer solar system don't have hard surfaces. Instead, they have swirling gases above a core.""",high,https://science.nasa.gov/solar-system/planets/,Astronomy,About the Planets,science.nasa.gov,verified
FACT-2027-03-22-S06,22,2027-03-22,Titan has a subsurface ocean and surface lakes or seas of ethane and methane.,6,March,Titan has subsurface and surface liquids,Science,The source states: “Both have subsurface oceans and Titan also has surface seas of lakes of ethane and methane.”,high,https://science.nasa.gov/solar-system/moons/facts/,Astronomy,Moons: Facts,science.nasa.gov,verified
FACT-2027-03-22-S07,22,2027-03-22,The cerebrum is divided into two hemispheres by a deep fissure.,7,March,Cerebral hemisphere division,Psychology,The source states that “the cerebrum is split into two halves (hemispheres) by a deep fissure.”,high,https://www.ninds.nih.gov/health-information/public-education/brain-basics/brain-basics-know-your-brain,Cognition,Brain Basics: Know Your Brain | National Institute of Neurological Disorders and Stroke,ninds.nih.gov,verified
FACT-2027-03-22-S08,22,2027-03-22,Ocean evaporation increases the temperature and humidity of the surrounding air.,8,March,Ocean evaporation increases nearby temperature and humidity,Ocean & Marine,"The source states: ""Ocean water is constantly evaporating, increasing the temperature and humidity of the surrounding air.""",high,https://oceanexplorer.noaa.gov/ocean-fact/climate/,Oceanography,How does the ocean affect climate and weather on land? - NOAA Ocean Exploration,oceanexplorer.noaa.gov,verified
FACT-2027-03-22-S09,22,2027-03-22,The USGS uses several different types of instruments to measure a volcano’s activity level.,9,March,USGS monitoring instruments,Nature,"The source states, ""The USGS measures the activity level of a volcano with several different types of instruments.""",high,https://www.usgs.gov/news/featured-story/volcanoes-and-usgs-volcano-science-just-facts,Volcanology,Volcanoes and USGS Volcano Science: Just the Facts | U.S. Geological Survey,usgs.gov,verified
FACT-2027-03-22-S10,22,2027-03-22,Spoken or signed language has been characteristic of the human species from the beginning.,10,March,Language has characterized humans from the beginning,Language,The source states that spoken or signed language “has been characteristic of the species from the beginning.”,high,https://www.britannica.com/topic/writing/History-of-writing-systems,Writing systems,"Writing - Scripts, Alphabets, Cuneiform | Britannica",britannica.com,verified
FACT-2027-03-22-S11,22,2027-03-22,The page features a story titled “Ready for Their Close-ups: Women Inventors in Filmmaking.”,11,March,Women inventors in filmmaking story,Inventions,The page displays the heading “Ready for Their Close-ups: Women Inventors in Filmmaking.”,high,https://invention.si.edu/invention-stories,Patent history,Invention Stories | Lemelson,invention.si.edu,verified
FACT-2027-03-22-S12,22,2027-03-22,The forebrain is the largest and most highly developed part of the human brain and consists primarily of the cerebrum and structures beneath it.,12,March,Forebrain composition,Human Body,The source describes the forebrain as “the largest and most highly developed part of the human brain” and says it “consists primarily of the cerebrum and the structures hidden beneath it.”,high,https://www.ninds.nih.gov/health-information/public-education/brain-basics/brain-basics-know-your-brain,Neuroscience,Brain Basics: Know Your Brain | National Institute of Neurological Disorders and Stroke,ninds.nih.gov,verified
FACT-2027-03-22-S13,22,2027-03-22,"The museum is located at 10th Street and Constitution Avenue N.W. in Washington, D.C.",13,March,Museum location,History,"The source states that the museum is “located at 10th Street and Constitution Avenue N.W., Washington, D.C.”",high,https://www.si.edu/newsdesk/factsheets/national-museum-natural-history,Museum collections,National Museum of Natural History | Smithsonian Institution,si.edu,verified
FACT-2027-03-22-S14,22,2027-03-22,The National Ocean Service and the National Oceanic and Atmospheric Administration are identified together in the source.,14,March,The National Ocean Service is part of NOAA,Geography,The source header states: “National Ocean Service National Oceanic and Atmospheric Administration.”,high,https://oceanservice.noaa.gov/facts/weather_climate.html,Climate,What is the difference between weather and climate?,oceanservice.noaa.gov,verified
FACT-2027-03-22-S15,22,2027-03-22,"Enoch Piper, William Davis, and Daniel E. Somes developed innovative food-freezing techniques.",15,March,Early freezing innovators,Food,"The source states: “Many people developed innovative food-freezing techniques, including Enoch Piper, William Davis, and Daniel E. Somes.”",high,https://www.loc.gov/everyday-mysteries/categories/technology/item/who-invented-frozen-food/,Food science history,Who invented frozen food?  | Library of Congress,loc.gov,verified
FACT-2027-03-22-S16,22,2027-03-22,Golden lion tamarins free-ranged at the Zoo from 1986 to 2007 in preparation for reintroduction to the Brazilian rainforest.,16,March,Golden lion tamarins were prepared for reintroduction,Everyday Life,"The source states, 'Golden lion tamarins, an endangered species, free-ranged at the Zoo from 1986 to 2007, in preparation for reintroduction to the Brazilian rainforest.'",high,https://nationalzoo.si.edu/about/history,Public institutions,History | Smithsonian National Zoo,nationalzoo.si.edu,verified
FACT-2027-03-22-S17,22,2027-03-22,The planet is home to a diverse array of life.,17,March,Global animal diversity,Animals,"The source states, “Our planet is home to a diverse array of life.”",high,https://naturalhistory.si.edu/explore/animals,Zoology,Animals | Smithsonian National Museum of Natural History,naturalhistory.si.edu,verified
FACT-2027-03-22-S18,22,2027-03-22,"William Temple Hornaday brought 15 North American species to live on Washington, D.C.'s National Mall.",18,March,Hornaday brought 15 North American species to the National Mall,Ancient Civilizations,"The source states that Hornaday 'brought 15 North American species to live on the National Mall in Washington, D.C.'",high,https://nationalzoo.si.edu/about/history,Material culture,History | Smithsonian National Zoo,nationalzoo.si.edu,verified
FACT-2027-03-22-S19,22,2027-03-22,Most planetary moons are generally solid bodies.,19,March,Most moons are solid bodies,Technology,"The source states: “They are generally solid bodies, and few have atmospheres.”",high,https://science.nasa.gov/solar-system/moons/facts/,Space technology,Moons: Facts,science.nasa.gov,verified
FACT-2027-03-22-S20,22,2027-03-22,Jupiter and Saturn are gas giants.,20,March,Gas giants,Space,"The source states, ""Jupiter and Saturn are gas giants.""",high,https://science.nasa.gov/solar-system/planets/,Astronomy,About the Planets,science.nasa.gov,verified
FACT-2027-03-23-S01,23,2027-03-23,Titan is the only moon with a thick atmosphere.,1,March,Titan has a thick atmosphere,Science,"The source states: “Titan, the second largest in the solar system, is the only moon with a thick atmosphere.”",high,https://science.nasa.gov/solar-system/moons/facts/,Astronomy,Moons: Facts,science.nasa.gov,verified
FACT-2027-03-23-S02,23,2027-03-23,Most actual information processing in the brain takes place in the cerebral cortex.,2,March,Cortical information processing,Psychology,The source states that “most of the actual information processing in the brain takes place in the cerebral cortex.”,high,https://www.ninds.nih.gov/health-information/public-education/brain-basics/brain-basics-know-your-brain,Cognition,Brain Basics: Know Your Brain | National Institute of Neurological Disorders and Stroke,ninds.nih.gov,verified
FACT-2027-03-23-S03,23,2027-03-23,Ocean evaporation helps form rain and storms.,3,March,Evaporation helps form rain and storms,Ocean & Marine,"The source states that evaporation increases surrounding air temperature and humidity ""to form rain and storms.""",high,https://oceanexplorer.noaa.gov/ocean-fact/climate/,Oceanography,How does the ocean affect climate and weather on land? - NOAA Ocean Exploration,oceanexplorer.noaa.gov,verified
FACT-2027-03-23-S04,23,2027-03-23,The USGS employs a nationwide alert-level system to characterize conditions of volcanoes in the United States.,4,March,U.S. volcano alert system,Nature,"The source states that the USGS employs ""a nationwide alert-level system for characterizing conditions of volcanoes in the U.S.""",high,https://www.usgs.gov/news/featured-story/volcanoes-and-usgs-volcano-science-just-facts,Volcanology,Volcanoes and USGS Volcano Science: Just the Facts | U.S. Geological Survey,usgs.gov,verified
FACT-2027-03-23-S05,23,2027-03-23,Human beings commonly acquire spoken or signed language without systematic instruction.,5,March,Language is commonly acquired without systematic instruction,Language,The source states that spoken or signed language “is commonly acquired by human beings without systematic instruction.”,high,https://www.britannica.com/topic/writing/History-of-writing-systems,Writing systems,"Writing - Scripts, Alphabets, Cuneiform | Britannica",britannica.com,verified
FACT-2027-03-23-S06,23,2027-03-23,Sports and Games is one of the page’s favorite categories.,6,March,Sports and Games category,Inventions,The page lists “Sports and Games” under “Our favorite categories.”,high,https://invention.si.edu/invention-stories,Patent history,Invention Stories | Lemelson,invention.si.edu,verified
FACT-2027-03-23-S07,23,2027-03-23,"The cerebrum is the source of conscious thoughts and actions, holds memories, and supports planning, imagining, and thinking.",7,March,Cerebrum cognitive functions,Human Body,"The source states that the cerebrum “is the source of conscious thoughts and actions,” “holds your memories,” and allows people “to plan, imagine, and think.”",high,https://www.ninds.nih.gov/health-information/public-education/brain-basics/brain-basics-know-your-brain,Neuroscience,Brain Basics: Know Your Brain | National Institute of Neurological Disorders and Stroke,ninds.nih.gov,verified
FACT-2027-03-23-S08,23,2027-03-23,The museum opened in 1910.,8,March,Opening year,History,"The source states, “Opened in 1910.”",high,https://www.si.edu/newsdesk/factsheets/national-museum-natural-history,Museum collections,National Museum of Natural History | Smithsonian Institution,si.edu,verified
FACT-2027-03-23-S09,23,2027-03-23,NOAA is listed as the author of the article.,9,March,NOAA authored the article,Geography,The source states: “Author: NOAA.”,high,https://oceanservice.noaa.gov/facts/weather_climate.html,Climate,What is the difference between weather and climate?,oceanservice.noaa.gov,verified
FACT-2027-03-23-S10,23,2027-03-23,Birdseye’s quick-freezing method produces the type of frozen foods known today.,10,March,Modern frozen foods,Food,The source states that the method “produces the type of frozen foods that we know today.”,high,https://www.loc.gov/everyday-mysteries/categories/technology/item/who-invented-frozen-food/,Food science history,Who invented frozen food?  | Library of Congress,loc.gov,verified
FACT-2027-03-23-S11,23,2027-03-23,The first ever-surviving panda cub at the Zoo was born in 2005.,11,March,The Zoo's first surviving panda cub was born in 2005,Everyday Life,The source identifies 'the birth of the first ever-surviving panda cub at the Zoo (2005).' ,high,https://nationalzoo.si.edu/about/history,Public institutions,History | Smithsonian National Zoo,nationalzoo.si.edu,verified
FACT-2027-03-23-S12,23,2027-03-23,Animals have adaptations that allow them to thrive across the globe.,12,March,Animal adaptations,Animals,The source states that animals have “amazing adaptations that allow them to thrive across the entire globe.”,high,https://naturalhistory.si.edu/explore/animals,Zoology,Animals | Smithsonian National Museum of Natural History,naturalhistory.si.edu,verified
FACT-2027-03-23-S13,23,2027-03-23,President Grover Cleveland signed the act creating the National Zoological Park in 1889.,13,March,The National Zoological Park was created in 1889,Ancient Civilizations,"The source states, 'In 1889 President Grover Cleveland officially signed an act of congress into law creating the National Zoological Park.'",high,https://nationalzoo.si.edu/about/history,Material culture,History | Smithsonian National Zoo,nationalzoo.si.edu,verified
FACT-2027-03-23-S14,23,2027-03-23,Most planetary moons probably formed from discs of gas and dust circulating around planets in the early solar system.,14,March,Many moons formed from planetary circumstellar material,Technology,The source states: “Most planetary moons probably formed out the discs of gas and dust circulating around the planets in the early solar system.”,high,https://science.nasa.gov/solar-system/moons/facts/,Space technology,Moons: Facts,science.nasa.gov,verified
FACT-2027-03-23-S15,23,2027-03-23,Uranus and Neptune are ice giants.,15,March,Ice giants,Space,"The source states, ""Uranus and Neptune are ice giants.""",high,https://science.nasa.gov/solar-system/planets/,Astronomy,About the Planets,science.nasa.gov,verified
FACT-2027-03-23-S16,23,2027-03-23,Distinct moons or moonlets embedded in Saturn's rings help keep the rings in line.,16,March,Saturn's ring moonlets help maintain the rings,Science,The source states: “Embedded in Saturn's rings are distinct moons or moonlets. These shepherd moons help keep the rings in line.”,high,https://science.nasa.gov/solar-system/moons/facts/,Astronomy,Moons: Facts,science.nasa.gov,verified
FACT-2027-03-23-S17,23,2027-03-23,"The motor cortex helps plan, control, and execute voluntary movement.",17,March,Motor cortex function,Psychology,"The source states that the motor cortex “helps plan, control, and execute voluntary movement.”",high,https://www.ninds.nih.gov/health-information/public-education/brain-basics/brain-basics-know-your-brain,Cognition,Brain Basics: Know Your Brain | National Institute of Neurological Disorders and Stroke,ninds.nih.gov,verified
FACT-2027-03-23-S18,23,2027-03-23,Trade winds carry rain and storms formed from ocean evaporation.,18,March,Trade winds carry rain and storms,Ocean & Marine,"The source states that rain and storms formed through ocean evaporation ""are then carried by trade winds.""",high,https://oceanexplorer.noaa.gov/ocean-fact/climate/,Oceanography,How does the ocean affect climate and weather on land? - NOAA Ocean Exploration,oceanexplorer.noaa.gov,verified
FACT-2027-03-23-S19,23,2027-03-23,The USGS volcano monitoring network uses five volcano observatories around the United States.,19,March,Volcano observatories,Nature,"The source states, ""The USGS volcano monitoring network utilizes five volcano observatories around the Nation.""",high,https://www.usgs.gov/news/featured-story/volcanoes-and-usgs-volcano-science-just-facts,Natural phenomena,Volcanoes and USGS Volcano Science: Just the Facts | U.S. Geological Survey,usgs.gov,verified
FACT-2027-03-23-S20,23,2027-03-23,Writing belongs to relatively recent human history.,20,March,Writing is relatively recent,Language,The source calls writing “a technology of relatively recent history.”,high,https://www.britannica.com/topic/writing/History-of-writing-systems,Writing systems,"Writing - Scripts, Alphabets, Cuneiform | Britannica",britannica.com,verified
FACT-2027-03-24-S01,24,2027-03-24,Power is one of the page’s favorite categories.,1,March,Power category,Inventions,The page lists “Power” under “Our favorite categories.”,high,https://invention.si.edu/invention-stories,Patent history,Invention Stories | Lemelson,invention.si.edu,verified
FACT-2027-03-24-S02,24,2027-03-24,The corpus callosum connects the two cerebral hemispheres.,2,March,Corpus callosum connection,Human Body,The source states that the hemispheres “communicate with each other through a thick tract of nerve fibers” called the corpus callosum.,high,https://www.ninds.nih.gov/health-information/public-education/brain-basics/brain-basics-know-your-brain,Neuroscience,Brain Basics: Know Your Brain | National Institute of Neurological Disorders and Stroke,ninds.nih.gov,verified
FACT-2027-03-24-S03,24,2027-03-24,Kirk Johnson is the Sant Director of the museum.,3,March,Museum director,History,"The source states, “Kirk Johnson is the Sant Director of the museum.”",high,https://www.si.edu/newsdesk/factsheets/national-museum-natural-history,Museum collections,National Museum of Natural History | Smithsonian Institution,si.edu,verified
FACT-2027-03-24-S04,24,2027-03-24,"The largest recorded earthquake in the world had a magnitude of 9.5 Mw and occurred in Chile on May 22, 1960.",4,March,Largest recorded earthquake worldwide,Geography,"The source states: ""The largest recorded earthquake in the world was a magnitude 9.5 (Mw) in Chile on May 22, 1960.""",high,https://www.usgs.gov/programs/earthquake-hazards/cool-earthquake-facts,Physical geography,Cool Earthquake Facts | U.S. Geological Survey,usgs.gov,verified
FACT-2027-03-24-S05,24,2027-03-24,"Clarence Birdseye worked as a fur trader in Labrador, Canada.",5,March,Birdseye as a fur trader,Food,"The source states: “While working as a fur trader in Labrador, NF, Canada.”",high,https://www.loc.gov/everyday-mysteries/categories/technology/item/who-invented-frozen-food/,Food science history,Who invented frozen food?  | Library of Congress,loc.gov,verified
FACT-2027-03-24-S06,24,2027-03-24,Smithsonian scientists helped establish the first genome repository for Great Barrier Reef coral in 2011.,6,March,The first Great Barrier Reef coral genome repository was established in 2011,Everyday Life,The source states that they 'helped establish the first genome repository for Great Barrier Reef coral in 2011.',high,https://nationalzoo.si.edu/about/history,Public institutions,History | Smithsonian National Zoo,nationalzoo.si.edu,verified
FACT-2027-03-24-S07,24,2027-03-24,Animals range in size from the tiniest ant to the largest whale.,7,March,Animal size range,Animals,"The source states, “From the tiniest ant to the largest whale.”",high,https://naturalhistory.si.edu/explore/animals,Zoology,Animals | Smithsonian National Museum of Natural History,naturalhistory.si.edu,verified
FACT-2027-03-24-S08,24,2027-03-24,"Frederick Law Olmsted designed the Zoo within Rock Creek Park in northwest Washington, D.C., and it officially opened in 1891.",8,March,The Zoo opened in Rock Creek Park in 1891,Ancient Civilizations,"The source states that Olmsted 'designed the Zoo within Rock Creek Park in northwest Washington, D.C., which officially opened in 1891.'",high,https://nationalzoo.si.edu/about/history,Material culture,History | Smithsonian National Zoo,nationalzoo.si.edu,verified
FACT-2027-03-24-S09,24,2027-03-24,Saturn has 274 confirmed moons and more confirmed moons than any other planet in the solar system.,9,March,Saturn has the most confirmed moons among planets,Technology,"The source states: “Saturn has 274 confirmed moons, far more than any other planet in our solar system.”",high,https://science.nasa.gov/solar-system/moons/facts/,Space technology,Moons: Facts,science.nasa.gov,verified
FACT-2027-03-24-S10,24,2027-03-24,Mercury is the planet nearest to the Sun and the smallest planet in the solar system.,10,March,Mercury's position and size,Space,"The source states, ""Mercury is the planet nearest to the Sun, and the smallest planet in our solar system.""",high,https://science.nasa.gov/solar-system/planets/,Astronomy,About the Planets,science.nasa.gov,verified
FACT-2027-03-24-S11,24,2027-03-24,Uranus's inner moons appear to be about half water ice and half rock.,11,March,Uranus's inner moons contain ice and rock,Science,The source states: “Uranus's inner moons appear to be about half water ice and half rock.”,high,https://science.nasa.gov/solar-system/moons/facts/,Astronomy,Moons: Facts,science.nasa.gov,verified
FACT-2027-03-24-S12,24,2027-03-24,"The somatosensory cortex receives information about temperature, taste, touch, and movement from the body.",12,March,Somatosensory information,Psychology,"The source states that these areas “receive information about temperature, taste, touch, and movement from the rest of the body.”",high,https://www.ninds.nih.gov/health-information/public-education/brain-basics/brain-basics-know-your-brain,Neuroscience,Brain Basics: Know Your Brain | National Institute of Neurological Disorders and Stroke,ninds.nih.gov,verified
FACT-2027-03-24-S13,24,2027-03-24,Almost all rain that falls on land starts in the ocean.,13,March,Most rain on land originates in the ocean,Ocean & Marine,"The source states: ""In fact, almost all rain that falls on land starts off in the ocean.""",high,https://oceanexplorer.noaa.gov/ocean-fact/climate/,Oceanography,How does the ocean affect climate and weather on land? - NOAA Ocean Exploration,oceanexplorer.noaa.gov,verified
FACT-2027-03-24-S14,24,2027-03-24,People can sign up for volcano activity notifications through the USGS Volcano Notification Service.,14,March,Volcano notifications,Nature,"The source states, ""you can sign up for notifications via the USGS Volcano Notification Service (VNS).""",high,https://www.usgs.gov/news/featured-story/volcanoes-and-usgs-volcano-science-just-facts,Volcanology,Volcanoes and USGS Volcano Science: Just the Facts | U.S. Geological Survey,usgs.gov,verified
FACT-2027-03-24-S15,24,2027-03-24,Writing must be taught to each generation of children.,15,March,Writing must be taught to each generation,Language,The source states that writing “must be taught to each generation of children.”,high,https://www.britannica.com/topic/writing/History-of-writing-systems,Writing systems,"Writing - Scripts, Alphabets, Cuneiform | Britannica",britannica.com,verified
FACT-2027-03-24-S16,24,2027-03-24,The Sports and Games category features a Vans blue-and-white checked skateboarding shoe.,16,March,Vans skateboarding shoes,Inventions,The image description identifies a “Vans blue and white checked skateboarding shoe” with a dark blue suede toe and trademark deep tan waffle-pattern soles.,high,https://invention.si.edu/invention-stories,Patent history,Invention Stories | Lemelson,invention.si.edu,verified
FACT-2027-03-24-S17,24,2027-03-24,"The right cerebral hemisphere primarily controls the left side of the body, while the left hemisphere primarily controls the right side.",17,March,Hemisphere control of the body,Human Body,"The source states that “the right cerebral hemisphere primarily controls the left side of the body, and the left hemisphere primarily controls the right side.”",high,https://www.ninds.nih.gov/health-information/public-education/brain-basics/brain-basics-know-your-brain,Neuroscience,Brain Basics: Know Your Brain | National Institute of Neurological Disorders and Stroke,ninds.nih.gov,verified
FACT-2027-03-24-S18,24,2027-03-24,"Museum programs address biological diversity, global climate change, molecular systematics, ecosystem modeling, and the documentation and preservation of human cultural heritages.",18,March,Research topics,History,The source states that museum programs address these current topics.,high,https://www.si.edu/newsdesk/factsheets/national-museum-natural-history,Museum collections,National Museum of Natural History | Smithsonian Institution,si.edu,verified
FACT-2027-03-24-S19,24,2027-03-24,The average rate of motion across the San Andreas Fault Zone during the past 3 million years was 56 mm per year.,19,March,San Andreas Fault movement rate,Geography,"The source states: ""The average rate of motion across the San Andreas Fault Zone during the past 3 million years is 56 mm/yr (2 in/yr).""",high,https://www.usgs.gov/programs/earthquake-hazards/cool-earthquake-facts,Physical geography,Cool Earthquake Facts | U.S. Geological Survey,usgs.gov,verified
FACT-2027-03-24-S20,24,2027-03-24,Birdseye found that the fish remained just as delicious after being thawed months later.,20,March,Thawed fish quality,Food,The source states that “the fish was just as delicious when thawed out months later.”,high,https://www.loc.gov/everyday-mysteries/categories/technology/item/who-invented-frozen-food/,Food science history,Who invented frozen food?  | Library of Congress,loc.gov,verified
FACT-2027-03-25-S01,25,2027-03-25,"In 2010, the Front Royal campus became one of the first land-based participants in the National Ecological Observatory Network in the United States.",1,March,The Front Royal campus joined NEON in 2010,Everyday Life,"The source states, 'The following year, the Front Royal, Virginia, campus became one of the first land-based participants in the National Ecological Observatory Network (NEON) in the U.S.'",high,https://nationalzoo.si.edu/about/history,Public institutions,History | Smithsonian National Zoo,nationalzoo.si.edu,verified
FACT-2027-03-25-S02,25,2027-03-25,The Smithsonian provides information about giant squids.,2,March,Giant squid Smithsonian resource,Animals,"The source states, “Learn about giant squids at the Smithsonian.”",high,https://naturalhistory.si.edu/explore/animals,Zoology,Animals | Smithsonian National Museum of Natural History,naturalhistory.si.edu,verified
FACT-2027-03-25-S03,25,2027-03-25,"A research center dedicated to animal reproduction, behavior, and ecology opened at the Zoo in 1965.",3,March,A research center opened in 1965,Ancient Civilizations,"The source states, 'A research center dedicated to studying animal reproduction, behavior and ecology opened in 1965.'",high,https://nationalzoo.si.edu/about/history,Material culture,History | Smithsonian National Zoo,nationalzoo.si.edu,verified
FACT-2027-03-25-S04,25,2027-03-25,Every moon discovered in the modern era gets a number first.,4,March,Newly discovered moons receive a number first,Technology,The source states: “Every moon discovered in the modern era gets a number first.”,high,https://science.nasa.gov/solar-system/moons/facts/,Space technology,Moons: Facts,science.nasa.gov,verified
FACT-2027-03-25-S05,25,2027-03-25,Venus is the second planet from the Sun and the sixth-largest planet.,5,March,Venus's position and size,Space,"The source states, ""Venus is the second planet from the Sun, and the sixth largest planet.""",high,https://science.nasa.gov/solar-system/planets/,Astronomy,About the Planets,science.nasa.gov,verified
FACT-2027-03-25-S06,25,2027-03-25,Miranda's chopped-up appearance shows scars from impacts by large rocky bodies.,6,March,Miranda has an unusual surface,Science,The source states: “Miranda is the most unusual; its chopped-up appearance shows the scars of impacts of large rocky bodies.”,high,https://science.nasa.gov/solar-system/moons/facts/,Astronomy,Moons: Facts,science.nasa.gov,verified
FACT-2027-03-25-S07,25,2027-03-25,Damage to the occipital lobes can cause blindness.,7,March,Occipital lobe damage,Psychology,The source states that “damage to the occipital lobes can cause blindness.”,high,https://www.ninds.nih.gov/health-information/public-education/brain-basics/brain-basics-know-your-brain,Cognition,Brain Basics: Know Your Brain | National Institute of Neurological Disorders and Stroke,ninds.nih.gov,verified
FACT-2027-03-25-S08,25,2027-03-25,The tropics are particularly rainy.,8,March,Tropics are particularly rainy,Ocean & Marine,"The source states: ""The tropics are particularly rainy.""",high,https://oceanexplorer.noaa.gov/ocean-fact/climate/,Oceanography,How does the ocean affect climate and weather on land? - NOAA Ocean Exploration,oceanexplorer.noaa.gov,verified
FACT-2027-03-25-S09,25,2027-03-25,A volcanologist is a person who studies volcanoes.,9,March,Volcanologist definition,Nature,"The source explains that a volcanologist is ""a person who studies ‘burning mountains.’""",high,https://www.usgs.gov/news/featured-story/volcanoes-and-usgs-volcano-science-just-facts,Volcanology,Volcanoes and USGS Volcano Science: Just the Facts | U.S. Geological Survey,usgs.gov,verified
FACT-2027-03-25-S10,25,2027-03-25,Historical accounts of the evolution of writing systems have until recently concentrated on increased efficiency.,10,March,Historical accounts have emphasized efficiency,Language,"The source states that historical accounts “have until recently concentrated on a single aspect, increased efficiency.”",high,https://www.britannica.com/topic/writing/History-of-writing-systems,Writing systems,"Writing - Scripts, Alphabets, Cuneiform | Britannica",britannica.com,verified
FACT-2027-03-25-S11,25,2027-03-25,The Food and Drink category features an image of peanuts against a black background.,11,March,Peanut image,Inventions,"The image description says, “A handful of peanuts against a black background.”",high,https://invention.si.edu/invention-stories,Patent history,Invention Stories | Lemelson,invention.si.edu,verified
FACT-2027-03-25-S12,25,2027-03-25,The cortex is a layer of tissue coating the surface of the cerebrum and cerebellum.,12,March,Cortex location,Human Body,The source states that “coating the surface of the cerebrum and the cerebellum is a vital layer of tissue” called the cortex.,high,https://www.ninds.nih.gov/health-information/public-education/brain-basics/brain-basics-know-your-brain,Neuroscience,Brain Basics: Know Your Brain | National Institute of Neurological Disorders and Stroke,ninds.nih.gov,verified
FACT-2027-03-25-S13,25,2027-03-25,The museum holds more than 148 million objects and specimens.,13,March,Collection size,History,"The source states, “The museum holds more than 148 million objects and specimens.”",high,https://www.si.edu/newsdesk/factsheets/national-museum-natural-history,Museum collections,National Museum of Natural History | Smithsonian Institution,si.edu,verified
FACT-2027-03-25-S14,25,2027-03-25,Faults were recognized as the source of earthquakes by 1855.,14,March,Faults recognized as earthquake sources,Geography,"The source states: ""it wasn’t until 1855 that faults were recognized as the source of earthquakes.""",high,https://www.usgs.gov/programs/earthquake-hazards/cool-earthquake-facts,Physical geography,Cool Earthquake Facts | U.S. Geological Survey,usgs.gov,verified
FACT-2027-03-25-S15,25,2027-03-25,Birdseye theorized that food must be frozen very quickly to retain its taste and texture.,15,March,Birdseye’s freezing theory,Food,The source states: “he theorized that food must be frozen very quickly in order for it to retain its taste and texture.”,high,https://www.loc.gov/everyday-mysteries/categories/technology/item/who-invented-frozen-food/,Food science history,Who invented frozen food?  | Library of Congress,loc.gov,verified
FACT-2027-03-25-S16,25,2027-03-25,The Asia Trail exhibit was completed in 2006.,16,March,The Asia Trail opened in 2006,Everyday Life,The source states that the renewal was 'first seen by the public with the completion of the Asia Trail exhibit in 2006.',high,https://nationalzoo.si.edu/about/history,Public institutions,History | Smithsonian National Zoo,nationalzoo.si.edu,verified
FACT-2027-03-25-S17,25,2027-03-25,The museum provides a digital page about bison inspired by its exhibit.,17,March,Bison resource,Animals,"The source states, “Learn about bison in our digital page inspired by our exhibit.”",high,https://naturalhistory.si.edu/explore/animals,Zoology,Animals | Smithsonian National Museum of Natural History,naturalhistory.si.edu,verified
FACT-2027-03-25-S18,25,2027-03-25,"The Conservation Research Center, now the Smithsonian Conservation Biology Institute, was founded in the 1970s.",18,March,The Conservation Research Center was founded in the 1970s,Ancient Civilizations,"The source states, 'A decade later, the Zoo expanded significantly when the Conservation Research Center (now the Smithsonian Conservation Biology Institute) was founded.'",high,https://nationalzoo.si.edu/about/history,Material culture,History | Smithsonian National Zoo,nationalzoo.si.edu,verified
FACT-2027-03-25-S19,25,2027-03-25,The most significant moons get an official name.,19,March,Some moons receive official names,Technology,The source states: “The most significant moons get an official name.”,high,https://science.nasa.gov/solar-system/moons/facts/,Space technology,Moons: Facts,science.nasa.gov,verified
FACT-2027-03-25-S20,25,2027-03-25,Earth is the third planet from the Sun and the fifth-largest planet.,20,March,Earth's position and size,Space,"The source states, ""Earth – our home planet – is the third planet from the Sun, and the fifth largest planet.""",high,https://science.nasa.gov/solar-system/planets/,Astronomy,About the Planets,science.nasa.gov,verified
FACT-2027-03-26-S01,26,2027-03-26,Neptune's moon Triton is as big as Pluto.,1,March,Triton is comparable in size to Pluto,Science,The source states: “Neptune's moon Triton is as big as Pluto.”,high,https://science.nasa.gov/solar-system/moons/facts/,Astronomy,Moons: Facts,science.nasa.gov,verified
FACT-2027-03-26-S02,26,2027-03-26,"The hypothalamus directs many important functions and helps regulate waking, adrenaline release, and emotional states.",2,March,Hypothalamic functions,Psychology,"The source states that the hypothalamus “directs a multitude of important functions,” wakes a person in the morning, gets adrenaline flowing during a test or interview, and controls chemicals associated with feeling exhilarated, angry, or unhappy.",high,https://www.ninds.nih.gov/health-information/public-education/brain-basics/brain-basics-know-your-brain,Cognition,Brain Basics: Know Your Brain | National Institute of Neurological Disorders and Stroke,ninds.nih.gov,verified
FACT-2027-03-26-S03,26,2027-03-26,High heat absorption and ocean evaporation contribute to the tropics being particularly rainy.,3,March,Tropical rainfall is linked to evaporation,Ocean & Marine,"The source states: ""The tropics are particularly rainy because heat absorption, and thus ocean evaporation, is highest in this area.""",high,https://oceanexplorer.noaa.gov/ocean-fact/climate/,Oceanography,How does the ocean affect climate and weather on land? - NOAA Ocean Exploration,oceanexplorer.noaa.gov,verified
FACT-2027-03-26-S04,26,2027-03-26,"The term volcanologist is presented as deriving from Vulcan, vulcano, -ology, and -ist.",4,March,Volcanologist word origins,Nature,"The source lists: ""Vulcan = Roman god of fire vulcano = ‘burning mountain’ -ology = ‘study of’ -ist = ‘person’.""",high,https://www.usgs.gov/news/featured-story/volcanoes-and-usgs-volcano-science-just-facts,Natural phenomena,Volcanoes and USGS Volcano Science: Just the Facts | U.S. Geological Survey,usgs.gov,verified
FACT-2027-03-26-S05,26,2027-03-26,The Greek invention of the alphabet was regarded as the culmination of a long historical evolution.,5,March,Greek alphabet invention was regarded as an evolutionary culmination,Language,The source states that “the Greek invention of the alphabet” was “regarded as the culmination of a long historical evolution.”,high,https://www.britannica.com/topic/writing/History-of-writing-systems,Writing systems,"Writing - Scripts, Alphabets, Cuneiform | Britannica",britannica.com,verified
FACT-2027-03-26-S06,26,2027-03-26,The Power category features an image of a solar farm.,6,March,Solar farm image,Inventions,The image description is “Solar farm.”,high,https://invention.si.edu/invention-stories,Patent history,Invention Stories | Lemelson,invention.si.edu,verified
FACT-2027-03-26-S07,26,2027-03-26,The cerebral cortex is commonly referred to as gray matter.,7,March,Gray matter,Human Body,"The source states that when people talk about “gray matter” in the brain, “they are talking about the cortex.”",high,https://www.ninds.nih.gov/health-information/public-education/brain-basics/brain-basics-know-your-brain,Neuroscience,Brain Basics: Know Your Brain | National Institute of Neurological Disorders and Stroke,ninds.nih.gov,verified
FACT-2027-03-26-S08,26,2027-03-26,The museum’s collection is described as the largest natural history collection in the world.,8,March,World’s largest natural history collection,History,The source states that the collection is “the largest natural history collection in the world.”,high,https://www.si.edu/newsdesk/factsheets/national-museum-natural-history,Museum collections,National Museum of Natural History | Smithsonian Institution,si.edu,verified
FACT-2027-03-26-S09,26,2027-03-26,The epicenter is the location on Earth's surface directly above the hypocenter.,9,March,Epicenter definition,Geography,"The source states: ""The epicenter of an earthquake is the location directly above the hypocenter on the surface of the earth.""",high,https://www.usgs.gov/programs/earthquake-hazards/cool-earthquake-facts,Physical geography,Cool Earthquake Facts | U.S. Geological Survey,usgs.gov,verified
FACT-2027-03-26-S10,26,2027-03-26,Large ice crystals rupture the cell membranes of frozen food.,10,March,Damage from large ice crystals,Food,"The source states: “large ice crystals to form, which ruptured the cell membranes of the food.”",high,https://www.loc.gov/everyday-mysteries/categories/technology/item/who-invented-frozen-food/,Food science history,Who invented frozen food?  | Library of Congress,loc.gov,verified
FACT-2027-03-26-S11,26,2027-03-26,The American Trail exhibit underwent a complete renovation in 2012.,11,March,The American Trail was completely renovated in 2012,Everyday Life,The source states that rejuvenation continued with 'the complete renovation of the American Trail exhibit in 2012.',high,https://nationalzoo.si.edu/about/history,Public institutions,History | Smithsonian National Zoo,nationalzoo.si.edu,verified
FACT-2027-03-26-S12,26,2027-03-26,Scientists are using shipping data to protect migrating whales.,12,March,Whale conservation resource,Animals,"The source states, “Explore how scientists are using shipping data to protect migrating whales.”",high,https://naturalhistory.si.edu/explore/animals,Zoology,Animals | Smithsonian National Museum of Natural History,naturalhistory.si.edu,verified
FACT-2027-03-26-S13,26,2027-03-26,"The Smithsonian Conservation Biology Institute's research facility is located in Front Royal, Virginia.",13,March,The Front Royal facility is in Virginia,Ancient Civilizations,"The source describes it as 'the non-public, 3,200-acre research facility in Front Royal, Virginia.'",high,https://nationalzoo.si.edu/about/history,Material culture,History | Smithsonian National Zoo,nationalzoo.si.edu,verified
FACT-2027-03-26-S14,26,2027-03-26,Most moons in the solar system are named for mythological characters from various cultures.,14,March,Many moons have mythological names,Technology,The source states: “Most moons in our solar system are named for mythological characters from a wide variety of cultures.”,high,https://science.nasa.gov/solar-system/moons/facts/,Space technology,Moons: Facts,science.nasa.gov,verified
FACT-2027-03-26-S15,26,2027-03-26,Mars is the fourth planet from the Sun and the seventh-largest planet.,15,March,Mars's position and size,Space,"The source states, ""Mars is the fourth planet from the Sun, and the seventh largest planet.""",high,https://science.nasa.gov/solar-system/planets/,Astronomy,About the Planets,science.nasa.gov,verified
FACT-2027-03-26-S16,26,2027-03-26,Triton orbits backward relative to Neptune's direction of rotation.,16,March,Triton orbits backward,Science,The source states: “Neptune's moon Triton ... orbits backwards compared with Neptune's direction of rotation.”,high,https://science.nasa.gov/solar-system/moons/facts/,Astronomy,Moons: Facts,science.nasa.gov,verified
FACT-2027-03-26-S17,26,2027-03-26,The basal ganglia are responsible for initiating and integrating movements.,17,March,Basal ganglia movement function,Psychology,The source states that the basal ganglia “are responsible for initiating and integrating movements.”,high,https://www.ninds.nih.gov/health-information/public-education/brain-basics/brain-basics-know-your-brain,Neuroscience,Brain Basics: Know Your Brain | National Institute of Neurological Disorders and Stroke,ninds.nih.gov,verified
FACT-2027-03-26-S18,26,2027-03-26,"Outside Earth’s equatorial areas, weather patterns are driven largely by ocean currents.",18,March,Ocean currents drive weather patterns outside the equatorial areas,Ocean & Marine,"The source states: ""Outside of Earth’s equatorial areas, weather patterns are driven largely by ocean currents.""",high,https://oceanexplorer.noaa.gov/ocean-fact/climate/,Oceanography,How does the ocean affect climate and weather on land? - NOAA Ocean Exploration,oceanexplorer.noaa.gov,verified
FACT-2027-03-26-S19,26,2027-03-26,Volcano science seeks to understand how volcanoes work and help communities prepare for eruptions.,19,March,Purpose of volcano science,Nature,"The source states, ""At its core, volcano science is all about trying to understand how volcanoes work and helping communities prepare for when a volcano erupts.""",high,https://www.usgs.gov/news/featured-story/volcanoes-and-usgs-volcano-science-just-facts,Volcanology,Volcanoes and USGS Volcano Science: Just the Facts | U.S. Geological Survey,usgs.gov,verified
FACT-2027-03-26-S20,26,2027-03-26,The efficiency of a writing system is produced by a limited and manageable set of graphs.,20,March,Efficiency involves a limited set of graphs,Language,The source states that this efficiency “is a product of a limited and manageable set of graphs.”,high,https://www.britannica.com/topic/writing/History-of-writing-systems,Writing systems,"Writing - Scripts, Alphabets, Cuneiform | Britannica",britannica.com,verified
FACT-2027-03-27-S01,27,2027-03-27,The page includes a feature titled “How was this made?”,1,March,How Was This Made feature,Inventions,"Near the bottom of the page, the heading “How was this made?” appears next to an image of a red skateboard wheel.",high,https://invention.si.edu/invention-stories,Patent history,Invention Stories | Lemelson,invention.si.edu,verified
FACT-2027-03-27-S02,27,2027-03-27,The two frontal lobes lie directly behind the forehead.,2,March,Frontal lobe location,Human Body,The source states that “the two frontal lobes lie directly behind the forehead.”,high,https://www.ninds.nih.gov/health-information/public-education/brain-basics/brain-basics-know-your-brain,Neuroscience,Brain Basics: Know Your Brain | National Institute of Neurological Disorders and Stroke,ninds.nih.gov,verified
FACT-2027-03-27-S03,27,2027-03-27,"The Museum Support Center provides storage and conservation conditions, a library, and advanced research facilities.",3,March,Museum Support Center functions,History,The source states that the center provides “state-of-the-art conditions for storage and conservation of collections as well as a library and advanced research facilities.”,high,https://www.si.edu/newsdesk/factsheets/national-museum-natural-history,Museum collections,National Museum of Natural History | Smithsonian Institution,si.edu,verified
FACT-2027-03-27-S04,27,2027-03-27,Earthquake magnitude is a measured value of earthquake size and is the same regardless of location.,4,March,Magnitude definition,Geography,"The source states: ""The magnitude of an earthquake is a measured value of the earthquake size. The magnitude is the same no matter where you are.""",high,https://www.usgs.gov/programs/earthquake-hazards/cool-earthquake-facts,Physical geography,Cool Earthquake Facts | U.S. Geological Survey,usgs.gov,verified
FACT-2027-03-27-S05,27,2027-03-27,"When slowly frozen food is defrosted, melted ice crystals allow water to leak out with the food’s flavor and texture.",5,March,Defrosting and flavor loss,Food,"The source states: “When the food was defrosted, the ice crystals melted and water would leak out, taking with it the food’s flavor and texture.”",high,https://www.loc.gov/everyday-mysteries/categories/technology/item/who-invented-frozen-food/,Food science history,Who invented frozen food?  | Library of Congress,loc.gov,verified
FACT-2027-03-27-S06,27,2027-03-27,The Elephant Trails exhibit was completed in 2013.,6,March,Elephant Trails was completed in 2013,Everyday Life,The source states that rejuvenation continued with 'the completion of the Elephant Trails exhibit in 2013.',high,https://nationalzoo.si.edu/about/history,Public institutions,History | Smithsonian National Zoo,nationalzoo.si.edu,verified
FACT-2027-03-27-S07,27,2027-03-27,The museum provides a collection resource about how skeletons affect animal lifestyles.,7,March,Skeletons and animal lifestyles,Animals,The source lists “How Do Skeletons Affect Animal Lifestyles.”,high,https://naturalhistory.si.edu/explore/animals,Zoology,Animals | Smithsonian National Museum of Natural History,naturalhistory.si.edu,verified
FACT-2027-03-27-S08,27,2027-03-27,The arrival of Ling Ling and Hsing Hsing launched an ongoing international collaboration with Chinese scientists to study and conserve giant pandas.,8,March,The panda arrival began an international collaboration,Ancient Civilizations,The source states that their arrival 'launched an on-going international collaboration with Chinese scientists to better understand and save the critically endangered bears.',high,https://nationalzoo.si.edu/about/history,Material culture,History | Smithsonian National Zoo,nationalzoo.si.edu,verified
FACT-2027-03-27-S09,27,2027-03-27,Uranus's moons are named for characters in William Shakespeare's plays and Alexander Pope's poetry.,9,March,Uranian moons are named after literary characters,Technology,The source states: “Uranus' moons are named for characters in William Shakespeare's plays ... Other Uranian moon names were chosen from Alexander Pope's poetry.”,high,https://science.nasa.gov/solar-system/moons/facts/,Space technology,Moons: Facts,science.nasa.gov,verified
FACT-2027-03-27-S10,27,2027-03-27,Jupiter is the fifth planet from the Sun and the largest planet in the solar system.,10,March,Jupiter's position and size,Space,"The source states, ""Jupiter is the fifth planet from the Sun, and the largest planet in our solar system.""",high,https://science.nasa.gov/solar-system/planets/,Astronomy,About the Planets,science.nasa.gov,verified
FACT-2027-03-27-S11,27,2027-03-27,Pluto's large moon Charon is about half the size of Pluto.,11,March,Charon is about half Pluto's size,Science,The source states: “Pluto's large moon Charon is about half the size of Pluto.”,high,https://science.nasa.gov/solar-system/moons/facts/,Astronomy,Moons: Facts,science.nasa.gov,verified
FACT-2027-03-27-S12,27,2027-03-27,The neuron is the primary functional unit of the brain and the rest of the nervous system.,12,March,Primary nervous-system functional unit,Psychology,"The source states that the brain and nervous system contain many cell types, “but the primary functional unit is a cell called the neuron.”",high,https://www.ninds.nih.gov/health-information/public-education/brain-basics/brain-basics-know-your-brain,Cognition,Brain Basics: Know Your Brain | National Institute of Neurological Disorders and Stroke,ninds.nih.gov,verified
FACT-2027-03-27-S13,27,2027-03-27,Ocean currents are movements of ocean water in a continuous flow.,13,March,Definition of ocean currents,Ocean & Marine,"The source states: ""Currents are movements of ocean water in a continuous flow.""",high,https://oceanexplorer.noaa.gov/ocean-fact/climate/,Oceanography,How does the ocean affect climate and weather on land? - NOAA Ocean Exploration,oceanexplorer.noaa.gov,verified
FACT-2027-03-27-S14,27,2027-03-27,"Each volcano can behave differently before, during, and after an eruption.",14,March,Volcano behavior varies,Nature,"The source states, ""Every volcano is a different kind of ‘burning mountain,’ so it makes sense that each one will behave differently before, during and after an eruption.""",high,https://www.usgs.gov/news/featured-story/volcanoes-and-usgs-volcano-science-just-facts,Volcanology,Volcanoes and USGS Volcano Science: Just the Facts | U.S. Geological Survey,usgs.gov,verified
FACT-2027-03-27-S15,27,2027-03-27,A limited and manageable set of graphs can express the full range of meanings in a language.,15,March,Graphs can express the full range of meanings,Language,The source states that the graphs “can express the full range of meanings in a language.”,high,https://www.britannica.com/topic/writing/History-of-writing-systems,Writing systems,"Writing - Scripts, Alphabets, Cuneiform | Britannica",britannica.com,verified
FACT-2027-03-27-S16,27,2027-03-27,Most credit for inventing frozen food goes to Clarence Birdseye.,16,March,Primary credit for modern frozen food,Inventions,"The source states: “Several individuals, but most credit Clarence Birdseye.”",high,https://www.loc.gov/everyday-mysteries/categories/technology/item/who-invented-frozen-food/,Food preservation,Who invented frozen food?  | Library of Congress,loc.gov,verified
FACT-2027-03-27-S17,27,2027-03-27,"The frontal lobes contribute to planning, imagining the future, and using reasoned arguments.",17,March,Frontal lobe cognition,Human Body,"The source states that when people “plan a schedule, imagine the future, or use reasoned arguments,” the frontal lobes do much of the work.",high,https://www.ninds.nih.gov/health-information/public-education/brain-basics/brain-basics-know-your-brain,Neuroscience,Brain Basics: Know Your Brain | National Institute of Neurological Disorders and Stroke,ninds.nih.gov,verified
FACT-2027-03-27-S18,27,2027-03-27,The David H. Koch Hall of Fossils—Deep Time presents approximately 700 fossil specimens.,18,March,David H. Koch Hall of Fossils,History,The source states that the exhibition lets visitors “get up close to some 700 fossil specimens.”,high,https://www.si.edu/newsdesk/factsheets/national-museum-natural-history,Museum collections,National Museum of Natural History | Smithsonian Institution,si.edu,verified
FACT-2027-03-27-S19,27,2027-03-27,"The Himalaya-Karakoram range contains 96 of the world's 109 peaks higher than 7,317 meters.",19,March,Himalaya-Karakoram peaks,Geography,"The source states: ""The world’s greatest land mountain range is the Himalaya-Karakoram. It countains 96 of the world’s 109 peaks of over 7,317m (24,000 ft).""",high,https://www.usgs.gov/programs/earthquake-hazards/cool-earthquake-facts,Physical geography,Cool Earthquake Facts | U.S. Geological Survey,usgs.gov,verified
FACT-2027-03-27-S20,27,2027-03-27,Both of Birdseye’s quick-freezing methods involved packaging the food before freezing it.,20,March,Packaging innovation,Food,The source states that both methods “employed the innovation of packaging the food beforehand.”,high,https://www.loc.gov/everyday-mysteries/categories/technology/item/who-invented-frozen-food/,Food science history,Who invented frozen food?  | Library of Congress,loc.gov,verified
FACT-2027-03-28-S01,28,2027-03-28,The Zoo's historic Bird House exhibit was renovated in 2023.,1,March,The Bird House was renovated in 2023,Everyday Life,"The source states, 'the renovation of the Zoo's historic Bird House exhibit in 2023.'",high,https://nationalzoo.si.edu/about/history,Public institutions,History | Smithsonian National Zoo,nationalzoo.si.edu,verified
FACT-2027-03-28-S02,28,2027-03-28,The museum provides a resource about how to read a mammal skull.,2,March,Mammal skulls,Animals,The source lists “How to Read a Mammal Skull.”,high,https://naturalhistory.si.edu/explore/animals,Zoology,Animals | Smithsonian National Museum of Natural History,naturalhistory.si.edu,verified
FACT-2027-03-28-S03,28,2027-03-28,"During the 1980s and 1990s, scientists began reintroducing animals born at the Smithsonian's National Zoo and Conservation Biology Institute to the wild.",3,March,Scientists began reintroducing captive-born animals in the 1980s and 1990s,Ancient Civilizations,"The source states, 'During the 1980s and 90s scientists began reintroducing animals born at the Smithsonian's National Zoo and Conservation Biology Institute to the wild.'",high,https://nationalzoo.si.edu/about/history,Material culture,History | Smithsonian National Zoo,nationalzoo.si.edu,verified
FACT-2027-03-28-S04,28,2027-03-28,Earth's Moon probably formed when a Mars-sized body collided with Earth and debris accumulated in orbit.,4,March,Earth's Moon likely formed after a major collision,Technology,"The source states: “Earth's Moon probably formed when a large body about the size of Mars collided with Earth, tossing a lot of material from our planet into orbit.”",high,https://science.nasa.gov/solar-system/moons/facts/,Space technology,Moons: Facts,science.nasa.gov,verified
FACT-2027-03-28-S05,28,2027-03-28,Saturn is the sixth planet from the Sun and the second-largest planet in the solar system.,5,March,Saturn's position and size,Space,"The source states, ""Saturn is the sixth planet from the Sun, the second largest planet in our solar system.""",high,https://science.nasa.gov/solar-system/planets/,Astronomy,About the Planets,science.nasa.gov,verified
FACT-2027-03-28-S06,28,2027-03-28,Pluto has Charon and four additional small moons.,6,March,Pluto has five known moons,Science,The source states: “Pluto's large moon Charon ... Scientists using the Hubble Space Telescope to study Pluto found four more small moons.”,high,https://science.nasa.gov/solar-system/moons/facts/,Astronomy,Moons: Facts,science.nasa.gov,verified
FACT-2027-03-28-S07,28,2027-03-28,Dendrites receive messages from other nerve cells.,7,March,Dendrite function,Psychology,The source states that dendrites “extend out from the cell body like the branches of a tree and receive messages from other nerve cells.”,high,https://www.ninds.nih.gov/health-information/public-education/brain-basics/brain-basics-know-your-brain,Neuroscience,Brain Basics: Know Your Brain | National Institute of Neurological Disorders and Stroke,ninds.nih.gov,verified
FACT-2027-03-28-S08,28,2027-03-28,Temperature and salinity gradients partly create ocean currents.,8,March,Temperature and salinity gradients influence currents,Ocean & Marine,"The source states that currents are created ""partly by temperature and salinity gradients.""",high,https://oceanexplorer.noaa.gov/ocean-fact/climate/,Oceanography,How does the ocean affect climate and weather on land? - NOAA Ocean Exploration,oceanexplorer.noaa.gov,verified
FACT-2027-03-28-S09,28,2027-03-28,The types of volcanic events people may experience can differ from region to region.,9,March,Eruption events vary by region,Nature,"The source states, ""The types of events you could experience could differ from region to region.""",high,https://www.usgs.gov/news/featured-story/volcanoes-and-usgs-volcano-science-just-facts,Volcanology,Volcanoes and USGS Volcano Science: Just the Facts | U.S. Geological Survey,usgs.gov,verified
FACT-2027-03-28-S10,28,2027-03-28,Eric A. Havelock was a British classicist.,10,March,Eric A. Havelock was a British classicist,Language,The source identifies Eric A. Havelock as “the British classicist Eric A. Havelock.”,high,https://www.britannica.com/topic/writing/History-of-writing-systems,Writing systems,"Writing - Scripts, Alphabets, Cuneiform | Britannica",britannica.com,verified
FACT-2027-03-28-S11,28,2027-03-28,Clarence Birdseye is credited with inventing the quick-freezing method in 1924.,11,March,Birdseye quick-freezing method,Inventions,The source states that Birdseye is “credited with inventing in 1924 the quick freezing method.”,high,https://www.loc.gov/everyday-mysteries/categories/technology/item/who-invented-frozen-food/,Food preservation,Who invented frozen food?  | Library of Congress,loc.gov,verified
FACT-2027-03-28-S12,28,2027-03-28,"The parietal lobes support processing of taste, smell, and texture and also support reading and arithmetic.",12,March,Parietal lobe functions,Human Body,"The source states that the parietal lobes are involved in “the taste, smell, and texture of the food” and “also support reading and arithmetic.”",high,https://www.ninds.nih.gov/health-information/public-education/brain-basics/brain-basics-know-your-brain,Neuroscience,Brain Basics: Know Your Brain | National Institute of Neurological Disorders and Stroke,ninds.nih.gov,verified
FACT-2027-03-28-S13,28,2027-03-28,The Deep Time exhibition spans 4.6 billion years of Earth’s history.,13,March,Deep Time exhibition scope,History,"The source describes it as a “31,000-square-foot exhibition space spanning 4.6 billion years of Earth’s history.”",high,https://www.si.edu/newsdesk/factsheets/national-museum-natural-history,Museum collections,National Museum of Natural History | Smithsonian Institution,si.edu,verified
FACT-2027-03-28-S14,28,2027-03-28,"Earth's inner core is solid, while its outer core is liquid and does not transmit shear-wave energy.",14,March,Outer core and shear waves,Geography,"The source states: ""The inner core is solid, and the outer core is liquid and so does not transmit the shear wave energy released during an earthquake.""",high,https://www.usgs.gov/programs/earthquake-hazards/cool-earthquake-facts,Physical geography,Cool Earthquake Facts | U.S. Geological Survey,usgs.gov,verified
FACT-2027-03-28-S15,28,2027-03-28,"In Birdseye’s first technique, a package was held between two chilled metal belts.",15,March,First quick-freezing technique,Food,The source states: “the package was held between two metal belts that were chilled.”,high,https://www.loc.gov/everyday-mysteries/categories/technology/item/who-invented-frozen-food/,Food science history,Who invented frozen food?  | Library of Congress,loc.gov,verified
FACT-2027-03-28-S16,28,2027-03-28,The renovated Bird House was redesigned to meet LEED Gold standards while retaining more than 80% of its existing historic masonry walls.,16,March,The renovated Bird House was designed for LEED Gold standards,Everyday Life,The source states that it 'was re-designed to meet the Leadership in Energy and Environmental Design (LEED) Gold standards while retaining more than 80% of the building's existing historic masonry walls.',high,https://nationalzoo.si.edu/about/history,Public institutions,History | Smithsonian National Zoo,nationalzoo.si.edu,verified
FACT-2027-03-28-S17,28,2027-03-28,The museum provides a teaching resource titled “What is Biodiversity?”,17,March,Biodiversity resource,Animals,The source lists “What is Biodiversity?” under Teaching Resources.,high,https://naturalhistory.si.edu/explore/animals,Zoology,Animals | Smithsonian National Museum of Natural History,naturalhistory.si.edu,verified
FACT-2027-03-28-S18,28,2027-03-28,"In the mid-1980s, Smithsonian scientists developed the basis for breeding animals in human care while preserving as much genetic diversity as possible.",18,March,Smithsonian scientists developed a genetic-diversity breeding approach,Ancient Civilizations,"The source states, 'In the mid-1980s Smithsonian scientists developed the basis for breeding animals in human care to preserve as much genetic diversity as possible.'",high,https://nationalzoo.si.edu/about/history,Material culture,History | Smithsonian National Zoo,nationalzoo.si.edu,verified
FACT-2027-03-28-S19,28,2027-03-28,The Moon formed approximately 4.5 billion years ago.,19,March,The Moon formed approximately 4.5 billion years ago,Technology,The source states: “Debris from early Earth and the impacting body accumulated to form the Moon approximately 4.5 billion years ago.”,high,https://science.nasa.gov/solar-system/moons/facts/,Space technology,Moons: Facts,science.nasa.gov,verified
FACT-2027-03-28-S20,28,2027-03-28,Uranus is the seventh planet from the Sun and the third-largest planet in the solar system.,20,March,Uranus's position and size,Space,"The source states, ""Uranus is the seventh planet from the Sun, and the third largest planet in our solar system.""",high,https://science.nasa.gov/solar-system/planets/,Astronomy,About the Planets,science.nasa.gov,verified
FACT-2027-03-29-S01,29,2027-03-29,Eris has a small moon named Dysnomia.,1,March,Dysnomia orbits Eris,Science,"The source states: “Eris, another dwarf planet even more distant than Pluto, has a small moon of its own, named Dysnomia.”",high,https://science.nasa.gov/solar-system/moons/facts/,Astronomy,Moons: Facts,science.nasa.gov,verified
FACT-2027-03-29-S02,29,2027-03-29,Myelin insulates axons and helps nerve signals travel faster and farther.,2,March,Myelin function,Psychology,The source states that myelin “provides insulation for the axon and helps nerve signals travel faster and farther.”,high,https://www.ninds.nih.gov/health-information/public-education/brain-basics/brain-basics-know-your-brain,Neuroscience,Brain Basics: Know Your Brain | National Institute of Neurological Disorders and Stroke,ninds.nih.gov,verified
FACT-2027-03-29-S03,29,2027-03-29,Earth’s rotation partly contributes to the creation of ocean currents.,3,March,Earth’s rotation influences currents,Ocean & Marine,"The source states that currents are created partly by ""Earth’s rotation.""",high,https://oceanexplorer.noaa.gov/ocean-fact/climate/,Oceanography,How does the ocean affect climate and weather on land? - NOAA Ocean Exploration,oceanexplorer.noaa.gov,verified
FACT-2027-03-29-S04,29,2027-03-29,The USGS has developed regional preparedness resources to help people take precautions for volcanic hazards.,4,March,Regional preparedness resources,Nature,"The source states that the USGS developed ""a series of regional preparedness resources that will help you take necessary precautions.""",high,https://www.usgs.gov/news/featured-story/volcanoes-and-usgs-volcano-science-just-facts,Natural phenomena,Volcanoes and USGS Volcano Science: Just the Facts | U.S. Geological Survey,usgs.gov,verified
FACT-2027-03-29-S05,29,2027-03-29,Ignace Gelb was a Polish American Assyriologist.,5,March,Ignace Gelb was a Polish American Assyriologist,Language,The source identifies Ignace Gelb as “The Polish American Assyriologist Ignace Gelb.”,high,https://www.britannica.com/topic/writing/History-of-writing-systems,Writing systems,"Writing - Scripts, Alphabets, Cuneiform | Britannica",britannica.com,verified
FACT-2027-03-29-S06,29,2027-03-29,Birdseye observed that fish caught by him and local Inuit froze almost immediately after being pulled from the water.,6,March,Birdseye’s frozen fish observation,Inventions,The source states that “the fish that he and the local Inuit caught froze almost immediately after being pulled from the water.”,high,https://www.loc.gov/everyday-mysteries/categories/technology/item/who-invented-frozen-food/,Food preservation,Who invented frozen food?  | Library of Congress,loc.gov,verified
FACT-2027-03-29-S07,29,2027-03-29,The occipital lobes process images from the eyes and link that information with images stored in memory.,7,March,Occipital lobe vision processing,Human Body,The source states that the occipital lobes “process images from the eyes and link that information with images stored in memory.”,high,https://www.ninds.nih.gov/health-information/public-education/brain-basics/brain-basics-know-your-brain,Neuroscience,Brain Basics: Know Your Brain | National Institute of Neurological Disorders and Stroke,ninds.nih.gov,verified
FACT-2027-03-29-S08,29,2027-03-29,"The Janet Annenberg Hooker Hall of Geology, Gems and Minerals showcases the Hope Diamond and the Winston Red.",8,March,"Geology, Gems and Minerals Hall",History,"The source states that the hall “showcases the Hope Diamond, the Winston Red and other treasures from the National Gem Collection.”",high,https://www.si.edu/newsdesk/factsheets/national-museum-natural-history,Museum collections,National Museum of Natural History | Smithsonian Institution,si.edu,verified
FACT-2027-03-29-S09,29,2027-03-29,"The world's deadliest recorded earthquake occurred in central China in 1556 and killed an estimated 830,000 people.",9,March,Deadliest recorded earthquake,Geography,"The source states: ""The world’s deadliest recorded earthquake occurred in 1556 in central China"" and that it killed ""an estimated 830,000 people.""",high,https://www.usgs.gov/programs/earthquake-hazards/cool-earthquake-facts,Physical geography,Cool Earthquake Facts | U.S. Geological Survey,usgs.gov,verified
FACT-2027-03-29-S10,29,2027-03-29,The metal belts in Birdseye’s first technique were chilled to between -40°F and -45°F.,10,March,First technique temperature,Food,The source states that the belts were chilled “to -40°F to -45°F.”,high,https://www.loc.gov/everyday-mysteries/categories/technology/item/who-invented-frozen-food/,Food science history,Who invented frozen food?  | Library of Congress,loc.gov,verified
FACT-2027-03-29-S11,29,2027-03-29,"A new state-of-the-art Genetics Lab, originally founded in 1991, reopened in 2010.",11,March,The Genetics Lab reopened in 2010,Everyday Life,"The source states, 'a new state-of-the-art Genetics Lab— originally founded in 1991— re-opened in 2010.'",high,https://nationalzoo.si.edu/about/history,Public institutions,History | Smithsonian National Zoo,nationalzoo.si.edu,verified
FACT-2027-03-29-S12,29,2027-03-29,The museum provides a teaching resource titled “What is an Insect?”,12,March,Insect resource,Animals,The source lists “What is an Insect?” under Teaching Resources.,high,https://naturalhistory.si.edu/explore/animals,Zoology,Animals | Smithsonian National Museum of Natural History,naturalhistory.si.edu,verified
FACT-2027-03-29-S13,29,2027-03-29,The first black-footed ferret kits born at the Front Royal facility were returned to the wild in 1991.,13,March,Black-footed ferrets were returned to the wild in 1991,Ancient Civilizations,"The source states, 'In 1991 the first black-footed ferret kits born at the Front Royal, Virginia, facility were returned to the wild.'",high,https://nationalzoo.si.edu/about/history,Material culture,History | Smithsonian National Zoo,nationalzoo.si.edu,verified
FACT-2027-03-29-S14,29,2027-03-29,Twelve American astronauts landed on the Moon during NASA's Apollo program from 1969 to 1972.,14,March,Apollo astronauts landed on the Moon,Technology,The source states: “Twelve American astronauts landed on the Moon during NASA's Apollo program from 1969 to 1972.”,high,https://science.nasa.gov/solar-system/moons/facts/,Space technology,Moons: Facts,science.nasa.gov,verified
FACT-2027-03-29-S15,29,2027-03-29,Neptune is the eighth and most distant planet in the solar system and the fourth-largest planet.,15,March,Neptune's position and size,Space,"The source states, ""Neptune is the eighth and most distant planet in our solar system. It's the fourth largest planet.""",high,https://science.nasa.gov/solar-system/planets/,Astronomy,About the Planets,science.nasa.gov,verified
FACT-2027-03-29-S16,29,2027-03-29,"Haumea has two satellites, Hi'iaka and Namaka.",16,March,Haumea has two satellites,Science,"The source states: “Dwarf planet Haumea has two satellites, Hi'iaka and Namaka.”",high,https://science.nasa.gov/solar-system/moons/facts/,Astronomy,Moons: Facts,science.nasa.gov,verified
FACT-2027-03-29-S17,29,2027-03-29,"When a signal reaches the end of an axon, it stimulates vesicles to release neurotransmitters into the synaptic cleft.",17,March,Neurotransmitter release,Psychology,The source states that the signal “stimulates the release of tiny sacs called vesicles” and that these vesicles release neurotransmitters “into the synaptic cleft.”,high,https://www.ninds.nih.gov/health-information/public-education/brain-basics/brain-basics-know-your-brain,Cognition,Brain Basics: Know Your Brain | National Institute of Neurological Disorders and Stroke,ninds.nih.gov,verified
FACT-2027-03-29-S18,29,2027-03-29,Tides partly contribute to the creation of ocean currents.,18,March,Tides influence ocean currents,Ocean & Marine,"The source states that currents are created partly by ""tides.""",high,https://oceanexplorer.noaa.gov/ocean-fact/climate/,Oceanography,How does the ocean affect climate and weather on land? - NOAA Ocean Exploration,oceanexplorer.noaa.gov,verified
FACT-2027-03-29-S19,29,2027-03-29,The 1980 Mount St. Helens lateral blast scorched 230 square miles of forest.,19,March,Mount St. Helens forest destruction,Nature,"The source states that the lateral blast ""scorched 230 square miles of forest.""",high,https://www.usgs.gov/news/featured-story/volcanoes-and-usgs-volcano-science-just-facts,Volcanology,Volcanoes and USGS Volcano Science: Just the Facts | U.S. Geological Survey,usgs.gov,verified
FACT-2027-03-29-S20,29,2027-03-29,Ignace Gelb distinguished four stages in the evolution of writing.,20,March,Ignace Gelb distinguished four stages,Language,The source states that Ignace Gelb “distinguished four stages in this evolution.”,high,https://www.britannica.com/topic/writing/History-of-writing-systems,Writing systems,"Writing - Scripts, Alphabets, Cuneiform | Britannica",britannica.com,verified
FACT-2027-03-30-S01,30,2027-03-30,"Before quick-freezing, foods were frozen relatively slowly, causing large ice crystals to form.",1,March,Slow freezing and ice crystals,Inventions,"The source states: “Before quick-freezing came along, foods were frozen at a fairly slow rate. This caused large ice crystals to form.”",high,https://www.loc.gov/everyday-mysteries/categories/technology/item/who-invented-frozen-food/,Food preservation,Who invented frozen food?  | Library of Congress,loc.gov,verified
FACT-2027-03-30-S02,30,2027-03-30,The temporal lobes lie in front of the visual areas and under the parietal and frontal lobes.,2,March,Temporal lobe location,Human Body,The source states that the temporal lobes “lie in front of the visual areas and nest under the parietal and frontal lobes.”,high,https://www.ninds.nih.gov/health-information/public-education/brain-basics/brain-basics-know-your-brain,Neuroscience,Brain Basics: Know Your Brain | National Institute of Neurological Disorders and Stroke,ninds.nih.gov,verified
FACT-2027-03-30-S03,30,2027-03-30,"In 2023, the museum unveiled the first public display of a sample of asteroid Bennu collected during NASA’s OSIRIS-REx mission.",3,March,Bennu sample display,History,The source states this directly.,high,https://www.si.edu/newsdesk/factsheets/national-museum-natural-history,Museum collections,National Museum of Natural History | Smithsonian Institution,si.edu,verified
FACT-2027-03-30-S04,30,2027-03-30,The earliest recorded evidence of an earthquake dates to 1831 BC in China's Shandong province.,4,March,Earliest recorded earthquake evidence,Geography,"The source states: ""The earliest recorded evidence of an earthquake has been traced back to 1831 BC in the Shandong province of China.""",high,https://www.usgs.gov/programs/earthquake-hazards/cool-earthquake-facts,Physical geography,Cool Earthquake Facts | U.S. Geological Survey,usgs.gov,verified
FACT-2027-03-30-S05,30,2027-03-30,"In Birdseye’s second technique, packaged food was held under pressure between two hollow metal plates.",5,March,Second quick-freezing technique,Food,The source states: “the packaged food was held under pressure between two hollow metal plates.”,high,https://www.loc.gov/everyday-mysteries/categories/technology/item/who-invented-frozen-food/,Food science history,Who invented frozen food?  | Library of Congress,loc.gov,verified
FACT-2027-03-30-S06,30,2027-03-30,The Smithsonian-Mason School of Conservation established headquarters at the Front Royal campus in 2008.,6,March,The Smithsonian-Mason School of Conservation established headquarters in 2008,Everyday Life,"The source states, 'In 2008, the Smithsonian-Mason School of Conservation established headquarters at the Front Royal, Virginia, campus.'",high,https://nationalzoo.si.edu/about/history,Public institutions,History | Smithsonian National Zoo,nationalzoo.si.edu,verified
FACT-2027-03-30-S07,30,2027-03-30,The museum provides a teaching resource titled “Constructing a Coral Reef.”,7,March,Coral reef resource,Animals,The source lists “Constructing a Coral Reef” under Teaching Resources.,high,https://naturalhistory.si.edu/explore/animals,Zoology,Animals | Smithsonian National Museum of Natural History,naturalhistory.si.edu,verified
FACT-2027-03-30-S08,30,2027-03-30,The Zoo recorded the first kiwi chick born outside New Zealand in 1975.,8,March,The first kiwi born outside New Zealand was born at the Zoo,Ancient Civilizations,The source lists 'the first kiwi chick to be born outside New Zealand (1975)' among notable births.,high,https://nationalzoo.si.edu/about/history,Material culture,History | Smithsonian National Zoo,nationalzoo.si.edu,verified
FACT-2027-03-30-S09,30,2027-03-30,Each segment of the Wasatch Fault is capable of producing an earthquake up to magnitude 7.5.,9,March,Wasatch Fault earthquake potential,World Records & Extremes,"The source states that the fault's segments are ""each capable of producing up to a M7.5 earthquake.""",high,https://www.usgs.gov/programs/earthquake-hazards/cool-earthquake-facts,Earthquake records,Cool Earthquake Facts | U.S. Geological Survey,usgs.gov,verified
FACT-2027-03-30-S10,30,2027-03-30,Mars's two moons are Phobos and Deimos.,10,March,Mars has two moons,Technology,The source states: “The two moons of Mars — Phobos and Deimos — are different.”,high,https://science.nasa.gov/solar-system/moons/facts/,Space technology,Moons: Facts,science.nasa.gov,verified
FACT-2027-03-30-S11,30,2027-03-30,"The source includes Pluto, Ceres, Makemake, Haumea, and Eris among the dwarf planets.",11,March,Dwarf planet list,Space,"The source states, ""Dwarf planets include longtime favorite Pluto, Ceres, Makemake, Haumea, and Eris.""",high,https://science.nasa.gov/solar-system/planets/,Astronomy,About the Planets,science.nasa.gov,verified
FACT-2027-03-30-S12,30,2027-03-30,Asteroid Ida has a tiny moon named Dactyl.,12,March,Ida's moon is Dactyl,Science,"The source states: “Images revealed a tiny moon, later named Dactyl.”",high,https://science.nasa.gov/solar-system/moons/facts/,Astronomy,Moons: Facts,science.nasa.gov,verified
FACT-2027-03-30-S13,30,2027-03-30,Neurotransmitters cross the synapse and attach to receptors on the neighboring cell.,13,March,Neurotransmitter receptor binding,Psychology,The source states that “the neurotransmitters cross the synapse and attach to receptors on the neighboring cell.”,high,https://www.ninds.nih.gov/health-information/public-education/brain-basics/brain-basics-know-your-brain,Neuroscience,Brain Basics: Know Your Brain | National Institute of Neurological Disorders and Stroke,ninds.nih.gov,verified
FACT-2027-03-30-S14,30,2027-03-30,Major current systems typically flow clockwise in the Northern Hemisphere.,14,March,Northern Hemisphere currents typically flow clockwise,Ocean & Marine,"The source states: ""Major current systems typically flow clockwise in the northern hemisphere.""",high,https://oceanexplorer.noaa.gov/ocean-fact/climate/,Oceanography,How does the ocean affect climate and weather on land? - NOAA Ocean Exploration,oceanexplorer.noaa.gov,verified
FACT-2027-03-30-S15,30,2027-03-30,"The north flank of Mount St. Helens slid away on May 18, 1980, at 8:32 a.m.",15,March,Mount St. Helens 1980 eruption date,Nature,"The source quotes the NPS: ""On Sunday, May 18, 1980 at 8:32 a.m., the north flank of Mount St. Helens slid away.""",high,https://www.usgs.gov/news/featured-story/volcanoes-and-usgs-volcano-science-just-facts,Volcanology,Volcanoes and USGS Volcano Science: Just the Facts | U.S. Geological Survey,usgs.gov,verified
FACT-2027-03-30-S16,30,2027-03-30,Picture writing was the beginning stage in the four-stage evolution distinguished by Ignace Gelb.,16,March,Picture writing was the first stage identified by Gelb,Language,The source states that Gelb’s four stages were “beginning with picture writing.”,high,https://www.britannica.com/topic/writing/History-of-writing-systems,Writing systems,"Writing - Scripts, Alphabets, Cuneiform | Britannica",britannica.com,verified
FACT-2027-03-30-S17,30,2027-03-30,Birdseye developed two methods for quickly freezing food.,17,March,Birdseye quick-freezing methods,Inventions,The source states: “Birdseye developed two methods for quick freezing foods.”,high,https://www.loc.gov/everyday-mysteries/categories/technology/item/who-invented-frozen-food/,Food preservation,Who invented frozen food?  | Library of Congress,loc.gov,verified
FACT-2027-03-30-S18,30,2027-03-30,An area at the top of each temporal lobe receives information from the ears.,18,March,Temporal lobe auditory processing,Human Body,The source states that “at the top of each temporal lobe is an area responsible for receiving information from the ears.”,high,https://www.ninds.nih.gov/health-information/public-education/brain-basics/brain-basics-know-your-brain,Neuroscience,Brain Basics: Know Your Brain | National Institute of Neurological Disorders and Stroke,ninds.nih.gov,verified
FACT-2027-03-30-S19,30,2027-03-30,The Sant Ocean Hall demonstrates the ocean’s connections to global systems and people’s daily lives.,19,March,Sant Ocean Hall,History,The source states that the hall demonstrates how “the ocean is intrinsically connected to other global systems and the daily lives of people around the world.”,high,https://www.si.edu/newsdesk/factsheets/national-museum-natural-history,Museum collections,National Museum of Natural History | Smithsonian Institution,si.edu,verified
FACT-2027-03-30-S20,30,2027-03-30,The USGS monitors volcano activity and assesses risks of impending eruptions and their cascading effects.,20,March,USGS volcano monitoring,Geography,"The source states that volcanologists monitor volcano activity and assess ""the risks of an impending eruption and the cascading effects that can come with it.""",high,https://www.usgs.gov/news/featured-story/volcanoes-and-usgs-volcano-science-just-facts,Volcano geography,Volcanoes and USGS Volcano Science: Just the Facts | U.S. Geological Survey,usgs.gov,verified
FACT-2027-03-31-S01,31,2027-03-31,The metal plates in Birdseye’s second technique were chilled to -25°F.,1,March,Second technique temperature,Food,The source states that the plates were “chilled to -25°F.”,high,https://www.loc.gov/everyday-mysteries/categories/technology/item/who-invented-frozen-food/,Food science history,Who invented frozen food?  | Library of Congress,loc.gov,verified
FACT-2027-03-31-S02,31,2027-03-31,The Cornell-Smithsonian Joint Graduate Training Program has been accepting applications since 2011.,2,March,The Cornell-Smithsonian program has accepted applications since 2011,Everyday Life,"The source states, 'The Cornell-Smithsonian Joint Graduate Training Program, which has been accepting applications since 2011.'",high,https://nationalzoo.si.edu/about/history,Public institutions,History | Smithsonian National Zoo,nationalzoo.si.edu,verified
FACT-2027-03-31-S03,31,2027-03-31,Admission to the Smithsonian National Museum of Natural History is free.,3,March,Museum admission,Animals,"The source states, “Free admission.”",high,https://naturalhistory.si.edu/explore/animals,Zoology,Animals | Smithsonian National Museum of Natural History,naturalhistory.si.edu,verified
FACT-2027-03-31-S04,31,2027-03-31,The first Komodo dragon to hatch outside Indonesia hatched at the Zoo in 1992.,4,March,The first Komodo dragon hatched outside Indonesia at the Zoo,Ancient Civilizations,The source lists 'the first Komodo dragon to hatch outside of Indonesia (1992)' among notable births.,high,https://nationalzoo.si.edu/about/history,Material culture,History | Smithsonian National Zoo,nationalzoo.si.edu,verified
FACT-2027-03-31-S05,31,2027-03-31,Alaska experiences a magnitude 7 earthquake almost every year and a magnitude 8 or greater earthquake on average every 14 years.,5,March,Alaska earthquake activity,World Records & Extremes,"The source states: ""Alaska experiences a magnitude 7 earthquake almost every year, and a magnitude 8 or greater earthquake on average every 14 years.""",high,https://www.usgs.gov/programs/earthquake-hazards/cool-earthquake-facts,Earthquake records,Cool Earthquake Facts | U.S. Geological Survey,usgs.gov,verified
FACT-2027-03-31-S06,31,2027-03-31,Phobos and Deimos both have nearly circular orbits and travel close to the plane of Mars's equator.,6,March,Phobos and Deimos have nearly circular orbits,Technology,"The source states: “While both have nearly circular orbits and travel close to the plane of the planet's equator, they are lumpy and dark.”",high,https://science.nasa.gov/solar-system/moons/facts/,Space technology,Moons: Facts,science.nasa.gov,verified
FACT-2027-03-31-S07,31,2027-03-31,Ceres is the only dwarf planet in the inner solar system and is located in the main asteroid belt between Mars and Jupiter.,7,March,Ceres's location,Space,"The source states, ""Ceres is the only dwarf planet in the inner solar system. It's in the main asteroid belt between Mars and Jupiter.""",high,https://science.nasa.gov/solar-system/planets/,Astronomy,About the Planets,science.nasa.gov,verified
FACT-2027-03-31-S08,31,2027-03-31,"The largest recorded earthquake in the United States had a magnitude of 9.2 and struck Prince William Sound, Alaska, on March 28, 1964 UTC.",8,March,Largest recorded U.S. earthquake,Science,"The source states: ""The largest recorded earthquake in the United States was a magnitude 9.2 that struck Prince William Sound, Alaska on Good Friday, March 28, 1964 UTC.""",high,https://www.usgs.gov/programs/earthquake-hazards/cool-earthquake-facts,Seismology,Cool Earthquake Facts | U.S. Geological Survey,usgs.gov,verified
FACT-2027-03-31-S09,31,2027-03-31,"Some neurotransmitters increase cell activity, while others block or dampen it.",9,March,Excitatory and inhibitory neurotransmitters,Psychology,The source states that some neurotransmitters make cells “more active (called excitatory)” while others “block or dampen a cell's activity (called inhibitory).”,high,https://www.ninds.nih.gov/health-information/public-education/brain-basics/brain-basics-know-your-brain,Neuroscience,Brain Basics: Know Your Brain | National Institute of Neurological Disorders and Stroke,ninds.nih.gov,verified
FACT-2027-03-31-S10,31,2027-03-31,Major current systems typically form circular patterns.,10,March,Major current systems form circular patterns,Ocean & Marine,"The source states that major current systems typically flow in ""circular patterns.""",high,https://oceanexplorer.noaa.gov/ocean-fact/climate/,Oceanography,How does the ocean affect climate and weather on land? - NOAA Ocean Exploration,oceanexplorer.noaa.gov,verified
FACT-2027-03-31-S11,31,2027-03-31,The 1980 Mount St. Helens north-flank landslide was described as the largest in recorded history.,11,March,Mount St. Helens landslide,Nature,"The source quotes the NPS describing it as ""the largest in recorded history.""",high,https://www.usgs.gov/news/featured-story/volcanoes-and-usgs-volcano-science-just-facts,Natural phenomena,Volcanoes and USGS Volcano Science: Just the Facts | U.S. Geological Survey,usgs.gov,verified
FACT-2027-03-31-S12,31,2027-03-31,Picture writing expressed ideas directly.,12,March,Picture writing expressed ideas directly,Language,The source states that picture writing “expressed ideas directly.”,high,https://www.britannica.com/topic/writing/History-of-writing-systems,Writing systems,"Writing - Scripts, Alphabets, Cuneiform | Britannica",britannica.com,verified
FACT-2027-03-31-S13,31,2027-03-31,The metal belts in Birdseye’s first technique were chilled using a calcium chloride solution.,13,March,Cooling method for metal belts,Inventions,The source states that the belts were chilled “using a calcium chloride solution.”,high,https://www.loc.gov/everyday-mysteries/categories/technology/item/who-invented-frozen-food/,Food preservation,Who invented frozen food?  | Library of Congress,loc.gov,verified
FACT-2027-03-31-S14,31,2027-03-31,"The underside of each temporal lobe plays a crucial role in forming and retrieving memories, including memories associated with music.",14,March,Temporal lobe memory function,Human Body,"The source states that “the underside of each temporal lobe plays a crucial role in forming and retrieving memories, including those associated with music.”",high,https://www.ninds.nih.gov/health-information/public-education/brain-basics/brain-basics-know-your-brain,Neuroscience,Brain Basics: Know Your Brain | National Institute of Neurological Disorders and Stroke,ninds.nih.gov,verified
FACT-2027-03-31-S15,31,2027-03-31,The David H. Koch Hall of Human Origins explores human evolution over 6 million years.,15,March,Human Origins Hall,History,The source states that the hall explores how the human species evolved “over 6 million years.”,high,https://www.si.edu/newsdesk/factsheets/national-museum-natural-history,Museum collections,National Museum of Natural History | Smithsonian Institution,si.edu,verified
FACT-2027-03-31-S16,31,2027-03-31,USGS volcano observatories monitor activity in real time.,16,March,Real-time monitoring,Geography,"The source states that the five observatories are used ""to make sure we’re monitoring activity in real-time.""",high,https://www.usgs.gov/news/featured-story/volcanoes-and-usgs-volcano-science-just-facts,Volcano geography,Volcanoes and USGS Volcano Science: Just the Facts | U.S. Geological Survey,usgs.gov,verified
FACT-2027-03-31-S17,31,2027-03-31,"Using Birdseye’s second method, a two-inch-thick package of meat could be frozen to 0°F in about 90 minutes.",17,March,Meat freezing time,Food,The source states: “a two-inch-thick package of meat could be frozen to 0°F in about 90 minutes.”,high,https://www.loc.gov/everyday-mysteries/categories/technology/item/who-invented-frozen-food/,Food science history,Who invented frozen food?  | Library of Congress,loc.gov,verified
FACT-2027-03-31-S18,31,2027-03-31,The Cornell-Smithsonian program's first student produced the first domestic puppies from in vitro fertilization in 2015.,18,March,The program produced the first domestic puppies from in vitro fertilization,Everyday Life,"The source states, 'The program’s very first student produced the first domestic puppies from in vitro fertilization in 2015.'",high,https://nationalzoo.si.edu/about/history,Public institutions,History | Smithsonian National Zoo,nationalzoo.si.edu,verified
FACT-2027-03-31-S19,31,2027-03-31,The museum’s listed hours are 10 AM to 5:30 PM.,19,March,Museum hours,Animals,"The source states, “from 10 AM to 5:30 PM.”",high,https://naturalhistory.si.edu/explore/animals,Zoology,Animals | Smithsonian National Museum of Natural History,naturalhistory.si.edu,verified
FACT-2027-03-31-S20,31,2027-03-31,Smithsonian scientists were the first to discover elephant endotheliotropic herpes virus in 1995.,20,March,Scientists discovered EEHV in 1995,Ancient Civilizations,"The source states, 'In 1995, Smithsonian's National Zoo and Conservation Biology Institute scientists were the first to discover the lethal elephant endotheliotropic herpes virus (EEHV).' ",high,https://nationalzoo.si.edu/about/history,Material culture,History | Smithsonian National Zoo,nationalzoo.si.edu,verified