ID,Day,Date,Fact,Slot,Month,Title,Category,Evidence,Confidence,Source URL,Subcategory,Source title,Source domain,Verification status
FACT-2027-05-01-S01,1,2027-05-01,"Abraham Lincoln received US Patent No. 6,469 in 1849 for a device for “Buoying Vessels Over Shoals.”",1,May,Abraham Lincoln received a US patent,Inventions,"The source gives the patent number, year, and device title.",high,https://invention.si.edu/invention-stories/america-participates-innovation-1800s,Abraham Lincoln,Source page,invention.si.edu,verified
FACT-2027-05-01-S02,1,2027-05-01,"Surface-current patterns are determined by wind direction, Coriolis forces from Earth's rotation, and landform positions.",2,May,Several factors determine surface-current patterns,Ocean & Marine,"NOAA explicitly identifies wind direction, Coriolis forces, and landforms as determining factors.",high,https://oceanexplorer.noaa.gov/ocean-fact/currents/,Surface-current patterns,What causes ocean currents? - NOAA Ocean Exploration,oceanexplorer.noaa.gov,verified
FACT-2027-05-01-S03,1,2027-05-01,The park is home to various plants.,3,May,Park plant life,Nature,The source states that the park is home to various plants.,high,http://home.nps.gov/cari/learn/nature/index.htm,Plants,Nature & Science - Cane River Creole National Historical Park (U.S. National Park Service),home.nps.gov,verified
FACT-2027-05-01-S04,1,2027-05-01,The page includes resources about the brain.,4,May,The brain is an anatomical subject,Human Body,The Specifics section lists resources titled “Brain” and “Brain Basics: The Life and Death of a Neuron.”,high,https://www.nlm.nih.gov/medlineplus/anatomy.html,Brain,Anatomy | MedlinePlus,www.nlm.nih.gov,verified
FACT-2027-05-01-S05,1,2027-05-01,The solar system is located in an outer spiral arm of the Milky Way galaxy.,5,May,The solar system is in the Milky Way,Space,The source states that the planetary system is located in an outer spiral arm of the Milky Way.,high,https://solarsystem.nasa.gov/solar-system/our-solar-system/in-depth.amp,Galactic location,In Depth | Our Solar System – NASA Solar System Exploration,solarsystem.nasa.gov,verified
FACT-2027-05-01-S06,1,2027-05-01,Many green-colored geologic units in the viewer are mostly from the Cretaceous period.,6,May,Cretaceous formations occur in Texas,Geography,"Zoom into the green-colored units, which are mostly from the Cretaceous period.",high,https://www.usgs.gov/news/featured-story/history-texas-under-your-feet-and-your-fingertips,Geologic Periods,The History of Texas is Under Your Feet and at Your Fingertips! | U.S. Geological Survey,www.usgs.gov,verified
FACT-2027-05-01-S07,1,2027-05-01,"The Declaration of Independence, Articles of Confederation, and United States Constitution were debated and adopted at Independence Hall.",7,May,Independence Hall hosted major founding debates,History,The source identifies Independence Hall as the place where these documents were debated and adopted.,high,https://home.nps.gov/places/independence-national-historical-park.htm,American founding,Independence National Historical Park (U.S. National Park Service),home.nps.gov,verified
FACT-2027-05-01-S08,1,2027-05-01,Most killer whales live in social groups called pods.,8,May,Killer whales live in pods,Animals,NOAA states that most killer whales live in pods consisting of closely related individuals.,high,https://www.fisheries.noaa.gov/species/killer-whale/science?page=0,Social behavior,Killer Whale: Science | NOAA Fisheries,www.fisheries.noaa.gov,verified
FACT-2027-05-01-S09,1,2027-05-01,World Development Indicators present global development indicators.,9,May,World Development Indicators cover global development data,Money & Economics,The source describes WDI as the World Bank's primary collection of development indicators and presents it as global data.,high,https://databank.worldbank.org/,Global development statistics,DataBank | The World Bank,databank.worldbank.org,verified
FACT-2027-05-01-S10,1,2027-05-01,The GWR for Business service is intended to help brands increase their presence.,10,May,GWR for Business promotes brand visibility,Money & Economics,The source says record breaking can elevate a brand’s presence.,high,https://www.guinnessworldrecords.com/,Brand promotion,Home | Guinness World Records,www.guinnessworldrecords.com,verified
FACT-2027-05-01-S11,1,2027-05-01,The region associated with the Liangzhu culture is described as large and fertile.,11,May,Liangzhu people lived in a fertile region,Geography,The source describes the Liangzhu region as large and fertile.,high,https://asia-archive.si.edu/exhibition/afterlife-ancient-chinese-jades/,Physical environment,Afterlife: Ancient Chinese Jades - Smithsonian's National Museum of Asian Art,asia-archive.si.edu,verified
FACT-2027-05-01-S12,1,2027-05-01,Users can create their own queries in DataBank.,12,May,DataBank supports custom queries,Technology,The source states that users can create their own queries.,high,https://databank.worldbank.org/,Query tools,DataBank | The World Bank,databank.worldbank.org,verified
FACT-2027-05-01-S13,1,2027-05-01,The automobile attributed to Karl Friedrich Benz in 1885/1886 was three-wheeled.,13,May,Benz's automobile had three wheels,Technology,"Automobile powered by an internal combustion engine: three wheeled, four cycle.",medium,https://www.loc.gov/item/who-invented-the-automobile/,Vehicle Design,Everyday Mysteries,www.loc.gov,verified
FACT-2027-05-01-S14,1,2027-05-01,The Gulf Stream carries about 150 times more water than the Amazon River.,14,May,The Gulf Stream transports large volumes of water,World Records & Extremes,NOAA states that the Gulf Stream carries about 150 times more water than the Amazon River.,high,https://www.noaa.gov/education/resource-collections/ocean-coasts/ocean-currents,Ocean flow volume,Ocean currents | National Oceanic and Atmospheric Administration,www.noaa.gov,verified
FACT-2027-05-01-S15,1,2027-05-01,"Travel between time zones, known as jet lag, alters the normal sleep-wake cycle.",15,May,Time-zone travel can disrupt circadian rhythms,Human Body,The source states that travel between time zones alters the normal sleep-wake cycle.,high,https://nigms.nih.gov/education/fact-sheets/Pages/circadian-rhythms,Sleep-Wake Regulation,Circadian Rhythms | National Institute of General Medical Sciences,nigms.nih.gov,verified
FACT-2027-05-01-S16,1,2027-05-01,"Culture can include clothing, language, architecture, poetry, art, religion, pottery, tools, and other aspects of daily life.",16,May,Culture includes material and everyday features,History,The source lists these features as characteristics of a civilization or group and as remains of past daily life.,high,https://nps.gov/jame/learn/historyculture/index.htm,Culture,History & Culture - Historic Jamestowne Part of Colonial National Historical Park (U.S. National Park Service),nps.gov,verified
FACT-2027-05-01-S17,1,2027-05-01,Ocean evaporation helps form rain and storms that are carried by trade winds.,17,May,Ocean evaporation helps form storms,Nature,The source links ocean evaporation with the formation of rain and storms and says trade winds carry them.,high,https://oceanexplorer.noaa.gov/ocean-fact/climate/,Weather systems,How does the ocean affect climate and weather on land? - NOAA Ocean Exploration,oceanexplorer.noaa.gov,verified
FACT-2027-05-01-S18,1,2027-05-01,Ocean currents regulate global climate by counteracting the uneven distribution of solar radiation reaching Earth’s surface.,18,May,Currents regulate global climate,Science,The source directly states that currents regulate global climate and counteract uneven solar radiation.,high,https://oceanexplorer.noaa.gov/ocean-fact/climate/,Climate regulation,How does the ocean affect climate and weather on land? - NOAA Ocean Exploration,oceanexplorer.noaa.gov,verified
FACT-2027-05-01-S19,1,2027-05-01,More than 96% of Earth's water exists in the oceans.,19,May,Oceans hold most of Earth's water,Ocean & Marine,The source identifies oceans as Earth's largest water storehouse and says they contain over 96% of its water.,high,https://www.usgs.gov/water-science-school/science/where-earths-water,Ocean water storage,Where is Earth's Water? | U.S. Geological Survey,www.usgs.gov,verified
FACT-2027-05-01-S20,1,2027-05-01,Birds have a limited hearing range.,20,May,Birds have a limited hearing range,Animals,The source explicitly states that birds' hearing range is limited.,high,https://www.britannica.com/animal/bird-animal,Sensory biology,"Bird | Description, Species, Feathers, & Facts | Britannica",www.britannica.com,verified
FACT-2027-05-02-S01,2,2027-05-02,Undisturbed aristocratic tombs at Anyang yielded high-quality bronze objects.,1,May,Bronzes from Aristocratic Tombs,Ancient Civilizations,The source reports that undisturbed aristocratic tombs yielded bronzes of astounding quality.,high,https://asia-archive.si.edu/learn/ancient-chinese-bronzes/,Burial Archaeology,Ancient Chinese Bronzes - Smithsonian's National Museum of Asian Art,asia-archive.si.edu,verified
FACT-2027-05-02-S02,2,2027-05-02,The Natural Hazards Map was prepared by the Circum-Pacific Map Project in cooperation with NOAA.,2,May,Natural Hazards Map cooperation,Science,The source describes the map as a special sheet prepared in cooperation with the U.S. National Oceanic and Atmospheric Administration.,high,https://pubs.usgs.gov/cp/35/report.pdf,Natural-hazard mapping,Explanatory Notes for the Natural Hazards Map of the Circum-Pacific Region Pacific Basin Sheet,pubs.usgs.gov,verified
FACT-2027-05-02-S03,2,2027-05-02,Ocean and coastal places are included among the page’s ocean-related topic areas.,3,May,The page includes ocean and coastal places,Geography,“Ocean and Coastal Places” appears as a listed category on the page.,high,https://oceanservice.noaa.gov/facts/,Coastal geography,NOAA's National Ocean Service: Newsroom,oceanservice.noaa.gov,verified
FACT-2027-05-02-S04,2,2027-05-02,"In cold regions, seawater can become cold, salty, and dense enough to sink to the ocean bottom.",4,May,Cold salty water sinks,Ocean & Marine,NOAA explains that cooling and salt concentration in regions such as the North Atlantic make seawater dense enough to sink.,high,https://www.noaa.gov/education/resource-collections/ocean-coasts/ocean-currents,Deep-water formation,Ocean currents | National Oceanic and Atmospheric Administration,www.noaa.gov,verified
FACT-2027-05-02-S05,2,2027-05-02,Analyses suggested wildlife was plentiful and widespread in the Greater Yellowstone Ecosystem before Euro-American colonization.,5,May,Historical wildlife was plentiful and widespread,Nature,The abstract explicitly reports that analyses suggested wildlife was plentiful and widespread before colonization.,high,https://nps.gov/yell/learn/historyculture/historicwildlife.htm,Wildlife ecology,Historic Wildlife Observations - Yellowstone National Park (U.S. National Park Service),nps.gov,verified
FACT-2027-05-02-S06,2,2027-05-02,"The Archives Center's largest collection is the Western Union Telegraph Company Records, which document the beginning of the communications revolution.",6,May,The museum's archives document the Western Union Telegraph Company,History,The source identifies the collection as the Archives Center's largest and states what it documents.,high,https://americanhistory.si.edu/explore/topics/invention-and-innovation,Communications history,Invention and Innovation | National Museum of American History,americanhistory.si.edu,verified
FACT-2027-05-02-S07,2,2027-05-02,DataBank is an analysis and visualization tool containing collections of time-series data on various topics.,7,May,DataBank is a data analysis tool,Technology,The source describes DataBank as an analysis and visualization tool with collections of time-series data.,high,https://databank.worldbank.org/,Data analysis platforms,DataBank | The World Bank,databank.worldbank.org,verified
FACT-2027-05-02-S08,2,2027-05-02,The Census of Marine Life was an international project spanning 10 years.,8,May,The Census of Marine Life lasted 10 years,Ocean & Marine,The source explicitly describes the Census of Marine Life as an international project spanning 10 years.,high,https://oceanservice.noaa.gov/facts/ocean-species.html,Marine research projects,How Many Species Live in the Ocean?,oceanservice.noaa.gov,verified
FACT-2027-05-02-S09,2,2027-05-02,Alexander Graham Bell is identified as the inventor of the telephone.,9,May,Alexander Graham Bell,Inventions,The source explicitly identifies Bell as the telephone’s inventor.,high,https://guides.loc.gov/gilded-age-business/people/inventors,Communication technology,Inventors - American Business: The Gilded Age and the Progressive Era - Research Guides at Library of Congress,guides.loc.gov,verified
FACT-2027-05-02-S10,2,2027-05-02,World Development Indicators are compiled from officially recognized international sources.,10,May,World Development Indicators use international sources,Money & Economics,The source says WDI is compiled from officially recognized international sources.,high,https://databank.worldbank.org/,Development indicators,DataBank | The World Bank,databank.worldbank.org,verified
FACT-2027-05-02-S11,2,2027-05-02,Killer whales are mostly black on top with white undersides and white patches near the eyes.,11,May,Killer whales have black-and-white markings,Animals,"NOAA describes the species’ black upper body, white underside, and white eye patches.",high,https://www.fisheries.noaa.gov/species/killer-whale/science?page=0,Physical characteristics,Killer Whale: Science | NOAA Fisheries,www.fisheries.noaa.gov,verified
FACT-2027-05-02-S12,2,2027-05-02,"In most cases, Alzheimer’s disease is influenced by multiple genes together with lifestyle and environmental factors.",12,May,Most Alzheimer’s cases do not have one genetic cause,Human Body,"The source says Alzheimer’s usually does not have a single genetic cause and can involve multiple genes, lifestyle, and environmental factors.",high,https://www.nia.nih.gov/health/alzheimers-causes-and-risk-factors/alzheimers-disease-genetics-fact-sheet,Alzheimer’s Disease,Alzheimer's Disease Genetics Fact Sheet | National Institute on Aging,www.nia.nih.gov,verified
FACT-2027-05-02-S13,2,2027-05-02,The World Bank DataBank allows users to visualize and analyze World Development Indicators and other World Bank time-series data.,13,May,DataBank provides time-series data,Technology,The source describes DataBank as a place to visualize and analyze WDI and other World Bank time-series data.,high,https://data.worldbank.org/,Data Analysis Tools,World Bank Open Data | Data,data.worldbank.org,verified
FACT-2027-05-02-S14,2,2027-05-02,The solar system takes about 230 million years to complete one orbit around the Milky Way's center.,14,May,A galactic orbit takes about 230 million years,Space,NASA gives an approximately 230-million-year orbital period around the galactic center.,high,https://science.nasa.gov/solar-system/solar-system-facts/,Galactic Motion,Solar System: Facts - NASA Science,science.nasa.gov,verified
FACT-2027-05-02-S15,2,2027-05-02,"Without ocean currents, regional temperatures would be more extreme, with greater heat near the equator and greater cold toward the poles.",15,May,Ocean currents moderate regional temperatures,Geography,"The source states that without currents, equatorial regions would be super hot and polar regions frigid.",high,https://oceanexplorer.noaa.gov/ocean-fact/climate/,Regional climate,How does the ocean affect climate and weather on land? - NOAA Ocean Exploration,oceanexplorer.noaa.gov,verified
FACT-2027-05-02-S16,2,2027-05-02,"The Patent Act of 1790 granted inventors exclusive rights to their inventions for 14 years, later extended to 17 years.",16,May,The Patent Act of 1790 granted temporary exclusive rights,History,"The source states that the Patent Act of 1790 granted exclusive rights for 14, later 17, years.",high,https://invention.si.edu/invention-stories/america-participates-innovation-1800s,Patent law,Source page,invention.si.edu,verified
FACT-2027-05-02-S17,2,2027-05-02,The US Patent Office maintained a museum of patent models for public examination and inventive inspiration.,17,May,The Patent Office displayed patent models,Inventions,The source describes the Patent Office museum of patent models and its intended public uses.,high,https://invention.si.edu/invention-stories/america-participates-innovation-1800s,Patent museums,Source page,invention.si.edu,verified
FACT-2027-05-02-S18,2,2027-05-02,"Animals, plants, and microorganisms have circadian rhythms.",18,May,Many living things have circadian rhythms,Science,"The source says most living things have circadian rhythms, including animals, plants, and microorganisms.",high,https://nigms.nih.gov/education/fact-sheets/Pages/circadian-rhythms,Biological Rhythms Across Life,Circadian Rhythms | National Institute of General Medical Sciences,nigms.nih.gov,verified
FACT-2027-05-02-S19,2,2027-05-02,"The hippocampus acts as a memory indexer, sending memories for long-term storage and retrieving them when needed.",19,May,The hippocampus helps manage memories,Human Body,The source describes the hippocampus as indexing memories for storage and retrieval.,high,https://www.ninds.nih.gov/health-information/public-education/brain-basics/brain-basics-know-your-brain,Memory,Brain Basics: Know Your Brain | National Institute of Neurological Disorders and Stroke,www.ninds.nih.gov,verified
FACT-2027-05-02-S20,2,2027-05-02,Scientists determine a fish’s age by counting growth rings on its scales or ear bones.,20,May,Fish Age Can Be Determined from Growth Rings,Animals,The source states that scientists figure out fish age by counting growth rings on scales or ear bones.,high,https://www.fisheries.noaa.gov/national/outreach-and-education/fun-facts-about-sea-life,Fish Biology,Fun Facts About Sea Life | NOAA Fisheries,www.fisheries.noaa.gov,verified
FACT-2027-05-03-S01,3,2027-05-03,"Carbon-isotope evidence indicates that 75% to 100% of the vegetation in one approximately 990,000-year-old layer consisted of C4 plants, mainly grasses.",1,May,Olorgesailie included extensive grassland,Nature,The source reports the C4-plant proportion from carbon-isotope testing of the upper Member 1 paleosol.,high,https://humanorigins.si.edu/research/east-african-research-projects/olorgesailie-kenya,Paleoecology,"Olorgesailie, Kenya | The Smithsonian Institution's Human Origins Program",humanorigins.si.edu,verified
FACT-2027-05-03-S02,3,2027-05-03,"During King Croesus's rule, Lydians learned to make gold coins that the source says were 98 percent pure gold.",2,May,Lydian gold coins were highly pure,Ancient Civilizations,The source states that silver was removed from electrum and that King Croesus's coins were 98 percent pure gold.,high,https://kids.usmint.gov/media/43126/download?inline=,Ancient metallurgy,Source page,kids.usmint.gov,verified
FACT-2027-05-03-S03,3,2027-05-03,Carpenters’ Hall was the site of the First Continental Congress in September 1774.,3,May,Carpenters’ Hall hosted the First Continental Congress,History,The source directly identifies Carpenters’ Hall as the site and gives the month and year.,high,https://home.nps.gov/places/independence-national-historical-park.htm,American Revolution,Independence National Historical Park (U.S. National Park Service),home.nps.gov,verified
FACT-2027-05-03-S04,3,2027-05-03,Animals are multicellular organisms within the domain Eukarya.,4,May,Animals belong to the domain Eukarya,Animals,The source states that Eukarya includes animals and other multicellular organisms.,high,https://kids.britannica.com/students/article/animal/272874,Biological classification,"animal
                    
                
                - Students | Britannica Kids | Homework Help",kids.britannica.com,verified
FACT-2027-05-03-S05,3,2027-05-03,Thrust SSC was the first car to break the sound barrier.,5,May,First car to break the sound barrier,Inventions,The source explicitly describes Thrust SSC as the first car to break the sound barrier.,high,https://www.guinnessworldrecords.com/news/2022/3/19-world-record-facts-that-will-help-you-in-a-quiz-694927,Vehicles,19 world record facts that will help you in a quiz  | Guinness World Records,www.guinnessworldrecords.com,verified
FACT-2027-05-03-S06,3,2027-05-03,The presence of muscles is one of the primary characteristics of the animal kingdom.,6,May,Muscles characterize animals,Science,The source identifies muscles as a primary characteristic of animals.,high,https://www.britannica.com/animal/animal,Zoology,"Animal | Definition, Types, & Facts | Britannica",www.britannica.com,verified
FACT-2027-05-03-S07,3,2027-05-03,"Thrust SSC set the official land-speed record at 1,227.985 km/h.",7,May,Fastest recorded land speed,World Records & Extremes,"The source states that Andy Green set the official land-speed record in Thrust SSC at 1,227.985 km/h.",high,https://www.guinnessworldrecords.com/news/2022/3/19-world-record-facts-that-will-help-you-in-a-quiz-694927,Speed records,19 world record facts that will help you in a quiz  | Guinness World Records,www.guinnessworldrecords.com,verified
FACT-2027-05-03-S08,3,2027-05-03,Marine critical minerals are minerals on the ocean floor considered essential to the United States economy and security.,8,May,Marine critical minerals support U.S. interests,Ocean & Marine,The source states that marine critical minerals are found on the ocean floor and are essential to U.S. economy and security.,high,https://oceanexplorer.noaa.gov/ocean-facts/,Marine Resources,Ocean Exploration Facts - NOAA Ocean Exploration,oceanexplorer.noaa.gov,verified
FACT-2027-05-03-S09,3,2027-05-03,The source identifies “GDP (current US$)” as a data indicator.,9,May,GDP current US$ is a World Bank data indicator,Money & Economics,GDP (current US$) | Data; # GDP (current US$),medium,https://data.worldbank.org/indicator/NY.GDP.MKTP.CD,Gross Domestic Product,GDP (current US$) | Data,data.worldbank.org,verified
FACT-2027-05-03-S10,3,2027-05-03,"The global seabed can include muddy clay, sand, rocky boulders, and other features.",10,May,The seabed has varied textures,Ocean & Marine,"The source lists muddy clay, sand, rocky boulders, and other features as possible seabed textures.",high,https://oceanexplorer.noaa.gov/ocean-facts/,Seafloor Composition,Ocean Exploration Facts - NOAA Ocean Exploration,oceanexplorer.noaa.gov,verified
FACT-2027-05-03-S11,3,2027-05-03,Mount St. Elias is described as the second-tallest peak in both the United States and Canada and the fourth-tallest in North America.,11,May,Mount St. Elias regional ranking,Geography,The source explicitly gives these regional height rankings.,high,https://www.nps.gov/wrst/learn/historyculture/yakutat-tlingit-ethnographic-study.htm,Mountains,Yakutat Tlingit Ethnographic Study - Wrangell - St Elias National Park & Preserve (U.S. National Park Service),www.nps.gov,verified
FACT-2027-05-03-S12,3,2027-05-03,"Elephants inhabit savannas, grasslands, forests, deserts, swamps, and highlands.",12,May,Elephant Habitats,Animals,"They occupy habitats including savannas, grasslands, forests, deserts, swamps, and highlands.",high,https://www.britannica.com/animal/elephant-mammal,Habitat,"Elephant | Description, Habitat, Scientific Names, Weight, & Facts | Britannica",www.britannica.com,verified
FACT-2027-05-03-S13,3,2027-05-03,Humans and living apes share a common ancestor that lived between 8 and 6 million years ago.,13,May,Humans and living apes share a common ancestor,Science,The source dates the last common ancestor of humans and living apes to between 8 and 6 million years ago.,high,https://www.si.edu/stories/human-origins-facts,Evolution,Did You Know? Human Origins Facts | Smithsonian Institution,www.si.edu,verified
FACT-2027-05-03-S14,3,2027-05-03,Anyang is located in northeastern Henan province in China.,14,May,Location of Anyang,Geography,The source explicitly places Anyang in northeastern Henan province.,high,https://asia-archive.si.edu/learn/ancient-chinese-bronzes/,Chinese Regions,Ancient Chinese Bronzes - Smithsonian's National Museum of Asian Art,asia-archive.si.edu,verified
FACT-2027-05-03-S15,3,2027-05-03,"Earth's water occurs in the air and clouds, on the surface in rivers, oceans, ice, plants, and living organisms, and inside the Earth.",15,May,Water exists throughout Earth's environment,Nature,"The source lists these atmospheric, surface, biological, and subsurface locations for Earth's water.",high,https://www.usgs.gov/index.php/water-science-school/science/where-earths-water,Water locations,Where is Earth's Water? | U.S. Geological Survey,www.usgs.gov,verified
FACT-2027-05-03-S16,3,2027-05-03,"Traumatic brain injuries, strokes, and brain tumors can increase the risk for circadian rhythm disorders.",16,May,Brain injuries can increase circadian disorder risk,Human Body,"The source lists conditions causing brain damage, including traumatic brain injuries, strokes, and brain tumors, as risk factors.",high,https://www.nhlbi.nih.gov/health/circadian-rhythm-disorders/causes,Brain health and sleep,"Circadian Rhythm Disorders - Causes and Risk Factors | NHLBI, NIH",www.nhlbi.nih.gov,verified
FACT-2027-05-03-S17,3,2027-05-03,Howe's patented sewing machine featured an improved lockstitch design.,17,May,Howe's Lockstitch Improvement,Inventions,The source describes Howe's patent as covering a sewing machine with an improved lockstitch design.,high,https://guides.loc.gov/this-month-in-business-history/september/elias-howe-patented-sewing-machine,Sewing-machine technology,Elias Howe Issued a Patent for the Sewing Machine - This Month in Business History - Research Guides at Library of Congress,guides.loc.gov,verified
FACT-2027-05-03-S18,3,2027-05-03,"The Duryea brothers' 1893 car had a four-horsepower, two-stroke motor.",18,May,The Duryea car used a two-stroke motor,Technology,"First successful gas powered car: 4hp, two-stroke motor.",medium,https://www.loc.gov/item/who-invented-the-automobile/,Automotive Engines,Everyday Mysteries,www.loc.gov,verified
FACT-2027-05-03-S19,3,2027-05-03,Homo sapiens are the only remaining species of a diverse human family tree.,19,May,Homo sapiens are the only surviving human species,History,The source says humans are the only remaining species of a diverse family tree of earlier human species.,high,https://www.si.edu/stories/human-origins-facts,Human evolution,Did You Know? Human Origins Facts | Smithsonian Institution,www.si.edu,verified
FACT-2027-05-03-S20,3,2027-05-03,"Venus is the hottest planet in the solar system, even though Mercury is closer to the Sun.",20,May,Venus is the hottest planet,Space,NASA explicitly identifies Venus as the hottest planet and contrasts it with Mercury's closer distance to the Sun.,high,https://science.nasa.gov/solar-system/solar-system-facts/,Planets,Solar System: Facts - NASA Science,science.nasa.gov,verified
FACT-2027-05-04-S01,4,2027-05-04,Mineralized bone serves as the body's main reservoir of calcium and phosphate.,1,May,Bones store calcium and phosphate,Human Body,The source states that mineralization makes bones the body's main calcium and phosphate reservoir.,high,https://www.ncbi.nlm.nih.gov/sites/books/NBK537199/,Mineral storage,"Anatomy, Bones - StatPearls - NCBI Bookshelf",www.ncbi.nlm.nih.gov,verified
FACT-2027-05-04-S02,4,2027-05-04,Many of the jades came from prehistoric burials associated with the Liangzhu culture.,2,May,Liangzhu culture produced many of the jades,Ancient Civilizations,The source states that many jades came from Liangzhu prehistoric burials.,high,https://asia-archive.si.edu/exhibition/afterlife-ancient-chinese-jades/,Liangzhu culture,Afterlife: Ancient Chinese Jades - Smithsonian's National Museum of Asian Art,asia-archive.si.edu,verified
FACT-2027-05-04-S03,4,2027-05-04,Arthropods have segmented bodies and many jointed legs.,3,May,Arthropods have jointed legs,Animals,The source describes arthropods as having segmented bodies and many jointed legs.,high,https://kids.britannica.com/students/article/animal/272874,Arthropods,"animal
                    
                
                - Students | Britannica Kids | Homework Help",kids.britannica.com,verified
FACT-2027-05-04-S04,4,2027-05-04,"Scientists study microorganisms, fruit flies, zebrafish, and mice because they have biological clock genes similar to those of humans.",4,May,Several organisms are used to study circadian rhythms,Science,The source identifies these organisms as commonly studied because of similarities in their biological clock genes to humans.,high,https://nigms.nih.gov/education/fact-sheets/Pages/circadian-rhythms,Research Organisms,Circadian Rhythms | National Institute of General Medical Sciences,nigms.nih.gov,verified
FACT-2027-05-04-S05,4,2027-05-04,Earth’s rotation causes ocean currents to veer right in the Northern Hemisphere and left in the Southern Hemisphere.,5,May,The Coriolis effect deflects ocean currents,Ocean & Marine,"NOAA explains that Earth’s rotation produces the Coriolis effect, deflecting currents right in the Northern Hemisphere and left in the Southern Hemisphere.",high,https://www.noaa.gov/education/resource-collections/ocean-coasts/ocean-currents,Coriolis effect,Ocean currents | National Oceanic and Atmospheric Administration,www.noaa.gov,verified
FACT-2027-05-04-S06,4,2027-05-04,The Circum-Pacific Map Project is an international effort showing relationships between Pacific Basin energy and mineral resources and major geologic features.,6,May,Circum-Pacific Map Project scope,Geography,The introduction explicitly defines the project as a cooperative international effort concerning Pacific Basin resources and geologic features.,high,https://pubs.usgs.gov/cp/35/report.pdf,Pacific Basin mapping,Explanatory Notes for the Natural Hazards Map of the Circum-Pacific Region Pacific Basin Sheet,pubs.usgs.gov,verified
FACT-2027-05-04-S07,4,2027-05-04,"After reaching Icy Bay, the migrating group built a lineage house named Mountain House after Mount St. Elias.",7,May,Mountain House lineage house,History,The source states that they built their first lineage house at the bay and named it Mountain House after the mountain.,high,https://www.nps.gov/wrst/learn/historyculture/yakutat-tlingit-ethnographic-study.htm,Indigenous settlements,Yakutat Tlingit Ethnographic Study - Wrangell - St Elias National Park & Preserve (U.S. National Park Service),www.nps.gov,verified
FACT-2027-05-04-S08,4,2027-05-04,Blind seals in the wild seem able to hunt and feed without sight.,8,May,Blind Seals Can Hunt Without Sight,Animals,The source states that blind wild seals seem able to hunt and feed without sight.,high,https://www.fisheries.noaa.gov/national/outreach-and-education/fun-facts-about-sea-life,Seal Behavior,Fun Facts About Sea Life | NOAA Fisheries,www.fisheries.noaa.gov,verified
FACT-2027-05-04-S09,4,2027-05-04,Vertebrates are animals that have backbones.,9,May,Vertebrates have backbones,Science,The source states that vertebrates have backbones.,high,https://www.britannica.com/animal/animal,Animal Classification,"Animal | Definition, Types, & Facts | Britannica",www.britannica.com,verified
FACT-2027-05-04-S10,4,2027-05-04,Leonardo da Vinci created designs and models for transport vehicles in the 15th century.,10,May,Leonardo da Vinci designed transport vehicles,Inventions,The history of the automobile ... dates back to the 15th century when Leonardo da Vinci was creating designs and models for transport vehicles.,medium,https://www.loc.gov/item/who-invented-the-automobile/,Early Vehicle Designs,Everyday Mysteries,www.loc.gov,verified
FACT-2027-05-04-S11,4,2027-05-04,The ocean is a massive carbon sink that offsets carbon dioxide in the atmosphere.,11,May,The ocean as a carbon sink,Ocean & Marine,"“The ocean is a massive carbon sink, offsetting carbon dioxide in the atmosphere.”",high,https://education.nationalgeographic.org/resource/mapmaker-marine-biodiversity/,Ocean chemistry,MapMaker: Marine Biodiversity,education.nationalgeographic.org,verified
FACT-2027-05-04-S12,4,2027-05-04,"The Moon's solid, rocky surface is covered with craters formed by impacts from asteroids, meteoroids, and comets.",12,May,Impact-cratered surface,Space,"NASA attributes the Moon's numerous craters to impacts by asteroids, meteoroids, and comets.",high,https://science.nasa.gov/moon/facts/,Lunar geology,Moon Facts - NASA Science,science.nasa.gov,verified
FACT-2027-05-04-S13,4,2027-05-04,Users can create customized country groups from selected countries.,13,May,The database supports custom country groups,Technology,The Custom Country instructions describe creating groups from countries selected in the country panel.,high,https://databank.worldbank.org/source/world-development-indicators,Data customization,World Development Indicators | DataBank,databank.worldbank.org,verified
FACT-2027-05-04-S14,4,2027-05-04,The page gives GDP divided by population as an example of a custom indicator.,14,May,GDP per capita can be constructed as GDP divided by population,Money & Economics,The Custom Indicator instructions explicitly provide “GDP per Capita as GDP/Population.”,high,https://databank.worldbank.org/source/world-development-indicators,Economic indicators,World Development Indicators | DataBank,databank.worldbank.org,verified
FACT-2027-05-04-S15,4,2027-05-04,"Gottlieb Wilhelm Daimler and Wilhelm Maybach are listed as developing a four-wheeled, four-stroke gasoline vehicle in 1886.",15,May,Daimler and Maybach developed an early four-wheeled automobile,Inventions,"1886 | GASOLINE / First four wheeled, four-stroke engine- known as the “Cannstatt-Daimler.”",medium,https://www.loc.gov/item/who-invented-the-automobile/,Gasoline Vehicles,Everyday Mysteries,www.loc.gov,verified
FACT-2027-05-04-S16,4,2027-05-04,Variations in genes can increase or decrease a person’s likelihood of developing Alzheimer’s disease.,16,May,Genetic variants can alter disease risk,Human Body,The source states that genetic variations can affect the likelihood of developing Alzheimer’s and may increase or decrease risk.,high,https://www.nia.nih.gov/health/alzheimers-causes-and-risk-factors/alzheimers-disease-genetics-fact-sheet,Disease Genetics,Alzheimer's Disease Genetics Fact Sheet | National Institute on Aging,www.nia.nih.gov,verified
FACT-2027-05-04-S17,4,2027-05-04,"DataBank can generate tables, charts, and maps.",17,May,DataBank generates multiple visualization formats,Technology,"The source explicitly lists tables, charts, and maps as outputs DataBank can generate.",high,https://databank.worldbank.org/,Data visualization,DataBank | The World Bank,databank.worldbank.org,verified
FACT-2027-05-04-S18,4,2027-05-04,"Physical geographers study Earth's seasons, climate, atmosphere, soil, streams, landforms, and oceans.",18,May,Physical geography studies natural systems,Geography,The source lists these subjects as areas studied by physical geographers.,high,https://education.nationalgeographic.org/resource/geography-article/,Physical Geography,Geography,education.nationalgeographic.org,verified
FACT-2027-05-04-S19,4,2027-05-04,Glaciers currently cover almost 10% of the world's land mass.,19,May,Glaciers cover almost 10% of Earth's land,Nature,The source states that almost 10% of the world's land mass is currently covered by glaciers.,high,https://www.usgs.gov/water-science-school/science/where-earths-water,Glaciers,Where is Earth's Water? | U.S. Geological Survey,www.usgs.gov,verified
FACT-2027-05-04-S20,4,2027-05-04,"Howe's invention won a Gold Medal in Paris in 1867, and Howe was made a Knight of the Légion d'honneur.",20,May,Awards for Howe's Invention,History,The source states that the invention won a Gold Medal at the 1867 Paris exhibition and that Howe was made a Knight of the Légion d'honneur.,high,https://guides.loc.gov/this-month-in-business-history/september/elias-howe-patented-sewing-machine,Invention awards,Elias Howe Issued a Patent for the Sewing Machine - This Month in Business History - Research Guides at Library of Congress,guides.loc.gov,verified
FACT-2027-05-05-S01,5,2027-05-05,The APP gene is located on chromosome 21.,1,May,APP is located on chromosome 21,Science,"The source lists amyloid precursor protein, or APP, on chromosome 21.",high,https://www.nia.nih.gov/health/alzheimers-causes-and-risk-factors/alzheimers-disease-genetics-fact-sheet,Chromosomes,Alzheimer's Disease Genetics Fact Sheet | National Institute on Aging,www.nia.nih.gov,verified
FACT-2027-05-05-S02,5,2027-05-05,Star Wars is identified as the highest-grossing film series at the global box office.,2,May,Highest-grossing film series,World Records & Extremes,"The source states that Star Wars was the highest-grossing film series and reports $10,320,189,178 in worldwide grosses as of 16 March 2021.",high,https://www.guinnessworldrecords.com/news/2022/3/19-world-record-facts-that-will-help-you-in-a-quiz-694927,Film records,19 world record facts that will help you in a quiz  | Guinness World Records,www.guinnessworldrecords.com,verified
FACT-2027-05-05-S03,5,2027-05-05,Guinness World Records offers access to case studies related to its business work.,3,May,The organization provides case studies,Money & Economics,The source includes a section labeled “Case studies” with an invitation to view them.,high,https://www.guinnessworldrecords.com/,Business case studies,Home | Guinness World Records,www.guinnessworldrecords.com,verified
FACT-2027-05-05-S04,5,2027-05-05,"Sogdians helped transmit Buddhism, Christianity, and Manichaeism across parts of Asia.",4,May,Sogdians transmitted religious ideas,History,The source states that these religions spread partly through Sogdiana and by Sogdian hands.,high,https://sogdians.si.edu/introduction/,Religious transmission,"Who Were the Sogdians, | The Sogdians",sogdians.si.edu,verified
FACT-2027-05-05-S05,5,2027-05-05,"Elephants have columnar legs, ivory tusks, huge heads, and wide flat ears.",5,May,Elephant Physical Features,Animals,"Elephants are characterized by their columnar legs, ivory tusks, huge head, and wide flat ears.",high,https://www.britannica.com/animal/elephant-mammal,Anatomy,"Elephant | Description, Habitat, Scientific Names, Weight, & Facts | Britannica",www.britannica.com,verified
FACT-2027-05-05-S06,5,2027-05-05,All animals can reproduce and create offspring of their own kind.,6,May,Animals reproduce,Animals,The source explicitly states that all animals can reproduce.,high,https://kids.britannica.com/students/article/animal/272874,Reproduction,"animal
                    
                
                - Students | Britannica Kids | Homework Help",kids.britannica.com,verified
FACT-2027-05-05-S07,5,2027-05-05,Ritual banquets honoring ancestors used decorated cast-bronze containers for wine and rice.,7,May,Bronze Ritual Containers,Ancient Civilizations,The source describes ancestor rituals involving symbolic banquets and decorated bronze containers for wine and rice.,high,https://asia-archive.si.edu/learn/ancient-chinese-bronzes/,Ritual Practices,Ancient Chinese Bronzes - Smithsonian's National Museum of Asian Art,asia-archive.si.edu,verified
FACT-2027-05-05-S08,5,2027-05-05,The page includes a question about the Atlantic Meridional Overturning Circulation (AMOC).,8,May,AMOC is listed as an ocean topic,Ocean & Marine,"The source lists ""What is the Atlantic Meridional Overturning Circulation (AMOC)?""",high,https://oceanservice.noaa.gov/facts/oceanfacts-tidescurrents.html,Ocean circulation,NOAA's National Ocean Service: Ocean Facts Category,oceanservice.noaa.gov,verified
FACT-2027-05-05-S09,5,2027-05-05,The Oort Cloud is a predicted spherical shell of icy debris surrounding the solar system.,9,May,The Oort Cloud,Space,The source calls the Oort Cloud a giant spherical shell and says its existence is predicted from models and comet observations.,high,https://solarsystem.nasa.gov/solar-system/our-solar-system/in-depth.amp,Solar system boundary,In Depth | Our Solar System – NASA Solar System Exploration,solarsystem.nasa.gov,verified
FACT-2027-05-05-S10,5,2027-05-05,"Vitamin D is critical to calcium and phosphate metabolism, and insufficient vitamin D can impair osteoid mineralization.",10,May,Vitamin D supports bone mineralization,Human Body,The source states that vitamin D is critical for calcium and phosphate metabolism and that osteoid will not mineralize properly without it.,high,https://www.ncbi.nlm.nih.gov/sites/books/NBK537199/,Bone nutrition,"Anatomy, Bones - StatPearls - NCBI Bookshelf",www.ncbi.nlm.nih.gov,verified
FACT-2027-05-05-S11,5,2027-05-05,"The site includes total carbon dioxide emissions excluding land use, land-use change, and forestry, measured in megatonnes of CO2 equivalent.",11,May,World Bank data includes carbon emissions,Nature,The source lists “Carbon dioxide (CO2) emissions (total) excluding LULUCF (Mt CO2e).”,high,https://data.worldbank.org/,Climate Indicators,World Bank Open Data | Data,data.worldbank.org,verified
FACT-2027-05-05-S12,5,2027-05-05,The neuron is the primary functional unit of the brain and the rest of the nervous system.,12,May,Neurons are the nervous system’s primary functional units,Human Body,The source explicitly calls the neuron the primary functional unit of the brain and nervous system.,high,https://www.ninds.nih.gov/health-information/public-education/brain-basics/brain-basics-know-your-brain,Neurons,Brain Basics: Know Your Brain | National Institute of Neurological Disorders and Stroke,www.ninds.nih.gov,verified
FACT-2027-05-05-S13,5,2027-05-05,Humans are unique in using tools to create other tools.,13,May,Humans use tools to create other tools,Technology,The source states that humans are unique in using tools to create other tools.,high,https://www.si.edu/stories/human-origins-facts,Toolmaking,Did You Know? Human Origins Facts | Smithsonian Institution,www.si.edu,verified
FACT-2027-05-05-S14,5,2027-05-05,"Certain Cretaceous formations in Texas are quarried for cement, limestone, and building stone.",14,May,Some Texas formations are quarried for construction materials,Geography,"Some of these formations are also quarried for construction materials, such as cement, limestone and building stone.",high,https://www.usgs.gov/news/featured-story/history-texas-under-your-feet-and-your-fingertips,Geologic Resources,The History of Texas is Under Your Feet and at Your Fingertips! | U.S. Geological Survey,www.usgs.gov,verified
FACT-2027-05-05-S15,5,2027-05-05,About 30% of Earth's freshwater is in the ground.,15,May,Groundwater is a major freshwater store,Geography,The source states that another 30% of freshwater is in the ground.,high,https://www.usgs.gov/index.php/water-science-school/science/where-earths-water,Groundwater distribution,Where is Earth's Water? | U.S. Geological Survey,www.usgs.gov,verified
FACT-2027-05-05-S16,5,2027-05-05,"Alexander Graham Bell was granted US Patent Number 174,465 for an “Improvement in Telegraphy” on March 7, 1876.",16,May,Bell received the first telephone patent,Inventions,"The source gives Bell's patent number, title, and grant date.",high,https://www.loc.gov/everyday-mysteries/item/who-is-credited-with-inventing-the-telephone,Patent history,Who is credited with inventing the telephone?  | Library of Congress,www.loc.gov,verified
FACT-2027-05-05-S17,5,2027-05-05,Ancient Chinese bronze production used naturally occurring deposits of copper and tin.,17,May,Bronze Production Materials,Inventions,The source identifies copper and tin as the deposits used for making bronze.,high,https://asia-archive.si.edu/learn/ancient-chinese-bronzes/,Metalworking,Ancient Chinese Bronzes - Smithsonian's National Museum of Asian Art,asia-archive.si.edu,verified
FACT-2027-05-05-S18,5,2027-05-05,"The higher a lava's silica content, the less easily it flows.",18,May,Higher silica makes lava less fluid,Science,The source directly states the relationship between silica content and lava flowability.,high,https://pubs.usgs.gov/fs/fs002-97/fs00297.pdf,Volcanology,"Fact Sheet 002-97, revised March 2008: What are Volcano Hazards?",pubs.usgs.gov,verified
FACT-2027-05-05-S19,5,2027-05-05,Scientists estimate that 91 percent of ocean species have yet to be classified.,19,May,Most ocean species remain unclassified,Ocean & Marine,The source explicitly gives the estimate that 91 percent of ocean species remain unclassified.,high,https://oceanservice.noaa.gov/facts/ocean-species.html,Species classification,How Many Species Live in the Ocean?,oceanservice.noaa.gov,verified
FACT-2027-05-05-S20,5,2027-05-05,Congress chose to portray Liberty rather than a real person on early circulating coins.,20,May,Early Coins Personified Liberty,History,The source explains that Congress selected Liberty because depicting a current president seemed too similar to Britain’s monarchs on coins.,high,https://www.usmint.gov/learn/history/us-circulating-coins,Coin Design,History of U.S. Circulating Coins | U.S. Mint,www.usmint.gov,verified
FACT-2027-05-06-S01,6,2027-05-06,"Upwelling currents bring cold, nutrient-rich water from the ocean bottom to the surface.",1,May,Upwelling brings nutrients to the surface,Ocean & Marine,"NOAA states that upwelling currents transport cold, nutrient-rich bottom water to the surface.",high,https://www.noaa.gov/education/resource-collections/ocean-coasts/ocean-currents,Upwelling,Ocean currents | National Oceanic and Atmospheric Administration,www.noaa.gov,verified
FACT-2027-05-06-S02,6,2027-05-06,The flowing movements of Enypniastes sea cucumbers have earned them the nickname “Spanish dancers.”,2,May,Enypniastes are also called Spanish dancers,Ocean & Marine,The source attributes the nickname “Spanish dancers” to their flowing movements.,high,https://oceanexplorer.noaa.gov/ocean-facts/,Deep-Sea Animals,Ocean Exploration Facts - NOAA Ocean Exploration,oceanexplorer.noaa.gov,verified
FACT-2027-05-06-S03,6,2027-05-06,Tropical cyclone winds rotate counterclockwise in the Northern Hemisphere and clockwise in the Southern Hemisphere.,3,May,Tropical cyclone circulation,Nature,The tropical-cyclone section explicitly states the circulation directions for both hemispheres.,high,https://pubs.usgs.gov/cp/35/report.pdf,Atmospheric circulation,Explanatory Notes for the Natural Hazards Map of the Circum-Pacific Region Pacific Basin Sheet,pubs.usgs.gov,verified
FACT-2027-05-06-S04,6,2027-05-06,The two major groups of animals are vertebrates and invertebrates.,4,May,Animals have two major groups,Science,The source explicitly names vertebrates and invertebrates as the two major animal groups.,high,https://www.britannica.com/animal/animal,Animal Classification,"Animal | Definition, Types, & Facts | Britannica",www.britannica.com,verified
FACT-2027-05-06-S05,6,2027-05-06,The researchers quantitatively summarized wildlife information in a georeferenced database.,5,May,The database used georeferenced wildlife observations,Technology,The abstract states that information was summarized and queried in a georeferenced database.,high,https://nps.gov/yell/learn/historyculture/historicwildlife.htm,Geographic information systems,Historic Wildlife Observations - Yellowstone National Park (U.S. National Park Service),nps.gov,verified
FACT-2027-05-06-S06,6,2027-05-06,Rivers account for about 0.49% of surface freshwater.,6,May,Rivers make up a tiny share of surface freshwater,Geography,The source states that rivers make up 0.49% of surface freshwater.,high,https://www.usgs.gov/index.php/water-science-school/science/where-earths-water,River water distribution,Where is Earth's Water? | U.S. Geological Survey,www.usgs.gov,verified
FACT-2027-05-06-S07,6,2027-05-06,Native Americans have occupied North America for thousands of years.,7,May,Native Americans occupied North America for thousands of years,History,The source directly states that Native Americans have occupied North America for thousands of years.,high,https://nps.gov/jame/learn/historyculture/index.htm,Indigenous History,History & Culture - Historic Jamestowne Part of Colonial National Historical Park (U.S. National Park Service),nps.gov,verified
FACT-2027-05-06-S08,6,2027-05-06,Charles Edgar Duryea and Frank Duryea are listed as building the first successful gas-powered car in 1893.,8,May,The Duryea brothers built a successful gas-powered car,Inventions,"1893 | GASOLINE / First successful gas powered car: 4hp, two-stroke motor.",medium,https://www.loc.gov/item/who-invented-the-automobile/,Gasoline Vehicles,Everyday Mysteries,www.loc.gov,verified
FACT-2027-05-06-S09,6,2027-05-06,Silica skeletons of lake-dwelling diatoms in sediment show that a paleolake existed at Olorgesailie.,9,May,Diatoms reveal the ancient lake,Science,The source explains that thick white sediments consist of diatom silica skeletons and record ancient lake conditions.,high,https://humanorigins.si.edu/research/east-african-research-projects/olorgesailie-kenya,Paleolimnology,"Olorgesailie, Kenya | The Smithsonian Institution's Human Origins Program",humanorigins.si.edu,verified
FACT-2027-05-06-S10,6,2027-05-06,"The page classifies economies into IBRD only, IDA blend, and IDA only lending groups.",10,May,The World Bank uses lending groups,Money & Economics,"The Lending Groups section lists IBRD only, IDA blend, and IDA only.",high,https://data.worldbank.org/country,International development finance,Countries | Data,data.worldbank.org,verified
FACT-2027-05-06-S11,6,2027-05-06,Visitors can become Night Sky Explorers through the park's Night Sky activities.,11,May,Night Sky Explorer program,Space,The source says visitors can attend a Night Sky event and become a Night Sky Explorer.,high,http://home.nps.gov/cari/learn/nature/index.htm,Astronomy Education,Nature & Science - Cane River Creole National Historical Park (U.S. National Park Service),home.nps.gov,verified
FACT-2027-05-06-S12,6,2027-05-06,"The map viewer can provide a feature name, geologic age, and feature description for geologic formations.",12,May,The viewer provides geologic formation details,Technology,"Users can identify layers of interest and retrieve detailed information about each geologic formation, such as the feature name, geologic age, and feature description.",high,https://www.usgs.gov/news/featured-story/history-texas-under-your-feet-and-your-fingertips,Geospatial Data,The History of Texas is Under Your Feet and at Your Fingertips! | U.S. Geological Survey,www.usgs.gov,verified
FACT-2027-05-06-S13,6,2027-05-06,An elephant’s trunk is an elongated upper lip and nose.,13,May,Elephant Trunk,Animals,Their long trunk is described as an elongated upper lip and nose.,high,https://www.britannica.com/animal/elephant-mammal,Anatomy,"Elephant | Description, Habitat, Scientific Names, Weight, & Facts | Britannica",www.britannica.com,verified
FACT-2027-05-06-S14,6,2027-05-06,Folds in the brain increase its surface area and the amount of information that can be processed.,14,May,Brain folds increase cortical surface area,Human Body,The source states that brain folds add surface area and increase the volume of information that can be processed.,high,https://www.ninds.nih.gov/health-information/public-education/brain-basics/brain-basics-know-your-brain,Brain anatomy,Brain Basics: Know Your Brain | National Institute of Neurological Disorders and Stroke,www.ninds.nih.gov,verified
FACT-2027-05-06-S15,6,2027-05-06,Isaac Merritt Singer made changes to Howe's machine and filed his own patent.,15,May,Singer Modified Howe's Machine,Inventions,"The source says Singer made a few changes to Howe's machine and was issued Patent 8,294.",high,https://guides.loc.gov/this-month-in-business-history/september/elias-howe-patented-sewing-machine,Sewing-machine development,Elias Howe Issued a Patent for the Sewing Machine - This Month in Business History - Research Guides at Library of Congress,guides.loc.gov,verified
FACT-2027-05-06-S16,6,2027-05-06,Ancient Chinese cemeteries contained jade jewelry and ritual objects.,16,May,Ancient Chinese tombs contained jade objects,Ancient Civilizations,The source states that ancient cemeteries contained jewelry and ritual objects crafted from jade.,high,https://asia-archive.si.edu/exhibition/afterlife-ancient-chinese-jades/,Burial practices,Afterlife: Ancient Chinese Jades - Smithsonian's National Museum of Asian Art,asia-archive.si.edu,verified
FACT-2027-05-06-S17,6,2027-05-06,Users can browse World Development Indicators by economy or indicator.,17,May,The site organizes data by economy or indicator,Geography,The source states “Browse World Development Indicators by Economy or Indicator.”,high,https://data.worldbank.org/,Country and Economy Data,World Bank Open Data | Data,data.worldbank.org,verified
FACT-2027-05-06-S18,6,2027-05-06,National Statistical Organizations are listed among the sources of the data.,18,May,National statistical organizations provide GDP data,Money & Economics,"Country official statistics, National Statistical Organizations and/or Central Banks",medium,https://data.worldbank.org/indicator/NY.GDP.MKTP.CD,Official Economic Statistics,GDP (current US$) | Data,data.worldbank.org,verified
FACT-2027-05-06-S19,6,2027-05-06,"The early Jamestown settlement brought together Native American, English, and African people.",19,May,Jamestown brought together three continental groups,History,"The source describes Jamestown as a convergence of people from three continents: Native American, English, and African.",high,https://nps.gov/jame/learn/historyculture/index.htm,Colonial Encounters,History & Culture - Historic Jamestowne Part of Colonial National Historical Park (U.S. National Park Service),nps.gov,verified
FACT-2027-05-06-S20,6,2027-05-06,Adults need at least 7 to 8 hours of sleep each night to be well rested.,20,May,Adults need at least seven to eight hours of sleep,Human Body,The source states that adults need at least 7 to 8 hours of sleep each night to be well rested.,high,https://files.nccih.nih.gov/s3fs-public/Sleep_Disorders_12-01-2015.pdf,Sleep Requirements,Sleep Disorders,files.nccih.nih.gov,verified
FACT-2027-05-07-S01,7,2027-05-07,"Outside equatorial areas, ocean currents drive weather patterns to a large extent.",1,May,Ocean currents drive weather patterns,Ocean & Marine,The source states that weather patterns outside Earth’s equatorial areas are driven largely by ocean currents.,high,https://oceanexplorer.noaa.gov/ocean-fact/climate/,Ocean currents,How does the ocean affect climate and weather on land? - NOAA Ocean Exploration,oceanexplorer.noaa.gov,verified
FACT-2027-05-07-S02,7,2027-05-07,The Blood Sugar Balance game involves regulating insulin and glucagon levels while keeping blood sugar within range.,2,May,Blood sugar balance involves insulin and glucagon,Human Body,"The University of Washington resource description explicitly mentions blood sugar, insulin, and glucagon regulation.",high,https://science.education.nih.gov/stem-resources/8,Endocrine System,STEM Resources | STEM Teaching Resources,science.education.nih.gov,verified
FACT-2027-05-07-S03,7,2027-05-07,A featured video explains how smells travel from their source to the brain.,3,May,Smell information travels to the brain,Human Body,The Journey of Smell to the Brain description says the video shows how smells travel to the brain.,high,https://science.education.nih.gov/stem-resources/8,Sensory Systems,STEM Resources | STEM Teaching Resources,science.education.nih.gov,verified
FACT-2027-05-07-S04,7,2027-05-07,"The exhibition identifies a jade nephrite disk with knobs, a feline, and a dragon as dating to the Eastern Han dynasty, 100–220.",4,May,The exhibition features an Eastern Han jade disk,Ancient Civilizations,The caption identifies the object as an Eastern Han nephrite jade disk dated 100–220.,high,https://asia-archive.si.edu/exhibition/afterlife-ancient-chinese-jades/,Jade artifacts,Afterlife: Ancient Chinese Jades - Smithsonian's National Museum of Asian Art,asia-archive.si.edu,verified
FACT-2027-05-07-S05,7,2027-05-07,"In 2025, Guinness World Records received 49,052 record applications from 190 countries.",5,May,Guinness World Records received applications from 190 countries,World Records & Extremes,The source explicitly provides the 2025 application total and country count.,high,https://kids.guinnessworldrecords.com/news/2026/4/the-story-of-guinness-world-records-how-did-it-start-how-many-records-exist-and-more,Record applications,"The story of Guinness World Records: How did it start, how many records exist and more! | Guinness World Records",kids.guinnessworldrecords.com,verified
FACT-2027-05-07-S06,7,2027-05-07,Earth's water exists inside the planet in the top few miles of the ground.,6,May,Water exists below Earth's surface,Science,The source explicitly lists water inside Earth in the top few miles of the ground.,high,https://www.usgs.gov/water-science-school/science/where-earths-water,Subsurface water,Where is Earth's Water? | U.S. Geological Survey,www.usgs.gov,verified
FACT-2027-05-07-S07,7,2027-05-07,Animals that eat other animals are called carnivores.,7,May,Carnivores eat other animals,Animals,The source defines carnivores as animals that eat other animals.,high,https://kids.britannica.com/students/article/animal/272874,Feeding ecology,"animal
                    
                
                - Students | Britannica Kids | Homework Help",kids.britannica.com,verified
FACT-2027-05-07-S08,7,2027-05-07,"The Moon rotates at the same rate that it revolves around Earth, so the same hemisphere faces Earth continually.",8,May,Synchronous rotation,Space,NASA describes the Moon's rotation and revolution as synchronous.,high,https://science.nasa.gov/moon/facts/,Orbital motion,Moon Facts - NASA Science,science.nasa.gov,verified
FACT-2027-05-07-S09,7,2027-05-07,"The Nile is identified as the world's longest river, measuring 6,695 km.",9,May,Longest river,Geography,"The source states that the Nile is the world's longest river and gives its length as 6,695 km.",high,https://www.guinnessworldrecords.com/news/2022/3/19-world-record-facts-that-will-help-you-in-a-quiz-694927,Rivers,19 world record facts that will help you in a quiz  | Guinness World Records,www.guinnessworldrecords.com,verified
FACT-2027-05-07-S10,7,2027-05-07,The Denver facility opened in 1863 as an assay office rather than producing gold coins.,10,May,The Denver facility first operated as an assay office,History,The source states that the Denver facility opened as an assay office and did not initially produce gold coins.,high,https://www.usmint.gov/learn/history/overview,U.S. Mint Facilities,History of the U.S. Mint,www.usmint.gov,verified
FACT-2027-05-07-S11,7,2027-05-07,"Ocean currents are continuous, directed movements of ocean water that occur at the surface and in the deep ocean.",11,May,Ocean currents are directed movements of seawater,Ocean & Marine,NOAA defines ocean currents as continuous and directed movements of ocean water flowing locally and globally at the surface and in the depths.,high,https://www.noaa.gov/education/resource-collections/ocean-coasts/ocean-currents,Ocean circulation,Ocean currents | National Oceanic and Atmospheric Administration,www.noaa.gov,verified
FACT-2027-05-07-S12,7,2027-05-07,The Brown Box could be programmed to play different games by flipping switches on the front of the unit.,12,May,The Brown Box could play multiple games,Technology,The source explicitly describes the prototype's switches and programmable variety of games.,high,https://americanhistory.si.edu/explore/topics/invention-and-innovation,Video game systems,Invention and Innovation | National Museum of American History,americanhistory.si.edu,verified
FACT-2027-05-07-S13,7,2027-05-07,The earliest stone tools are at least 3.3 million years old.,13,May,The earliest stone tools are at least 3.3 million years old,Inventions,The source explicitly dates the earliest stone tools to at least 3.3 million years ago.,high,https://www.si.edu/stories/human-origins-facts,Stone tools,Did You Know? Human Origins Facts | Smithsonian Institution,www.si.edu,verified
FACT-2027-05-07-S14,7,2027-05-07,The World Bank page lists OECD members as an economy grouping.,14,May,The page includes the OECD members grouping,Money & Economics,The Other groups section includes OECD members.,high,https://data.worldbank.org/country,International economic organizations,Countries | Data,data.worldbank.org,verified
FACT-2027-05-07-S15,7,2027-05-07,"Large eruption clouds can extend hundreds of miles downwind, causing ashfall over enormous areas.",15,May,Large eruption clouds can spread far downwind,Nature,The source states that wind can carry eruption clouds hundreds of miles downwind and produce widespread ashfall.,high,https://pubs.usgs.gov/fs/fs002-97/fs00297.pdf,Volcanic ash,"Fact Sheet 002-97, revised March 2008: What are Volcano Hazards?",pubs.usgs.gov,verified
FACT-2027-05-07-S16,7,2027-05-07,"A traditional ceremonial location may appear to be an ordinary mountaintop, lake, or stretch of river.",16,May,Traditional cultural properties may be difficult to recognize,Geography,The source states that ceremonial locations may look like ordinary natural features.,high,https://www.nps.gov/subjects/nationalregister/upload/NRB38-Completeweb.pdf,Cultural Landscapes,National Register Bulletin 38,www.nps.gov,verified
FACT-2027-05-07-S17,7,2027-05-07,Durable bronze tools and weapons replaced stone implements in parts of ancient China.,17,May,Bronze Tools and Weapons,Inventions,The source states that bronze tools and weapons replaced stone implements.,high,https://asia-archive.si.edu/learn/ancient-chinese-bronzes/,Tools and Weapons,Ancient Chinese Bronzes - Smithsonian's National Museum of Asian Art,asia-archive.si.edu,verified
FACT-2027-05-07-S18,7,2027-05-07,"The National Register lists tangible cultural resources, such as historic properties, rather than cultural values that are purely intangible and have no property referent.",18,May,The National Register recognizes tangible historic properties,History,The source distinguishes tangible historic properties from purely intangible cultural resources and states that the National Register lists historic properties.,high,https://www.nps.gov/subjects/nationalregister/upload/NRB38-Completeweb.pdf,Historic Preservation,National Register Bulletin 38,www.nps.gov,verified
FACT-2027-05-07-S19,7,2027-05-07,Birds lay hard-shelled eggs.,19,May,Birds lay hard-shelled eggs,Animals,The source identifies hard-shelled eggs as a bird characteristic.,high,https://www.britannica.com/animal/bird-animal,Reproduction,"Bird | Description, Species, Feathers, & Facts | Britannica",www.britannica.com,verified
FACT-2027-05-07-S20,7,2027-05-07,"Each map cell was assigned a value from zero to one, with values closer to one indicating greater importance for protection.",20,May,Map cell values,Technology,"“Each cell was assigned a value based on the criteria the scientists set, from zero to one. The closer the value is to one, the more important the area is to protect.”",high,https://education.nationalgeographic.org/resource/mapmaker-marine-biodiversity/,Geographic information systems,MapMaker: Marine Biodiversity,education.nationalgeographic.org,verified
FACT-2027-05-08-S01,8,2027-05-08,Most birds are active during the day.,1,May,Most birds are active during the day,Animals,"The source states that although some groups are nocturnal, most birds are active during the day.",high,https://www.britannica.com/animal/bird-animal,Bird behavior,"Bird | Description, Species, Feathers, & Facts | Britannica",www.britannica.com,verified
FACT-2027-05-08-S02,8,2027-05-08,"Thomas Edison used a carbon-filament bulb in the first public demonstration of his first practical electric incandescent lamp at his Menlo Park laboratory on New Year's Eve, 1879.",2,May,Edison demonstrated a practical incandescent lamp in 1879,Inventions,The source identifies the carbon-filament bulb and describes Edison's 1879 public demonstration.,high,https://americanhistory.si.edu/explore/topics/invention-and-innovation,Electric lighting,Invention and Innovation | National Museum of American History,americanhistory.si.edu,verified
FACT-2027-05-08-S03,8,2027-05-08,The brain is described as the most complex part of the human body and as a three-pound organ.,3,May,The brain is a complex human organ,Human Body,The source calls the brain the most complex part of the human body and states that it is a three-pound organ.,high,https://www.ninds.nih.gov/health-information/public-education/brain-basics/brain-basics-know-your-brain,Brain anatomy,Brain Basics: Know Your Brain | National Institute of Neurological Disorders and Stroke,www.ninds.nih.gov,verified
FACT-2027-05-08-S04,8,2027-05-08,Researchers study marine life and habitats to help develop strategies for preserving ocean ecosystems.,4,May,Marine research supports conservation,Ocean & Marine,NOAA states that researchers study marine life and habitats to develop strategies to preserve vital ocean ecosystems.,high,https://oceanservice.noaa.gov/facts/ocean-species.html,Marine conservation,How Many Species Live in the Ocean?,oceanservice.noaa.gov,verified
FACT-2027-05-08-S05,8,2027-05-08,"Portia Sperry designed, produced, and sold the Abigail cloth doll with help from local farmwomen in rural Indiana in the early 1930s.",5,May,Portia Sperry created the Abigail doll,Inventions,"The source identifies Sperry, the doll, its material, collaborators, location, and period.",high,https://americanhistory.si.edu/explore/topics/invention-and-innovation,Textile products,Invention and Innovation | National Museum of American History,americanhistory.si.edu,verified
FACT-2027-05-08-S06,8,2027-05-08,Killer whales are among the known species that go through menopause.,6,May,Killer whales undergo menopause,Animals,The source lists killer whales among the species known to undergo menopause.,high,https://www.fisheries.noaa.gov/species/killer-whale/science?page=0,Reproductive biology,Killer Whale: Science | NOAA Fisheries,www.fisheries.noaa.gov,verified
FACT-2027-05-08-S07,8,2027-05-08,Jonas Salk carried out the first tests of his polio vaccine in 1952 and 1953.,7,May,Salk tested his polio vaccine in 1952 and 1953,Science,The source explicitly gives the years of Salk's first vaccine tests.,high,https://americanhistory.si.edu/explore/topics/invention-and-innovation,Vaccines,Invention and Innovation | National Museum of American History,americanhistory.si.edu,verified
FACT-2027-05-08-S08,8,2027-05-08,Insomnia is characterized by difficulty falling asleep or staying asleep.,8,May,Insomnia involves difficulty sleeping,Human Body,The source defines insomnia as difficulty falling asleep or difficulty staying asleep.,high,https://files.nccih.nih.gov/s3fs-public/Sleep_Disorders_12-01-2015.pdf,Sleep Disorders,Sleep Disorders,files.nccih.nih.gov,verified
FACT-2027-05-08-S09,8,2027-05-08,The sloth-bone pendants are presented as evidence of human cultural expression involving jewelry and aesthetic significance.,9,May,The site preserves early human cultural expression,Ancient Civilizations,The source discusses jewelry and other items as forms of human cultural expression and identifies the pendants as ornaments.,high,https://humanorigins.si.edu/research/whats-hot-human-origins/humans-carved-sloth-bones-personal-ornaments,Cultural Expression,Humans carved sloth bones into personal ornaments | The Smithsonian Institution's Human Origins Program,humanorigins.si.edu,verified
FACT-2027-05-08-S10,8,2027-05-08,Tornadoes that occur over water are commonly called waterspouts.,10,May,Tornado waterspouts,Nature,The tornado section directly states that tornadoes over water are commonly known as waterspouts.,high,https://pubs.usgs.gov/cp/35/report.pdf,Tornadoes,Explanatory Notes for the Natural Hazards Map of the Circum-Pacific Region Pacific Basin Sheet,pubs.usgs.gov,verified
FACT-2027-05-08-S11,8,2027-05-08,"A location where a community has traditionally carried out important economic, artistic, or other cultural practices may have traditional cultural significance.",11,May,Traditional cultural properties can support cultural practices,History,"The source lists locations used for culturally important economic, artistic, or other practices as examples.",high,https://www.nps.gov/subjects/nationalregister/upload/NRB38-Completeweb.pdf,Cultural Practices,National Register Bulletin 38,www.nps.gov,verified
FACT-2027-05-08-S12,8,2027-05-08,"In 1619, an English privateer ship brought “20 and odd” Africans to Jamestown, where they were traded for food stores.",12,May,Africans arrived at Jamestown in 1619,History,"The source explicitly states that “20 and odd” Africans arrived in 1619 and were traded for “victuals,” or food stores.",high,https://nps.gov/jame/learn/historyculture/index.htm,Early African American History,History & Culture - Historic Jamestowne Part of Colonial National Historical Park (U.S. National Park Service),nps.gov,verified
FACT-2027-05-08-S13,8,2027-05-08,The park hosts Night Sky events.,13,May,Night sky events,Space,The source invites visitors to attend a Night Sky event.,high,http://home.nps.gov/cari/learn/nature/index.htm,Astronomy Activities,Nature & Science - Cane River Creole National Historical Park (U.S. National Park Service),home.nps.gov,verified
FACT-2027-05-08-S14,8,2027-05-08,The Bureau of Engraving and Printing makes U.S. paper money.,14,May,Paper money is made by a different agency,Money & Economics,The source says coins and paper bills are not made by the same agency and identifies the BEP as the maker of paper money.,high,https://kids.usmint.gov/media/43126/download?inline=,Paper currency,Source page,kids.usmint.gov,verified
FACT-2027-05-08-S15,8,2027-05-08,Creative campaigns are listed as one of the organization's business services.,15,May,Guinness World Records offers creative campaigns,Money & Economics,The source includes a section labeled “Creative campaigns” under its business offerings.,high,https://www.guinnessworldrecords.com/,Creative marketing,Home | Guinness World Records,www.guinnessworldrecords.com,verified
FACT-2027-05-08-S16,8,2027-05-08,The site includes the percentage of individuals using the Internet.,16,May,World Bank data includes Internet use,Technology,The source lists “Individuals using the Internet (% of population).”,high,https://data.worldbank.org/,Internet Access,World Bank Open Data | Data,data.worldbank.org,verified
FACT-2027-05-08-S17,8,2027-05-08,"When a broad-area current is forced through a confined space, it can become much stronger than surrounding water.",17,May,Narrow passages can strengthen currents,Ocean & Marine,NOAA states that currents forced through narrow openings or around seamounts may become far stronger than nearby water.,high,https://oceanexplorer.noaa.gov/ocean-fact/currents/,Current acceleration,What causes ocean currents? - NOAA Ocean Exploration,oceanexplorer.noaa.gov,verified
FACT-2027-05-08-S18,8,2027-05-08,Several Texas Cretaceous formations contain dinosaur fossils or footprints.,18,May,Some Texas Cretaceous formations contain dinosaur evidence,Science,"Some of the Cretaceous formations that contain dinosaur fossils or footprints are Twin Mountain, Glen Rose, Paluxy, Paw Paw, Woodbine, Austin Chalk, Taylor Marl, and Eagle Ford.",high,https://www.usgs.gov/news/featured-story/history-texas-under-your-feet-and-your-fingertips,Paleontology,The History of Texas is Under Your Feet and at Your Fingertips! | U.S. Geological Survey,www.usgs.gov,verified
FACT-2027-05-08-S19,8,2027-05-08,The blue whale is the world's largest mammal and largest animal overall.,19,May,Largest animal,World Records & Extremes,The source explicitly identifies the full-grown blue whale as the world's largest mammal and largest animal overall.,high,https://www.guinnessworldrecords.com/news/2022/3/19-world-record-facts-that-will-help-you-in-a-quiz-694927,Animal size records,19 world record facts that will help you in a quiz  | Guinness World Records,www.guinnessworldrecords.com,verified
FACT-2027-05-08-S20,8,2027-05-08,Cane River Creole National Historical Park is located along Cane River.,20,May,Cane River location,Geography,The source describes the ecosystem as thriving along the banks of Cane River.,high,http://home.nps.gov/cari/learn/nature/index.htm,Physical Geography,Nature & Science - Cane River Creole National Historical Park (U.S. National Park Service),home.nps.gov,verified
FACT-2027-05-09-S01,9,2027-05-09,Animal cells are bounded by membranes composed chiefly of fatlike molecules and protein.,1,May,Animal cells lack plant-style cell walls,Science,The source contrasts animal cell membranes with rigid plant cell walls.,high,https://kids.britannica.com/students/article/animal/272874,Cell biology,"animal
                    
                
                - Students | Britannica Kids | Homework Help",kids.britannica.com,verified
FACT-2027-05-09-S02,9,2027-05-09,The Moon has no rings and no moons of its own.,2,May,No lunar rings or moons,Space,NASA separately states that the Moon has no rings and no moons.,high,https://science.nasa.gov/moon/facts/,Lunar system,Moon Facts - NASA Science,science.nasa.gov,verified
FACT-2027-05-09-S03,9,2027-05-09,The belief that separate “pygmy” and “water” elephants existed has no basis in the source.,3,May,Pygmy and Water Elephants,Animals,The common belief that there existed “pygmy” and “water” elephants has no basis; they are probably varieties of African forest elephants.,high,https://www.britannica.com/animal/elephant-mammal,Species Misconceptions,"Elephant | Description, Habitat, Scientific Names, Weight, & Facts | Britannica",www.britannica.com,verified
FACT-2027-05-09-S04,9,2027-05-09,Ocean and coastal science is one of the page’s ocean-related topic areas.,4,May,The page includes ocean and coastal science,Science,“Ocean and Coastal Science” appears as a listed category on the page.,high,https://oceanservice.noaa.gov/facts/,Marine science,NOAA's National Ocean Service: Newsroom,oceanservice.noaa.gov,verified
FACT-2027-05-09-S05,9,2027-05-09,"The source traces American heritage of language, customs, and laws to Jamestown and the English.",5,May,"Jamestown's heritage includes language, customs, and laws",History,"The source states that language, customs, and laws are traced to Jamestown and the English.",high,https://nps.gov/jame/learn/historyculture/index.htm,Cultural Heritage,History & Culture - Historic Jamestowne Part of Colonial National Historical Park (U.S. National Park Service),nps.gov,verified
FACT-2027-05-09-S06,9,2027-05-09,Olorgesailie is notable for its large number of handaxes and other bifacial tools.,6,May,Olorgesailie contains many handaxes,Inventions,The source states that the site is unusual because of the large number of handaxes and other bifacial tools found there.,high,https://humanorigins.si.edu/research/east-african-research-projects/olorgesailie-kenya,Stone tools,"Olorgesailie, Kenya | The Smithsonian Institution's Human Origins Program",humanorigins.si.edu,verified
FACT-2027-05-09-S07,9,2027-05-09,Invertebrates are animals without backbones.,7,May,Invertebrates lack backbones,Animals,The source explicitly defines invertebrates as animals without backbones.,high,https://kids.britannica.com/students/article/animal/272874,Invertebrate zoology,"animal
                    
                
                - Students | Britannica Kids | Homework Help",kids.britannica.com,verified
FACT-2027-05-09-S08,9,2027-05-09,Staff estimates from the World Bank are listed among the data sources.,8,May,The World Bank provides staff estimates,Money & Economics,"Staff estimates, World Bank ( WB )",medium,https://data.worldbank.org/indicator/NY.GDP.MKTP.CD,Economic Estimates,GDP (current US$) | Data,data.worldbank.org,verified
FACT-2027-05-09-S09,9,2027-05-09,The World Bank's Countries and Economies page provides a list of countries and economies.,9,May,The World Bank lists countries and economies,Geography,"The page heading is ""Countries and Economies"" and it lists entries such as Afghanistan, Albania, and Algeria.",high,https://data.worldbank.org/country,Countries and territories,Countries | Data,data.worldbank.org,verified
FACT-2027-05-09-S10,9,2027-05-09,"On March 10, 1876, Bell spoke to his assistant over the lines of his working telephone.",10,May,Bell tested a working telephone in 1876,Technology,The source says Bell recorded speaking to his assistant in his laboratory journal on that date.,high,https://www.loc.gov/everyday-mysteries/item/who-is-credited-with-inventing-the-telephone,Communication technology,Who is credited with inventing the telephone?  | Library of Congress,www.loc.gov,verified
FACT-2027-05-09-S11,9,2027-05-09,"Pyroclastic flows can reach 1,500°F and travel at 100 to 150 miles per hour.",11,May,Pyroclastic flows are extremely hot and fast,Nature,The source explicitly provides the temperature and speed ranges for pyroclastic flows.,high,https://pubs.usgs.gov/fs/fs002-97/fs00297.pdf,Pyroclastic flows,"Fact Sheet 002-97, revised March 2008: What are Volcano Hazards?",pubs.usgs.gov,verified
FACT-2027-05-09-S12,9,2027-05-09,"Sogdian clothing influenced fashion in Tang China, including kaftans, open-front jackets, tapered trousers, and boots.",12,May,Sogdians influenced Tang-era fashion,Ancient Civilizations,The source states that Sogdian apparel became fashionable in Tang China and lists these garments.,high,https://sogdians.si.edu/introduction/,Dress and cultural exchange,"Who Were the Sogdians, | The Sogdians",sogdians.si.edu,verified
FACT-2027-05-09-S13,9,2027-05-09,The immune system protects the body from microbes that could cause infection.,13,May,The immune system protects against infectious microbes,Human Body,The Immunology Miniseries description explicitly states that the immune system protects the body from microbes that could cause infection.,high,https://science.education.nih.gov/stem-resources/8,Immune System,STEM Resources | STEM Teaching Resources,science.education.nih.gov,verified
FACT-2027-05-09-S14,9,2027-05-09,The Moon completes an orbit around Earth in 27 Earth days.,14,May,Moon's orbital period,Space,NASA states that the Moon makes a complete orbit around Earth in 27 Earth days.,high,https://science.nasa.gov/moon/facts/,Orbital periods,Moon Facts - NASA Science,science.nasa.gov,verified
FACT-2027-05-09-S15,9,2027-05-09,"In 1769, Nicolas-Joseph Cugnot built a three-wheeled steam vehicle for the French army.",15,May,Cugnot built a self-propelled road vehicle,Inventions,"1769 | STEAM / Built the first self propelled road vehicle (military tractor) for the French army: three wheeled, 2.5 mph.",medium,https://www.loc.gov/item/who-invented-the-automobile/,Steam Vehicles,Everyday Mysteries,www.loc.gov,verified
FACT-2027-05-09-S16,9,2027-05-09,"Deep and surface currents form a connected global circulation system that operates on a 1,000-year time span.",16,May,Global ocean circulation forms a connected system,Ocean & Marine,"NOAA describes a connected system of deep and surface currents circulating around the globe on a 1,000-year time span.",high,https://www.noaa.gov/education/resource-collections/ocean-coasts/ocean-currents,Global conveyor belt,Ocean currents | National Oceanic and Atmospheric Administration,www.noaa.gov,verified
FACT-2027-05-09-S17,9,2027-05-09,"The page offers Excel, CSV, and tab-delimited TXT download options.",17,May,DataBank supports several download formats,Technology,"The “Download options” section lists Excel, CSV, and Tabbed TXT.",high,https://databank.worldbank.org/source/world-development-indicators,Data export,World Development Indicators | DataBank,databank.worldbank.org,verified
FACT-2027-05-09-S18,9,2027-05-09,The page lists longitude as a topic in its recent ocean facts section.,18,May,Longitude is listed as an ocean fact topic,Geography,“What is longitude?” appears under “Top 10: Recent Ocean Facts.”,high,https://oceanservice.noaa.gov/facts/,Longitude,NOAA's National Ocean Service: Newsroom,oceanservice.noaa.gov,verified
FACT-2027-05-09-S19,9,2027-05-09,Columbus called the people he encountered “Indians” because he believed he had reached the East Indies.,19,May,The term Indians originated with Columbus,History,The source explains that Columbus thought he had reached the East Indies and therefore called the people Indians.,high,https://nps.gov/jame/learn/historyculture/index.htm,Historical Terminology,History & Culture - Historic Jamestowne Part of Colonial National Historical Park (U.S. National Park Service),nps.gov,verified
FACT-2027-05-09-S20,9,2027-05-09,The processes of voice and speech production include sequential bodily movements that start with breathing.,20,May,Voice and speech begin with breathing,Human Body,"The source states that the animated video explains breathing, voicing, and speaking, starting with breathing.",high,https://science.education.nih.gov/stem-resources/8,Voice and Speech,STEM Resources | STEM Teaching Resources,science.education.nih.gov,verified
FACT-2027-05-10-S01,10,2027-05-10,"The Moon has a core, mantle, and crust.",1,May,Lunar internal structure,Space,"NASA explicitly identifies the Moon's core, mantle, and crust.",high,https://science.nasa.gov/moon/facts/,Planetary structure,Moon Facts - NASA Science,science.nasa.gov,verified
FACT-2027-05-10-S02,10,2027-05-10,"As the tide recedes, water moves seaward; this is called an ebb current.",2,May,Ebb currents move seaward,Ocean & Marine,The transcript defines an ebb current as seaward movement during a receding tide.,high,https://www.noaa.gov/ocean-facts-what-are-ocean-currents,Tidal currents,What are Ocean Currents?  | Every Full Moon | Ocean Today,www.noaa.gov,verified
FACT-2027-05-10-S03,10,2027-05-10,"Lakes contain 20.9% of surface freshwater, while rivers contain 0.49%.",3,May,Lakes hold more surface freshwater than rivers,Geography,The source provides these percentages in its discussion of surface freshwater.,high,https://www.usgs.gov/water-science-school/science/where-earths-water,Freshwater bodies,Where is Earth's Water? | U.S. Geological Survey,www.usgs.gov,verified
FACT-2027-05-10-S04,10,2027-05-10,"Before coins, people used pieces of metal whose weight determined their value.",4,May,Early money used weighed metal,Money & Economics,The source says that in ancient times people used metal for money and sellers weighed it to determine value.,high,https://kids.usmint.gov/media/43126/download?inline=,Early forms of money,Source page,kids.usmint.gov,verified
FACT-2027-05-10-S05,10,2027-05-10,"The page includes resources about the digestive system, including the stomach and intestines.",5,May,The digestive system is covered,Human Body,"The Specifics section lists resources about the digestive system, stomach, and small and large intestine.",high,https://www.nlm.nih.gov/medlineplus/anatomy.html,Digestive system,Anatomy | MedlinePlus,www.nlm.nih.gov,verified
FACT-2027-05-10-S06,10,2027-05-10,The park's plants and landscape are discussed in relation to the seasons.,6,May,Plants and seasonal change,Nature,The source says visitors can learn about plants and how the seasons affect the landscape.,high,http://home.nps.gov/cari/learn/nature/index.htm,Seasonal Changes,Nature & Science - Cane River Creole National Historical Park (U.S. National Park Service),home.nps.gov,verified
FACT-2027-05-10-S07,10,2027-05-10,"George Baldwin Selden combined an internal combustion engine with a carriage and received patent number 549,160 in 1895.",7,May,Selden patented a gasoline vehicle combination,Inventions,"Combined internal combustion engine with a carriage: patent no: 549,160 (1895).",medium,https://www.loc.gov/item/who-invented-the-automobile/,Automotive Patents,Everyday Mysteries,www.loc.gov,verified
FACT-2027-05-10-S08,10,2027-05-10,The deeply buried Eagle Ford formation is tapped for unconventional oil and gas and is one of the largest producing formations in the United States.,8,May,Eagle Ford is a major oil and gas formation,Money & Economics,"Deep underground, the Eagle Ford formation is being tapped for unconventional oil and gas and is one of the largest producing formations in the United States.",high,https://www.usgs.gov/news/featured-story/history-texas-under-your-feet-and-your-fingertips,Energy Resources,The History of Texas is Under Your Feet and at Your Fingertips! | U.S. Geological Survey,www.usgs.gov,verified
FACT-2027-05-10-S09,10,2027-05-10,"The Burj Khalifa in Dubai, UAE, measures 828 m tall.",9,May,Tallest building,World Records & Extremes,The source identifies the Burj Khalifa as the world's tallest building and states that it measures 828 m.,high,https://www.guinnessworldrecords.com/news/2022/3/19-world-record-facts-that-will-help-you-in-a-quiz-694927,Buildings,19 world record facts that will help you in a quiz  | Guinness World Records,www.guinnessworldrecords.com,verified
FACT-2027-05-10-S10,10,2027-05-10,Birds have four-chambered hearts.,10,May,Birds have four-chambered hearts,Animals,"The source states that birds, like mammals, have a four-chambered heart.",high,https://www.britannica.com/animal/bird-animal,Bird anatomy,"Bird | Description, Species, Feathers, & Facts | Britannica",www.britannica.com,verified
FACT-2027-05-10-S11,10,2027-05-10,Elephants live in tropical and subtropical regions of Africa and Asia.,11,May,Elephant Distribution,Geography,They occupy habitats in tropical and subtropical regions of Africa and Asia.,high,https://www.britannica.com/animal/elephant-mammal,Animal Distribution,"Elephant | Description, Habitat, Scientific Names, Weight, & Facts | Britannica",www.britannica.com,verified
FACT-2027-05-10-S12,10,2027-05-10,"After 1836, the US patent system awarded patents to the “first and true inventor.”",12,May,The US patent system used merit-based examination after 1836,History,The source states that a merit-based examination system adopted after 1836 awarded patents to the first and true inventor.,high,https://invention.si.edu/invention-stories/america-participates-innovation-1800s,US patent administration,Source page,invention.si.edu,verified
FACT-2027-05-10-S13,10,2027-05-10,"Glaciers flow downhill, erode landscapes, and move water through the water cycle.",13,May,Glaciers flow downhill,Nature,"The source compares glaciers to frozen rivers and states that they flow downhill, erode landscapes, and move water through the water cycle.",high,https://www.usgs.gov/water-science-school/science/where-earths-water,Glacier dynamics,Where is Earth's Water? | U.S. Geological Survey,www.usgs.gov,verified
FACT-2027-05-10-S14,10,2027-05-10,Ecosystems can be very large or very small.,14,May,Ecosystems vary in size,Science,The source says ecosystems can be very large or very small and identifies tide pools as tiny complete ecosystems.,high,https://education.nationalgeographic.org/resource/ecosystem/,Ecosystem Scale,Ecosystem,education.nationalgeographic.org,verified
FACT-2027-05-10-S15,10,2027-05-10,Birds are adapted for flight with features including pneumatic skeletons and specialized wings.,15,May,Birds have adaptations for flight,Animals,The source names pneumatic skeletons and specialized wings as flight adaptations.,high,https://www.britannica.com/animal/bird-animal,Flight adaptations,"Bird | Description, Species, Feathers, & Facts | Britannica",www.britannica.com,verified
FACT-2027-05-10-S16,10,2027-05-10,APOE genetic testing cannot fully predict whether a person will develop Alzheimer’s disease.,16,May,APOE testing cannot fully predict Alzheimer’s,Technology,The source states that APOE test results cannot fully predict who will or will not develop Alzheimer’s.,high,https://www.nia.nih.gov/health/alzheimers-causes-and-risk-factors/alzheimers-disease-genetics-fact-sheet,Genetic Testing,Alzheimer's Disease Genetics Fact Sheet | National Institute on Aging,www.nia.nih.gov,verified
FACT-2027-05-10-S17,10,2027-05-10,"Mount St. Elias is described as at.óow, meaning clan property that is “owned and paid for,” often through non-monetary forms of payment.",17,May,Mount St. Elias as clan property,Ancient Civilizations,The source defines at.óow and identifies Mount St. Elias as such in the historical narratives of the K’inei x K waan.,high,https://www.nps.gov/wrst/learn/historyculture/yakutat-tlingit-ethnographic-study.htm,Indigenous cultural property,Yakutat Tlingit Ethnographic Study - Wrangell - St Elias National Park & Preserve (U.S. National Park Service),www.nps.gov,verified
FACT-2027-05-10-S18,10,2027-05-10,Most of the brain’s actual information processing takes place in the cerebral cortex.,18,May,The cerebral cortex processes information,Human Body,The source explicitly states that most actual information processing occurs in the cerebral cortex.,high,https://www.ninds.nih.gov/health-information/public-education/brain-basics/brain-basics-know-your-brain,Cerebral cortex,Brain Basics: Know Your Brain | National Institute of Neurological Disorders and Stroke,www.ninds.nih.gov,verified
FACT-2027-05-10-S19,10,2027-05-10,Public access to US patent specifications encouraged continuous improvements and technological diffusion.,19,May,Patent specifications were publicly accessible,Technology,The source directly connects publicly accessible patent specifications with continuous improvements and diffusion.,high,https://invention.si.edu/invention-stories/america-participates-innovation-1800s,Technology diffusion,Source page,invention.si.edu,verified
FACT-2027-05-10-S20,10,2027-05-10,"Homo sapiens evolved in East Africa about 300,000 years ago.",20,May,Homo sapiens evolved in East Africa,Ancient Civilizations,"The source states that a new human species evolved in East Africa about 300,000 years ago and was Homo sapiens.",high,https://www.si.edu/stories/human-origins-facts,Human origins,Did You Know? Human Origins Facts | Smithsonian Institution,www.si.edu,verified
FACT-2027-05-11-S01,11,2027-05-11,Cyrus McCormick developed a mechanical reaper that transformed American agriculture.,1,May,Cyrus McCormick,Inventions,The source explicitly attributes the mechanical reaper and its agricultural impact to McCormick.,high,https://guides.loc.gov/gilded-age-business/people/inventors,Agricultural machinery,Inventors - American Business: The Gilded Age and the Progressive Era - Research Guides at Library of Congress,guides.loc.gov,verified
FACT-2027-05-11-S02,11,2027-05-11,"A digitized Texas geologic dataset completed in 2007 contained more than 145,000 geologic features in Texas and parts of neighboring states.",2,May,"Texas’s digital geologic dataset has over 145,000 features",Technology,"Completed in 2007, the project resulted in a rich, digital dataset containing more than 145,000 geologic features in Texas and portions of neighboring states.",high,https://www.usgs.gov/news/featured-story/history-texas-under-your-feet-and-your-fingertips,Digital Mapping,The History of Texas is Under Your Feet and at Your Fingertips! | U.S. Geological Survey,www.usgs.gov,verified
FACT-2027-05-11-S03,11,2027-05-11,The Dangerous Decibels guide teaches about noise-induced hearing loss and tinnitus.,3,May,Hearing loss can result from noise exposure,Human Body,The guide description explicitly identifies noise-induced hearing loss and tinnitus as topics.,high,https://science.education.nih.gov/stem-resources/8,Hearing,STEM Resources | STEM Teaching Resources,science.education.nih.gov,verified
FACT-2027-05-11-S04,11,2027-05-11,The tropics are particularly rainy because heat absorption and ocean evaporation are highest there.,4,May,The tropics are especially rainy,Geography,The source directly attributes the tropics’ high rainfall to strong heat absorption and evaporation.,high,https://oceanexplorer.noaa.gov/ocean-fact/climate/,Tropical climate,How does the ocean affect climate and weather on land? - NOAA Ocean Exploration,oceanexplorer.noaa.gov,verified
FACT-2027-05-11-S05,11,2027-05-11,"The APOE gene has forms called alleles, including ε2, ε3, and ε4.",5,May,APOE has several alleles,Science,"The source identifies APOE alleles ε2, ε3, and ε4.",high,https://www.nia.nih.gov/health/alzheimers-causes-and-risk-factors/alzheimers-disease-genetics-fact-sheet,Molecular Genetics,Alzheimer's Disease Genetics Fact Sheet | National Institute on Aging,www.nia.nih.gov,verified
FACT-2027-05-11-S06,11,2027-05-11,Antonio Meucci filed a caveat for his talking telegraph design in 1871.,6,May,Meucci filed a caveat in 1871,History,The source states that Meucci filed a caveat in 1871 and defines a caveat as an announcement of an invention.,high,https://www.loc.gov/everyday-mysteries/item/who-is-credited-with-inventing-the-telephone,Patent history,Who is credited with inventing the telephone?  | Library of Congress,www.loc.gov,verified
FACT-2027-05-11-S07,11,2027-05-11,Research suggests that the number of species in the ocean is decreasing.,7,May,Ocean species numbers may be decreasing,Ocean & Marine,The source directly says that research suggests the number of ocean species is decreasing.,high,https://oceanservice.noaa.gov/facts/ocean-species.html,Marine biodiversity change,How Many Species Live in the Ocean?,oceanservice.noaa.gov,verified
FACT-2027-05-11-S08,11,2027-05-11,"A tropical depression has maximum sustained winds below 34 knots, a tropical storm has winds of 34–63 knots, and a hurricane or typhoon has winds of at least 64 knots.",8,May,Tropical cyclone wind classifications,Nature,The source gives these wind-speed thresholds and classifications explicitly.,high,https://pubs.usgs.gov/cp/35/report.pdf,Storm classification,Explanatory Notes for the Natural Hazards Map of the Circum-Pacific Region Pacific Basin Sheet,pubs.usgs.gov,verified
FACT-2027-05-11-S09,11,2027-05-11,The World Bank page lists Least developed countries under the UN classification as a grouping.,9,May,The page includes least developed countries,Geography,"The Other groups section includes ""Least developed countries: UN classification.""",high,https://data.worldbank.org/country,Development classifications,Countries | Data,data.worldbank.org,verified
FACT-2027-05-11-S10,11,2027-05-11,"Bison were eliminated from some areas, including the Snake River Plain, by the 1840s.",10,May,Bison disappeared from some areas by the 1840s,Animals,The abstract specifically identifies bison elimination from some areas by the 1840s.,high,https://nps.gov/yell/learn/historyculture/historicwildlife.htm,Bison history,Historic Wildlife Observations - Yellowstone National Park (U.S. National Park Service),nps.gov,verified
FACT-2027-05-11-S11,11,2027-05-11,Earlier accounts often credited Karl Benz of Germany with creating the first true automobile in 1885 or 1886.,11,May,Karl Benz was often credited with the first true automobile,Inventions,"Earlier accounts often gave credit to Karl Benz, from Germany, for creating the first true automobile in 1885/1886.",medium,https://www.loc.gov/item/who-invented-the-automobile/,Automobile History,Everyday Mysteries,www.loc.gov,verified
FACT-2027-05-11-S12,11,2027-05-11,"Tide-pool organisms must survive seawater submersion, ocean currents, sun exposure, and hotter temperatures.",12,May,Tide-pool organisms face changing conditions,Ocean & Marine,The source lists these environmental conditions as challenges for tide-pool organisms.,high,https://education.nationalgeographic.org/resource/ecosystem/,Intertidal Adaptations,Ecosystem,education.nationalgeographic.org,verified
FACT-2027-05-11-S13,11,2027-05-11,"Under the Articles of Confederation, each state could make coins and set their values.",13,May,States Once Set Their Own Coin Values,History,The source states that the Articles allowed each state to make coins and set values for them.,high,https://www.usmint.gov/learn/history/us-circulating-coins,Articles of Confederation,History of U.S. Circulating Coins | U.S. Mint,www.usmint.gov,verified
FACT-2027-05-11-S14,11,2027-05-11,GWR Studios is listed among the organization's business services.,14,May,GWR Studios is a business offering,Technology,The source includes “GWR Studios” as one of the business offering categories.,high,https://www.guinnessworldrecords.com/,Media production,Home | Guinness World Records,www.guinnessworldrecords.com,verified
FACT-2027-05-11-S15,11,2027-05-11,"The solar system orbits the center of the Milky Way at about 515,000 mph (829,000 kph).",15,May,The solar system orbits the Milky Way's center,Space,"NASA states that the solar system orbits the galactic center at about 515,000 mph (829,000 kph).",high,https://science.nasa.gov/solar-system/solar-system-facts/,Galactic Motion,Solar System: Facts - NASA Science,science.nasa.gov,verified
FACT-2027-05-11-S16,11,2027-05-11,Blindness and macular degeneration can increase the risk for non-24-hour sleep-wake rhythm disorder.,16,May,Vision conditions can raise non-24-hour rhythm risk,Human Body,"The source states that conditions affecting eyesight, including blindness and macular degeneration, raise this risk.",high,https://www.nhlbi.nih.gov/health/circadian-rhythm-disorders/causes,Vision and sleep disorders,"Circadian Rhythm Disorders - Causes and Risk Factors | NHLBI, NIH",www.nhlbi.nih.gov,verified
FACT-2027-05-11-S17,11,2027-05-11,The source includes “GDP growth (annual %)” as a related indicator.,17,May,GDP growth is measured annually,Money & Economics,GDP growth (annual %),medium,https://data.worldbank.org/indicator/NY.GDP.MKTP.CD,Economic Growth Rates,GDP (current US$) | Data,data.worldbank.org,verified
FACT-2027-05-11-S18,11,2027-05-11,Pulsed calls are learned and culturally transmitted among killer whales.,18,May,Killer whale calls are culturally learned,Animals,NOAA states that killer whale calls are learned and culturally transmitted.,high,https://www.fisheries.noaa.gov/species/killer-whale/science?page=0,Cultural behavior,Killer Whale: Science | NOAA Fisheries,www.fisheries.noaa.gov,verified
FACT-2027-05-11-S19,11,2027-05-11,Official Adjudicators verify whether a record has been successfully broken.,19,May,Official Adjudicators verify record attempts,World Records & Extremes,The source says Adjudicators verify and reveal whether a record was successfully broken.,high,https://kids.guinnessworldrecords.com/news/2026/4/the-story-of-guinness-world-records-how-did-it-start-how-many-records-exist-and-more,Record verification,"The story of Guinness World Records: How did it start, how many records exist and more! | Guinness World Records",kids.guinnessworldrecords.com,verified
FACT-2027-05-11-S20,11,2027-05-11,The source includes “GDP (current LCU)” as a related indicator.,20,May,GDP current LCU is included,Money & Economics,GDP (current LCU),medium,https://data.worldbank.org/indicator/NY.GDP.MKTP.CD,National Currency GDP,GDP (current US$) | Data,data.worldbank.org,verified
FACT-2027-05-12-S01,12,2027-05-12,"The page includes income-level groups such as high income, low income, and middle income.",1,May,Countries are grouped by income level,Money & Economics,"The Income levels section lists High income, Low income, Lower middle income, Middle income, and Upper middle income.",high,https://data.worldbank.org/country,Income classification,Countries | Data,data.worldbank.org,verified
FACT-2027-05-12-S02,12,2027-05-12,Elias Howe's patent was not the first U.S. sewing-machine patent.,2,May,Howe's Patent Was Not the First,History,"The source says Howe's patent was not the first and identifies John Greenough's 1842 Patent 2,466 as the first U.S. sewing-machine patent.",high,https://guides.loc.gov/this-month-in-business-history/september/elias-howe-patented-sewing-machine,U.S. invention history,Elias Howe Issued a Patent for the Sewing Machine - This Month in Business History - Research Guides at Library of Congress,guides.loc.gov,verified
FACT-2027-05-12-S03,12,2027-05-12,"The First Industrial Revolution introduced mechanized textile production, steam power, and early factory systems.",3,May,Earlier Industrial Revolution Innovations,Inventions,The source lists these innovations as developments of the earlier period.,high,https://guides.loc.gov/gilded-age-business/people/inventors,Industrial technology,Inventors - American Business: The Gilded Age and the Progressive Era - Research Guides at Library of Congress,guides.loc.gov,verified
FACT-2027-05-12-S04,12,2027-05-12,The historical wildlife community had a composition similar to modern times.,4,May,Historic wildlife community resembled the modern community,Nature,The abstract states that historic community composition was similar to modern times.,high,https://nps.gov/yell/learn/historyculture/historicwildlife.htm,Ecosystem composition,Historic Wildlife Observations - Yellowstone National Park (U.S. National Park Service),nps.gov,verified
FACT-2027-05-12-S05,12,2027-05-12,"Vertical tidal motion near shore can cause water to move horizontally, creating tidal currents.",5,May,Tides can create tidal currents,Ocean & Marine,NOAA directly connects nearshore vertical tidal motion with horizontal water movement and tidal currents.,high,https://oceanexplorer.noaa.gov/ocean-fact/currents/,Tidal currents,What causes ocean currents? - NOAA Ocean Exploration,oceanexplorer.noaa.gov,verified
FACT-2027-05-12-S06,12,2027-05-12,Animals can sense and respond to their surroundings.,6,May,Animals generally sense their surroundings,Animals,The source states that all animals have the ability to sense and respond to their surroundings.,high,https://kids.britannica.com/students/article/animal/272874,Sensory systems,"animal
                    
                
                - Students | Britannica Kids | Homework Help",kids.britannica.com,verified
FACT-2027-05-12-S07,12,2027-05-12,"In 1492, Columbus sailed for Spain seeking a route to the Orient and reached what are called the Caribbean islands.",7,May,Columbus reached the Caribbean in 1492,History,The source states that Columbus sailed for the King and Queen of Spain in 1492 and found the Caribbean islands.,high,https://nps.gov/jame/learn/historyculture/index.htm,European Exploration,History & Culture - Historic Jamestowne Part of Colonial National Historical Park (U.S. National Park Service),nps.gov,verified
FACT-2027-05-12-S08,12,2027-05-12,Circadian rhythms influence processes such as hunger and the sleep-wake cycle.,8,May,Circadian rhythms influence daily processes,Human Body,The Pathways: Circadian Rhythms description identifies hunger and the sleep-wake cycle as influenced processes.,high,https://science.education.nih.gov/stem-resources/8,Sleep and Biological Rhythms,STEM Resources | STEM Teaching Resources,science.education.nih.gov,verified
FACT-2027-05-12-S09,12,2027-05-12,Nikola Tesla and George Westinghouse are identified as pioneers of alternating current technology.,9,May,Alternating Current Technology,Technology,The source explicitly describes Tesla and Westinghouse this way.,high,https://guides.loc.gov/gilded-age-business/people/inventors,Electrical power,Inventors - American Business: The Gilded Age and the Progressive Era - Research Guides at Library of Congress,guides.loc.gov,verified
FACT-2027-05-12-S10,12,2027-05-12,"One astronomical unit is the distance from the Sun to Earth, approximately 150 million kilometers.",10,May,The astronomical unit,Space,"The source defines one AU as the Sun–Earth distance, or about 93 million miles (150 million kilometers).",high,https://solarsystem.nasa.gov/solar-system/our-solar-system/in-depth.amp,Distance measurement,In Depth | Our Solar System – NASA Solar System Exploration,solarsystem.nasa.gov,verified
FACT-2027-05-12-S11,12,2027-05-12,Glossotherium phoenesis was an extinct ground sloth.,11,May,Glossotherium phoenesis was extinct,Animals,The source explicitly describes Glossotherium phoenesis as the extinct ground sloth.,high,https://humanorigins.si.edu/research/whats-hot-human-origins/humans-carved-sloth-bones-personal-ornaments,Extinct Mammals,Humans carved sloth bones into personal ornaments | The Smithsonian Institution's Human Origins Program,humanorigins.si.edu,verified
FACT-2027-05-12-S12,12,2027-05-12,The ocean has surface circulation and deep circulation current systems.,12,May,The ocean has two current systems,Ocean & Marine,NOAA identifies two distinct current systems: surface circulation and deep circulation.,high,https://oceanexplorer.noaa.gov/ocean-fact/currents/,Ocean circulation systems,What causes ocean currents? - NOAA Ocean Exploration,oceanexplorer.noaa.gov,verified
FACT-2027-05-12-S13,12,2027-05-12,The pendants were made from osteoderms of the extinct ground sloth Glossotherium phoenesis.,13,May,The ornaments were made from ground sloth remains,Ancient Civilizations,The source says the fossils at Santa Elina included osteoderms of Glossotherium phoenesis and that humans made pendants from them.,high,https://humanorigins.si.edu/research/whats-hot-human-origins/humans-carved-sloth-bones-personal-ornaments,Archaeological Materials,Humans carved sloth bones into personal ornaments | The Smithsonian Institution's Human Origins Program,humanorigins.si.edu,verified
FACT-2027-05-12-S14,12,2027-05-12,Independence National Historical Park covers more than 51 acres.,14,May,The park covers more than 51 acres,Geography,The source explicitly states that the park covers more than 51 acres.,high,https://home.nps.gov/places/independence-national-historical-park.htm,Protected areas,Independence National Historical Park (U.S. National Park Service),home.nps.gov,verified
FACT-2027-05-12-S15,12,2027-05-12,"Late-19th-century advances in electricity, communication, transportation, and agriculture reshaped daily life.",15,May,American Innovation Areas,Technology,The source explicitly states that these advances reshaped daily life.,high,https://guides.loc.gov/gilded-age-business/people/inventors,Industrial innovation,Inventors - American Business: The Gilded Age and the Progressive Era - Research Guides at Library of Congress,guides.loc.gov,verified
FACT-2027-05-12-S16,12,2027-05-12,The site provides free STEM education materials for grades pre-K through 12.,16,May,NIH STEM materials cover pre-K through grade 12,Science,The source describes the materials as free STEM education materials for grades pre-K through 12.,high,https://science.education.nih.gov/stem-resources/8,Science Education,STEM Resources | STEM Teaching Resources,science.education.nih.gov,verified
FACT-2027-05-12-S17,12,2027-05-12,"The Future of Sport includes exhibits, public programs, blog posts, podcasts, and archival and object collecting opportunities.",17,May,Sports programming uses multiple formats,Inventions,The source explicitly lists these formats and opportunities under The Future of Sport.,high,https://invention.si.edu/,Public programming,Source page,invention.si.edu,verified
FACT-2027-05-12-S18,12,2027-05-12,"The page includes Caribbean small states, other small states, Pacific island small states, and small states.",18,May,Small states have dedicated groupings,Geography,"The Small States section lists Caribbean small states, Other small states, Pacific island small states, and Small states.",high,https://data.worldbank.org/country,Small states,Countries | Data,data.worldbank.org,verified
FACT-2027-05-12-S19,12,2027-05-12,Higher biodiversity may make ecosystems more resilient to change.,19,May,Biodiversity and ecosystem resilience,Science,“Higher biodiversity may make ecosystems more resilient to change.”,high,https://education.nationalgeographic.org/resource/mapmaker-marine-biodiversity/,Ecology,MapMaker: Marine Biodiversity,education.nationalgeographic.org,verified
FACT-2027-05-12-S20,12,2027-05-12,Insomnia is one of the most common sleep disorders.,20,May,Insomnia is common,Human Body,The source explicitly describes insomnia as one of the most common sleep disorders.,high,https://files.nccih.nih.gov/s3fs-public/Sleep_Disorders_12-01-2015.pdf,Sleep Disorders,Sleep Disorders,files.nccih.nih.gov,verified
FACT-2027-05-13-S01,13,2027-05-13,Employee engagement is listed as one of the organization's business services.,1,May,Guinness World Records offers employee engagement services,Money & Economics,The source includes a section labeled “Employee engagement” under its business offerings.,high,https://www.guinnessworldrecords.com/,Employee engagement,Home | Guinness World Records,www.guinnessworldrecords.com,verified
FACT-2027-05-13-S02,13,2027-05-13,“Headless chicken monster” is a common name for deep-ocean sea cucumbers in the genus Enypniastes.,2,May,Headless chicken monster refers to Enypniastes,Ocean & Marine,The source directly identifies the common name with deep-ocean sea cucumbers in the genus Enypniastes.,high,https://oceanexplorer.noaa.gov/ocean-facts/,Deep-Sea Animals,Ocean Exploration Facts - NOAA Ocean Exploration,oceanexplorer.noaa.gov,verified
FACT-2027-05-13-S03,13,2027-05-13,"During the Colonial Period, Spanish milled dollars circulated alongside British, German, and colonial coins.",3,May,Colonial Coins Included Spanish Dollars,History,"The source lists British pounds, German thalers, Spanish milled dollars, and coins produced by the colonies as circulating coins.",high,https://www.usmint.gov/learn/history/us-circulating-coins,Colonial Currency,History of U.S. Circulating Coins | U.S. Mint,www.usmint.gov,verified
FACT-2027-05-13-S04,13,2027-05-13,"In fruit flies, PER and TIM proteins participate in a feedback loop that regulates PER production.",4,May,The PER-TIM system regulates daily rhythms in fruit flies,Animals,"The source describes how TIM protects PER, the complexes enter the nucleus, and PER regulates its own synthesis through negative feedback.",high,https://nigms.nih.gov/education/fact-sheets/Pages/circadian-rhythms,Fruit Fly Biology,Circadian Rhythms | National Institute of General Medical Sciences,nigms.nih.gov,verified
FACT-2027-05-13-S05,13,2027-05-13,"The source states that modern humans reached central Brazil before the last glacial maximum, dated there to around 20,000 years ago.",5,May,Modern humans reached central Brazil before the last glacial maximum,History,"The source links the 27,000-year-old activity at Santa Elina to human arrival in central Brazil before the last glacial maximum.",high,https://humanorigins.si.edu/research/whats-hot-human-origins/humans-carved-sloth-bones-personal-ornaments,Human Migration,Humans carved sloth bones into personal ornaments | The Smithsonian Institution's Human Origins Program,humanorigins.si.edu,verified
FACT-2027-05-13-S06,13,2027-05-13,Early hominins at Olorgesailie used as many as 14 locally identified types of volcanic rock.,6,May,Early hominins used many volcanic rocks,Inventions,The source states that as many as 14 different types of volcanic rock were used.,high,https://humanorigins.si.edu/research/east-african-research-projects/olorgesailie-kenya,Stone-tool raw materials,"Olorgesailie, Kenya | The Smithsonian Institution's Human Origins Program",humanorigins.si.edu,verified
FACT-2027-05-13-S07,13,2027-05-13,"Sogdian traders dealt in silk, Ferghana horses, Indian gemstones, Tibetan musk, northern furs, and Samarkand peaches.",7,May,Sogdians traded diverse luxury goods,Money & Economics,The source lists these goods among the commodities traded by the Sogdians.,high,https://sogdians.si.edu/introduction/,Luxury-goods trade,"Who Were the Sogdians, | The Sogdians",sogdians.si.edu,verified
FACT-2027-05-13-S08,13,2027-05-13,"At a synapse, vesicles release neurotransmitters into the synaptic cleft, where they attach to receptors on a neighboring cell.",8,May,Neurotransmitters cross synapses,Human Body,"The source describes vesicle release, neurotransmitter movement across the synapse, and receptor binding.",high,https://www.ninds.nih.gov/health-information/public-education/brain-basics/brain-basics-know-your-brain,Neural communication,Brain Basics: Know Your Brain | National Institute of Neurological Disorders and Stroke,www.ninds.nih.gov,verified
FACT-2027-05-13-S09,13,2027-05-13,Geographic information systems collect information and link it to geographic reference points such as coordinates.,9,May,GIS links data to geographic locations,Technology,The source describes GIS as databases that link data to geographic reference points.,high,https://education.nationalgeographic.org/resource/geography-article/,Geographic Information Systems,Geography,education.nationalgeographic.org,verified
FACT-2027-05-13-S10,13,2027-05-13,"The solar system includes the Sun, eight planets, dwarf planets such as Pluto, dozens of moons, and millions of asteroids, comets, and meteoroids.",10,May,What the solar system includes,Space,The source explicitly lists these objects as bound to the Sun by gravity.,high,https://solarsystem.nasa.gov/solar-system/our-solar-system/in-depth.amp,Solar system components,In Depth | Our Solar System – NASA Solar System Exploration,solarsystem.nasa.gov,verified
FACT-2027-05-13-S11,13,2027-05-13,Tropical cyclones usually form where sea-surface temperatures are 26°C (80°F) or warmer.,11,May,Tropical cyclone formation temperature,Nature,The tropical-cyclone section states that they usually form over sea-surface temperatures of 80°F or warmer.,high,https://pubs.usgs.gov/cp/35/report.pdf,Tropical cyclone formation,Explanatory Notes for the Natural Hazards Map of the Circum-Pacific Region Pacific Basin Sheet,pubs.usgs.gov,verified
FACT-2027-05-13-S12,13,2027-05-13,Backscatter is sound energy reflected back to its source after striking the seafloor or objects in the water column.,12,May,Backscatter is reflected sound energy,Ocean & Marine,The source directly defines backscatter as reflected sound energy from the seafloor or water-column objects.,high,https://oceanexplorer.noaa.gov/ocean-facts/,Underwater Observation,Ocean Exploration Facts - NOAA Ocean Exploration,oceanexplorer.noaa.gov,verified
FACT-2027-05-13-S13,13,2027-05-13,Human geography concerns the distribution and networks of people and cultures on Earth's surface.,13,May,Human geography studies people and cultures,Geography,The source explicitly defines human geography in these terms.,high,https://education.nationalgeographic.org/resource/geography-article/,Human Geography,Geography,education.nationalgeographic.org,verified
FACT-2027-05-13-S14,13,2027-05-13,"Vertebrates are animals with spinal columns, or backbones.",14,May,Vertebrates have backbones,Animals,The source defines vertebrates as animals with spinal columns or backbones.,high,https://kids.britannica.com/students/article/animal/272874,Vertebrate zoology,"animal
                    
                
                - Students | Britannica Kids | Homework Help",kids.britannica.com,verified
FACT-2027-05-13-S15,13,2027-05-13,People with a parent or sibling diagnosed with Alzheimer’s have a higher risk than people without that family association.,15,May,Family history can increase Alzheimer’s risk,Human Body,The source explicitly compares the risk of people with an affected parent or sibling with those without that association.,high,https://www.nia.nih.gov/health/alzheimers-causes-and-risk-factors/alzheimers-disease-genetics-fact-sheet,Risk Factors,Alzheimer's Disease Genetics Fact Sheet | National Institute on Aging,www.nia.nih.gov,verified
FACT-2027-05-13-S16,13,2027-05-13,The granite formation making up Enchanted Rock is called Town Mountain Granite.,16,May,Enchanted Rock is made of Town Mountain Granite,Geography,"This granite formation, known as Town Mountain Granite, is used as a building stone.",high,https://www.usgs.gov/news/featured-story/history-texas-under-your-feet-and-your-fingertips,Granite Formations,The History of Texas is Under Your Feet and at Your Fingertips! | U.S. Geological Survey,www.usgs.gov,verified
FACT-2027-05-13-S17,13,2027-05-13,The long-term safety of melatonin supplements has not been established.,17,May,Long-term melatonin safety is unknown,Science,The source explicitly states that long-term safety has not been established.,high,https://files.nccih.nih.gov/s3fs-public/Sleep_Disorders_12-01-2015.pdf,Supplement Safety,Sleep Disorders,files.nccih.nih.gov,verified
FACT-2027-05-13-S18,13,2027-05-13,The earliest animals were soft-bodied forms.,18,May,Early animals were soft-bodied,Science,The source describes the first animals as soft-bodied forms.,high,https://www.britannica.com/animal/animal,Evolution,"Animal | Definition, Types, & Facts | Britannica",www.britannica.com,verified
FACT-2027-05-13-S19,13,2027-05-13,"The source identifies steam, electric, and gasoline automobiles as different types.",19,May,"Automobiles include steam, electric, and gasoline types",Technology,"There are many different types of automobiles – steam, electric, and gasoline.",medium,https://www.loc.gov/item/who-invented-the-automobile/,Vehicle Propulsion,Everyday Mysteries,www.loc.gov,verified
FACT-2027-05-13-S20,13,2027-05-13,Robert Anderson is listed as developing an electric carriage between 1832 and 1839.,20,May,Robert Anderson developed an electric carriage,Inventions,Robert Anderson | 1832-1839 | ELECTRIC / Electric carriage. | Scotland,medium,https://www.loc.gov/item/who-invented-the-automobile/,Electric Vehicles,Everyday Mysteries,www.loc.gov,verified
FACT-2027-05-14-S01,14,2027-05-14,The Moon reaches about 260 degrees Fahrenheit (127 degrees Celsius) in full sunlight and about -280 degrees Fahrenheit (-173 degrees Celsius) in darkness.,1,May,Extreme lunar temperatures,Space,NASA gives these approximate illuminated and dark lunar surface temperatures.,high,https://science.nasa.gov/moon/facts/,Lunar environment,Moon Facts - NASA Science,science.nasa.gov,verified
FACT-2027-05-14-S02,14,2027-05-14,"In the mid-7th century B.C., people in Lydia made coins from electrum, a natural mixture of gold and silver.",2,May,Lydia made early electrum coins,Ancient Civilizations,The source directly attributes these electrum coins to Lydia and defines electrum as naturally made of gold and silver.,high,https://kids.usmint.gov/media/43126/download?inline=,Ancient coinage,Source page,kids.usmint.gov,verified
FACT-2027-05-14-S03,14,2027-05-14,The Sewing Machine Combination was established to address patent-related problems in the sewing-machine industry.,3,May,Sewing Machine Patent Pool,Money & Economics,The source says the Sewing Machine Combination or Trust was established to smooth out problems among stakeholders and distribute a percentage of earnings from each sewing machine.,high,https://guides.loc.gov/this-month-in-business-history/september/elias-howe-patented-sewing-machine,Patent pools,Elias Howe Issued a Patent for the Sewing Machine - This Month in Business History - Research Guides at Library of Congress,guides.loc.gov,verified
FACT-2027-05-14-S04,14,2027-05-14,Animals must eat food made directly or indirectly by producer organisms.,4,May,Animals obtain food from producers,Animals,The source states that animals must eat food manufactured by producer organisms.,high,https://kids.britannica.com/students/article/animal/272874,Nutrition,"animal
                    
                
                - Students | Britannica Kids | Homework Help",kids.britannica.com,verified
FACT-2027-05-14-S05,14,2027-05-14,Significant wave height is defined as the average height of the highest one-third of waves in view.,5,May,Significant wave height,Ocean & Marine,The wave-height section explicitly defines reported significant wave height as the average of the highest one-third of observed waves.,high,https://pubs.usgs.gov/cp/35/report.pdf,Wave measurement,Explanatory Notes for the Natural Hazards Map of the Circum-Pacific Region Pacific Basin Sheet,pubs.usgs.gov,verified
FACT-2027-05-14-S06,14,2027-05-14,More than 80 different sleep disorders have been identified.,6,May,There are more than 80 sleep disorders,Human Body,The source explicitly states that there are more than 80 different sleep disorders.,high,https://files.nccih.nih.gov/s3fs-public/Sleep_Disorders_12-01-2015.pdf,Sleep Health,Sleep Disorders,files.nccih.nih.gov,verified
FACT-2027-05-14-S07,14,2027-05-14,Osteoderms are bones found in the skin and are similar to the armor of an armadillo.,7,May,Osteoderms are bones in the skin,Animals,The source defines osteoderms as bones in the skin similar to armadillo armor.,high,https://humanorigins.si.edu/research/whats-hot-human-origins/humans-carved-sloth-bones-personal-ornaments,Anatomy,Humans carved sloth bones into personal ornaments | The Smithsonian Institution's Human Origins Program,humanorigins.si.edu,verified
FACT-2027-05-14-S08,14,2027-05-14,Having two copies of APOE ε4 is associated with a higher Alzheimer’s risk than having one copy.,8,May,Two APOE ε4 copies confer higher risk,Human Body,The source explicitly compares the risk associated with two APOE ε4 copies and one copy.,high,https://www.nia.nih.gov/health/alzheimers-causes-and-risk-factors/alzheimers-disease-genetics-fact-sheet,Alzheimer’s Genetics,Alzheimer's Disease Genetics Fact Sheet | National Institute on Aging,www.nia.nih.gov,verified
FACT-2027-05-14-S09,14,2027-05-14,"The Pacific Basin Sheet covers the entire Pacific region at a scale of 1:17,000,000.",9,May,Pacific Basin Sheet scale,Geography,The source explicitly gives the Pacific Basin Sheet coverage and scale.,high,https://pubs.usgs.gov/cp/35/report.pdf,Cartographic scale,Explanatory Notes for the Natural Hazards Map of the Circum-Pacific Region Pacific Basin Sheet,pubs.usgs.gov,verified
FACT-2027-05-14-S10,14,2027-05-14,The National Institute of General Medical Science manages the site.,10,May,NIGMS manages the STEM resources site,Science,The source explicitly states that the site is managed by NIGMS.,high,https://science.education.nih.gov/stem-resources/8,Scientific Organizations,STEM Resources | STEM Teaching Resources,science.education.nih.gov,verified
FACT-2027-05-14-S11,14,2027-05-14,England established Jamestown as its first permanent colony in 1607 through the Virginia Company.,11,May,Jamestown was founded in 1607,History,"The source states that in 1607 the Virginia Company established England's first permanent colony, Jamestown.",high,https://nps.gov/jame/learn/historyculture/index.htm,Colonial America,History & Culture - Historic Jamestowne Part of Colonial National Historical Park (U.S. National Park Service),nps.gov,verified
FACT-2027-05-14-S12,14,2027-05-14,"The organization’s registered office is at The Rookery, 2 Dyott Street, London, United Kingdom.",12,May,Guinness World Records has a registered office in London,Geography,"The source lists the registered office as Ground Floor, The Rookery, 2 Dyott Street, London, WC1A 1DE, United Kingdom.",high,https://www.guinnessworldrecords.com/,Institutional locations,Home | Guinness World Records,www.guinnessworldrecords.com,verified
FACT-2027-05-14-S13,14,2027-05-14,"In 1953, the first community-based pilot trial of Salk's polio vaccine was conducted with volunteer families in the Pittsburgh area.",13,May,The first community-based polio vaccine pilot trial occurred in Pittsburgh,Science,The source describes the 1953 pilot trial and its Pittsburgh-area volunteer families.,high,https://americanhistory.si.edu/explore/topics/invention-and-innovation,Medical trials,Invention and Innovation | National Museum of American History,americanhistory.si.edu,verified
FACT-2027-05-14-S14,14,2027-05-14,Congress authorized copper cents called Fugio cents in 1787.,14,May,Fugio Cents Were Authorized in 1787,History,The source states that Congress authorized the production of copper cents called Fugio cents in 1787.,high,https://www.usmint.gov/learn/history/us-circulating-coins,Early U.S. Coins,History of U.S. Circulating Coins | U.S. Mint,www.usmint.gov,verified
FACT-2027-05-14-S15,14,2027-05-14,"In 1967, Ralph Baer and colleagues at Sanders Associates developed the Brown Box prototype for a multiplayer, multiprogram video game system.",15,May,The Brown Box was an early multiplayer video game prototype,Technology,The source states that Baer and his colleagues developed the prototype in 1967.,high,https://americanhistory.si.edu/explore/topics/invention-and-innovation,Video games,Invention and Innovation | National Museum of American History,americanhistory.si.edu,verified
FACT-2027-05-14-S16,14,2027-05-14,Karl Friedrich Benz is listed as creating an automobile powered by an internal combustion engine in 1885/1886.,16,May,Benz created a gasoline automobile with an internal combustion engine,Technology,"1885/86 | GASOLINE / Automobile powered by an internal combustion engine: three wheeled, four cycle, engine and chassis form a single unit.",medium,https://www.loc.gov/item/who-invented-the-automobile/,Internal Combustion Engines,Everyday Mysteries,www.loc.gov,verified
FACT-2027-05-14-S17,14,2027-05-14,Alexander Graham Bell is credited as the inventor of the telephone because his patent and demonstrations for transmitting vocal sounds electrically were successful.,17,May,Alexander Graham Bell is credited with inventing the telephone,Inventions,The Library of Congress explicitly credits Bell with inventing the telephone.,high,https://www.loc.gov/item/who-is-credited-with-inventing-the-telephone/,Telephone,Who is credited with inventing the telephone?  | Library of Congress,www.loc.gov,verified
FACT-2027-05-14-S18,14,2027-05-14,Water stored in ice and glaciers is part of the water cycle even though it moves slowly.,18,May,Glaciers move through the water cycle,Nature,The source states that water stored in ice and glaciers is part of the water cycle and moves very slowly.,high,https://www.usgs.gov/index.php/water-science-school/science/where-earths-water,Glaciers and water cycle,Where is Earth's Water? | U.S. Geological Survey,www.usgs.gov,verified
FACT-2027-05-14-S19,14,2027-05-14,The strength of backscatter provides insight into characteristics of the unseen underwater world.,19,May,Backscatter reveals underwater characteristics,Ocean & Marine,The source states that backscatter strength provides insight into unseen underwater characteristics.,high,https://oceanexplorer.noaa.gov/ocean-facts/,Underwater Observation,Ocean Exploration Facts - NOAA Ocean Exploration,oceanexplorer.noaa.gov,verified
FACT-2027-05-14-S20,14,2027-05-14,Sir Hugh Beaver came up with the idea of making a book full of interesting facts to answer questions and settle arguments.,20,May,Sir Hugh Beaver proposed a book of facts,Inventions,The source explicitly describes Beaver's idea for a fact-filled book.,high,https://kids.guinnessworldrecords.com/news/2026/4/the-story-of-guinness-world-records-how-did-it-start-how-many-records-exist-and-more,Reference-book concepts,"The story of Guinness World Records: How did it start, how many records exist and more! | Guinness World Records",kids.guinnessworldrecords.com,verified
FACT-2027-05-15-S01,15,2027-05-15,The ocean provides food and income for millions of people through fishing and aquaculture.,1,May,Ocean-based livelihoods,Money & Economics,“The ocean provides food and income for millions of people through fishing and aquaculture.”,high,https://education.nationalgeographic.org/resource/mapmaker-marine-biodiversity/,Marine economy,MapMaker: Marine Biodiversity,education.nationalgeographic.org,verified
FACT-2027-05-15-S02,15,2027-05-15,Lack of exposure to natural light during the day can raise the risk of circadian rhythm disorders.,2,May,Natural light affects circadian rhythm risk,Nature,The source lists lack of daytime natural-light exposure among lifestyle habits that can raise risk.,high,https://www.nhlbi.nih.gov/health/circadian-rhythm-disorders/causes,Daylight and human rhythms,"Circadian Rhythm Disorders - Causes and Risk Factors | NHLBI, NIH",www.nhlbi.nih.gov,verified
FACT-2027-05-15-S03,15,2027-05-15,Female killer whales typically give birth to a single calf after a 15- to 18-month pregnancy.,3,May,Female killer whales give birth to one calf,Animals,NOAA states that females are typically pregnant for 15 to 18 months and give birth to a single calf.,high,https://www.fisheries.noaa.gov/species/killer-whale/science?page=0,Reproduction,Killer Whale: Science | NOAA Fisheries,www.fisheries.noaa.gov,verified
FACT-2027-05-15-S04,15,2027-05-15,"Tide pools contain producers such as seaweed, herbivores such as abalone, and carnivores such as sea stars.",4,May,Tide pools are ecosystems,Ocean & Marine,"The source describes seaweed, abalone, and sea stars as parts of tide-pool food relationships.",high,https://education.nationalgeographic.org/resource/ecosystem/,Tide Pool Ecology,Ecosystem,education.nationalgeographic.org,verified
FACT-2027-05-15-S05,15,2027-05-15,The first Mint building was the first federal building erected under the Constitution.,5,May,The first Mint building was the first federal building under the Constitution,History,The source explicitly describes the first Mint as the first federal building erected under the Constitution.,high,https://www.usmint.gov/learn/history/overview,Architecture,History of the U.S. Mint,www.usmint.gov,verified
FACT-2027-05-15-S06,15,2027-05-15,The park's natural resources made life there possible.,6,May,Natural resources and life,Nature,The source states that natural resources made life there possible to begin with.,high,http://home.nps.gov/cari/learn/nature/index.htm,Natural Resources,Nature & Science - Cane River Creole National Historical Park (U.S. National Park Service),home.nps.gov,verified
FACT-2027-05-15-S07,15,2027-05-15,Genes are segments of DNA packed into chromosomes and carry instructions for cells.,7,May,Genes are made of DNA,Science,The source states that DNA is packed into chromosomes and that chromosomes contain segments called genes carrying cellular instructions.,high,https://www.nia.nih.gov/health/alzheimers-causes-and-risk-factors/alzheimers-disease-genetics-fact-sheet,Genetics,Alzheimer's Disease Genetics Fact Sheet | National Institute on Aging,www.nia.nih.gov,verified
FACT-2027-05-15-S08,15,2027-05-15,Humans remain dependent on adult feeding and care for a prolonged period after weaning.,8,May,Humans have a prolonged childhood,Human Body,The source states that humans are the only mammals with a childhood phase involving prolonged dependence after weaning.,high,https://www.si.edu/stories/human-origins-facts,Human development,Did You Know? Human Origins Facts | Smithsonian Institution,www.si.edu,verified
FACT-2027-05-15-S09,15,2027-05-15,Grandmaster Flash developed innovations and techniques that established him as a pioneer of hip hop and deejaying.,9,May,Grandmaster Flash developed influential DJ techniques,Technology,The source directly attributes these innovations and techniques to Grandmaster Flash.,high,https://americanhistory.si.edu/explore/topics/invention-and-innovation,Audio technology,Invention and Innovation | National Museum of American History,americanhistory.si.edu,verified
FACT-2027-05-15-S10,15,2027-05-15,"Pluto has five moons, including Charon.",10,May,Pluto’s moons,Space,"The source states that Pluto has five moons in its orbit, including Charon.",high,https://solarsystem.nasa.gov/solar-system/our-solar-system/in-depth.amp,Dwarf planet moons,In Depth | Our Solar System – NASA Solar System Exploration,solarsystem.nasa.gov,verified
FACT-2027-05-15-S11,15,2027-05-15,Early animals left traces of their bodies in shallow-water sediments.,11,May,Early animals left sediment traces,Science,The source states that early animals left body traces in shallow-water sediments.,high,https://www.britannica.com/animal/animal,Paleontology,"Animal | Definition, Types, & Facts | Britannica",www.britannica.com,verified
FACT-2027-05-15-S12,15,2027-05-15,"By about 1.8 million years ago, early humans began spreading into other parts of the world.",12,May,Early humans began leaving Africa by 1.8 million years ago,Geography,The source explicitly dates the beginning of early human dispersal beyond Africa to about 1.8 million years ago.,high,https://www.si.edu/stories/human-origins-facts,Human migration,Did You Know? Human Origins Facts | Smithsonian Institution,www.si.edu,verified
FACT-2027-05-15-S13,15,2027-05-15,The source describes Anyang as the birthplace of Chinese archaeology.,13,May,Anyang is described as the birthplace of Chinese archaeology,History,The exhibition description explicitly refers to Anyang as the birthplace of Chinese archaeology.,high,https://asia.si.edu/whats-on/exhibitions/anyang-chinas-ancient-city-of-kings/,Archaeology,https://asia.si.edu/whats-on/exhibitions/anyang-chinas-ancient-city-of-kings/,asia.si.edu,verified
FACT-2027-05-15-S14,15,2027-05-15,The page includes resources about the lymphatic system and lymph nodes.,14,May,The lymphatic system is covered,Human Body,The Specifics section lists “Introduction to the Lymphatic System” and “Lymph Nodes.”,high,https://www.nlm.nih.gov/medlineplus/anatomy.html,Lymphatic system,Anatomy | MedlinePlus,www.nlm.nih.gov,verified
FACT-2027-05-15-S15,15,2027-05-15,Funerary inscriptions are among the objects included in the exhibition.,15,May,Nubian funerary inscriptions,Ancient Civilizations,The source lists funerary inscriptions among the exhibition objects.,high,https://www.si.edu/exhibitions/ancient-nubia-egypts-rival-africa-event-exhib-1221,Funerary culture,Source page,www.si.edu,verified
FACT-2027-05-15-S16,15,2027-05-15,The African forest elephant is scientifically named Loxodonta cyclotis.,16,May,African Forest Elephant Scientific Name,Animals,The African forest elephant is identified as Loxodonta cyclotis.,high,https://www.britannica.com/animal/elephant-mammal,Scientific Classification,"Elephant | Description, Habitat, Scientific Names, Weight, & Facts | Britannica",www.britannica.com,verified
FACT-2027-05-15-S17,15,2027-05-15,"Observation locations were recorded as exact, within 5 miles, within 20 miles, or within a broad geographic area.",17,May,Observation locations had four precision levels,Geography,The database description lists these four levels of spatial precision.,high,https://nps.gov/yell/learn/historyculture/historicwildlife.htm,Location mapping,Historic Wildlife Observations - Yellowstone National Park (U.S. National Park Service),nps.gov,verified
FACT-2027-05-15-S18,15,2027-05-15,"Upwelling supports phytoplankton and seaweed, which provide an energy base for fish, marine mammals, and humans.",18,May,Upwelling supports marine food chains,Ocean & Marine,"NOAA states that upwelling supports phytoplankton and seaweed, which supply energy to higher-level consumers.",high,https://www.noaa.gov/education/resource-collections/ocean-coasts/ocean-currents,Marine productivity,Ocean currents | National Oceanic and Atmospheric Administration,www.noaa.gov,verified
FACT-2027-05-15-S19,15,2027-05-15,The source describes the site as one of the very first Fisheries web pages.,19,May,The Site Was Among Fisheries’ First Web Pages,Technology,The source states that the site was one of the very first Fisheries web pages.,high,https://www.fisheries.noaa.gov/national/outreach-and-education/fun-facts-about-sea-life,Web History,Fun Facts About Sea Life | NOAA Fisheries,www.fisheries.noaa.gov,verified
FACT-2027-05-15-S20,15,2027-05-15,The Lemelson Center conducts public programs related to invention and innovation.,20,May,The center hosts public programs,Inventions,The source refers to public programs in its descriptions of The Future of Sport and related activities.,high,https://invention.si.edu/,Public engagement,Source page,invention.si.edu,verified
FACT-2027-05-16-S01,16,2027-05-16,Thomas Edison developed electric lighting and power systems.,1,May,Thomas Edison,Inventions,The source identifies Edison with electric lighting and power systems.,high,https://guides.loc.gov/gilded-age-business/people/inventors,Electrical technology,Inventors - American Business: The Gilded Age and the Progressive Era - Research Guides at Library of Congress,guides.loc.gov,verified
FACT-2027-05-16-S02,16,2027-05-16,Ethnohistory studies historical data about a group or community using an ethnographic perspective.,2,May,Ethnohistory uses an ethnographic perspective,History,The source directly defines ethnohistory as the study of historical data using an ethnographic perspective.,high,https://www.nps.gov/subjects/nationalregister/upload/NRB38-Completeweb.pdf,Historical Research,National Register Bulletin 38,www.nps.gov,verified
FACT-2027-05-16-S03,16,2027-05-16,"Ecosystems are often connected within larger biomes, which are defined by climate, geography, and their plants and animals.",3,May,Biomes contain multiple ecosystems,Science,"The source defines biomes as large sections of land, sea, or atmosphere characterized by climate, geography, and living organisms.",high,https://education.nationalgeographic.org/resource/ecosystem/,Biomes,Ecosystem,education.nationalgeographic.org,verified
FACT-2027-05-16-S04,16,2027-05-16,Light from electronic devices at night can confuse biological clocks.,4,May,Nighttime electronic light can confuse biological clocks,Technology,The source explicitly states that nighttime light from electronic devices can confuse biological clocks.,high,https://nigms.nih.gov/education/fact-sheets/Pages/circadian-rhythms,Electronic Devices and Health,Circadian Rhythms | National Institute of General Medical Sciences,nigms.nih.gov,verified
FACT-2027-05-16-S05,16,2027-05-16,Genes influence whether people naturally wake early or stay up late.,5,May,Genes influence sleep timing,Human Body,"The source states that genes in DNA control individual differences in sleep-wake cycles, including early or late preferences.",high,https://www.nhlbi.nih.gov/health/circadian-rhythm-disorders/causes,Genetics and sleep,"Circadian Rhythm Disorders - Causes and Risk Factors | NHLBI, NIH",www.nhlbi.nih.gov,verified
FACT-2027-05-16-S06,16,2027-05-16,"The Coriolis force is weak near the Equator, so most tropical cyclones occur above 10° latitude.",6,May,Coriolis force and tropical cyclones,Science,The source directly connects weak equatorial Coriolis force with the distribution of tropical cyclones.,high,https://pubs.usgs.gov/cp/35/report.pdf,Atmospheric dynamics,Explanatory Notes for the Natural Hazards Map of the Circum-Pacific Region Pacific Basin Sheet,pubs.usgs.gov,verified
FACT-2027-05-16-S07,16,2027-05-16,"Independence National Historical Park is located in downtown Philadelphia, Pennsylvania.",7,May,The park is located in Philadelphia,Geography,"The source says the park covers land in downtown Philadelphia, Pennsylvania.",high,https://home.nps.gov/places/independence-national-historical-park.htm,United States places,Independence National Historical Park (U.S. National Park Service),home.nps.gov,verified
FACT-2027-05-16-S08,16,2027-05-16,"The Sun is located in a small, partial Milky Way arm called the Orion Arm, or Orion Spur.",8,May,The solar system is in the Orion Arm,Space,"NASA identifies the Sun's location as the Orion Arm or Orion Spur, between the Sagittarius and Perseus arms.",high,https://science.nasa.gov/solar-system/solar-system-facts/,Galactic Location,Solar System: Facts - NASA Science,science.nasa.gov,verified
FACT-2027-05-16-S09,16,2027-05-16,"At a 990,000-year-old site, more than 2,300 stone artifacts were found around an extinct Elephas recki elephant, whose bones had cut marks.",9,May,Hominins butchered an extinct elephant,Ancient Civilizations,"The source describes the elephant butchery site, its artifact count, the species, and cut marks on several bones.",high,https://humanorigins.si.edu/research/east-african-research-projects/olorgesailie-kenya,Paleolithic subsistence,"Olorgesailie, Kenya | The Smithsonian Institution's Human Origins Program",humanorigins.si.edu,verified
FACT-2027-05-16-S10,16,2027-05-16,The World Bank Data Catalog provides downloadable publicly available World Bank datasets.,10,May,The Data Catalog offers downloadable datasets,Technology,The source states that users can download publicly available World Bank datasets from the Data Catalog.,high,https://data.worldbank.org/,Data Catalogs,World Bank Open Data | Data,data.worldbank.org,verified
FACT-2027-05-16-S11,16,2027-05-16,The African forest elephant lives in rainforests.,11,May,African Forest Elephant Habitat,Animals,The African forest elephant is described as living in rainforests.,high,https://www.britannica.com/animal/elephant-mammal,Habitat,"Elephant | Description, Habitat, Scientific Names, Weight, & Facts | Britannica",www.britannica.com,verified
FACT-2027-05-16-S12,16,2027-05-16,Temperature- and salinity-driven density differences can create thermohaline circulation that moves water masses through the deep ocean.,12,May,Thermohaline circulation moves deep-ocean water,Ocean & Marine,NOAA describes thermohaline circulation as resulting from temperature and salinity differences and moving deep-ocean water masses.,high,https://oceanexplorer.noaa.gov/ocean-fact/currents/,Thermohaline circulation,What causes ocean currents? - NOAA Ocean Exploration,oceanexplorer.noaa.gov,verified
FACT-2027-05-16-S13,16,2027-05-16,Ötzi’s tattoos may have served therapeutic purposes.,13,May,Ötzi’s tattoos may have been therapeutic,Human Body,The source says the tattoos may be therapeutic and are grouped near areas of joint and spinal degeneration.,high,https://www.si.edu/stories/ancient-ink-iceman-otzi-has-worlds-oldest-tattoos,Therapeutic Practices,Ancient Ink: Iceman Otzi Has World's Oldest Tattoos | Smithsonian Institution,www.si.edu,verified
FACT-2027-05-16-S14,16,2027-05-16,The exact number of species living in the ocean is unknown.,14,May,Exact ocean species count is unknown,Ocean & Marine,NOAA states that the number of ocean species is unknown and that the ocean's vast size makes an exact count impossible.,high,https://oceanservice.noaa.gov/facts/ocean-species.html,Marine biodiversity,How Many Species Live in the Ocean?,oceanservice.noaa.gov,verified
FACT-2027-05-16-S15,16,2027-05-16,"Igneous rocks can be found in the Davis Mountains, Chinati Mountains, and Big Bend National Park.",15,May,Igneous rocks occur in several Texas locations,Geography,"Igneous rocks (both volcanic and intrusive) can be found in the Davis Mountains, Chinati Mountains, Big Bend National Park, and other places.",high,https://www.usgs.gov/news/featured-story/history-texas-under-your-feet-and-your-fingertips,Rock Formations,The History of Texas is Under Your Feet and at Your Fingertips! | U.S. Geological Survey,www.usgs.gov,verified
FACT-2027-05-16-S16,16,2027-05-16,Lahars can move through valleys and stream channels at 20 to 40 miles per hour and travel more than 50 miles.,16,May,Lahars can travel long distances,Nature,The source states the speed and potential travel distance of lahars.,high,https://pubs.usgs.gov/fs/fs002-97/fs00297.pdf,Lahars,"Fact Sheet 002-97, revised March 2008: What are Volcano Hazards?",pubs.usgs.gov,verified
FACT-2027-05-16-S17,16,2027-05-16,The graves left by the Liangzhu people provide insight into ancient Chinese civilization.,17,May,Ancient graves provide historical evidence,History,The source says the graves function like time capsules and provide insight into ancient Chinese civilization.,high,https://asia-archive.si.edu/exhibition/afterlife-ancient-chinese-jades/,Archaeological evidence,Afterlife: Ancient Chinese Jades - Smithsonian's National Museum of Asian Art,asia-archive.si.edu,verified
FACT-2027-05-16-S18,16,2027-05-16,"The source includes “GDP, PPP (constant 2021 international $)” as a related indicator.",18,May,Constant PPP GDP is included,Money & Economics,"GDP, PPP (constant 2021 international $)",medium,https://data.worldbank.org/indicator/NY.GDP.MKTP.CD,Constant-Price Purchasing Power Parity,GDP (current US$) | Data,data.worldbank.org,verified
FACT-2027-05-16-S19,16,2027-05-16,The center develops invention education resources for innovators of all ages.,19,May,The center serves learners of all ages,Inventions,The source includes the heading “Inspiring Innovators of All Ages” and describes invention education resources.,high,https://invention.si.edu/,STEM education,Source page,invention.si.edu,verified
FACT-2027-05-16-S20,16,2027-05-16,The fangtooth Anoplogaster cornuta has a maximum body length of about 7 inches (17 centimeters).,20,May,Fangtooth reaches seven inches,Animals,The source gives the fangtooth’s maximum body size as 7 inches (17 centimeters).,high,https://oceanexplorer.noaa.gov/ocean-facts/,Deep-Sea Fish,Ocean Exploration Facts - NOAA Ocean Exploration,oceanexplorer.noaa.gov,verified
FACT-2027-05-17-S01,17,2027-05-17,Biodiverse marine ecosystems produce half of the oxygen people breathe.,1,May,Marine ecosystems and oxygen,Nature,“Biodiverse marine ecosystems produce half of the oxygen we breathe.”,high,https://education.nationalgeographic.org/resource/mapmaker-marine-biodiversity/,Ecosystem services,MapMaker: Marine Biodiversity,education.nationalgeographic.org,verified
FACT-2027-05-17-S02,17,2027-05-17,Antonio Meucci began developing a talking telegraph or telephone design in 1849.,2,May,Antonio Meucci developed an early telephone design,Inventions,The source states that Meucci began developing the design in 1849.,high,https://www.loc.gov/everyday-mysteries/item/who-is-credited-with-inventing-the-telephone,Early telephone development,Who is credited with inventing the telephone?  | Library of Congress,www.loc.gov,verified
FACT-2027-05-17-S03,17,2027-05-17,"The page organizes its material into topics including ocean basics, ocean life, ocean economy, and ocean ecosystems.",3,May,Ocean facts are organized into topic areas,Ocean & Marine,These four topic headings appear in the page’s list of ocean fact categories.,high,https://oceanservice.noaa.gov/facts/,Ocean topics,NOAA's National Ocean Service: Newsroom,oceanservice.noaa.gov,verified
FACT-2027-05-17-S04,17,2027-05-17,"The African Art Museum is listed at 950 Independence Ave., SW, Washington, DC.",4,May,African Art Museum location,Geography,The source provides this address under the African Art Museum’s location.,high,https://www.si.edu/exhibitions/ancient-nubia-egypts-rival-africa-event-exhib-1221,Museums and landmarks,Source page,www.si.edu,verified
FACT-2027-05-17-S05,17,2027-05-17,The red-breasted merganser was identified as the game bird that could fly fastest in Europe in the story's original question.,5,May,The red-breasted merganser was the answer to the original question,Animals,The source directly gives the red-breasted merganser as the answer.,high,https://kids.guinnessworldrecords.com/news/2026/4/the-story-of-guinness-world-records-how-did-it-start-how-many-records-exist-and-more,Birds,"The story of Guinness World Records: How did it start, how many records exist and more! | Guinness World Records",kids.guinnessworldrecords.com,verified
FACT-2027-05-17-S06,17,2027-05-17,The Sogdians developed a merchant society that profited from trade between China and other parts of Asia.,6,May,Sogdian society centered on Silk Road trade,Money & Economics,The source explicitly describes the Sogdians as a merchant society profiting from trade between China and other Asian regions.,high,https://sogdians.si.edu/introduction/,Silk Road commerce,"Who Were the Sogdians, | The Sogdians",sogdians.si.edu,verified
FACT-2027-05-17-S07,17,2027-05-17,"The two cerebral hemispheres communicate through the corpus callosum, a thick tract of nerve fibers.",7,May,The corpus callosum connects brain hemispheres,Human Body,The source identifies the corpus callosum as the nerve-fiber tract connecting the two cerebral hemispheres.,high,https://www.ninds.nih.gov/health-information/public-education/brain-basics/brain-basics-know-your-brain,Brain connectivity,Brain Basics: Know Your Brain | National Institute of Neurological Disorders and Stroke,www.ninds.nih.gov,verified
FACT-2027-05-17-S08,17,2027-05-17,Different killer whale ecotypes specialize in different diets.,8,May,Killer whale diets vary by ecotype,Animals,"The source explains that Residents primarily eat fish, while Transients primarily eat marine mammals and squid in the U.S. Pacific Northwest.",high,https://www.fisheries.noaa.gov/species/killer-whale/science?page=0,Diet,Killer Whale: Science | NOAA Fisheries,www.fisheries.noaa.gov,verified
FACT-2027-05-17-S09,17,2027-05-17,People inherit genes from their biological parents.,9,May,Genes are inherited from biological parents,Human Body,The source explicitly says genes are passed down from a person’s biological parents.,high,https://www.nia.nih.gov/health/alzheimers-causes-and-risk-factors/alzheimers-disease-genetics-fact-sheet,Heredity,Alzheimer's Disease Genetics Fact Sheet | National Institute on Aging,www.nia.nih.gov,verified
FACT-2027-05-17-S10,17,2027-05-17,Researchers previously considered a Chinchorro mummy from Chile to have the oldest tattoo.,10,May,The Chinchorro mummy was once considered the oldest tattooed human,History,The source says tattoo scholars previously favored a Chinchorro mummy with a pencil-thin mustache tattoo.,high,https://www.si.edu/stories/ancient-ink-iceman-otzi-has-worlds-oldest-tattoos,Archaeology,Ancient Ink: Iceman Otzi Has World's Oldest Tattoos | Smithsonian Institution,www.si.edu,verified
FACT-2027-05-17-S11,17,2027-05-17,Differences in water temperature and salinity create density differences that drive deep-ocean currents.,11,May,Water density drives deep-ocean circulation,Ocean & Marine,NOAA states that temperature- and salinity-related differences in water density cause ocean currents through thermohaline circulation.,high,https://www.noaa.gov/education/resource-collections/ocean-coasts/ocean-currents,Thermohaline circulation,Ocean currents | National Oceanic and Atmospheric Administration,www.noaa.gov,verified
FACT-2027-05-17-S12,17,2027-05-17,Early sewing machines were primarily marketed to industrial businesses producing mass-produced clothing.,12,May,Early Industrial Market,Technology,The source states that early sewing machines primarily targeted industrial businesses making mass-produced clothing from textiles produced by mechanized mills.,high,https://guides.loc.gov/this-month-in-business-history/september/elias-howe-patented-sewing-machine,Industrial machinery,Elias Howe Issued a Patent for the Sewing Machine - This Month in Business History - Research Guides at Library of Congress,guides.loc.gov,verified
FACT-2027-05-17-S13,17,2027-05-17,Foundries capable of heating ores for mixing and casting bronze were established in northern China around 1700 BCE.,13,May,Chinese Bronze Age Foundries,Ancient Civilizations,The source states that such foundries were established in northern areas of China around 1700 BCE.,high,https://asia-archive.si.edu/learn/ancient-chinese-bronzes/,Metallurgy,Ancient Chinese Bronzes - Smithsonian's National Museum of Asian Art,asia-archive.si.edu,verified
FACT-2027-05-17-S14,17,2027-05-17,Bell is known as the father of the telephone because his design was the first to be patented and he continued developing it into a working device.,14,May,Bell was called the father of the telephone,Inventions,The source explicitly gives this explanation for Bell's designation.,high,https://www.loc.gov/everyday-mysteries/item/who-is-credited-with-inventing-the-telephone,Inventor recognition,Who is credited with inventing the telephone?  | Library of Congress,www.loc.gov,verified
FACT-2027-05-17-S15,17,2027-05-17,Radiocarbon dating measures carbon-14 in a dead organism and compares it with atmospheric carbon-14 levels.,15,May,Radiocarbon dating measures carbon-14,Science,The source defines radiocarbon dating using carbon-14 comparisons.,high,https://www.si.edu/stories/ancient-ink-iceman-otzi-has-worlds-oldest-tattoos,Dating Methods,Ancient Ink: Iceman Otzi Has World's Oldest Tattoos | Smithsonian Institution,www.si.edu,verified
FACT-2027-05-17-S16,17,2027-05-17,Ötzi was buried beneath an Alpine glacier along the Austrian–Italian border.,16,May,Ötzi was found near the Austrian–Italian border,Geography,The source places Ötzi’s glacier burial along the Austrian–Italian border.,high,https://www.si.edu/stories/ancient-ink-iceman-otzi-has-worlds-oldest-tattoos,Alpine Region,Ancient Ink: Iceman Otzi Has World's Oldest Tattoos | Smithsonian Institution,www.si.edu,verified
FACT-2027-05-17-S17,17,2027-05-17,The World Bank Microdata Library provides data collected through sample surveys.,17,May,The Microdata Library contains survey data,Science,The source states that users can find data collected through sample surveys in the Microdata Library.,high,https://data.worldbank.org/,Survey Research,World Bank Open Data | Data,data.worldbank.org,verified
FACT-2027-05-17-S18,17,2027-05-17,"In this context, traditional beliefs, customs, and practices are usually passed down orally or through practice.",18,May,Traditions are passed down through generations,History,"The source states that traditional beliefs, customs, and practices are passed down through generations, usually orally or through practice.",high,https://www.nps.gov/subjects/nationalregister/upload/NRB38-Completeweb.pdf,Tradition and Continuity,National Register Bulletin 38,www.nps.gov,verified
FACT-2027-05-17-S19,17,2027-05-17,"Mercury, Venus, Earth, and Mars are terrestrial planets with small, solid, rocky surfaces.",19,May,Terrestrial planets,Space,The source identifies the first four planets as terrestrial and describes their rocky surfaces.,high,https://solarsystem.nasa.gov/solar-system/our-solar-system/in-depth.amp,Planet classification,In Depth | Our Solar System – NASA Solar System Exploration,solarsystem.nasa.gov,verified
FACT-2027-05-17-S20,17,2027-05-17,The listed aggregation methodologies do not impute missing values.,20,May,Missing values are not imputed in aggregation methods,Technology,The aggregation notes state that missing values are not imputed in any listed methodology.,high,https://databank.worldbank.org/source/world-development-indicators,Data quality,World Development Indicators | DataBank,databank.worldbank.org,verified
FACT-2027-05-18-S01,18,2027-05-18,"The solar system has hundreds of moons orbiting planets, dwarf planets, and asteroids.",1,May,The solar system has hundreds of moons,Space,"NASA states that hundreds of moons orbit planets, dwarf planets, and asteroids.",high,https://science.nasa.gov/solar-system/solar-system-facts/,Natural Satellites,Solar System: Facts - NASA Science,science.nasa.gov,verified
FACT-2027-05-18-S02,18,2027-05-18,"The osteon is the functional unit of bone, with osteocytes arranged around a central Haversian canal.",2,May,The osteon is bone's functional unit,Human Body,The source defines the osteon and describes the arrangement of osteocytes and the Haversian canal.,high,https://www.ncbi.nlm.nih.gov/sites/books/NBK537199/,Bone microanatomy,"Anatomy, Bones - StatPearls - NCBI Bookshelf",www.ncbi.nlm.nih.gov,verified
FACT-2027-05-18-S03,18,2027-05-18,"In 1795, Sarah Waldrake and Rachael Summers became the first women employed by a federal agency.",3,May,The U.S. Mint first employed women in 1795,History,The source states that the Mint became the first federal agency to employ women when it hired Waldrake and Summers.,high,https://www.usmint.gov/learn/history/overview,Women in History,History of the U.S. Mint,www.usmint.gov,verified
FACT-2027-05-18-S04,18,2027-05-18,"If Jupiter were a hollow shell, about 1,000 Earths could fit inside it.",4,May,"Jupiter could contain about 1,000 Earths",Space,"NASA gives the comparison that 1,000 Earths could fit inside a hollow Jupiter.",high,https://science.nasa.gov/solar-system/solar-system-facts/,Planetary Size,Solar System: Facts - NASA Science,science.nasa.gov,verified
FACT-2027-05-18-S05,18,2027-05-18,The site includes the poverty headcount ratio at $3.00 a day in 2021 purchasing power parity as a percentage of the population.,5,May,World Bank data includes poverty indicators,Money & Economics,The source lists “Poverty headcount ratio at $3.00 a day (2021 PPP) (% of population).”,high,https://data.worldbank.org/,Poverty Measurement,World Bank Open Data | Data,data.worldbank.org,verified
FACT-2027-05-18-S06,18,2027-05-18,"Geography is broadly divided into physical geography, human geography, and environmental geography.",6,May,Geography has three broad divisions,Geography,The source states these are the broadest divisions of geography.,high,https://education.nationalgeographic.org/resource/geography-article/,Branches,Geography,education.nationalgeographic.org,verified
FACT-2027-05-18-S07,18,2027-05-18,"The page groups countries and economies into regions including East Asia & Pacific, Europe & Central Asia, and South Asia.",7,May,Countries are grouped by region,Geography,"The Region section lists seven regional groups, including East Asia & Pacific, Europe & Central Asia, and South Asia.",high,https://data.worldbank.org/country,World regions,Countries | Data,data.worldbank.org,verified
FACT-2027-05-18-S08,18,2027-05-18,The right whale was called the “right” whale to hunt because it was slow-moving and floated after being killed.,8,May,The Right Whale’s Name Reflects Its History as a Hunting Target,Animals,The source explains the name’s connection to the whale’s slow movement and floating after death.,high,https://www.fisheries.noaa.gov/national/outreach-and-education/fun-facts-about-sea-life,Whale History,Fun Facts About Sea Life | NOAA Fisheries,www.fisheries.noaa.gov,verified
FACT-2027-05-18-S09,18,2027-05-18,"Human activities affecting marine biodiversity include overfishing, bycatch, ocean pollution, invasive species, and climate change.",9,May,Human threats to marine biodiversity,Ocean & Marine,"“Humans impact marine biodiversity in many different ways, including overfishing, catching species we do not need (bycatch), polluting the ocean, introducing invasive species and contributing to climate change.”",high,https://education.nationalgeographic.org/resource/mapmaker-marine-biodiversity/,Conservation threats,MapMaker: Marine Biodiversity,education.nationalgeographic.org,verified
FACT-2027-05-18-S10,18,2027-05-18,Radiocarbon dating was used to determine whether Ötzi or the Chinchorro mummy had older tattoos.,10,May,Radiocarbon dating helped resolve the tattoo dispute,Science,The source states that radiocarbon dating was key to determining which individual had the oldest tattoos.,high,https://www.si.edu/stories/ancient-ink-iceman-otzi-has-worlds-oldest-tattoos,Radiocarbon Dating,Ancient Ink: Iceman Otzi Has World's Oldest Tattoos | Smithsonian Institution,www.si.edu,verified
FACT-2027-05-18-S11,18,2027-05-18,The cannabis curriculum covers short- and long-term health effects including memory problems and addiction.,11,May,Cannabis education includes health effects,Human Body,The Cannabis curriculum description names memory problems and addiction among the effects covered.,high,https://science.education.nih.gov/stem-resources/8,Health Effects of Substances,STEM Resources | STEM Teaching Resources,science.education.nih.gov,verified
FACT-2027-05-18-S12,18,2027-05-18,"Inventors had to publish a full description of their invention, which became freely available for public use after the patent term expired.",12,May,Patent descriptions became publicly available,Inventions,The source explains the publication requirement and later public availability of patent descriptions.,high,https://invention.si.edu/invention-stories/america-participates-innovation-1800s,Patent disclosure,Source page,invention.si.edu,verified
FACT-2027-05-18-S13,18,2027-05-18,Anyang was the capital of China’s Shang dynasty and was occupied approximately from 1250 BCE to 1050 BCE.,13,May,Anyang was a Shang dynasty capital,History,The source identifies Anyang as the Shang dynasty capital and gives its occupation dates.,high,https://asia.si.edu/whats-on/exhibitions/anyang-chinas-ancient-city-of-kings/,Ancient Chinese history,https://asia.si.edu/whats-on/exhibitions/anyang-chinas-ancient-city-of-kings/,asia.si.edu,verified
FACT-2027-05-18-S14,18,2027-05-18,The World Development Indicators database is available in the World Bank DataBank.,14,May,World Development Indicators is a DataBank database,Technology,The page is titled “World Development Indicators | DataBank” and lists World Development Indicators as a database.,high,https://databank.worldbank.org/source/world-development-indicators,Data platforms,World Development Indicators | DataBank,databank.worldbank.org,verified
FACT-2027-05-18-S15,18,2027-05-18,Over 96% of Earth's approximately 332.5 million cubic miles of water is saline.,15,May,Most of Earth's water is saline,Science,The source states that over 96% of Earth's total water supply is saline.,high,https://www.usgs.gov/water-science-school/science/where-earths-water,Water distribution,Where is Earth's Water? | U.S. Geological Survey,www.usgs.gov,verified
FACT-2027-05-18-S16,18,2027-05-18,The source states that alternating current technology enabled widespread electrification.,16,May,Alternating Current and Electrification,Technology,The source directly links AC technology with widespread electrification.,high,https://guides.loc.gov/gilded-age-business/people/inventors,Electrical power,Inventors - American Business: The Gilded Age and the Progressive Era - Research Guides at Library of Congress,guides.loc.gov,verified
FACT-2027-05-18-S17,18,2027-05-18,Major ocean current systems typically flow clockwise in the Northern Hemisphere and counterclockwise in the Southern Hemisphere.,17,May,Major currents form hemispheric circular patterns,Ocean & Marine,The source explicitly describes these typical flow directions and circular patterns.,high,https://oceanexplorer.noaa.gov/ocean-fact/climate/,Current circulation,How does the ocean affect climate and weather on land? - NOAA Ocean Exploration,oceanexplorer.noaa.gov,verified
FACT-2027-05-18-S18,18,2027-05-18,Sulfur dioxide can react with atmospheric water droplets to create acid rain.,18,May,Sulfur dioxide can produce acid rain,Nature,The source states that sulfur dioxide reacts with water droplets in the atmosphere to create acid rain.,high,https://pubs.usgs.gov/fs/fs002-97/fs00297.pdf,Atmospheric effects,"Fact Sheet 002-97, revised March 2008: What are Volcano Hazards?",pubs.usgs.gov,verified
FACT-2027-05-18-S19,18,2027-05-18,There are three living species of elephants.,19,May,Living Elephant Species,Animals,There are three living species of elephants.,high,https://www.britannica.com/animal/elephant-mammal,Species,"Elephant | Description, Habitat, Scientific Names, Weight, & Facts | Britannica",www.britannica.com,verified
FACT-2027-05-18-S20,18,2027-05-18,The World Bank page lists Heavily indebted poor countries as a grouping.,20,May,The page includes heavily indebted poor countries,Money & Economics,"The Other groups section includes ""Heavily indebted poor countries (HIPC).""",high,https://data.worldbank.org/country,Debt classifications,Countries | Data,data.worldbank.org,verified
FACT-2027-05-19-S01,19,2027-05-19,Scientists date Olorgesailie sediments using argon measurements in volcanic crystals and glass.,1,May,Olorgesailie is precisely dated using volcanic evidence,Science,"The source describes the single-crystal argon method, comparing argon-40 and argon-39 in volcanic materials.",high,https://humanorigins.si.edu/research/east-african-research-projects/olorgesailie-kenya,Geochronology,"Olorgesailie, Kenya | The Smithsonian Institution's Human Origins Program",humanorigins.si.edu,verified
FACT-2027-05-19-S02,19,2027-05-19,"After the prototype withstood training, Arielle Rausin used it to race the 2015 Boston Marathon.",2,May,Rausin used the prototype in the Boston Marathon,Inventions,The source states that Rausin used the prototype in the 2015 Boston Marathon.,high,https://americanhistory.si.edu/explore/topics/invention-and-innovation,Sports technology,Invention and Innovation | National Museum of American History,americanhistory.si.edu,verified
FACT-2027-05-19-S03,19,2027-05-19,Animals are multicellular eukaryotic organisms.,3,May,Animals are multicellular organisms,Science,The source defines animals as multicellular eukaryotes.,high,https://www.britannica.com/animal/animal,Biology,"Animal | Definition, Types, & Facts | Britannica",www.britannica.com,verified
FACT-2027-05-19-S04,19,2027-05-19,"During its operation, the Carson City Mint produced eight different coin denominations.",4,May,The Carson City Mint produced eight denominations,World Records & Extremes,The source explicitly states that the Carson City Mint produced eight different denominations.,high,https://www.usmint.gov/learn/history/overview,Currency Production,History of the U.S. Mint,www.usmint.gov,verified
FACT-2027-05-19-S05,19,2027-05-19,Mount St. Elias served as a navigational landmark for mariners and as a guidepost for the K’inei x̱ K waan clan’s migration to the coast.,5,May,Mount St. Elias as a navigational landmark,Geography,The source explicitly describes both navigational and migration-guide roles.,high,https://www.nps.gov/wrst/learn/historyculture/yakutat-tlingit-ethnographic-study.htm,Navigation,Yakutat Tlingit Ethnographic Study - Wrangell - St Elias National Park & Preserve (U.S. National Park Service),www.nps.gov,verified
FACT-2027-05-19-S06,19,2027-05-19,Nubia was an ancient civilization located along the upper Nile River.,6,May,Nubia existed along the upper Nile River,Ancient Civilizations,The source describes Nubia as an ancient civilization that existed along the upper Nile River.,high,https://www.si.edu/exhibitions/ancient-nubia-egypts-rival-africa-event-exhib-1221,Nubia,Source page,www.si.edu,verified
FACT-2027-05-19-S07,19,2027-05-19,High concentrations of water ice occur in permanently shadowed regions of the lunar poles.,7,May,Water ice at the poles,Space,NASA reports high concentrations of ice water in permanently shadowed polar regions.,high,https://science.nasa.gov/moon/facts/,Lunar resources,Moon Facts - NASA Science,science.nasa.gov,verified
FACT-2027-05-19-S08,19,2027-05-19,Kava supplements have been linked to a risk of severe liver damage.,8,May,Kava supplements are linked to severe liver damage,Human Body,The source repeatedly states that kava products or supplements are linked to severe liver damage.,high,https://files.nccih.nih.gov/s3fs-public/Sleep_Disorders_12-01-2015.pdf,Herbal Supplement Safety,Sleep Disorders,files.nccih.nih.gov,verified
FACT-2027-05-19-S09,19,2027-05-19,"DataBank provides table, chart, map, and metadata views.",9,May,DataBank offers multiple display modes,Technology,"The page lists “Table,” “Chart,” “Map,” and “Metadata” options.",high,https://databank.worldbank.org/source/world-development-indicators,Data visualization,World Development Indicators | DataBank,databank.worldbank.org,verified
FACT-2027-05-19-S10,19,2027-05-19,Anyang has been under almost constant archaeological excavation since 1928.,10,May,Anyang Archaeological Excavations,History,The source states that archaeological excavation at Anyang has been almost constant since 1928.,high,https://asia-archive.si.edu/learn/ancient-chinese-bronzes/,Archaeology,Ancient Chinese Bronzes - Smithsonian's National Museum of Asian Art,asia-archive.si.edu,verified
FACT-2027-05-19-S11,19,2027-05-19,Portia Sperry persuaded the Marshall Field department store to sell the Abigail dolls.,11,May,Sperry arranged department-store sales for the dolls,Money & Economics,The source explicitly states that Sperry persuaded Marshall Field to sell the dolls.,high,https://americanhistory.si.edu/explore/topics/invention-and-innovation,Entrepreneurship,Invention and Innovation | National Museum of American History,americanhistory.si.edu,verified
FACT-2027-05-19-S12,19,2027-05-19,The source lists a data period from 1960 through 2025.,12,May,GDP current US$ data covers 1960–2025,Money & Economics,1960 - 2025,medium,https://data.worldbank.org/indicator/NY.GDP.MKTP.CD,Economic Data Periods,GDP (current US$) | Data,data.worldbank.org,verified
FACT-2027-05-19-S13,19,2027-05-19,Elephants are the largest living land animals.,13,May,Largest Living Land Animals,Animals,Elephants are the largest living land animals.,high,https://www.britannica.com/animal/elephant-mammal,Mammals,"Elephant | Description, Habitat, Scientific Names, Weight, & Facts | Britannica",www.britannica.com,verified
FACT-2027-05-19-S14,19,2027-05-19,Early humans lived only in Africa for the first several million years of human evolution.,14,May,Early humans first lived in Africa,Geography,The source states that early humans lived only in Africa during the first several million years of human evolution.,high,https://www.si.edu/stories/human-origins-facts,Human migration,Did You Know? Human Origins Facts | Smithsonian Institution,www.si.edu,verified
FACT-2027-05-19-S15,19,2027-05-19,Lincoln’s patented device used inflatable bellows made of India-rubber cloth or another waterproof fabric alongside a boat hull.,15,May,Lincoln’s invention used inflatable bellows,Inventions,"The source describes the device’s bellows, materials, and placement alongside the hull.",high,https://invention.si.edu/invention-stories/america-participates-innovation-1800s,Marine devices,Source page,invention.si.edu,verified
FACT-2027-05-19-S16,19,2027-05-19,Birds' sense of smell is not highly developed.,16,May,Birds have a less-developed sense of smell,Animals,The source states that birds' sense of smell is not highly developed.,high,https://www.britannica.com/animal/bird-animal,Sensory biology,"Bird | Description, Species, Feathers, & Facts | Britannica",www.britannica.com,verified
FACT-2027-05-19-S17,19,2027-05-19,"Ocean currents influence marine food webs, reproduction, and ecosystems.",17,May,Ocean currents influence marine food webs,Ocean & Marine,"NOAA identifies ocean currents as an abiotic factor that significantly influences marine food webs, reproduction, and ecosystems.",high,https://www.noaa.gov/education/resource-collections/ocean-coasts/ocean-currents,Marine ecosystems,Ocean currents | National Oceanic and Atmospheric Administration,www.noaa.gov,verified
FACT-2027-05-19-S18,19,2027-05-19,Anatomy includes descriptions and pictures of human body parts and organ systems from head to toe.,18,May,Anatomy covers body parts and organ systems,Human Body,The summary states that the page provides descriptions and pictures of body parts and organ systems from head to toe.,high,https://www.nlm.nih.gov/medlineplus/anatomy.html,Organ systems,Anatomy | MedlinePlus,www.nlm.nih.gov,verified
FACT-2027-05-19-S19,19,2027-05-19,"Even when a volcano is not erupting, gases can reach the surface through openings called fumaroles.",19,May,Fumaroles release volcanic gases without eruptions,Nature,The source explains that cracks allow gases to reach the surface through small openings called fumaroles.,high,https://pubs.usgs.gov/fs/fs002-97/fs00297.pdf,Volcanic gases,"Fact Sheet 002-97, revised March 2008: What are Volcano Hazards?",pubs.usgs.gov,verified
FACT-2027-05-19-S20,19,2027-05-19,"Ocean currents are created largely by surface winds and partly by temperature and salinity gradients, Earth’s rotation, and tides.",20,May,Several forces create ocean currents,Ocean & Marine,"The source lists surface winds, temperature and salinity gradients, Earth’s rotation, and tides as current drivers.",high,https://oceanexplorer.noaa.gov/ocean-fact/climate/,Current formation,How does the ocean affect climate and weather on land? - NOAA Ocean Exploration,oceanexplorer.noaa.gov,verified
FACT-2027-05-20-S01,20,2027-05-20,Congress chose Philadelphia as the site of the first U.S. Mint because it was then the nation's capital.,1,May,Philadelphia was the first U.S. Mint site,History,"The source states that Congress chose Philadelphia, then the nation's capital, for the first Mint.",high,https://kids.usmint.gov/media/43126/download?inline=,U.S. Mint history,Source page,kids.usmint.gov,verified
FACT-2027-05-20-S02,20,2027-05-20,The park provides opportunities to explore animals that live there.,2,May,Animals in the park,Animals,The source invites visitors to explore the many animals that live inside the park.,high,http://home.nps.gov/cari/learn/nature/index.htm,Habitats,Nature & Science - Cane River Creole National Historical Park (U.S. National Park Service),home.nps.gov,verified
FACT-2027-05-20-S03,20,2027-05-20,"In the late 4th century B.C., Ptolemy I of Egypt became the first king described in the source as having his own image placed on coins.",3,May,Ptolemy I appeared on coins,Ancient Civilizations,The source explicitly identifies Ptolemy I as the first king to have his image put on coins.,high,https://kids.usmint.gov/media/43126/download?inline=,Royal coin portraits,Source page,kids.usmint.gov,verified
FACT-2027-05-20-S04,20,2027-05-20,A biological clock is composed of proteins encoded by thousands of genes that switch on and off in a specific order.,4,May,The biological clock uses gene-encoded proteins,Science,The source describes the biological clock as proteins encoded by thousands of genes that switch on and off in sequence.,high,https://nigms.nih.gov/education/fact-sheets/Pages/circadian-rhythms,Molecular Biology,Circadian Rhythms | National Institute of General Medical Sciences,nigms.nih.gov,verified
FACT-2027-05-20-S05,20,2027-05-20,Norris and Ross McWhirter helped Sir Hugh Beaver create the first Guinness World Records book.,5,May,The McWhirter brothers created the first book,History,The source identifies the two twin brothers and states that they created the first book together with Beaver.,high,https://kids.guinnessworldrecords.com/news/2026/4/the-story-of-guinness-world-records-how-did-it-start-how-many-records-exist-and-more,Book creators,"The story of Guinness World Records: How did it start, how many records exist and more! | Guinness World Records",kids.guinnessworldrecords.com,verified
FACT-2027-05-20-S06,20,2027-05-20,"DataBank users can save, embed, and share their data outputs.",6,May,DataBank supports sharing,Technology,"The source states that users can easily save, embed, and share their tables, charts, and maps.",high,https://databank.worldbank.org/,Data sharing,DataBank | The World Bank,databank.worldbank.org,verified
FACT-2027-05-20-S07,20,2027-05-20,"The page includes resources about the kidneys, urinary bladder, and urinary system.",7,May,The urinary system is covered,Human Body,"The Specifics and Images sections list resources about the kidneys, urinary bladder, and components of the urinary system.",high,https://www.nlm.nih.gov/medlineplus/anatomy.html,Urinary system,Anatomy | MedlinePlus,www.nlm.nih.gov,verified
FACT-2027-05-20-S08,20,2027-05-20,Seaweed has a protective coating that helps keep it from drying out in the sun.,8,May,Seaweed has a drying-prevention adaptation,Ocean & Marine,The source gives seaweed’s protective coating as an adaptation to sun exposure.,high,https://education.nationalgeographic.org/resource/ecosystem/,Marine Adaptations,Ecosystem,education.nationalgeographic.org,verified
FACT-2027-05-20-S09,20,2027-05-20,"World Development Indicators are a compilation of relevant, high-quality, internationally comparable statistics about global development and poverty reduction.",9,May,World Development Indicators cover global development,Money & Economics,The source explicitly defines World Development Indicators this way.,high,https://data.worldbank.org/,Development Statistics,World Bank Open Data | Data,data.worldbank.org,verified
FACT-2027-05-20-S10,20,2027-05-20,"Ecosystems contain biotic factors such as plants and animals, and abiotic factors such as rocks, temperature, and humidity.",10,May,Ecosystems include living and nonliving factors,Science,The source explicitly distinguishes biotic living factors from abiotic nonliving factors in ecosystems.,high,https://education.nationalgeographic.org/resource/ecosystem/,Ecology,Ecosystem,education.nationalgeographic.org,verified
FACT-2027-05-20-S11,20,2027-05-20,The whole surface of Earth is a series of connected ecosystems.,11,May,Earth contains connected ecosystems,Geography,The source explicitly describes Earth’s surface as a series of connected ecosystems.,high,https://education.nationalgeographic.org/resource/ecosystem/,Earth Systems,Ecosystem,education.nationalgeographic.org,verified
FACT-2027-05-20-S12,20,2027-05-20,"In 2025, 3,247 records were approved and made official.",12,May,Thousands of records were approved in 2025,World Records & Extremes,"The source states that 3,247 records were approved and made official in 2025.",high,https://kids.guinnessworldrecords.com/news/2026/4/the-story-of-guinness-world-records-how-did-it-start-how-many-records-exist-and-more,Record approvals,"The story of Guinness World Records: How did it start, how many records exist and more! | Guinness World Records",kids.guinnessworldrecords.com,verified
FACT-2027-05-20-S13,20,2027-05-20,The Lemelson Center documents and features women and minority inventors.,13,May,The center documents diverse inventors,Inventions,The source says documenting and featuring women and minority inventors is a priority.,high,https://invention.si.edu/,Inventor diversity,Source page,invention.si.edu,verified
FACT-2027-05-20-S14,20,2027-05-20,Coral reefs and mangrove forests protect coastlines from storms.,14,May,Coastal protection,Nature,“Coral reefs and mangrove forests protect coastlines from storms.”,high,https://education.nationalgeographic.org/resource/mapmaker-marine-biodiversity/,Coastal ecosystems,MapMaker: Marine Biodiversity,education.nationalgeographic.org,verified
FACT-2027-05-20-S15,20,2027-05-20,The rise and fall of tides is caused by the gravitational pull of the moon and the sun on Earth.,15,May,Tides are caused by gravity,Ocean & Marine,The transcript directly attributes tides to the moon's and sun's gravitational pull.,high,https://www.noaa.gov/ocean-facts-what-are-ocean-currents,Tides,What are Ocean Currents?  | Every Full Moon | Ocean Today,www.noaa.gov,verified
FACT-2027-05-20-S16,20,2027-05-20,"Tropical rainforests have emergent, canopy, understory, and forest-floor layers with different sunlight levels and organisms.",16,May,Rainforests have distinct layers,Nature,The source describes four rainforest layers and explains that each has different light conditions and living communities.,high,https://education.nationalgeographic.org/resource/ecosystem/,Rainforest Structure,Ecosystem,education.nationalgeographic.org,verified
FACT-2027-05-20-S17,20,2027-05-20,Some asteroids in the solar system have moons.,17,May,Some asteroids have moons,Space,NASA explicitly notes that some asteroids have moons.,high,https://science.nasa.gov/solar-system/solar-system-facts/,Asteroids and Satellites,Solar System: Facts - NASA Science,science.nasa.gov,verified
FACT-2027-05-20-S18,20,2027-05-20,Not all birds are capable of flight.,18,May,Not all birds can fly,Animals,The source explicitly states that not all birds are capable of flight.,high,https://www.britannica.com/animal/bird-animal,Flightlessness,"Bird | Description, Species, Feathers, & Facts | Britannica",www.britannica.com,verified
FACT-2027-05-20-S19,20,2027-05-20,Geography asks how and why things are distributed or arranged across Earth's surface.,19,May,Geography asks spatial questions,Geography,The source explicitly describes these as geographic questions.,high,https://education.nationalgeographic.org/resource/geography-article/,Spatial Analysis,Geography,education.nationalgeographic.org,verified
FACT-2027-05-20-S20,20,2027-05-20,"Human voice production involves the processes of breathing, voicing, and speaking.",20,May,"Voice production involves breathing, voicing, and speaking",Human Body,"The description of How Does the Human Body Produce Voice and Speech? lists breathing, voicing, and speaking as the processes explained.",high,https://science.education.nih.gov/stem-resources/8,Respiratory and Vocal Systems,STEM Resources | STEM Teaching Resources,science.education.nih.gov,verified
FACT-2027-05-21-S01,21,2027-05-21,"The killer whale is the largest member of the dolphin family, Delphinidae.",1,May,Killer whales are dolphins,Animals,NOAA identifies the killer whale as the largest member of the Delphinidae family.,high,https://www.fisheries.noaa.gov/species/killer-whale/science?page=0,Taxonomy,Killer Whale: Science | NOAA Fisheries,www.fisheries.noaa.gov,verified
FACT-2027-05-21-S02,21,2027-05-21,The Venetian Patent Statute of 1474 allowed inventors to register devices and receive 10 years of protection against infringement.,2,May,The Venetian Patent Statute protected inventions,History,The source gives the Venetian statute as an example of an early patent system and specifies its 10-year protection.,high,https://invention.si.edu/invention-stories/america-participates-innovation-1800s,European patent systems,Source page,invention.si.edu,verified
FACT-2027-05-21-S03,21,2027-05-21,Osteoclasts are cells that initiate bone resorption by breaking down the bone matrix.,3,May,Osteoclasts resorb bone,Human Body,The source identifies osteoclasts as bone-resorbing cells and describes their matrix-degrading activity.,high,https://www.ncbi.nlm.nih.gov/sites/books/NBK537199/,Bone remodeling cells,"Anatomy, Bones - StatPearls - NCBI Bookshelf",www.ncbi.nlm.nih.gov,verified
FACT-2027-05-21-S04,21,2027-05-21,"Because carbon dioxide is heavier than air, it can become trapped in low areas at concentrations deadly to people and animals.",4,May,Carbon dioxide can accumulate in low areas,Nature,The source identifies carbon dioxide as heavier than air and capable of accumulating lethally in low areas.,high,https://pubs.usgs.gov/fs/fs002-97/fs00297.pdf,Volcanic gas hazards,"Fact Sheet 002-97, revised March 2008: What are Volcano Hazards?",pubs.usgs.gov,verified
FACT-2027-05-21-S05,21,2027-05-21,"Winds, water density, and tides drive ocean currents, while coastal and seafloor features influence their location, direction, and speed.",5,May,Several forces drive ocean currents,Ocean & Marine,"NOAA states that winds, water density, and tides drive currents and that coastal and seafloor features affect them.",high,https://www.noaa.gov/education/resource-collections/ocean-coasts/ocean-currents,Current dynamics,Ocean currents | National Oceanic and Atmospheric Administration,www.noaa.gov,verified
FACT-2027-05-21-S06,21,2027-05-21,"The Liangzhu culture flourished in a region between modern Shanghai, Hangzhou, and Nanjing.",6,May,Liangzhu culture flourished in eastern China,Geography,"The source locates the Liangzhu region between Shanghai, Hangzhou, and Nanjing.",high,https://asia-archive.si.edu/exhibition/afterlife-ancient-chinese-jades/,Eastern China,Afterlife: Ancient Chinese Jades - Smithsonian's National Museum of Asian Art,asia-archive.si.edu,verified
FACT-2027-05-21-S07,21,2027-05-21,The Gulf Stream moves from the tropical Caribbean along the U.S. East Coast across the Atlantic toward Europe.,7,May,The Gulf Stream carries heat toward Europe,Ocean & Marine,NOAA describes the Gulf Stream’s origin in the tropical Caribbean and its path along the U.S. East Coast toward Europe.,high,https://www.noaa.gov/education/resource-collections/ocean-coasts/ocean-currents,Gulf Stream,Ocean currents | National Oceanic and Atmospheric Administration,www.noaa.gov,verified
FACT-2027-05-21-S08,21,2027-05-21,Tropical cyclones derive their energy from the latent heat released by condensation of water vapor.,8,May,Tropical cyclone energy source,Science,The source explicitly identifies latent heat of condensation of water vapor as the energy source.,high,https://pubs.usgs.gov/cp/35/report.pdf,Weather energy processes,Explanatory Notes for the Natural Hazards Map of the Circum-Pacific Region Pacific Basin Sheet,pubs.usgs.gov,verified
FACT-2027-05-21-S09,21,2027-05-21,Osteoblasts build bone by secreting a collagen-rich substance called osteoid.,9,May,Osteoblasts build bone,Human Body,The source identifies osteoblasts as the primary bone-building cells and describes their osteoid secretion.,high,https://www.ncbi.nlm.nih.gov/sites/books/NBK537199/,Bone cells,"Anatomy, Bones - StatPearls - NCBI Bookshelf",www.ncbi.nlm.nih.gov,verified
FACT-2027-05-21-S10,21,2027-05-21,"Circadian rhythms are physical, mental, and behavioral changes that occur over a 24-hour cycle.",10,May,Circadian rhythms follow a 24-hour cycle,Science,The source defines circadian rhythms as changes an organism experiences over a 24-hour cycle.,high,https://nigms.nih.gov/education/fact-sheets/Pages/circadian-rhythms,Biological Rhythms,Circadian Rhythms | National Institute of General Medical Sciences,nigms.nih.gov,verified
FACT-2027-05-21-S11,21,2027-05-21,The Library of Congress states that exactly who invented the automobile is a matter of opinion.,11,May,Automobile invention has no single agreed inventor,Inventions,Exactly who invented the automobile is a matter of opinion.,medium,https://www.loc.gov/item/who-invented-the-automobile/,Automobile History,Everyday Mysteries,www.loc.gov,verified
FACT-2027-05-21-S12,21,2027-05-21,"Killer whales use underwater sound to feed, communicate, and navigate.",12,May,Killer whales rely on underwater sound,Animals,"The source states that underwater sound supports killer whale feeding, communication, and navigation.",high,https://www.fisheries.noaa.gov/species/killer-whale/science?page=0,Sensory biology,Killer Whale: Science | NOAA Fisheries,www.fisheries.noaa.gov,verified
FACT-2027-05-21-S13,21,2027-05-21,Surface gravity on the Moon is one-sixth of Earth's gravity.,13,May,Lower lunar gravity,Space,NASA states that the Moon's surface gravity is one-sixth of Earth's.,high,https://science.nasa.gov/moon/facts/,Lunar physics,Moon Facts - NASA Science,science.nasa.gov,verified
FACT-2027-05-21-S14,21,2027-05-21,"Sanders Associates licensed the Brown Box to Magnavox, which released it as the Magnavox Odyssey in 1972.",14,May,Magnavox released the Odyssey in 1972,Technology,The source states that Sanders licensed the Brown Box to Magnavox and identifies the 1972 release.,high,https://americanhistory.si.edu/explore/topics/invention-and-innovation,Video game history,Invention and Innovation | National Museum of American History,americanhistory.si.edu,verified
FACT-2027-05-21-S15,21,2027-05-21,"The conflict between Bell and Gray went to court, and Bell was awarded the first telephone patent.",15,May,The telephone patent conflict was decided in Bell's favor,History,The source states that the case was ruled in Bell's favor and that he received the first telephone patent.,high,https://www.loc.gov/everyday-mysteries/item/who-is-credited-with-inventing-the-telephone,Legal history,Who is credited with inventing the telephone?  | Library of Congress,www.loc.gov,verified
FACT-2027-05-21-S16,21,2027-05-21,The organization presents its business campaigns as capable of delivering bottom-line results.,16,May,Record-breaking campaigns can support business results,Money & Economics,The source states that its campaigns can deliver bottom-line results.,high,https://www.guinnessworldrecords.com/,Business outcomes,Home | Guinness World Records,www.guinnessworldrecords.com,verified
FACT-2027-05-21-S17,21,2027-05-21,"Custom aggregation rules include mean, median, minimum, maximum, and sum.",17,May,Custom aggregates include mean and median methods,Technology,"The Aggregation Rules section lists Mean, Median, Min, Max, and Sum.",high,https://databank.worldbank.org/source/world-development-indicators,Statistical aggregation,World Development Indicators | DataBank,databank.worldbank.org,verified
FACT-2027-05-21-S18,21,2027-05-21,Town Mountain Granite is used to make products such as granite countertops.,18,May,Town Mountain Granite is used as building stone,Inventions,Town Mountain Granite is used as a building stone to make products such as granite counter tops.,high,https://www.usgs.gov/news/featured-story/history-texas-under-your-feet-and-your-fingertips,Construction Materials,The History of Texas is Under Your Feet and at Your Fingertips! | U.S. Geological Survey,www.usgs.gov,verified
FACT-2027-05-21-S19,21,2027-05-21,Stone tools were intermixed with ground sloth fossils at Santa Elina.,19,May,Stone tools were found with sloth fossils,Ancient Civilizations,The source explicitly reports stone tools intermixed with the sloth fossils.,high,https://humanorigins.si.edu/research/whats-hot-human-origins/humans-carved-sloth-bones-personal-ornaments,Stone Tools,Humans carved sloth bones into personal ornaments | The Smithsonian Institution's Human Origins Program,humanorigins.si.edu,verified
FACT-2027-05-21-S20,21,2027-05-21,Geography and geodesy are included among the page’s ocean-related topic areas.,20,May,The page includes geography and geodesy,Geography,“Geography and Geodesy” appears as a listed category on the page.,high,https://oceanservice.noaa.gov/facts/,Geodesy,NOAA's National Ocean Service: Newsroom,oceanservice.noaa.gov,verified
FACT-2027-05-22-S01,22,2027-05-22,The World Bank Open Data site provides free and open access to global development data.,1,May,World Bank Open Data is freely accessible,Technology,The source describes the site as offering “Free and open access to global development data.”,high,https://data.worldbank.org/,Open Data,World Bank Open Data | Data,data.worldbank.org,verified
FACT-2027-05-22-S02,22,2027-05-22,"Congress passed the Coinage Act on April 2, 1792, establishing the first national mint in the United States.",2,May,The first national U.S. Mint,History,The source explicitly gives the date and says the Coinage Act established the first national mint.,high,https://kids.usmint.gov/media/43126/download?inline=,United States monetary history,Source page,kids.usmint.gov,verified
FACT-2027-05-22-S03,22,2027-05-22,Yakutat Tlingit accounts describe using clouds over Mount St. Elias to interpret weather conditions.,3,May,Mount St. Elias and weather signs,Nature,"The source records interpretations of cloud formations as signs of storms, westerly winds, or good weather.",high,https://www.nps.gov/wrst/learn/historyculture/yakutat-tlingit-ethnographic-study.htm,Weather observation,Yakutat Tlingit Ethnographic Study - Wrangell - St Elias National Park & Preserve (U.S. National Park Service),www.nps.gov,verified
FACT-2027-05-22-S04,22,2027-05-22,"Killer whales often use coordinated, team-based hunting strategies.",4,May,Killer whales hunt cooperatively,Animals,The source says killer whales work as a team to catch prey.,high,https://www.fisheries.noaa.gov/species/killer-whale/science?page=0,Behavior,Killer Whale: Science | NOAA Fisheries,www.fisheries.noaa.gov,verified
FACT-2027-05-22-S05,22,2027-05-22,The Shang kings founded a new capital on the southern banks of the Huan River at Anyang.,5,May,The Shang capital was founded south of the Huan River,Geography,The text states that the kings abandoned a settlement north of the Huan River and founded a capital on its southern banks.,high,https://asia.si.edu/whats-on/exhibitions/anyang-chinas-ancient-city-of-kings/,Ancient urban geography,https://asia.si.edu/whats-on/exhibitions/anyang-chinas-ancient-city-of-kings/,asia.si.edu,verified
FACT-2027-05-22-S06,22,2027-05-22,Killer whales eat at the top of the marine food web.,6,May,Killer whales are apex predators,Animals,NOAA describes killer whales as apex predators and the ocean’s top predator.,high,https://www.fisheries.noaa.gov/species/killer-whale/science?page=0,Feeding ecology,Killer Whale: Science | NOAA Fisheries,www.fisheries.noaa.gov,verified
FACT-2027-05-22-S07,22,2027-05-22,The hindbrain controls vital functions such as respiration and heart rate.,7,May,The hindbrain controls vital functions,Human Body,The source states that the hindbrain controls vital functions including respiration and heart rate.,high,https://www.ninds.nih.gov/health-information/public-education/brain-basics/brain-basics-know-your-brain,Brain function,Brain Basics: Know Your Brain | National Institute of Neurological Disorders and Stroke,www.ninds.nih.gov,verified
FACT-2027-05-22-S08,22,2027-05-22,Only about 2.5% of Earth's water is freshwater.,8,May,Freshwater is a small fraction of Earth's water,Nature,The source states that only 2.5% of Earth's water is freshwater.,high,https://www.usgs.gov/index.php/water-science-school/science/where-earths-water,Freshwater distribution,Where is Earth's Water? | U.S. Geological Survey,www.usgs.gov,verified
FACT-2027-05-22-S09,22,2027-05-22,The study suggests that modern human migration into the Americas is much older than previously accepted.,9,May,The findings concern human migration into the Americas,History,The source explicitly states that the study suggests an older-than-previously-accepted migration into the Americas.,high,https://humanorigins.si.edu/research/whats-hot-human-origins/humans-carved-sloth-bones-personal-ornaments,Peopling of the Americas,Humans carved sloth bones into personal ornaments | The Smithsonian Institution's Human Origins Program,humanorigins.si.edu,verified
FACT-2027-05-22-S10,22,2027-05-22,National Accounts data files are listed as a data source.,10,May,National accounts data files are used,Money & Economics,National Accounts data files,medium,https://data.worldbank.org/indicator/NY.GDP.MKTP.CD,National Accounts,GDP (current US$) | Data,data.worldbank.org,verified
FACT-2027-05-22-S11,22,2027-05-22,"The page includes early-, late-, post-, and pre-demographic dividend groups.",11,May,The page uses demographic dividend groups,Geography,"The Demographic Dividend Groups section lists Early-demographic dividend, Late-demographic dividend, Post-demographic dividend, and Pre-demographic dividend.",high,https://data.worldbank.org/country,Population classification,Countries | Data,data.worldbank.org,verified
FACT-2027-05-22-S12,22,2027-05-22,Para athlete Arielle Rausin invented a 3D-printed wheelchair racing glove based on a glove she had molded by hand.,12,May,Arielle Rausin invented a 3D-printed racing glove,Inventions,The source identifies Rausin as the glove's inventor and describes its hand-molded basis.,high,https://americanhistory.si.edu/explore/topics/invention-and-innovation,Assistive technology,Invention and Innovation | National Museum of American History,americanhistory.si.edu,verified
FACT-2027-05-22-S13,22,2027-05-22,"More than 80 percent of the ocean is unmapped, unobserved, and unexplored.",13,May,Much of the ocean remains unexplored,Ocean & Marine,"NOAA states that more than eighty percent of the ocean is unmapped, unobserved, and unexplored.",high,https://oceanservice.noaa.gov/facts/ocean-species.html,Ocean exploration,How Many Species Live in the Ocean?,oceanservice.noaa.gov,verified
FACT-2027-05-22-S14,22,2027-05-22,The Ocean Biogeographic Information System contains the Census of Marine Life data.,14,May,Census data are held by OBIS,Ocean & Marine,The source explicitly states that the Ocean Biogeographic Information System contains the Census data.,high,https://oceanservice.noaa.gov/facts/ocean-species.html,Marine data systems,How Many Species Live in the Ocean?,oceanservice.noaa.gov,verified
FACT-2027-05-22-S15,22,2027-05-22,"Surface water evaporates into water vapor, rises into the sky, forms clouds, and eventually returns to Earth as precipitation.",15,May,The atmosphere transports water,Science,"The source describes evaporation, cloud formation, atmospheric transport, and precipitation.",high,https://www.usgs.gov/index.php/water-science-school/science/where-earths-water,Water cycle,Where is Earth's Water? | U.S. Geological Survey,www.usgs.gov,verified
FACT-2027-05-22-S16,22,2027-05-22,"The biodiversity model examined habitat suitability maps for 4,242 species.",16,May,Species examined in the map model,Science,"“For species, the team looked at habitat suitability maps for 4,242 species.”",high,https://education.nationalgeographic.org/resource/mapmaker-marine-biodiversity/,Biodiversity research,MapMaker: Marine Biodiversity,education.nationalgeographic.org,verified
FACT-2027-05-22-S17,22,2027-05-22,The page includes resources about the immune system.,17,May,The immune system is covered,Human Body,"The Specifics section lists “Overview of the Immune System,” and the Teenagers section lists “The Immune System.”",high,https://www.nlm.nih.gov/medlineplus/anatomy.html,Immune system,Anatomy | MedlinePlus,www.nlm.nih.gov,verified
FACT-2027-05-22-S18,22,2027-05-22,The Anyang site included huge tombs associated with twelve kings.,18,May,Royal Tombs at Anyang,Ancient Civilizations,The source says the major settlement had huge tombs linked to twelve kings.,high,https://asia-archive.si.edu/learn/ancient-chinese-bronzes/,Royal Burials,Ancient Chinese Bronzes - Smithsonian's National Museum of Asian Art,asia-archive.si.edu,verified
FACT-2027-05-22-S19,22,2027-05-22,"The Moon has a very thin, weak atmosphere called an exosphere.",19,May,Thin lunar atmosphere,Space,NASA identifies the Moon's tenuous atmosphere as an exosphere.,high,https://science.nasa.gov/moon/facts/,Lunar environment,Moon Facts - NASA Science,science.nasa.gov,verified
FACT-2027-05-22-S20,22,2027-05-22,Both Bell's and Gray's patent documents incorporated a liquid transmitter consisting of a wire vibrating in water.,20,May,Bell and Gray's documents included liquid transmitters,Technology,The source defines the liquid transmitter and states that both documents incorporated one.,high,https://www.loc.gov/everyday-mysteries/item/who-is-credited-with-inventing-the-telephone,Telephone components,Who is credited with inventing the telephone?  | Library of Congress,www.loc.gov,verified
FACT-2027-05-23-S01,23,2027-05-23,The jades represent the late Neolithic and early Bronze Age periods of Chinese civilization.,1,May,Chinese jades date to early cultural periods,Ancient Civilizations,The source identifies the jades with the late Neolithic and early Bronze Age.,high,https://asia-archive.si.edu/exhibition/afterlife-ancient-chinese-jades/,Material culture,Afterlife: Ancient Chinese Jades - Smithsonian's National Museum of Asian Art,asia-archive.si.edu,verified
FACT-2027-05-23-S02,23,2027-05-23,"The Yakutat Tlingit traditionally occupied and used areas around Icy Bay, Disenchantment Bay, the Malaspina Glacier and Forelands, and present-day Yakutat.",2,May,Traditional Yakutat Tlingit territory,Geography,The source explicitly identifies these places as areas traditionally occupied and used by the Yakutat Tlingit.,high,https://www.nps.gov/wrst/learn/historyculture/yakutat-tlingit-ethnographic-study.htm,Indigenous territories,Yakutat Tlingit Ethnographic Study - Wrangell - St Elias National Park & Preserve (U.S. National Park Service),www.nps.gov,verified
FACT-2027-05-23-S03,23,2027-05-23,Mercury and Venus are the only two planets in the solar system without moons.,3,May,Planets without moons,Space,The source states that Mercury and Venus are the only planets with no moons.,high,https://solarsystem.nasa.gov/solar-system/our-solar-system/in-depth.amp,Planetary moons,In Depth | Our Solar System – NASA Solar System Exploration,solarsystem.nasa.gov,verified
FACT-2027-05-23-S04,23,2027-05-23,"In children, epiphyseal plates are cartilaginous regions responsible for linear bone growth.",4,May,Epiphyseal plates enable linear growth,Human Body,The source states that epiphyseal plates are responsible for linear growth and remain cartilaginous until after puberty.,high,https://www.ncbi.nlm.nih.gov/sites/books/NBK537199/,Skeletal growth,"Anatomy, Bones - StatPearls - NCBI Bookshelf",www.ncbi.nlm.nih.gov,verified
FACT-2027-05-23-S05,23,2027-05-23,"The Census of Marine Life recorded the diversity, distribution, and abundance of life in the ocean.",5,May,Census recorded marine biodiversity,Ocean & Marine,"NOAA states that the Census recorded ocean life diversity, distribution, and abundance.",high,https://oceanservice.noaa.gov/facts/ocean-species.html,Marine biodiversity research,How Many Species Live in the Ocean?,oceanservice.noaa.gov,verified
FACT-2027-05-23-S06,23,2027-05-23,The Organisation for Economic Co-operation and Development is listed among the data sources.,6,May,The OECD is a GDP data source,Money & Economics,Organisation for Economic Co-operation and Development ( OECD ),medium,https://data.worldbank.org/indicator/NY.GDP.MKTP.CD,International Economic Organizations,GDP (current US$) | Data,data.worldbank.org,verified
FACT-2027-05-23-S07,23,2027-05-23,The rocks exposed at Enchanted Rock are the oldest rocks found exposed at the land surface in Texas.,7,May,Enchanted Rock exposes Texas’s oldest rocks,Geography,These are the oldest rocks you’ll find exposed at the land surface in Texas.,high,https://www.usgs.gov/news/featured-story/history-texas-under-your-feet-and-your-fingertips,Precambrian Geology,The History of Texas is Under Your Feet and at Your Fingertips! | U.S. Geological Survey,www.usgs.gov,verified
FACT-2027-05-23-S08,23,2027-05-23,The Coinage Act of 1792 established a national mint in Philadelphia.,8,May,U.S. Mint Established in 1792,History,The source states that the Coinage Act of 1792 established a national mint located in Philadelphia.,high,https://www.usmint.gov/learn/history/us-circulating-coins,U.S. Coinage,History of U.S. Circulating Coins | U.S. Mint,www.usmint.gov,verified
FACT-2027-05-23-S09,23,2027-05-23,"The solar system includes the Sun, eight planets, five officially named dwarf planets, hundreds of moons, and thousands of asteroids and comets.",9,May,The solar system includes eight planets,Space,NASA lists these bodies as components of the solar system.,high,https://science.nasa.gov/solar-system/solar-system-facts/,Solar System Structure,Solar System: Facts - NASA Science,science.nasa.gov,verified
FACT-2027-05-23-S10,23,2027-05-23,Mammals smaller than deer were rarely mentioned in the historical accounts.,10,May,Smaller mammals were rarely mentioned,Animals,The abstract explicitly says mammals smaller than deer were rarely mentioned.,high,https://nps.gov/yell/learn/historyculture/historicwildlife.htm,Mammal observation,Historic Wildlife Observations - Yellowstone National Park (U.S. National Park Service),nps.gov,verified
FACT-2027-05-23-S11,23,2027-05-23,The National Ocean Service presents facts about the ocean and coasts.,11,May,The page provides ocean and coastal facts,Ocean & Marine,The page heading says “Ocean Facts” and the introduction says it provides facts about the ocean and coasts.,high,https://oceanservice.noaa.gov/facts/,Ocean education,NOAA's National Ocean Service: Newsroom,oceanservice.noaa.gov,verified
FACT-2027-05-23-S12,23,2027-05-23,The suprachiasmatic nucleus controls melatonin production according to the amount of light received by the eyes.,12,May,The SCN regulates melatonin production,Human Body,The source states that the SCN controls melatonin production based on light received by the eyes.,high,https://nigms.nih.gov/education/fact-sheets/Pages/circadian-rhythms,Hormone Regulation,Circadian Rhythms | National Institute of General Medical Sciences,nigms.nih.gov,verified
FACT-2027-05-23-S13,23,2027-05-23,"A traditional cultural property is associated with the cultural practices or beliefs of a living community, rooted in its history, and important to its continuing cultural identity.",13,May,Traditional cultural properties are tied to living communities,History,The source explicitly defines traditional cultural properties using these three characteristics.,high,https://www.nps.gov/subjects/nationalregister/upload/NRB38-Completeweb.pdf,Cultural Heritage,National Register Bulletin 38,www.nps.gov,verified
FACT-2027-05-23-S14,23,2027-05-23,Users can construct custom indicators by applying formulas to existing series.,14,May,Custom indicators can be derived from existing series,Technology,The Custom Indicator section says users can derive indicators from existing series using calculator functions.,high,https://databank.worldbank.org/source/world-development-indicators,Data analysis,World Development Indicators | DataBank,databank.worldbank.org,verified
FACT-2027-05-23-S15,23,2027-05-23,"In 1879, Margaret E. Knight received US Patent No. 220,925 for a machine that mechanized cutting, folding, and gluing square-bottomed paper bags.",15,May,Margaret Knight patented a paper-bag machine,Inventions,The source identifies Knight’s 1879 patent and describes the machine’s functions.,high,https://invention.si.edu/invention-stories/america-participates-innovation-1800s,Manufacturing machinery,Source page,invention.si.edu,verified
FACT-2027-05-23-S16,23,2027-05-23,The source dates the Cretaceous period to approximately 65–145 million years ago.,16,May,The Cretaceous period dates to about 65–145 million years ago,Science,The Cretaceous period (which was about 65 – 145 million years ago).,high,https://www.usgs.gov/news/featured-story/history-texas-under-your-feet-and-your-fingertips,Geologic Time,The History of Texas is Under Your Feet and at Your Fingertips! | U.S. Geological Survey,www.usgs.gov,verified
FACT-2027-05-23-S17,23,2027-05-23,Scientists think seals can use their whiskers to feel vibrations from swimming prey.,17,May,Seals May Use Whiskers to Detect Prey Vibrations,Animals,The source says scientists think seals use their whiskers to feel vibrations from swimming prey.,high,https://www.fisheries.noaa.gov/national/outreach-and-education/fun-facts-about-sea-life,Seal Senses,Fun Facts About Sea Life | NOAA Fisheries,www.fisheries.noaa.gov,verified
FACT-2027-05-23-S18,23,2027-05-23,"The Texas Geology Web Map Viewer lets users explore Texas geology at a scale of 1:250,000.",18,May,Texas has a geology web map viewer,Technology,"The new Texas Geology Web Map Viewer is an interactive web-based tool that allows users to explore the geology of the state at a scale of 1:250,000.",high,https://www.usgs.gov/news/featured-story/history-texas-under-your-feet-and-your-fingertips,Interactive Mapping,The History of Texas is Under Your Feet and at Your Fingertips! | U.S. Geological Survey,www.usgs.gov,verified
FACT-2027-05-23-S19,23,2027-05-23,Only 2.5% of Earth's water is freshwater.,19,May,Freshwater is a small fraction of Earth's water,Science,The source states that only 2.5% of Earth's water is freshwater.,high,https://www.usgs.gov/water-science-school/science/where-earths-water,Freshwater distribution,Where is Earth's Water? | U.S. Geological Survey,www.usgs.gov,verified
FACT-2027-05-23-S20,23,2027-05-23,Lahars can occur both during an eruption and when a volcano is quiet.,20,May,Lahars can occur without an eruption,Nature,The source explicitly states that lahars occur during eruptions and during periods when volcanoes are quiet.,high,https://pubs.usgs.gov/fs/fs002-97/fs00297.pdf,Lahars,"Fact Sheet 002-97, revised March 2008: What are Volcano Hazards?",pubs.usgs.gov,verified
FACT-2027-05-24-S01,24,2027-05-24,Places with a higher-than-average number of different species are considered biodiversity hotspots.,1,May,Biodiversity hotspots,Nature,“Places with a higher-than-average number of different species are considered biodiversity hotspots.”,high,https://education.nationalgeographic.org/resource/mapmaker-marine-biodiversity/,Biodiversity,MapMaker: Marine Biodiversity,education.nationalgeographic.org,verified
FACT-2027-05-24-S02,24,2027-05-24,Myelin forms an insulating sheath around some axons and helps nerve signals travel faster and farther.,2,May,Myelin speeds nerve signals,Human Body,The source states that myelin insulates axons and helps nerve signals travel faster and farther.,high,https://www.ninds.nih.gov/health-information/public-education/brain-basics/brain-basics-know-your-brain,Neural signaling,Brain Basics: Know Your Brain | National Institute of Neurological Disorders and Stroke,www.ninds.nih.gov,verified
FACT-2027-05-24-S03,24,2027-05-24,Bird forelimbs are modified into wings.,3,May,Bird forelimbs are modified into wings,Animals,The source lists forelimbs modified into wings among bird characteristics.,high,https://www.britannica.com/animal/bird-animal,Bird anatomy,"Bird | Description, Species, Feathers, & Facts | Britannica",www.britannica.com,verified
FACT-2027-05-24-S04,24,2027-05-24,"The National Park Service interprets Jamestown using historical records and physical material remains, including artifacts.",4,May,Jamestown history is studied through records and artifacts,History,The source says its fact sheets represent an interpretation based on historical records and physical material remains.,high,https://nps.gov/jame/learn/historyculture/index.htm,Historical Research,History & Culture - Historic Jamestowne Part of Colonial National Historical Park (U.S. National Park Service),nps.gov,verified
FACT-2027-05-24-S05,24,2027-05-24,"The source states that inventors in multiple places were working on ways to transmit spoken words by wire, challenging the idea of a lone telephone inventor.",5,May,Bell was not the only person working on voice transmission,Inventions,The source describes widespread work on advances in telegraphy and spoken-word transmission.,high,https://www.loc.gov/item/who-is-credited-with-inventing-the-telephone/,Simultaneous invention,Who is credited with inventing the telephone?  | Library of Congress,www.loc.gov,verified
FACT-2027-05-24-S06,24,2027-05-24,"The ocean influences climate by storing solar radiation, especially in tropical waters near the equator.",6,May,The ocean stores solar radiation,Ocean & Marine,"The source states that most solar radiation is absorbed by the ocean, particularly in tropical waters.",high,https://oceanexplorer.noaa.gov/ocean-fact/climate/,Ocean–climate interactions,How does the ocean affect climate and weather on land? - NOAA Ocean Exploration,oceanexplorer.noaa.gov,verified
FACT-2027-05-24-S07,24,2027-05-24,Walter Hunt developed a mechanical sewing machine in the early 1830s but did not patent it.,7,May,Walter Hunt's Unpatented Machine,Inventions,The source states that Walter Hunt developed a mechanical sewing machine in the early 1830s and did not patent it.,high,https://guides.loc.gov/this-month-in-business-history/september/elias-howe-patented-sewing-machine,Early sewing machines,Elias Howe Issued a Patent for the Sewing Machine - This Month in Business History - Research Guides at Library of Congress,guides.loc.gov,verified
FACT-2027-05-24-S08,24,2027-05-24,"Thomas Edison’s teams worked on chemicals used in batteries, phonograph records, and other inventions.",8,May,Edison’s Chemical Laboratory,Science,The image caption states that Edison’s teams worked on these chemicals at the Thomas Edison National Historical Park.,high,https://guides.loc.gov/gilded-age-business/people/inventors,Industrial chemistry,Inventors - American Business: The Gilded Age and the Progressive Era - Research Guides at Library of Congress,guides.loc.gov,verified
FACT-2027-05-24-S09,24,2027-05-24,The cerebellum coordinates movement and is involved in learned movements.,9,May,The cerebellum coordinates movement,Human Body,The source directly assigns movement coordination and learned movements to the cerebellum.,high,https://www.ninds.nih.gov/health-information/public-education/brain-basics/brain-basics-know-your-brain,Motor control,Brain Basics: Know Your Brain | National Institute of Neurological Disorders and Stroke,www.ninds.nih.gov,verified
FACT-2027-05-24-S10,24,2027-05-24,Lakes contain about 20.9% of surface freshwater.,10,May,Lakes hold more surface freshwater than rivers,Geography,The source states that 20.9% of surface freshwater is found in lakes.,high,https://www.usgs.gov/index.php/water-science-school/science/where-earths-water,Lake water distribution,Where is Earth's Water? | U.S. Geological Survey,www.usgs.gov,verified
FACT-2027-05-24-S11,24,2027-05-24,The Lemelson Center features archival and object collecting opportunities.,11,May,The center collects invention history,History,The source mentions archival and object collecting opportunities in its sports innovation programming.,high,https://invention.si.edu/,Invention archives,Source page,invention.si.edu,verified
FACT-2027-05-24-S12,24,2027-05-24,"""Old Town Road"" by Lil Nas X spent 19 consecutive weeks at number one on the US Billboard Hot 100.",12,May,Most consecutive weeks at number one in the USA,World Records & Extremes,"The source identifies ""Old Town Road"" as the song with the most consecutive weeks at number one and gives the total as 19 weeks.",high,https://www.guinnessworldrecords.com/news/2022/3/19-world-record-facts-that-will-help-you-in-a-quiz-694927,Music records,19 world record facts that will help you in a quiz  | Guinness World Records,www.guinnessworldrecords.com,verified
FACT-2027-05-24-S13,24,2027-05-24,Every part of an ecosystem depends on every other part directly or indirectly.,13,May,Ecosystems are interconnected,Science,The source states that every part of an ecosystem depends on every other part.,high,https://education.nationalgeographic.org/resource/ecosystem/,Ecological Interactions,Ecosystem,education.nationalgeographic.org,verified
FACT-2027-05-24-S14,24,2027-05-24,Ceramic vessels are among the objects included in the exhibition.,14,May,Nubian ceramic vessels,Ancient Civilizations,The source lists ceramic vessels among the exhibition objects.,high,https://www.si.edu/exhibitions/ancient-nubia-egypts-rival-africa-event-exhib-1221,Archaeological artifacts,Source page,www.si.edu,verified
FACT-2027-05-24-S15,24,2027-05-24,George Baldwin Selden never manufactured the vehicle described in the source and collected royalties instead.,15,May,Selden never manufactured his vehicle,Money & Economics,Never manufactured — Selden collected royalties.,medium,https://www.loc.gov/item/who-invented-the-automobile/,Patent Royalties,Everyday Mysteries,www.loc.gov,verified
FACT-2027-05-24-S16,24,2027-05-24,The African savanna elephant is scientifically named Loxodonta africana.,16,May,African Savanna Elephant Scientific Name,Animals,"The African savanna, or bush, elephant is identified as Loxodonta africana.",high,https://www.britannica.com/animal/elephant-mammal,Scientific Classification,"Elephant | Description, Habitat, Scientific Names, Weight, & Facts | Britannica",www.britannica.com,verified
FACT-2027-05-24-S17,24,2027-05-24,"Remote sensing uses images from space to make maps and monitor changes such as ice melt, flood damage, and oil spills.",17,May,Remote sensing uses above-Earth imagery,Technology,The source states that remote sensing specialists use space imagery for these functions.,high,https://education.nationalgeographic.org/resource/geography-article/,Remote Sensing,Geography,education.nationalgeographic.org,verified
FACT-2027-05-24-S18,24,2027-05-24,The Moon is Earth's only natural satellite.,18,May,Earth's only natural satellite,Space,NASA states that the Moon is Earth's only natural satellite.,high,https://science.nasa.gov/moon/facts/,Natural satellites,Moon Facts - NASA Science,science.nasa.gov,verified
FACT-2027-05-24-S19,24,2027-05-24,"Glaciers flow downhill, erode landscapes, and move water through Earth's water cycle.",19,May,Glaciers can shape landscapes,Geography,"The source describes glaciers as frozen rivers that flow downhill, erode the landscape, and move water.",high,https://www.usgs.gov/index.php/water-science-school/science/where-earths-water,Glacial processes,Where is Earth's Water? | U.S. Geological Survey,www.usgs.gov,verified
FACT-2027-05-24-S20,24,2027-05-24,Thermohaline circulation describes how changes in heat and salt content change the density of ocean water.,20,May,Thermohaline circulation depends on heat and salinity,Ocean & Marine,The transcript explains the meanings of thermo and haline and their effect on water density.,high,https://www.noaa.gov/ocean-facts-what-are-ocean-currents,Thermohaline circulation,What are Ocean Currents?  | Every Full Moon | Ocean Today,www.noaa.gov,verified
FACT-2027-05-25-S01,25,2027-05-25,The source includes “GDP (constant 2015 US$)” as a related indicator.,1,May,GDP constant 2015 US$ is included,Money & Economics,GDP (constant 2015 US$),medium,https://data.worldbank.org/indicator/NY.GDP.MKTP.CD,Constant-Price GDP,GDP (current US$) | Data,data.worldbank.org,verified
FACT-2027-05-25-S02,25,2027-05-25,"Guinness World Records has well over 70,000 official record titles.",2,May,"Guinness World Records has over 70,000 official titles",World Records & Extremes,"The source states that there are well over 70,000 official record titles.",high,https://kids.guinnessworldrecords.com/news/2026/4/the-story-of-guinness-world-records-how-did-it-start-how-many-records-exist-and-more,Record-title catalogs,"The story of Guinness World Records: How did it start, how many records exist and more! | Guinness World Records",kids.guinnessworldrecords.com,verified
FACT-2027-05-25-S03,25,2027-05-25,An ecosystem thrives along the banks of Cane River.,3,May,Cane River ecosystem,Nature,The source states that an ecosystem thrives along the banks of Cane River.,high,http://home.nps.gov/cari/learn/nature/index.htm,Ecosystems,Nature & Science - Cane River Creole National Historical Park (U.S. National Park Service),home.nps.gov,verified
FACT-2027-05-25-S04,25,2027-05-25,"Anyang bronze ritual vessels were cast from an alloy of copper, tin, and lead.",4,May,Anyang bronze vessels were made from a copper alloy,Technology,"The exhibition text defines the bronze alloy as copper, tin, and lead.",high,https://asia.si.edu/whats-on/exhibitions/anyang-chinas-ancient-city-of-kings/,Bronze metallurgy,https://asia.si.edu/whats-on/exhibitions/anyang-chinas-ancient-city-of-kings/,asia.si.edu,verified
FACT-2027-05-25-S05,25,2027-05-25,Cartography is the art and science of making maps.,5,May,Cartography is mapmaking,Geography,The source defines cartography as mapmaking and describes it as a geographic technique.,high,https://education.nationalgeographic.org/resource/geography-article/,Cartography,Geography,education.nationalgeographic.org,verified
FACT-2027-05-25-S06,25,2027-05-25,"Geography is interdisciplinary and includes topics such as people, culture, politics, settlements, plants, and landforms.",6,May,Geography is interdisciplinary,Geography,The source describes geography as interdisciplinary and lists these topics.,high,https://education.nationalgeographic.org/resource/geography-article/,Interdisciplinary Studies,Geography,education.nationalgeographic.org,verified
FACT-2027-05-25-S07,25,2027-05-25,The Future of Sport program examines invention and innovation in sports.,7,May,The center studies sports innovation,Inventions,The source says The Future of Sport examines invention and innovation in a variety of sports.,high,https://invention.si.edu/,Sports technology,Source page,invention.si.edu,verified
FACT-2027-05-25-S08,25,2027-05-25,The park is home to various animals.,8,May,Park animal life,Animals,The source states that the park is home to various animals.,high,http://home.nps.gov/cari/learn/nature/index.htm,Wildlife,Nature & Science - Cane River Creole National Historical Park (U.S. National Park Service),home.nps.gov,verified
FACT-2027-05-25-S09,25,2027-05-25,The Sun formed when hydrogen atoms began combining into helium in the collapsing solar nebula’s core.,9,May,The Sun’s formation,Space,"The source says core pressure caused hydrogen fusion into helium, releasing energy and forming the Sun.",high,https://solarsystem.nasa.gov/solar-system/our-solar-system/in-depth.amp,Stellar formation,In Depth | Our Solar System – NASA Solar System Exploration,solarsystem.nasa.gov,verified
FACT-2027-05-25-S10,25,2027-05-25,Wind is one of the primary forces driving surface ocean currents on a global scale.,10,May,Wind drives surface currents,Ocean & Marine,The transcript identifies wind as a primary force driving global surface currents.,high,https://www.noaa.gov/ocean-facts-what-are-ocean-currents,Surface currents,What are Ocean Currents?  | Every Full Moon | Ocean Today,www.noaa.gov,verified
FACT-2027-05-25-S11,25,2027-05-25,The Places of Invention program explores how places can stimulate creative minds and invention.,11,May,Places can stimulate invention,Inventions,The source asks what kinds of places stimulate creative minds and spark invention and innovation.,high,https://invention.si.edu/,Innovation environments,Source page,invention.si.edu,verified
FACT-2027-05-25-S12,25,2027-05-25,The Coinage Act of 1857 banned foreign coins as legal tender in the United States.,12,May,Foreign Coins Were Banned as Legal Tender,History,The source explicitly states that Congress banned foreign coins as legal tender through the Coinage Act of 1857.,high,https://www.usmint.gov/learn/history/us-circulating-coins,Currency Law,History of U.S. Circulating Coins | U.S. Mint,www.usmint.gov,verified
FACT-2027-05-25-S13,25,2027-05-25,Volcanic ash clouds can seriously endanger aircraft and cause engine failure.,13,May,Volcanic ash can threaten aviation,Technology,The source states that ash clouds pose a serious aviation hazard and that aircraft have been damaged or nearly crashed because of engine failure.,high,https://pubs.usgs.gov/fs/fs002-97/fs00297.pdf,Aviation hazards,"Fact Sheet 002-97, revised March 2008: What are Volcano Hazards?",pubs.usgs.gov,verified
FACT-2027-05-25-S14,25,2027-05-25,The featured disk is made from nephrite jade.,14,May,The featured jade disk is made of nephrite,Science,The object caption specifies jade (nephrite) as its material.,high,https://asia-archive.si.edu/exhibition/afterlife-ancient-chinese-jades/,Mineralogy,Afterlife: Ancient Chinese Jades - Smithsonian's National Museum of Asian Art,asia-archive.si.edu,verified
FACT-2027-05-25-S15,25,2027-05-25,Ocean evaporation increases the temperature and humidity of surrounding air.,15,May,Ocean evaporation adds moisture to air,Nature,"The source states that heated ocean water exchanges with air through evaporation, increasing surrounding air temperature and humidity.",high,https://oceanexplorer.noaa.gov/ocean-fact/climate/,Evaporation and humidity,How does the ocean affect climate and weather on land? - NOAA Ocean Exploration,oceanexplorer.noaa.gov,verified
FACT-2027-05-25-S16,25,2027-05-25,The global ocean conveyor belt affects Earth's climate by moving warm water from the Equator and cold water from the poles around Earth.,16,May,The ocean conveyor belt affects climate,Ocean & Marine,The transcript directly describes the conveyor belt's climate effect and water movement.,high,https://www.noaa.gov/ocean-facts-what-are-ocean-currents,Global ocean circulation,What are Ocean Currents?  | Every Full Moon | Ocean Today,www.noaa.gov,verified
FACT-2027-05-25-S17,25,2027-05-25,The page includes resources about the lungs and breathing.,17,May,The respiratory system is covered,Human Body,The Specifics section lists “How the Lungs Work” and “How Your Body Controls Breathing.”,high,https://www.nlm.nih.gov/medlineplus/anatomy.html,Respiratory system,Anatomy | MedlinePlus,www.nlm.nih.gov,verified
FACT-2027-05-25-S18,25,2027-05-25,About 30% of Earth's freshwater is stored in the ground.,18,May,Groundwater holds about 30% of freshwater,Science,The source states that another 30% of freshwater is in the ground.,high,https://www.usgs.gov/water-science-school/science/where-earths-water,Groundwater,Where is Earth's Water? | U.S. Geological Survey,www.usgs.gov,verified
FACT-2027-05-25-S19,25,2027-05-25,Liangzhu graves provide insight into ancient Chinese life and beliefs or practices concerning death.,19,May,The graves reveal views of life and death,Ancient Civilizations,The source says the graves provide insight into civilization during life and after death.,medium,https://asia-archive.si.edu/exhibition/afterlife-ancient-chinese-jades/,Mortuary culture,Afterlife: Ancient Chinese Jades - Smithsonian's National Museum of Asian Art,asia-archive.si.edu,verified
FACT-2027-05-25-S20,25,2027-05-25,The city became one of the largest urban centers of the ancient world.,20,May,Anyang became a major ancient urban center,History,The source explicitly characterizes Anyang as one of the largest urban centers of the ancient world.,high,https://asia.si.edu/whats-on/exhibitions/anyang-chinas-ancient-city-of-kings/,Ancient cities,https://asia.si.edu/whats-on/exhibitions/anyang-chinas-ancient-city-of-kings/,asia.si.edu,verified
FACT-2027-05-26-S01,26,2027-05-26,Anyang was the capital of the late Shang dynasty and contained one of the largest early foundries.,1,May,Anyang Foundry,Ancient Civilizations,The source describes Anyang as the late Shang capital and one of the largest and most impressive early foundries.,high,https://asia-archive.si.edu/learn/ancient-chinese-bronzes/,Shang Dynasty,Ancient Chinese Bronzes - Smithsonian's National Museum of Asian Art,asia-archive.si.edu,verified
FACT-2027-05-26-S02,26,2027-05-26,"The database categorized wildlife mentions as including observed animals, sounds, observed signs, killed animals, described parts, and assumed presence.",2,May,Wildlife mentions were classified by evidence type,Science,The source lists these categories in its system for classifying historical wildlife mentions.,high,https://nps.gov/yell/learn/historyculture/historicwildlife.htm,Wildlife data classification,Historic Wildlife Observations - Yellowstone National Park (U.S. National Park Service),nps.gov,verified
FACT-2027-05-26-S03,26,2027-05-26,"The Moon is an average of 238,855 miles (384,400 kilometers) from Earth.",3,May,Distance from Earth,Space,"NASA gives the Moon's average distance as 238,855 miles (384,400 kilometers).",high,https://science.nasa.gov/moon/facts/,Earth-Moon system,Moon Facts - NASA Science,science.nasa.gov,verified
FACT-2027-05-26-S04,26,2027-05-26,APOE ε3 is the most common allele and is believed neither to increase nor decrease Alzheimer’s risk.,4,May,APOE ε3 is considered neutral,Human Body,The source describes APOE ε3 as the most common allele with a neutral effect on Alzheimer’s disease risk.,high,https://www.nia.nih.gov/health/alzheimers-causes-and-risk-factors/alzheimers-disease-genetics-fact-sheet,Alzheimer’s Genetics,Alzheimer's Disease Genetics Fact Sheet | National Institute on Aging,www.nia.nih.gov,verified
FACT-2027-05-26-S05,26,2027-05-26,"Epiphytes are plants that grow directly on branches, including mosses, ferns, and orchids.",5,May,Epiphytes grow on other plants,Nature,"The source defines epiphytes and gives mosses, ferns, and orchids as examples found on forest branches.",high,https://education.nationalgeographic.org/resource/ecosystem/,Plant Ecology,Ecosystem,education.nationalgeographic.org,verified
FACT-2027-05-26-S06,26,2027-05-26,The African forest elephant is smaller than the African savanna elephant.,6,May,African Forest Elephant Size,Animals,The African forest elephant is described as smaller than the savanna elephant.,high,https://www.britannica.com/animal/elephant-mammal,Species Comparison,"Elephant | Description, Habitat, Scientific Names, Weight, & Facts | Britannica",www.britannica.com,verified
FACT-2027-05-26-S07,26,2027-05-26,"The sense of smell can alert people to dangers such as gas leaks, spoiled food, or fire.",7,May,Smell can alert people to hazards,Human Body,"The source lists gas leaks, spoiled food, and fire as dangers detectable through smell.",high,https://science.education.nih.gov/stem-resources/8,Sense of Smell,STEM Resources | STEM Teaching Resources,science.education.nih.gov,verified
FACT-2027-05-26-S08,26,2027-05-26,More than 68% of Earth's freshwater is locked in ice and glaciers.,8,May,Ice and glaciers contain most freshwater,Nature,The source states that over 68% of freshwater is locked up in ice and glaciers.,high,https://www.usgs.gov/water-science-school/science/where-earths-water,Glaciers and ice caps,Where is Earth's Water? | U.S. Geological Survey,www.usgs.gov,verified
FACT-2027-05-26-S09,26,2027-05-26,The exhibition was organized by the University Museum of Archaeology and Anthropology at the University of Pennsylvania.,9,May,Exhibition organizer,History,The source identifies the University Museum of Archaeology and Anthropology at the University of Pennsylvania as the organizer.,high,https://www.si.edu/exhibitions/ancient-nubia-egypts-rival-africa-event-exhib-1221,Museums and exhibitions,Source page,www.si.edu,verified
FACT-2027-05-26-S10,26,2027-05-26,Almost all rain that falls on land starts off in the ocean.,10,May,Much land rainfall begins over the ocean,Geography,The source explicitly states that almost all rain falling on land starts in the ocean.,high,https://oceanexplorer.noaa.gov/ocean-fact/climate/,Rainfall origins,How does the ocean affect climate and weather on land? - NOAA Ocean Exploration,oceanexplorer.noaa.gov,verified
FACT-2027-05-26-S11,26,2027-05-26,Historical observers preferentially mentioned larger wildlife species.,11,May,Observers preferentially mentioned larger animals,Animals,The abstract states that observers preferentially mentioned larger species.,high,https://nps.gov/yell/learn/historyculture/historicwildlife.htm,Wildlife observation,Historic Wildlife Observations - Yellowstone National Park (U.S. National Park Service),nps.gov,verified
FACT-2027-05-26-S12,26,2027-05-26,Resighting IDs linked repeated reports of the same animal and helped prevent erroneous over-counting.,12,May,Resighting IDs prevented double counting,Technology,The database description says Resighting IDs linked repeated mentions and prevented over-counting.,high,https://nps.gov/yell/learn/historyculture/historicwildlife.htm,Database design,Historic Wildlife Observations - Yellowstone National Park (U.S. National Park Service),nps.gov,verified
FACT-2027-05-26-S13,26,2027-05-26,A 1854 decision recognized Elias Howe's claim to the benefits of introducing the sewing machine.,13,May,Recognition of Howe's Patent Claim,History,The source states that Howe's claim was recognized in 1854 and quotes the decision crediting him with the public benefit of the sewing machine's introduction.,high,https://guides.loc.gov/this-month-in-business-history/september/elias-howe-patented-sewing-machine,Patent litigation,Elias Howe Issued a Patent for the Sewing Machine - This Month in Business History - Research Guides at Library of Congress,guides.loc.gov,verified
FACT-2027-05-26-S14,26,2027-05-26,Preserved human skin is described as the best and only direct archaeological proof of ancient tattooing.,14,May,Preserved human skin is direct tattoo evidence,Science,The source explicitly characterizes preserved human skin this way.,high,https://www.si.edu/stories/ancient-ink-iceman-otzi-has-worlds-oldest-tattoos,Archaeological Evidence,Ancient Ink: Iceman Otzi Has World's Oldest Tattoos | Smithsonian Institution,www.si.edu,verified
FACT-2027-05-26-S15,26,2027-05-26,"Johann Philipp Reis developed a device that transmitted speech, though poorly, in the early 1860s.",15,May,Johann Philipp Reis developed a speech-transmitting device,Inventions,The source identifies Reis as a German physics teacher who developed the device in the early 1860s.,high,https://www.loc.gov/everyday-mysteries/item/who-is-credited-with-inventing-the-telephone,Early communication devices,Who is credited with inventing the telephone?  | Library of Congress,www.loc.gov,verified
FACT-2027-05-26-S16,26,2027-05-26,Sogdiana was located in present-day Uzbekistan and Tajikistan.,16,May,Sogdiana was in Central Asia,Geography,The source places Sogdiana in present-day Uzbekistan and Tajikistan.,high,https://sogdians.si.edu/introduction/,Historical regions,"Who Were the Sogdians, | The Sogdians",sogdians.si.edu,verified
FACT-2027-05-26-S17,26,2027-05-26,"The Mint's locations in Denver, Philadelphia, San Francisco, Washington, and West Point serve different purposes, while Fort Knox stores the country's gold.",17,May,U.S. Mint locations have different purposes,Money & Economics,The source describes the functions of each listed location and identifies Fort Knox as a bullion depository.,high,https://kids.usmint.gov/media/43126/download?inline=,Mint facilities,Source page,kids.usmint.gov,verified
FACT-2027-05-26-S18,26,2027-05-26,The GWR for Business service presents record breaking as a way to transform a brand’s story into a record-breaking reality.,18,May,GWR for Business promotes storytelling,Money & Economics,The source says record breaking can transform a story into record-breaking reality.,high,https://www.guinnessworldrecords.com/,Brand storytelling,Home | Guinness World Records,www.guinnessworldrecords.com,verified
FACT-2027-05-26-S19,26,2027-05-26,Large-scale surface currents transfer heat from the tropics toward the polar regions and influence local and global climate.,19,May,Surface currents transfer heat,Ocean & Marine,NOAA states that global wind-driven surface currents transfer heat from the tropics to polar regions and influence climate.,high,https://www.noaa.gov/education/resource-collections/ocean-coasts/ocean-currents,Surface currents,Ocean currents | National Oceanic and Atmospheric Administration,www.noaa.gov,verified
FACT-2027-05-26-S20,26,2027-05-26,"As the tide rises, water moves inland; this is called a flood current.",20,May,Flood currents move inland,Ocean & Marine,The transcript defines a flood current as inland movement during a rising tide.,high,https://www.noaa.gov/ocean-facts-what-are-ocean-currents,Tidal currents,What are Ocean Currents?  | Every Full Moon | Ocean Today,www.noaa.gov,verified
FACT-2027-05-27-S01,27,2027-05-27,Removing a keystone species can cause a chain reaction in an ecosystem.,1,May,Keystone species removal,Nature,"“Removal of a keystone species, for example, could have a chain reaction on the ecosystem.”",high,https://education.nationalgeographic.org/resource/mapmaker-marine-biodiversity/,Ecosystem relationships,MapMaker: Marine Biodiversity,education.nationalgeographic.org,verified
FACT-2027-05-27-S02,27,2027-05-27,Central Banks are listed among the sources of the data.,2,May,Central banks provide GDP data,Money & Economics,"Country official statistics, National Statistical Organizations and/or Central Banks",medium,https://data.worldbank.org/indicator/NY.GDP.MKTP.CD,Central Banking Statistics,GDP (current US$) | Data,data.worldbank.org,verified
FACT-2027-05-27-S03,27,2027-05-27,Superstructure icing can occur when exposed structures encounter freezing precipitation or sea spray while air temperature is below 0°C.,3,May,Superstructure icing conditions,Ocean & Marine,"The source lists snow, freezing rain, freezing drizzle, and freezing sea spray under below-freezing conditions as causes of superstructure icing.",high,https://pubs.usgs.gov/cp/35/report.pdf,Marine icing,Explanatory Notes for the Natural Hazards Map of the Circum-Pacific Region Pacific Basin Sheet,pubs.usgs.gov,verified
FACT-2027-05-27-S04,27,2027-05-27,The APOE ε4 allele increases Alzheimer’s risk and is associated with earlier disease onset in certain populations.,4,May,APOE ε4 increases Alzheimer’s risk,Human Body,The source states that APOE ε4 increases Alzheimer’s risk and is associated with earlier onset in certain populations.,high,https://www.nia.nih.gov/health/alzheimers-causes-and-risk-factors/alzheimers-disease-genetics-fact-sheet,Alzheimer’s Genetics,Alzheimer's Disease Genetics Fact Sheet | National Institute on Aging,www.nia.nih.gov,verified
FACT-2027-05-27-S05,27,2027-05-27,"Abyssal plains are wide, flat areas of the deep seafloor.",5,May,Abyssal plains are flat deep-seafloor regions,Ocean & Marine,"The source directly defines abyssal plains as wide, flat areas of the deep seafloor.",high,https://oceanexplorer.noaa.gov/ocean-facts/,Seafloor Features,Ocean Exploration Facts - NOAA Ocean Exploration,oceanexplorer.noaa.gov,verified
FACT-2027-05-27-S06,27,2027-05-27,"The earliest human activity at Santa Elina, including the giant sloth-bone pendants, dates to 27,000 years ago.",6,May,"Human activity at Santa Elina dates to 27,000 years ago",History,"The source directly gives a date of 27,000 years ago for the earliest human activity at the site.",high,https://humanorigins.si.edu/research/whats-hot-human-origins/humans-carved-sloth-bones-personal-ornaments,Prehistory,Humans carved sloth bones into personal ornaments | The Smithsonian Institution's Human Origins Program,humanorigins.si.edu,verified
FACT-2027-05-27-S07,27,2027-05-27,Only a little more than 1.2% of freshwater is surface water.,7,May,Surface freshwater is a small share of freshwater,Science,The source states that only a little more than 1.2% of all freshwater is surface water.,high,https://www.usgs.gov/water-science-school/science/where-earths-water,Surface water,Where is Earth's Water? | U.S. Geological Survey,www.usgs.gov,verified
FACT-2027-05-27-S08,27,2027-05-27,"Jade, specifically nephrite, was used at Anyang for jewelry and ceremonial and ritual objects.",8,May,Jade was used for prestige objects at Anyang,Ancient Civilizations,The source states that nephrite was a prestige medium used for jewelry and ceremonial and ritual objects.,high,https://asia.si.edu/whats-on/exhibitions/anyang-chinas-ancient-city-of-kings/,Material culture,https://asia.si.edu/whats-on/exhibitions/anyang-chinas-ancient-city-of-kings/,asia.si.edu,verified
FACT-2027-05-27-S09,27,2027-05-27,Earth scientists from more than 40 Pacific-region countries and about 180 organizations participate in the Circum-Pacific Map Project.,9,May,Project participation,Geography,The source states that representatives from some 180 organizations from more than 40 Pacific-region countries are involved.,high,https://pubs.usgs.gov/cp/35/report.pdf,International scientific cooperation,Explanatory Notes for the Natural Hazards Map of the Circum-Pacific Region Pacific Basin Sheet,pubs.usgs.gov,verified
FACT-2027-05-27-S10,27,2027-05-27,"Killer whales communicate using clicks, whistles, and pulsed calls.",10,May,Killer whales communicate acoustically,Animals,"The source lists clicks, whistles, and pulsed calls as killer whale communication sounds.",high,https://www.fisheries.noaa.gov/species/killer-whale/science?page=0,Communication,Killer Whale: Science | NOAA Fisheries,www.fisheries.noaa.gov,verified
FACT-2027-05-27-S11,27,2027-05-27,Anyang workshops operated with divisions of highly specialized labor and functioned at an industrial scale.,11,May,Anyang workshops used specialized labor,Technology,The text describes Anyang workshops as factories with specialized labor and industrial-scale production.,high,https://asia.si.edu/whats-on/exhibitions/anyang-chinas-ancient-city-of-kings/,Ancient manufacturing,https://asia.si.edu/whats-on/exhibitions/anyang-chinas-ancient-city-of-kings/,asia.si.edu,verified
FACT-2027-05-27-S12,27,2027-05-27,Jupiter is the largest planet in the solar system.,12,May,Jupiter is the largest planet,Space,NASA states that the largest planet is Jupiter.,high,https://science.nasa.gov/solar-system/solar-system-facts/,Planets,Solar System: Facts - NASA Science,science.nasa.gov,verified
FACT-2027-05-27-S13,27,2027-05-27,Olorgesailie is a sedimentary basin in southern Kenya within the East African Rift Valley.,13,May,Olorgesailie is in southern Kenya,Geography,The source identifies Olorgesailie as a sedimentary basin in southern Kenya in the East African Rift Valley.,high,https://humanorigins.si.edu/research/east-african-research-projects/olorgesailie-kenya,East African Rift Valley,"Olorgesailie, Kenya | The Smithsonian Institution's Human Origins Program",humanorigins.si.edu,verified
FACT-2027-05-27-S14,27,2027-05-27,The Lemelson Center offers fellowship programs.,14,May,The center offers fellowship programs,Inventions,The source lists the Lemelson Center Fellowship Program and the Arthur Molella Distinguished Fellowship.,high,https://invention.si.edu/,Research fellowships,Source page,invention.si.edu,verified
FACT-2027-05-27-S15,27,2027-05-27,The Lemelson Center aims to inspire people to invent and solve problems.,15,May,The Lemelson Center promotes invention,Inventions,"The source says the center empowers people to solve problems, navigate challenges, and create change.",high,https://invention.si.edu/,Invention education,Source page,invention.si.edu,verified
FACT-2027-05-27-S16,27,2027-05-27,The source includes “Coal rents (% of GDP)” as a related indicator.,16,May,Coal rents as a percentage of GDP are included,Money & Economics,Coal rents (% of GDP),medium,https://data.worldbank.org/indicator/NY.GDP.MKTP.CD,Natural Resource Rents,GDP (current US$) | Data,data.worldbank.org,verified
FACT-2027-05-27-S17,27,2027-05-27,Sogdiana was first recorded in the 5th century BCE as a province of the Achaemenid Persian Empire.,17,May,Sogdiana was recorded in the Achaemenid Empire,History,The source explicitly gives the 5th century BCE date and identifies Sogdiana as an Achaemenid province.,high,https://sogdians.si.edu/introduction/,Ancient Persian history,"Who Were the Sogdians, | The Sogdians",sogdians.si.edu,verified
FACT-2027-05-27-S18,27,2027-05-27,Birds are more related to reptiles than to mammals.,18,May,Birds are more closely related to reptiles than mammals,Animals,The source explicitly compares birds' relationships with reptiles and mammals.,high,https://www.britannica.com/animal/bird-animal,Evolutionary relationships,"Bird | Description, Species, Feathers, & Facts | Britannica",www.britannica.com,verified
FACT-2027-05-27-S19,27,2027-05-27,The adoption of bronze weapons contributed to changes in warfare.,19,May,Bronze and Warfare,Technology,The source says bronze tools and weapons replaced stone implements and revolutionized warfare.,high,https://asia-archive.si.edu/learn/ancient-chinese-bronzes/,Military Technology,Ancient Chinese Bronzes - Smithsonian's National Museum of Asian Art,asia-archive.si.edu,verified
FACT-2027-05-27-S20,27,2027-05-27,The page includes a resource about chromosomes.,20,May,Chromosomes are covered,Human Body,The Specifics section lists “Chromosomes” from the National Human Genome Research Institute.,high,https://www.nlm.nih.gov/medlineplus/anatomy.html,Genetic structures,Anatomy | MedlinePlus,www.nlm.nih.gov,verified
FACT-2027-05-28-S01,28,2027-05-28,"Regular nighttime exposure to artificial light, such as from a television or smartphone, can raise circadian rhythm disorder risk.",1,May,Nighttime artificial light can affect sleep,Technology,"The source identifies nighttime artificial light from televisions, smartphones, and bright alarm clocks as an unhealthy sleep habit.",high,https://www.nhlbi.nih.gov/health/circadian-rhythm-disorders/causes,Artificial light and sleep,"Circadian Rhythm Disorders - Causes and Risk Factors | NHLBI, NIH",www.nhlbi.nih.gov,verified
FACT-2027-05-28-S02,28,2027-05-28,Nearly the entire Moon is covered by powdery dust and rocky debris called lunar regolith.,2,May,Lunar regolith,Space,NASA describes the lunar surface as a rubble pile of dust and rocky debris called lunar regolith.,high,https://science.nasa.gov/moon/facts/,Lunar surface,Moon Facts - NASA Science,science.nasa.gov,verified
FACT-2027-05-28-S03,28,2027-05-28,Wilbur and Orville Wright are identified as brothers who opened the skies to human flight.,3,May,The Wright Brothers,Inventions,The source explicitly describes the Wright brothers in relation to human flight.,high,https://guides.loc.gov/gilded-age-business/people/inventors,Aviation,Inventors - American Business: The Gilded Age and the Progressive Era - Research Guides at Library of Congress,guides.loc.gov,verified
FACT-2027-05-28-S04,28,2027-05-28,"In March 1793, the Mint delivered its first circulating coins: 11,178 copper cents.",4,May,The first circulating U.S. coins were copper cents,Money & Economics,"The source gives the date, quantity, and denomination of the first circulating coins.",high,https://www.usmint.gov/learn/history/overview,Currency History,History of the U.S. Mint,www.usmint.gov,verified
FACT-2027-05-28-S05,28,2027-05-28,Jeffrey Preston Bezos was the world's first centibillionaire.,5,May,First centibillionaire,Money & Economics,"The source states that Bezos was the world's first centibillionaire, meaning his personal wealth surpassed $100 billion.",high,https://www.guinnessworldrecords.com/news/2022/3/19-world-record-facts-that-will-help-you-in-a-quiz-694927,Wealth records,19 world record facts that will help you in a quiz  | Guinness World Records,www.guinnessworldrecords.com,verified
FACT-2027-05-28-S06,28,2027-05-28,"Most fossil mammals at Olorgesailie were equids, or zebras.",6,May,Zebras dominated the fossil mammals,Animals,The source contrasts Olorgesailie with other East African sites by stating that equids predominated there.,high,https://humanorigins.si.edu/research/east-african-research-projects/olorgesailie-kenya,Fossil mammals,"Olorgesailie, Kenya | The Smithsonian Institution's Human Origins Program",humanorigins.si.edu,verified
FACT-2027-05-28-S07,28,2027-05-28,The adoption of bronze tools contributed to changes in agriculture.,7,May,Bronze and Agriculture,Technology,The source says bronze tools replaced stone implements and revolutionized agriculture.,high,https://asia-archive.si.edu/learn/ancient-chinese-bronzes/,Agricultural Technology,Ancient Chinese Bronzes - Smithsonian's National Museum of Asian Art,asia-archive.si.edu,verified
FACT-2027-05-28-S08,28,2027-05-28,"Archaeological evidence indicates that Native Americans utilized Jamestown more than 10,000 years ago.",8,May,"Native Americans used the Jamestown area over 10,000 years ago",History,"The source says archaeological evidence indicates Native Americans utilized Jamestown over 10,000 years ago.",high,https://nps.gov/jame/learn/historyculture/index.htm,Archaeology,History & Culture - Historic Jamestowne Part of Colonial National Historical Park (U.S. National Park Service),nps.gov,verified
FACT-2027-05-28-S09,28,2027-05-28,Animal cells are bound together by collagen.,9,May,Animal cells contain collagen,Science,The source states that animal cells are bound together by collagen.,high,https://www.britannica.com/animal/animal,Cell Biology,"Animal | Definition, Types, & Facts | Britannica",www.britannica.com,verified
FACT-2027-05-28-S10,28,2027-05-28,George Washington Carver conducted agricultural research that promoted sustainable farming and resourcefulness.,10,May,George Washington Carver,Science,The source explicitly describes Carver’s agricultural research and its aims.,high,https://guides.loc.gov/gilded-age-business/people/inventors,Agricultural research,Inventors - American Business: The Gilded Age and the Progressive Era - Research Guides at Library of Congress,guides.loc.gov,verified
FACT-2027-05-28-S11,28,2027-05-28,"Herbivores feed on producer organisms, including plants and algae.",11,May,Herbivores eat plants and algae,Animals,The source defines herbivores as animals that eat plants and algae.,high,https://kids.britannica.com/students/article/animal/272874,Feeding ecology,"animal
                    
                
                - Students | Britannica Kids | Homework Help",kids.britannica.com,verified
FACT-2027-05-28-S12,28,2027-05-28,"Older adults usually go to sleep and wake up early, increasing their risk for advanced sleep-wake phase disorder.",12,May,Older adults tend to sleep earlier,Human Body,The source states that older adults usually sleep and wake early and have increased risk for advanced sleep-wake phase disorder.,high,https://www.nhlbi.nih.gov/health/circadian-rhythm-disorders/causes,Age-related sleep patterns,"Circadian Rhythm Disorders - Causes and Risk Factors | NHLBI, NIH",www.nhlbi.nih.gov,verified
FACT-2027-05-28-S13,28,2027-05-28,The earliest known hearths are at least 1 million years old.,13,May,The earliest hearths are at least one million years old,Inventions,The source states that the earliest hearths are at least 1 million years old.,high,https://www.si.edu/stories/human-origins-facts,Fire and cooking,Did You Know? Human Origins Facts | Smithsonian Institution,www.si.edu,verified
FACT-2027-05-28-S14,28,2027-05-28,Igneous rocks associated with extinct volcanoes occur in west Texas.,14,May,West Texas has volcanic igneous rocks,Geography,Can you find the igneous rocks in west Texas that are associated with extinct volcanoes?,high,https://www.usgs.gov/news/featured-story/history-texas-under-your-feet-and-your-fingertips,Volcanic Geology,The History of Texas is Under Your Feet and at Your Fingertips! | U.S. Geological Survey,www.usgs.gov,verified
FACT-2027-05-28-S15,28,2027-05-28,"Rare variants in APP, PSEN1, and PSEN2 are known to cause Alzheimer’s disease.",15,May,Three rare genes can cause Alzheimer’s,Human Body,"The source identifies APP, PSEN1, and PSEN2 as three rare single-gene variants known to cause Alzheimer’s.",high,https://www.nia.nih.gov/health/alzheimers-causes-and-risk-factors/alzheimers-disease-genetics-fact-sheet,Inherited Disease,Alzheimer's Disease Genetics Fact Sheet | National Institute on Aging,www.nia.nih.gov,verified
FACT-2027-05-28-S16,28,2027-05-28,The NOAA Fisheries resource provides information about fish and other marine animals.,16,May,The Site Covers Fish and Other Marine Animals,Ocean & Marine,The introduction says the resource contains fascinating information about fish and other marine animals.,high,https://www.fisheries.noaa.gov/national/outreach-and-education/fun-facts-about-sea-life,Marine Species,Fun Facts About Sea Life | NOAA Fisheries,www.fisheries.noaa.gov,verified
FACT-2027-05-28-S17,28,2027-05-28,The Sogdians were an Iranian people whose homeland was Sogdiana.,17,May,Sogdians were an Iranian people,Ancient Civilizations,The source explicitly describes the Sogdians as an Iranian people and identifies Sogdiana as their homeland.,high,https://sogdians.si.edu/introduction/,Ethnic and cultural identity,"Who Were the Sogdians, | The Sogdians",sogdians.si.edu,verified
FACT-2027-05-28-S18,28,2027-05-28,The first hominin fossil from Olorgesailie was discovered in 2003.,18,May,The first Olorgesailie hominin fossil was found in 2003,History,The source explicitly dates the discovery of the first Olorgesailie hominin fossil to 2003.,high,https://humanorigins.si.edu/research/east-african-research-projects/olorgesailie-kenya,Paleoanthropological discoveries,"Olorgesailie, Kenya | The Smithsonian Institution's Human Origins Program",humanorigins.si.edu,verified
FACT-2027-05-28-S19,28,2027-05-28,Rising extinction rates may be outpacing ocean species' ability to evolve to changing conditions.,19,May,Extinction rates affect marine species,Ocean & Marine,The source says rising extinction rates are likely outpacing species' ability to evolve to tolerate changing planetary conditions.,high,https://oceanservice.noaa.gov/facts/ocean-species.html,Marine extinctions,How Many Species Live in the Ocean?,oceanservice.noaa.gov,verified
FACT-2027-05-28-S20,28,2027-05-28,Eruption columns can reach more than 12 miles above a volcano in less than 30 minutes.,20,May,Eruption columns can rise rapidly,Nature,The source explicitly gives the height and time for eruption-column growth.,high,https://pubs.usgs.gov/fs/fs002-97/fs00297.pdf,Eruption columns,"Fact Sheet 002-97, revised March 2008: What are Volcano Hazards?",pubs.usgs.gov,verified
FACT-2027-05-29-S01,29,2027-05-29,"The cerebrum is the source of conscious thoughts and actions and supports memory, planning, imagination, and thinking.",1,May,The cerebrum supports conscious thought,Human Body,"The source lists conscious thought and action, memory, planning, imagination, and thinking as cerebrum functions.",high,https://www.ninds.nih.gov/health-information/public-education/brain-basics/brain-basics-know-your-brain,Cognition,Brain Basics: Know Your Brain | National Institute of Neurological Disorders and Stroke,www.ninds.nih.gov,verified
FACT-2027-05-29-S02,29,2027-05-29,The fossils at Santa Elina included thousands of osteoderms.,2,May,Thousands of osteoderms were found,Ancient Civilizations,The source states that the fossils included thousands of osteoderms.,high,https://humanorigins.si.edu/research/whats-hot-human-origins/humans-carved-sloth-bones-personal-ornaments,Archaeological Discoveries,Humans carved sloth bones into personal ornaments | The Smithsonian Institution's Human Origins Program,humanorigins.si.edu,verified
FACT-2027-05-29-S03,29,2027-05-29,"Although the National Register addresses tangible historic properties, intangible attributes that give those properties significance must also be considered.",3,May,Intangible attributes can contribute to a property's significance,History,The source states that properties and their intangible attributes of significance must be considered together.,high,https://www.nps.gov/subjects/nationalregister/upload/NRB38-Completeweb.pdf,Historic Preservation,National Register Bulletin 38,www.nps.gov,verified
FACT-2027-05-29-S04,29,2027-05-29,"The Series section shows 1,498 available series.",4,May,"The database has 1,498 available series",Technology,The Series section states “Available 1498.”,high,https://databank.worldbank.org/source/world-development-indicators,Statistical indicators,World Development Indicators | DataBank,databank.worldbank.org,verified
FACT-2027-05-29-S05,29,2027-05-29,"The heliosphere is a bubble created by the solar wind, which flows outward from the Sun in all directions.",5,May,The heliosphere,Space,The source directly defines the heliosphere as the bubble created by the solar wind.,high,https://solarsystem.nasa.gov/solar-system/our-solar-system/in-depth.amp,Solar wind,In Depth | Our Solar System – NASA Solar System Exploration,solarsystem.nasa.gov,verified
FACT-2027-05-29-S06,29,2027-05-29,Animal DNA is contained in a membrane-bound nucleus.,6,May,Animal DNA is membrane-bound,Science,The source defines eukaryotic animals as organisms whose DNA is contained in a membrane-bound nucleus.,high,https://www.britannica.com/animal/animal,Cell Biology,"Animal | Definition, Types, & Facts | Britannica",www.britannica.com,verified
FACT-2027-05-29-S07,29,2027-05-29,Ethnography is the descriptive and analytic study of the culture of particular groups or communities.,7,May,Ethnography studies particular cultures,Science,The source directly defines ethnography in these terms.,high,https://www.nps.gov/subjects/nationalregister/upload/NRB38-Completeweb.pdf,Anthropology,National Register Bulletin 38,www.nps.gov,verified
FACT-2027-05-29-S08,29,2027-05-29,"The brain can be divided into the forebrain, midbrain, and hindbrain.",8,May,The brain has three basic units,Human Body,"The source explicitly identifies the forebrain, midbrain, and hindbrain as three basic brain units.",high,https://www.ninds.nih.gov/health-information/public-education/brain-basics/brain-basics-know-your-brain,Brain structure,Brain Basics: Know Your Brain | National Institute of Neurological Disorders and Stroke,www.ninds.nih.gov,verified
FACT-2027-05-29-S09,29,2027-05-29,Nearly 44% of the world’s human settlements live within 150 kilometers of the ocean.,9,May,Human settlements near the ocean,Geography,“Nearly the 44% of the world’s human settlements living within 150 kilometers (93 miles) of the ocean.”,high,https://education.nationalgeographic.org/resource/mapmaker-marine-biodiversity/,Human settlement,MapMaker: Marine Biodiversity,education.nationalgeographic.org,verified
FACT-2027-05-29-S10,29,2027-05-29,"A 2024 World Wildlife Fund report estimated an average 73% decline in global populations of mammals, fish, birds, amphibians, and reptiles from 1970 to 2020.",10,May,Global wildlife population decline,Nature,"“The World Wildlife Fund estimated in a 2024 report that we experienced an average of 73% decline in global populations of mammals, fish, birds, amphibians and reptiles from 1970 to 2020.”",high,https://education.nationalgeographic.org/resource/mapmaker-marine-biodiversity/,Wildlife decline,MapMaker: Marine Biodiversity,education.nationalgeographic.org,verified
FACT-2027-05-29-S11,29,2027-05-29,The Lemelson Center researches inventions that make and change the world.,11,May,The center researches inventions,Inventions,The source includes the heading “We research the Inventions that make & change our world.”,high,https://invention.si.edu/,Invention research,Source page,invention.si.edu,verified
FACT-2027-05-29-S12,29,2027-05-29,Congress discontinued the half cent in 1857 and made the cent smaller to reduce copper use.,12,May,The Half Cent Was Discontinued,History,The source states that the Coinage Act of 1857 discontinued the half cent and reduced the cent’s size.,high,https://www.usmint.gov/learn/history/us-circulating-coins,Coin Denominations,History of U.S. Circulating Coins | U.S. Mint,www.usmint.gov,verified
FACT-2027-05-29-S13,29,2027-05-29,Mammals obtain oxygen from the air through their lungs.,13,May,Mammals breathe with lungs,Animals,The source states that mammals take air into their lungs and obtain oxygen there.,high,https://kids.britannica.com/students/article/animal/272874,Respiration,"animal
                    
                
                - Students | Britannica Kids | Homework Help",kids.britannica.com,verified
FACT-2027-05-29-S14,29,2027-05-29,"Green, hawksbill, Kemp’s ridley, leatherback, loggerhead, and olive ridley turtles found in U.S. waters are protected by the Endangered Species Act.",14,May,Six Turtle Kinds in U.S. Waters Are Protected,Animals,The source lists these six turtle kinds and states that all are protected by the Endangered Species Act.,high,https://www.fisheries.noaa.gov/national/outreach-and-education/fun-facts-about-sea-life,Sea Turtle Conservation,Fun Facts About Sea Life | NOAA Fisheries,www.fisheries.noaa.gov,verified
FACT-2027-05-29-S15,29,2027-05-29,The U.S. Mint is the government agency responsible for making U.S. coins.,15,May,The U.S. Mint makes coins,Money & Economics,The source states that the U.S. Mint is the government agency that makes coins.,high,https://kids.usmint.gov/media/43126/download?inline=,Currency production,Source page,kids.usmint.gov,verified
FACT-2027-05-29-S16,29,2027-05-29,The site includes access to electricity as a percentage of the population.,16,May,World Bank data includes electricity access,Technology,The source lists “Access to electricity (% of population).”,high,https://data.worldbank.org/,Energy Access,World Bank Open Data | Data,data.worldbank.org,verified
FACT-2027-05-29-S17,29,2027-05-29,NOAA Fisheries answers thousands of questions each year about oceans and marine life.,17,May,NOAA Fisheries Answers Questions About Marine Life,Ocean & Marine,The source states that NOAA Fisheries answers thousands of questions every year about oceans and the life in them.,high,https://www.fisheries.noaa.gov/national/outreach-and-education/fun-facts-about-sea-life,Marine Education,Fun Facts About Sea Life | NOAA Fisheries,www.fisheries.noaa.gov,verified
FACT-2027-05-29-S18,29,2027-05-29,Ocean currents transport warm water and precipitation toward the poles and cold water toward the tropics.,18,May,Currents transport warm and cold water,Ocean & Marine,The source compares currents to a conveyor belt moving warm water and precipitation poleward and cold water toward the tropics.,high,https://oceanexplorer.noaa.gov/ocean-fact/climate/,Heat transport,How does the ocean affect climate and weather on land? - NOAA Ocean Exploration,oceanexplorer.noaa.gov,verified
FACT-2027-05-29-S19,29,2027-05-29,The World Bank site allows users to select an economy on a map to view data and access its economy profile.,19,May,The World Bank provides country and economy profiles,Geography,The source instructs users to select an economy on the map to see data and access the economy profile.,high,https://data.worldbank.org/,Economy Profiles,World Bank Open Data | Data,data.worldbank.org,verified
FACT-2027-05-29-S20,29,2027-05-29,"More than 90% of all gas emitted by volcanoes is water vapor, most of it heated groundwater.",20,May,Volcanic gases are mostly water vapor,Nature,"The source states that more than 90% of volcanic gas emissions are water vapor, mostly heated groundwater.",high,https://pubs.usgs.gov/fs/fs002-97/fs00297.pdf,Volcanic gases,"Fact Sheet 002-97, revised March 2008: What are Volcano Hazards?",pubs.usgs.gov,verified
FACT-2027-05-30-S01,30,2027-05-30,Black corals are named for their dark skeletons.,1,May,Black corals have dark skeletons,Ocean & Marine,"The source states that black corals have dark skeletons, which explains their name.",high,https://oceanexplorer.noaa.gov/ocean-facts/,Corals,Ocean Exploration Facts - NOAA Ocean Exploration,oceanexplorer.noaa.gov,verified
FACT-2027-05-30-S02,30,2027-05-30,"In 1872, Elijah McCoy received US Patent No. 129,843 for an improvement in lubricators for steam engines.",2,May,Elijah McCoy patented an automatic lubricator,Inventions,"The source states McCoy’s patent number, year, and invention title.",high,https://invention.si.edu/invention-stories/america-participates-innovation-1800s,Railroad technology,Source page,invention.si.edu,verified
FACT-2027-05-30-S03,30,2027-05-30,Low-silica basalt lava can form fast-moving streams traveling 10 to 30 miles per hour.,3,May,Basalt lava can move quickly,Nature,The source gives the stated speed range for low-silica basalt lava streams.,high,https://pubs.usgs.gov/fs/fs002-97/fs00297.pdf,Lava flows,"Fact Sheet 002-97, revised March 2008: What are Volcano Hazards?",pubs.usgs.gov,verified
FACT-2027-05-30-S04,30,2027-05-30,Jewelry is among the objects included in the exhibition.,4,May,Nubian jewelry,Ancient Civilizations,The source lists jewelry among the exhibition objects.,high,https://www.si.edu/exhibitions/ancient-nubia-egypts-rival-africa-event-exhib-1221,Adornment,Source page,www.si.edu,verified
FACT-2027-05-30-S05,30,2027-05-30,The source says archaeology is used to learn about Native American culture because Native Americans left no written record of it.,5,May,Archaeology is used to study Native American culture,History,The source explicitly connects the study of Native American culture with archaeology due to the absence of a written record.,high,https://nps.gov/jame/learn/historyculture/index.htm,Archaeology,History & Culture - Historic Jamestowne Part of Colonial National Historical Park (U.S. National Park Service),nps.gov,verified
FACT-2027-05-30-S06,30,2027-05-30,Birds are warm-blooded vertebrates.,6,May,Birds are warm-blooded vertebrates,Animals,The source explicitly describes birds as warm-blooded vertebrates.,high,https://www.britannica.com/animal/bird-animal,Bird physiology,"Bird | Description, Species, Feathers, & Facts | Britannica",www.britannica.com,verified
FACT-2027-05-30-S07,30,2027-05-30,"England's first attempt at settlement in the area was the Roanoke colony in 1587, twenty years before Jamestown.",7,May,Roanoke preceded Jamestown as an English settlement attempt,History,The source identifies Roanoke as England's first settlement attempt in 1587 and places Jamestown's establishment twenty years later.,high,https://nps.gov/jame/learn/historyculture/index.htm,English Colonization,History & Culture - Historic Jamestowne Part of Colonial National Historical Park (U.S. National Park Service),nps.gov,verified
FACT-2027-05-30-S08,30,2027-05-30,Global wind systems fueled by energy from the Sun drive surface ocean currents.,8,May,Sun-powered winds drive surface currents,Ocean & Marine,NOAA says surface currents are driven by global wind systems fueled by solar energy.,high,https://oceanexplorer.noaa.gov/ocean-fact/currents/,Surface-current drivers,What causes ocean currents? - NOAA Ocean Exploration,oceanexplorer.noaa.gov,verified
FACT-2027-05-30-S09,30,2027-05-30,Invertebrates are animals that do not have backbones.,9,May,Invertebrates lack backbones,Science,The source states that invertebrates do not have backbones.,high,https://www.britannica.com/animal/animal,Animal Classification,"Animal | Definition, Types, & Facts | Britannica",www.britannica.com,verified
FACT-2027-05-30-S10,30,2027-05-30,The source identifies the right whale as the most endangered whale species off the U.S. coasts.,10,May,The Right Whale Is Highly Endangered off U.S. Coasts,Animals,The source states that the right whale is now the most endangered whale species off the U.S. coasts.,high,https://www.fisheries.noaa.gov/national/outreach-and-education/fun-facts-about-sea-life,Whale Conservation,Fun Facts About Sea Life | NOAA Fisheries,www.fisheries.noaa.gov,verified
FACT-2027-05-30-S11,30,2027-05-30,Geographers explore Earth's physical surface properties and the human societies spread across it.,11,May,Geography examines physical and human features,Geography,The source states that geographers study both Earth's physical properties and human societies.,high,https://education.nationalgeographic.org/resource/geography-article/,Scope,Geography,education.nationalgeographic.org,verified
FACT-2027-05-30-S12,30,2027-05-30,The solar system formed about 4.5 billion years ago from a dense cloud of interstellar gas and dust.,12,May,Solar system formation,Space,The source gives this age and describes formation from a dense interstellar cloud.,high,https://solarsystem.nasa.gov/solar-system/our-solar-system/in-depth.amp,Formation,In Depth | Our Solar System – NASA Solar System Exploration,solarsystem.nasa.gov,verified
FACT-2027-05-30-S13,30,2027-05-30,Walt Disney received 64 Oscar nominations during his career.,13,May,Most Oscar nominations,World Records & Extremes,The source states that Walt Disney received a total of 64 Oscar nominations.,high,https://www.guinnessworldrecords.com/news/2022/3/19-world-record-facts-that-will-help-you-in-a-quiz-694927,Film awards,19 world record facts that will help you in a quiz  | Guinness World Records,www.guinnessworldrecords.com,verified
FACT-2027-05-30-S14,30,2027-05-30,"The Chinchorro mummy was recovered from El Morro, Chile.",14,May,The Chinchorro mummy was found in Chile,Geography,"The source explicitly identifies El Morro, Chile, as the recovery location.",high,https://www.si.edu/stories/ancient-ink-iceman-otzi-has-worlds-oldest-tattoos,Archaeological Sites,Ancient Ink: Iceman Otzi Has World's Oldest Tattoos | Smithsonian Institution,www.si.edu,verified
FACT-2027-05-30-S15,30,2027-05-30,Circadian rhythm disorders occur when the sleep-wake cycle is out of sync with the environment.,15,May,Circadian rhythm disorders involve misalignment,Human Body,The source defines these disorders as occurring when the sleep-wake cycle is out of sync with the environment.,high,https://www.nhlbi.nih.gov/health/circadian-rhythm-disorders/causes,Sleep and circadian rhythms,"Circadian Rhythm Disorders - Causes and Risk Factors | NHLBI, NIH",www.nhlbi.nih.gov,verified
FACT-2027-05-30-S16,30,2027-05-30,"Teens may naturally have later bedtimes than adults, increasing their risk for delayed sleep-wake phase disorder.",16,May,Teens often have later bedtimes,Human Body,The source directly links later teen bedtimes with increased risk for delayed sleep-wake phase disorder.,high,https://www.nhlbi.nih.gov/health/circadian-rhythm-disorders/causes,Age-related sleep patterns,"Circadian Rhythm Disorders - Causes and Risk Factors | NHLBI, NIH",www.nhlbi.nih.gov,verified
FACT-2027-05-30-S17,30,2027-05-30,Fresh surface-water sources such as rivers and lakes make up about 1/150th of 1% of Earth's total water.,17,May,Rivers and lakes contain very little total water,Science,"The source gives approximately 22,300 cubic miles for fresh surface water and describes it as about 1/150th of 1% of total water.",high,https://www.usgs.gov/water-science-school/science/where-earths-water,Rivers and lakes,Where is Earth's Water? | U.S. Geological Survey,www.usgs.gov,verified
FACT-2027-05-30-S18,30,2027-05-30,Alexander Graham Bell is credited with inventing the telephone because his patented apparatus and demonstrations were successful.,18,May,Alexander Graham Bell is credited with inventing the telephone,Inventions,The Library of Congress states that Bell is credited as the telephone's inventor because his patent and demonstrations succeeded.,high,https://www.loc.gov/everyday-mysteries/item/who-is-credited-with-inventing-the-telephone,Telephone invention,Who is credited with inventing the telephone?  | Library of Congress,www.loc.gov,verified
FACT-2027-05-30-S19,30,2027-05-30,Ocean technology is one of the page’s ocean-related topic areas.,19,May,The page includes ocean technology,Technology,“Ocean Technology” appears as a listed category on the page.,high,https://oceanservice.noaa.gov/facts/,Ocean technology,NOAA's National Ocean Service: Newsroom,oceanservice.noaa.gov,verified
FACT-2027-05-30-S20,30,2027-05-30,Guinness World Records works with global brands and businesses on bespoke marketing campaigns involving world records.,20,May,Guinness World Records offers record-breaking campaigns,Money & Economics,The source says GWR works with leading global brands and businesses to break world records as part of bespoke marketing campaigns.,high,https://www.guinnessworldrecords.com/,Business marketing,Home | Guinness World Records,www.guinnessworldrecords.com,verified
FACT-2027-05-31-S01,31,2027-05-31,Sogdiana reached a peak of wealth and prominence during the 4th through 8th centuries CE.,1,May,Sogdiana flourished from the fourth to eighth centuries,History,The source identifies the 4th through 8th centuries CE as Sogdiana’s period of peak wealth and prominence.,high,https://sogdians.si.edu/introduction/,Ancient Central Asian history,"Who Were the Sogdians, | The Sogdians",sogdians.si.edu,verified
FACT-2027-05-31-S02,31,2027-05-31,Nearly every human tissue and organ has its own circadian rhythm.,2,May,Human organs have individual circadian rhythms,Human Body,The source states that nearly every tissue and organ in humans has its own circadian rhythm.,high,https://nigms.nih.gov/education/fact-sheets/Pages/circadian-rhythms,Organ Function,Circadian Rhythms | National Institute of General Medical Sciences,nigms.nih.gov,verified
FACT-2027-05-31-S03,31,2027-05-31,"People sometimes cut Spanish milled dollars into halves, quarters, eighths, and sixteenths to make change.",3,May,Spanish Dollars Were Cut for Change,Money & Economics,The source explains that Spanish milled dollars were divided into fractional pieces when smaller denominations were scarce.,high,https://www.usmint.gov/learn/history/us-circulating-coins,Historical Currency Practices,History of U.S. Circulating Coins | U.S. Mint,www.usmint.gov,verified
FACT-2027-05-31-S04,31,2027-05-31,"Humans drilled holes into three ground sloth osteoderms, indicating they were pendants worn as personal ornaments.",4,May,Sloth osteoderms were used as pendants,Ancient Civilizations,The source states that three osteoderms from Santa Elina had human-drilled holes and were therefore pendants.,high,https://humanorigins.si.edu/research/whats-hot-human-origins/humans-carved-sloth-bones-personal-ornaments,Adornment and Jewelry,Humans carved sloth bones into personal ornaments | The Smithsonian Institution's Human Origins Program,humanorigins.si.edu,verified
FACT-2027-05-31-S05,31,2027-05-31,Singer's changes made the sewing machine suitable for mass production in ways Howe's machine was not.,5,May,Singer's Production Advantage,Technology,The source explicitly states that Singer's changes made the machine viable for mass production.,high,https://guides.loc.gov/this-month-in-business-history/september/elias-howe-patented-sewing-machine,Manufacturing technology,Elias Howe Issued a Patent for the Sewing Machine - This Month in Business History - Research Guides at Library of Congress,guides.loc.gov,verified
FACT-2027-05-31-S06,31,2027-05-31,Fish and tadpoles breathe by means of gills.,6,May,Fish and tadpoles use gills,Animals,The source states that fish and tadpoles breathe with gills.,high,https://kids.britannica.com/students/article/animal/272874,Respiration,"animal
                    
                
                - Students | Britannica Kids | Homework Help",kids.britannica.com,verified
FACT-2027-05-31-S07,31,2027-05-31,Animals are members of the kingdom Animalia.,7,May,Animals belong to kingdom Animalia,Science,The source identifies animals as belonging to kingdom Animalia.,high,https://www.britannica.com/animal/animal,Taxonomy,"Animal | Definition, Types, & Facts | Britannica",www.britannica.com,verified
FACT-2027-05-31-S08,31,2027-05-31,"Melatonin may help people with insomnia, but its effect is small compared with other treatments.",8,May,Melatonin has a small effect on insomnia,Human Body,The source reports that a 2013 evaluation found a small effect of melatonin on insomnia.,high,https://files.nccih.nih.gov/s3fs-public/Sleep_Disorders_12-01-2015.pdf,Sleep Supplements,Sleep Disorders,files.nccih.nih.gov,verified
FACT-2027-05-31-S09,31,2027-05-31,The Kuiper Belt is a sparsely occupied ring of icy bodies beyond Neptune’s orbit.,9,May,The Kuiper Belt,Space,The source describes the Kuiper Belt as a ring of icy bodies past Neptune’s orbit.,high,https://solarsystem.nasa.gov/solar-system/our-solar-system/in-depth.amp,Small bodies,In Depth | Our Solar System – NASA Solar System Exploration,solarsystem.nasa.gov,verified
FACT-2027-05-31-S10,31,2027-05-31,"At least 16 major environmental shifts occurred at Olorgesailie between 1.2 million and 400,000 years ago.",10,May,Olorgesailie experienced repeated environmental shifts,Nature,The source explicitly reports at least 16 major environmental shifts during this interval.,high,https://humanorigins.si.edu/research/east-african-research-projects/olorgesailie-kenya,Pleistocene environmental change,"Olorgesailie, Kenya | The Smithsonian Institution's Human Origins Program",humanorigins.si.edu,verified
FACT-2027-05-31-S11,31,2027-05-31,Ocean currents are cohesive streams of seawater that circulate through the ocean.,11,May,Ocean currents are cohesive seawater streams,Ocean & Marine,NOAA defines currents as cohesive streams of seawater circulating through the ocean.,high,https://oceanexplorer.noaa.gov/ocean-fact/currents/,Ocean circulation,What causes ocean currents? - NOAA Ocean Exploration,oceanexplorer.noaa.gov,verified
FACT-2027-05-31-S12,31,2027-05-31,"Some ocean currents are short-lived and small, while others are vast flows that can take centuries to complete a circuit of the globe.",12,May,Ocean currents vary in size and duration,Ocean & Marine,"NOAA contrasts small, short-lived currents with vast flows taking centuries to circle the globe.",high,https://oceanexplorer.noaa.gov/ocean-fact/currents/,Current characteristics,What causes ocean currents? - NOAA Ocean Exploration,oceanexplorer.noaa.gov,verified
FACT-2027-05-31-S13,31,2027-05-31,The Texas State Capitol building is made of rocks from the Town Mountain Granite formation.,13,May,Texas Capitol rocks come from Town Mountain Granite,Geography,The Texas State Capitol building is made of rocks from this formation.,high,https://www.usgs.gov/news/featured-story/history-texas-under-your-feet-and-your-fingertips,Building Materials,The History of Texas is Under Your Feet and at Your Fingertips! | U.S. Geological Survey,www.usgs.gov,verified
FACT-2027-05-31-S14,31,2027-05-31,"Removing wolves from Yellowstone allowed elk numbers to increase and contributed to overgrazing, while wolf reintroduction was followed by positive ecosystem changes.",14,May,Wolves affect Yellowstone’s food web,Animals,"The source links wolf removal to increased elk and vegetation degradation, and describes later changes after wolves were reintroduced.",high,https://education.nationalgeographic.org/resource/ecosystem/,Predator-Prey Relationships,Ecosystem,education.nationalgeographic.org,verified
FACT-2027-05-31-S15,31,2027-05-31,"The four giant planets have rings, and at least one asteroid has rings.",15,May,The four giant planets have rings,Space,NASA states that the four giant planets and at least one asteroid have rings.,high,https://science.nasa.gov/solar-system/solar-system-facts/,Planetary Rings,Solar System: Facts - NASA Science,science.nasa.gov,verified
FACT-2027-05-31-S16,31,2027-05-31,Light and dark have the biggest influence on circadian rhythms.,16,May,Light and darkness strongly influence circadian rhythms,Science,The source states that light and dark have the biggest influence on circadian rhythms.,high,https://nigms.nih.gov/education/fact-sheets/Pages/circadian-rhythms,Environmental Cues,Circadian Rhythms | National Institute of General Medical Sciences,nigms.nih.gov,verified
FACT-2027-05-31-S17,31,2027-05-31,The fangtooth Anoplogaster cornuta has the biggest teeth of any ocean animal relative to its body size.,17,May,Fangtooth has large teeth relative to its body,World Records & Extremes,The source states that the fangtooth has the biggest teeth among ocean animals when compared with body size.,high,https://oceanexplorer.noaa.gov/ocean-facts/,Animal Extremes,Ocean Exploration Facts - NOAA Ocean Exploration,oceanexplorer.noaa.gov,verified
FACT-2027-05-31-S18,31,2027-05-31,"Article I, Section 8 empowered Congress to promote science and useful arts by granting authors and inventors exclusive rights for limited times.",18,May,The Constitution addressed invention,History,"The source quotes Article I, Section 8 as authorizing exclusive rights for writings and discoveries.",high,https://invention.si.edu/invention-stories/america-participates-innovation-1800s,United States Constitution,Source page,invention.si.edu,verified
FACT-2027-05-31-S19,31,2027-05-31,The center provides resources on invention education for innovative thinking.,19,May,Invention education resources are available,Inventions,The source describes a suite of in-house resources designed to encourage innovative thinking.,high,https://invention.si.edu/,Educational resources,Source page,invention.si.edu,verified
FACT-2027-05-31-S20,31,2027-05-31,An urban neighborhood may have traditional cultural significance when it is the traditional home of a cultural group and reflects that group's beliefs and practices.,20,May,Traditional cultural properties can include neighborhoods,Geography,The source explicitly identifies such urban neighborhoods as examples of traditional cultural properties.,high,https://www.nps.gov/subjects/nationalregister/upload/NRB38-Completeweb.pdf,Cultural Landscapes,National Register Bulletin 38,www.nps.gov,verified