ID,Day,Date,Fact,Slot,Month,Title,Category,Evidence,Confidence,Source URL,Subcategory,Source title,Source domain,Verification status
FACT-2026-11-01-S01,1,2026-11-01,The USGS monitors and researches natural hazards to help decision-makers prepare for and respond to events that threaten life and property.,1,November,USGS natural-hazard scope,Science,The USGS monitors and conducts research on a wide range of natural hazards to help decision-makers prepare for and respond to hazard events.,high,https://www.usgs.gov/science/faqs/natural-hazards,Earth Science,Natural Hazards | U.S. Geological Survey,usgs.gov,verified
FACT-2026-11-01-S02,1,2026-11-01,"The term “solar” comes from the Latin word for Sun, “solis.”",2,November,Solar system name,Space,The planetary system is called the solar system because “solar” describes things related to the Sun and derives from “solis.”,high,https://science.nasa.gov/solar-system/solar-system-facts/,Solar System,Solar System: Facts - NASA Science,science.nasa.gov,verified
FACT-2026-11-01-S03,1,2026-11-01,The brain is the most complex part of the human body.,3,November,Brain complexity,Human Body,The source states that the brain is the most complex part of the human body.,high,https://www.ninds.nih.gov/health-information/public-education/brain-basics/brain-basics-know-your-brain,Neuroscience,Brain Basics: Know Your Brain | National Institute of Neurological Disorders and Stroke,ninds.nih.gov,verified
FACT-2026-11-01-S04,1,2026-11-01,"Memory consists of encoding, storage, and retrieval processes.",4,November,Memory functions,Psychology,"The source defines memory as processes used to “encode, store, and retrieve information.”",high,https://openstax.org/books/psychology-2e/pages/8-1-how-memory-functions,Memory,8.1 How Memory Functions - Psychology 2e | OpenStax,openstax.org,verified
FACT-2026-11-01-S05,1,2026-11-01,The Aldabra tortoise’s scientific name is Geochelone gigantea.,5,November,Aldabra tortoise scientific name,Animals,Aldabra tortoise — Scientific Name: Geochelone gigantea,high,https://nationalzoo.si.edu/animals,Zoology,Animals,nationalzoo.si.edu,verified
FACT-2026-11-01-S06,1,2026-11-01,A landform is a feature on Earth's surface that is part of the terrain.,6,November,Definition of a landform,Geography,A landform is a feature on Earth's surface that is part of the terrain.,high,https://education.nationalgeographic.org/resource/landform/,Physical Geography,Landform,education.nationalgeographic.org,verified
FACT-2026-11-01-S07,1,2026-11-01,The National Archives lesson examines U.S. foreign policy from 1920 to 2020.,7,November,National Archives lesson focus,History,The lesson is titled “Seeing the Big Picture: U.S. Foreign Policy 1920-2020.”,high,https://www.archives.gov/legislative/resources/education/foreign-policy-1920-2020,Modern History,Seeing the Big Picture: U.S. Foreign Policy 1920-2020 | National Archives,archives.gov,verified
FACT-2026-11-01-S08,1,2026-11-01,The modern light bulb resulted from a series of improvements by multiple inventors rather than one inventor.,8,November,The light bulb had multiple contributors,Technology,“The light bulb can’t be credited to one inventor. It was a series of small improvements...”,high,https://www.energy.gov/articles/history-light-bulb,Lighting Technology,The History of the Light Bulb | Department of Energy,energy.gov,verified
FACT-2026-11-01-S09,1,2026-11-01,Black holes are among the most mysterious cosmic objects and are not fully understood.,9,November,Black holes are mysterious cosmic objects,Mystery & Unexplained,"“Black holes are among the most mysterious cosmic objects, much studied but not fully understood.”",high,https://science.nasa.gov/universe/black-holes/,Black Holes,Black Holes - NASA Science,science.nasa.gov,verified
FACT-2026-11-01-S10,1,2026-11-01,The ancient Near East extended from Turkey to the Indus Valley of present-day Pakistan and from the Caucasus to the Arabian Peninsula.,10,November,Ancient Near East geographic scope,Ancient Civilizations,The source defines the ancient Near East as a vast area from Turkey to the Indus Valley and from the Caucasus to the Arabian Peninsula.,high,https://www.metmuseum.org/learn/educators/curriculum-resources/the-art-of-the-ancient-near-east,Ancient Near East,The Art of the Ancient Near East | The Metropolitan Museum of Art,metmuseum.org,verified
FACT-2026-11-01-S11,1,2026-11-01,The blue whale (Balaenoptera musculus) is the largest mammal and the largest animal on Earth by weight.,11,November,Largest mammal,World Records & Extremes,The source identifies the blue whale as the largest mammal and largest animal on Earth based on weight.,high,https://guinnessworldrecords.com/world-records/largest-mammal,Verified Records,Largest mammal | Guinness World Records,guinnessworldrecords.com,verified
FACT-2026-11-01-S12,1,2026-11-01,The Web of Life activity has students construct a food web for Craters.,12,November,Food web activity setting,Nature,“Students learn about the complexity of life and interrelationships between living things by constructing a Craters food web.”,high,https://www.nps.gov/teachers/classrooms/web-of-life-teacher-s-guide-ecology.htm,Ecology,Web of Life (Teacher's Guide/Ecology) -  Teachers (U.S. National Park Service),nps.gov,verified
FACT-2026-11-01-S13,1,2026-11-01,The variety of terms used on packaged-food date labels can create uncertainty about their meaning.,13,November,Date labels often cause uncertainty,Food,"The source states that terms such as “use before,” “sell by,” and “expires on” often result in uncertainty.",high,https://wicworks.fns.usda.gov/resources/confused-date-labels-packaged-foods,Food Safety,Confused by Date Labels on Packaged Foods? | WIC Works Resource System,wicworks.fns.usda.gov,verified
FACT-2026-11-01-S14,1,2026-11-01,An invention is the creation of something new.,14,November,Definition of invention,Inventions,The background section defines invention as “creating something new.”,high,https://www.loc.gov/classroom-materials/inventions-and-innovations/,Innovation History,Inventions and Innovations | Classroom Materials at the Library of Congress | Library of Congress,loc.gov,verified
FACT-2026-11-01-S15,1,2026-11-01,Country Profiles present the latest key development data drawn from the World Development Indicators database.,15,November,World Bank Country Profiles purpose,Country Facts,“Country profiles present the latest key development data drawn from the World Development Indicators (WDI) database.”,high,https://datacatalog.worldbank.org/search/dataset/0041074/country-profiles,Global Data,Country Profiles - World Bank Data Catalog,datacatalog.worldbank.org,verified
FACT-2026-11-01-S16,1,2026-11-01,Ovid’s Metamorphoses is a 15-book Latin poem written around 8 C.E.,16,November,Ovid’s Metamorphoses,Mythology & Legends,The article states that Ovid wrote the 15-book poem in Latin around 8 C.E.,high,https://www.smithsonianmag.com/smart-news/see-how-ovids-metamorphoses-inspired-centuries-of-artists-from-caravaggio-to-rene-magritte-180988224/,Classical Mythology,See How Ovid's 'Metamorphoses' Inspired Centuries of Artists—From Caravaggio to René Magritte,smithsonianmag.com,verified
FACT-2026-11-01-S17,1,2026-11-01,St. Elmo’s Fire is a colorful discharge of atmospheric electricity that typically occurs during a thunderstorm.,17,November,St. Elmo’s Fire,Ocean & Marine,“St. Elmo's Fire is a colorful discharge of atmospheric electricity that typically occurs during a thunderstorm.”,high,https://oceanservice.noaa.gov/ocean/weird-ocean-weather.html,Ocean Phenomena,Weird Ocean Phenomena,oceanservice.noaa.gov,verified
FACT-2026-11-01-S18,1,2026-11-01,"Writing was independently invented in five areas of the ancient world: Mesopotamia, Egypt, China, the Indus Valley, and Mesoamerica.",18,November,Independent invention of writing,Language,"“Writing was independently invented in five areas of the ancient world: Mesopotamia, Egypt, China, the Indus Valley, and Mesoamerica.”",high,https://www.loc.gov/exhibits/exploring-the-early-americas/language-and-context.html,Writing Systems,Language and Context - Exploring the Early Americas | Exhibitions - Library of Congress,loc.gov,verified
FACT-2026-11-01-S19,1,2026-11-01,An asset is any tangible or intangible item that has value in an exchange.,19,November,Asset,Money & Economics,“Any tangible or intangible item that has value in an exchange.”,high,https://www.investor.gov/introduction-investing/investing-basics/glossary,Investment Terms,Glossary | Investor.gov,investor.gov,verified
FACT-2026-11-01-S20,1,2026-11-01,Anne Cary Randolph kept the household accounts described in the source.,20,November,Account keeper,Everyday Life,“Thomas and Martha Jefferson’s teenaged granddaughter kept her household accounts”,high,https://loc.gov/collections/thomas-jefferson-papers/articles-and-essays/anne-cary-randolphs-household-accounts,Household History,"Collection 
            
             Thomas Jefferson Papers, 1606 to 1827",loc.gov,verified
FACT-2026-11-02-S01,2,2026-11-02,The Volcano Notification Service provides email updates about volcanic activity at U.S. monitored volcanoes.,1,November,Volcano Notification Service,Science,Users can sign up through the VNS website for emails about volcanic activity at U.S. monitored volcanoes.,high,https://www.usgs.gov/science/faqs/natural-hazards,Earth Science,Natural Hazards | U.S. Geological Survey,usgs.gov,verified
FACT-2026-11-02-S02,2,2026-11-02,"The solar system orbits the center of the Milky Way at about 515,000 mph (828,000 kph).",2,November,Galactic orbit speed,Space,"NASA states that the solar system orbits the galactic center at about 515,000 mph (828,000 kph).",high,https://science.nasa.gov/solar-system/solar-system-facts/,Solar System,Solar System: Facts - NASA Science,science.nasa.gov,verified
FACT-2026-11-02-S03,2,2026-11-02,"The brain is involved in intelligence, sensory interpretation, body movement, and behavior.",3,November,Brain functions,Human Body,"The source describes the brain as the seat of intelligence, interpreter of the senses, initiator of movement, and controller of behavior.",high,https://www.ninds.nih.gov/health-information/public-education/brain-basics/brain-basics-know-your-brain,Neuroscience,Brain Basics: Know Your Brain | National Institute of Neurological Disorders and Stroke,ninds.nih.gov,verified
FACT-2026-11-02-S04,2,2026-11-02,Encoding is the input of information into the memory system.,4,November,Encoding,Psychology,The source states that encoding is “the input of information into the memory system.”,high,https://openstax.org/books/psychology-2e/pages/8-1-how-memory-functions,Memory,8.1 How Memory Functions - Psychology 2e | OpenStax,openstax.org,verified
FACT-2026-11-02-S05,2,2026-11-02,The Aldabra tortoise is located in the Reptile Discovery Center.,5,November,Aldabra tortoise exhibit,Animals,Aldabra tortoise — Reptile Discovery Center,high,https://nationalzoo.si.edu/animals,Zoology,Animals,nationalzoo.si.edu,verified
FACT-2026-11-02-S06,2,2026-11-02,"The four major types of landforms are mountains, hills, plateaus, and plains.",6,November,Major landform types,Geography,"Mountains, hills, plateaus and plains are the four major types of landforms.",high,https://education.nationalgeographic.org/resource/landform/,Physical Geography,Landform,education.nationalgeographic.org,verified
FACT-2026-11-02-S07,2,2026-11-02,The lesson has students analyze primary source documents and a timeline of foreign affairs and domestic events.,7,November,Role of primary sources,History,The summary states that students analyze primary source documents and a timeline.,high,https://www.archives.gov/legislative/resources/education/foreign-policy-1920-2020,Modern History,Seeing the Big Picture: U.S. Foreign Policy 1920-2020 | National Archives,archives.gov,verified
FACT-2026-11-02-S08,2,2026-11-02,The first constant electric light was demonstrated in 1835.,8,November,First constant electric light,Technology,"“In 1835, the first constant electric light was demonstrated.”",high,https://www.energy.gov/articles/history-light-bulb,Lighting Technology,The History of the Light Bulb | Department of Energy,energy.gov,verified
FACT-2026-11-02-S09,2,2026-11-02,Black holes are huge concentrations of matter packed into very tiny spaces.,9,November,Black holes are concentrations of matter,Mystery & Unexplained,“They’re huge concentrations of matter packed into very tiny spaces.”,high,https://science.nasa.gov/universe/black-holes/,Black Holes,Black Holes - NASA Science,science.nasa.gov,verified
FACT-2026-11-02-S10,2,2026-11-02,Many features of civilization originated in the lands known as the ancient Near East.,10,November,Origins of civilization,Ancient Civilizations,The source states that many features of civilization originated in the ancient Near East.,high,https://www.metmuseum.org/learn/educators/curriculum-resources/the-art-of-the-ancient-near-east,Ancient Near East,The Art of the Ancient Near East | The Metropolitan Museum of Art,metmuseum.org,verified
FACT-2026-11-02-S11,2,2026-11-02,The heaviest documented blue whale was a female weighing 190 tonnes and measuring 27.6 metres.,11,November,Heaviest blue whale,World Records & Extremes,A female blue whale weighing 190 tonnes and measuring 27.6 m was caught in the Southern Ocean on 20 March 1947.,high,https://guinnessworldrecords.com/world-records/largest-mammal,Verified Records,Largest mammal | Guinness World Records,guinnessworldrecords.com,verified
FACT-2026-11-02-S12,2,2026-11-02,A learning objective is for students to describe several relationships between living things at Craters.,12,November,Relationships among living things,Nature,“Students will be able to describe several relationships between living things at Craters.”,high,https://www.nps.gov/teachers/classrooms/web-of-life-teacher-s-guide-ecology.htm,Ecology,Web of Life (Teacher's Guide/Ecology) -  Teachers (U.S. National Park Service),nps.gov,verified
FACT-2026-11-02-S13,2,2026-11-02,Confusion about packaged-food date labels contributes to about 20% of food waste in the home.,13,November,Date-label confusion contributes to food waste,Food,The source attributes about 20% of household food waste to uncertainty about date labels.,high,https://wicworks.fns.usda.gov/resources/confused-date-labels-packaged-foods,Food Safety,Confused by Date Labels on Packaged Foods? | WIC Works Resource System,wicworks.fns.usda.gov,verified
FACT-2026-11-02-S14,2,2026-11-02,An innovation is an improvement on something previously developed.,14,November,Definition of innovation,Inventions,The background section defines innovation as “improving on something previously developed.”,high,https://www.loc.gov/classroom-materials/inventions-and-innovations/,Innovation History,Inventions and Innovations | Classroom Materials at the Library of Congress | Library of Congress,loc.gov,verified
FACT-2026-11-02-S15,2,2026-11-02,The World Development Indicators database is the World Bank's primary database for cross-country comparable development data.,15,November,World Development Indicators role,Country Facts,“the World Bank's primary database for cross-country comparable development data.”,high,https://datacatalog.worldbank.org/search/dataset/0041074/country-profiles,Global Data,Country Profiles - World Bank Data Catalog,datacatalog.worldbank.org,verified
FACT-2026-11-02-S16,2,2026-11-02,Metamorphoses weaves together more than 200 mythological stories centered on themes of transformation.,16,November,Mythological stories in Metamorphoses,Mythology & Legends,The article describes the poem as weaving together more than 200 mythological stories with themes of transformation.,high,https://www.smithsonianmag.com/smart-news/see-how-ovids-metamorphoses-inspired-centuries-of-artists-from-caravaggio-to-rene-magritte-180988224/,Classical Mythology,See How Ovid's 'Metamorphoses' Inspired Centuries of Artists—From Caravaggio to René Magritte,smithsonianmag.com,verified
FACT-2026-11-02-S17,2,2026-11-02,"St. Elmo’s Fire can occur when a sharp object, such as a ship’s mast, encounters an extraordinarily high electrical field and many electrons.",17,November,How St. Elmo’s Fire forms,Ocean & Marine,“When a sharp object (such as a ship’s mast) comes in contact with an extraordinarily high electrical field and a large number of electrons…”,high,https://oceanservice.noaa.gov/ocean/weird-ocean-weather.html,Ocean Phenomena,Weird Ocean Phenomena,oceanservice.noaa.gov,verified
FACT-2026-11-02-S18,2,2026-11-02,One scholar characterized the Maya glyphic system as a syllabic and pictorial writing system and one of the most visually diverse scripts ever conceived.,18,November,Distinctiveness of Maya writing,Language,The page quotes a scholar describing Maya writing as “syllabic and pictorial” and “one of the most visually diverse scripts ever conceived.”,high,https://www.loc.gov/exhibits/exploring-the-early-americas/language-and-context.html,Writing Systems,Language and Context - Exploring the Early Americas | Exhibitions - Library of Congress,loc.gov,verified
FACT-2026-11-02-S19,2,2026-11-02,"Asset allocation involves dividing investments among categories such as stocks, bonds, and cash.",19,November,Asset allocation,Money & Economics,"“Asset allocation involves dividing your investments among different categories, such as stocks, bonds, and cash.”",high,https://www.investor.gov/introduction-investing/investing-basics/glossary,Investment Terms,Glossary | Investor.gov,investor.gov,verified
FACT-2026-11-02-S20,2,2026-11-02,The accounts cover a period from 1805 to 1808.,20,November,Account period,Everyday Life,"Title: “Anne Cary Randolph’s Household Accounts, 1805-1808”",high,https://loc.gov/collections/thomas-jefferson-papers/articles-and-essays/anne-cary-randolphs-household-accounts,Household History,"Collection 
            
             Thomas Jefferson Papers, 1606 to 1827",loc.gov,verified
FACT-2026-11-03-S01,3,2026-11-03,Volcano Notification Service users can customize notices by volcano and notice type.,1,November,Customizable volcanic-activity notices,Science,The VNS allows users to select certain volcanoes or multiple volcanoes and choose the notice types they receive.,high,https://www.usgs.gov/science/faqs/natural-hazards,Earth Science,Natural Hazards | U.S. Geological Survey,usgs.gov,verified
FACT-2026-11-03-S02,3,2026-11-03,The solar system takes about 230 million years to complete one orbit around the Milky Way’s center.,2,November,Galactic orbital period,Space,NASA states that one orbit around the galactic center takes about 230 million years.,high,https://science.nasa.gov/solar-system/solar-system-facts/,Solar System,Solar System: Facts - NASA Science,science.nasa.gov,verified
FACT-2026-11-03-S03,3,2026-11-03,"The brain can be divided into the forebrain, midbrain, and hindbrain.",3,November,Brain divisions,Human Body,"The source identifies three basic brain units: the forebrain, midbrain, and hindbrain.",high,https://www.ninds.nih.gov/health-information/public-education/brain-basics/brain-basics-know-your-brain,Neuroscience,Brain Basics: Know Your Brain | National Institute of Neurological Disorders and Stroke,ninds.nih.gov,verified
FACT-2026-11-03-S04,3,2026-11-03,Storage is the creation of a permanent record of information.,4,November,Storage,Psychology,The source defines storage as “the creation of a permanent record of information.”,high,https://openstax.org/books/psychology-2e/pages/8-1-how-memory-functions,Memory,8.1 How Memory Functions - Psychology 2e | OpenStax,openstax.org,verified
FACT-2026-11-03-S05,3,2026-11-03,The Asian elephant’s scientific name is Elephas maximus.,5,November,Asian elephant scientific name,Animals,Asian elephant — Scientific Name: Elephas maximus,high,https://nationalzoo.si.edu/animals,Zoology,Animals,nationalzoo.si.edu,verified
FACT-2026-11-03-S06,3,2026-11-03,"Minor landforms include buttes, canyons, valleys, and basins.",6,November,Minor landforms,Geography,"Minor landforms include buttes, canyons, valleys and basins.",high,https://education.nationalgeographic.org/resource/landform/,Physical Geography,Landform,education.nationalgeographic.org,verified
FACT-2026-11-03-S07,3,2026-11-03,The lesson includes information about the United Nations and UNICEF.,7,November,International organizations in the lesson,History,The timeline and documents include information on the United Nations and UNICEF.,high,https://www.archives.gov/legislative/resources/education/foreign-policy-1920-2020,Modern History,Seeing the Big Picture: U.S. Foreign Policy 1920-2020 | National Archives,archives.gov,verified
FACT-2026-11-03-S08,3,2026-11-03,"For about 40 years after 1835, scientists worked on incandescent lamps, including their filaments and bulb atmospheres.",8,November,Early incandescent-light research,Technology,"“For the next 40 years, scientists around the world worked on the incandescent lamp...”",high,https://www.energy.gov/articles/history-light-bulb,Lighting Technology,The History of the Light Bulb | Department of Energy,energy.gov,verified
FACT-2026-11-03-S09,3,2026-11-03,"A black hole’s gravity just beneath its event horizon is strong enough that nothing, including light, can escape.",9,November,Event horizons prevent escape,Mystery & Unexplained,"“Gravity just beneath its surface, the event horizon, is strong enough that nothing – not even light – can escape.”",high,https://science.nasa.gov/universe/black-holes/,Black Holes,Black Holes - NASA Science,science.nasa.gov,verified
FACT-2026-11-03-S10,3,2026-11-03,The resource covers cultures and art from the eighth millennium B.C. to the middle of the seventh century A.D.,10,November,Ancient Near Eastern chronology,Ancient Civilizations,The source specifies the period from the eighth millennium B.C. to the middle of the seventh century A.D.,high,https://www.metmuseum.org/learn/educators/curriculum-resources/the-art-of-the-ancient-near-east,Ancient Near East,The Art of the Ancient Near East | The Metropolitan Museum of Art,metmuseum.org,verified
FACT-2026-11-03-S11,3,2026-11-03,The longest documented blue whale was a female measuring approximately 33.57 metres.,11,November,Longest documented blue whale,World Records & Extremes,"A female landed in 1909 at Grytviken was recorded as 107 Norwegian feet, equivalent to 33.57 m.",high,https://guinnessworldrecords.com/world-records/largest-mammal,Verified Records,Largest mammal | Guinness World Records,guinnessworldrecords.com,verified
FACT-2026-11-03-S12,3,2026-11-03,A learning objective is for students to trace the flow of energy through a food web.,12,November,Energy flow objective,Nature,“Students will be able to trace the flow of energy through a food web.”,high,https://www.nps.gov/teachers/classrooms/web-of-life-teacher-s-guide-ecology.htm,Ecology,Web of Life (Teacher's Guide/Ecology) -  Teachers (U.S. National Park Service),nps.gov,verified
FACT-2026-11-03-S13,3,2026-11-03,“Best if Used By” dates relate to the quality rather than the safety of food.,13,November,Best-if-used-by dates concern quality,Food,"The source explicitly says these dates relate to food quality, not safety.",high,https://wicworks.fns.usda.gov/resources/confused-date-labels-packaged-foods,Food Safety,Confused by Date Labels on Packaged Foods? | WIC Works Resource System,wicworks.fns.usda.gov,verified
FACT-2026-11-03-S14,3,2026-11-03,Invention and innovation have been important aspects of American life since the country’s founding.,14,November,Invention and innovation in American life,Inventions,The background section states that invention and innovation have served as important aspects of American life since the country’s founding.,high,https://www.loc.gov/classroom-materials/inventions-and-innovations/,Innovation History,Inventions and Innovations | Classroom Materials at the Library of Congress | Library of Congress,loc.gov,verified
FACT-2026-11-03-S15,3,2026-11-03,"The Country Profiles metadata was last updated on November 16, 2022.",15,November,Country Profiles metadata update,Country Facts,"“Metadata last updated on Nov 16, 2022”",high,https://datacatalog.worldbank.org/search/dataset/0041074/country-profiles,Global Data,Country Profiles - World Bank Data Catalog,datacatalog.worldbank.org,verified
FACT-2026-11-03-S16,3,2026-11-03,"The stories in Metamorphoses are arranged chronologically, beginning with the creation of the world and ending with Julius Caesar’s death.",16,November,Structure of Metamorphoses,Mythology & Legends,The article’s quick fact states that the stories proceed from the creation of the world to the death of Julius Caesar.,high,https://www.smithsonianmag.com/smart-news/see-how-ovids-metamorphoses-inspired-centuries-of-artists-from-caravaggio-to-rene-magritte-180988224/,Classical Mythology,See How Ovid's 'Metamorphoses' Inspired Centuries of Artists—From Caravaggio to René Magritte,smithsonianmag.com,verified
FACT-2026-11-03-S17,3,2026-11-03,The electrons involved in St. Elmo’s Fire can glow in various colors.,17,November,Colors of St. Elmo’s Fire,Ocean & Marine,"“The electrons can glow in various colors, like a neon sign.”",high,https://oceanservice.noaa.gov/ocean/weird-ocean-weather.html,Ocean Phenomena,Weird Ocean Phenomena,oceanservice.noaa.gov,verified
FACT-2026-11-03-S18,3,2026-11-03,"Maya writing was recorded on ceramics, stone, wood, shell, textiles, animal hides, and screen-fold codex books.",18,November,Maya writing media,Language,"“Maya writing was recorded on a wide variety of media that include ceramics, stone, wood, shell, textiles, animal hides, and screen-fold codex books.”",high,https://www.loc.gov/exhibits/exploring-the-early-americas/language-and-context.html,Writing Systems,Language and Context - Exploring the Early Americas | Exhibitions - Library of Congress,loc.gov,verified
FACT-2026-11-03-S19,3,2026-11-03,A basis point is one one-hundredth of a percentage point; eight percent equals 800 basis points.,19,November,Basis point,Money & Economics,"“One one-hundredth (.01) of a percentage point. For example, eight percent is equal to 800 basis points.”",high,https://www.investor.gov/introduction-investing/investing-basics/glossary,Investment Terms,Glossary | Investor.gov,investor.gov,verified
FACT-2026-11-03-S20,3,2026-11-03,The accounts were maintained at Monticello.,20,November,Account location,Everyday Life,“household and kitchen accounts maintained by Jefferson's granddaughter ... at Monticello”,high,https://loc.gov/collections/thomas-jefferson-papers/articles-and-essays/anne-cary-randolphs-household-accounts,Household History,"Collection 
            
             Thomas Jefferson Papers, 1606 to 1827",loc.gov,verified
FACT-2026-11-04-S01,4,2026-11-04,Most earthquakes occur near tectonic plate boundaries.,1,November,Earthquakes near plate boundaries,Science,The source states that most earthquakes occur near tectonic plate boundaries.,high,https://www.usgs.gov/science/faqs/natural-hazards,Earth Science,Natural Hazards | U.S. Geological Survey,usgs.gov,verified
FACT-2026-11-04-S02,4,2026-11-04,"Venus is the hottest planet in the solar system, even though Mercury is closer to the Sun.",2,November,Hottest planet,Space,NASA identifies Venus as the hottest planet and notes that Mercury is closer to the Sun.,high,https://science.nasa.gov/solar-system/solar-system-facts/,Solar System,Solar System: Facts - NASA Science,science.nasa.gov,verified
FACT-2026-11-04-S03,4,2026-11-04,"The hindbrain includes the upper spinal cord, brain stem, and cerebellum.",3,November,Hindbrain functions,Human Body,The source lists these structures as parts of the hindbrain.,high,https://www.ninds.nih.gov/health-information/public-education/brain-basics/brain-basics-know-your-brain,Neuroscience,Brain Basics: Know Your Brain | National Institute of Neurological Disorders and Stroke,ninds.nih.gov,verified
FACT-2026-11-04-S04,4,2026-11-04,Retrieval is getting information out of memory and back into conscious awareness.,4,November,Retrieval,Psychology,The source describes retrieval as getting information “out of memory storage and back into conscious awareness.”,high,https://openstax.org/books/psychology-2e/pages/8-1-how-memory-functions,Memory,8.1 How Memory Functions - Psychology 2e | OpenStax,openstax.org,verified
FACT-2026-11-04-S05,4,2026-11-04,The Asian elephant is located in Elephant Trails.,5,November,Asian elephant exhibit,Animals,Asian elephant — Elephant Trails,high,https://nationalzoo.si.edu/animals,Zoology,Animals,nationalzoo.si.edu,verified
FACT-2026-11-04-S06,4,2026-11-04,Tectonic plate movement can create landforms by pushing up mountains and hills.,6,November,Tectonic creation of landforms,Geography,Tectonic plate movement under Earth can create landforms by pushing up mountains and hills.,high,https://education.nationalgeographic.org/resource/landform/,Physical Geography,Landform,education.nationalgeographic.org,verified
FACT-2026-11-04-S07,4,2026-11-04,The lesson uses the United Nations and UNICEF to illustrate the role of international agencies in U.S. foreign policy and global living conditions.,7,November,Foreign policy and international agencies,History,The summary says these agencies illustrate their role in advancing U.S. foreign policy and improving living conditions.,high,https://www.archives.gov/legislative/resources/education/foreign-policy-1920-2020,Modern History,Seeing the Big Picture: U.S. Foreign Policy 1920-2020 | National Archives,archives.gov,verified
FACT-2026-11-04-S08,4,2026-11-04,Thomas Edison patented his incandescent light bulb first in 1879 and again in 1880.,8,November,Edison’s incandescent-light patents,Technology,“Thomas Edison patented -- first in 1879 and then a year later in 1880...”,high,https://www.energy.gov/articles/history-light-bulb,Lighting Technology,The History of the Light Bulb | Department of Energy,energy.gov,verified
FACT-2026-11-04-S09,4,2026-11-04,The event horizon is a boundary containing all the matter that makes up a black hole.,9,November,The event horizon is a boundary,Mystery & Unexplained,“It’s a boundary that contains all the matter that makes up the black hole.”,high,https://science.nasa.gov/universe/black-holes/,Black Holes,Black Holes - NASA Science,science.nasa.gov,verified
FACT-2026-11-04-S10,4,2026-11-04,"Ancient Near Eastern art included sculpture, silver and gold ritual vessels and objects, monumental reliefs, cuneiform tablets, and stamp and cylinder seals.",10,November,Ancient Near Eastern art forms,Ancient Civilizations,The source lists these forms among the thirty featured works.,high,https://www.metmuseum.org/learn/educators/curriculum-resources/the-art-of-the-ancient-near-east,Ancient Near East,The Art of the Ancient Near East | The Metropolitan Museum of Art,metmuseum.org,verified
FACT-2026-11-04-S11,4,2026-11-04,Fully grown blue whales are approximately 20–30 metres long.,11,November,Blue whale adult length,World Records & Extremes,The source states that fully grown blue whales are around 20–30 m long.,high,https://guinnessworldrecords.com/world-records/largest-mammal,Verified Records,Largest mammal | Guinness World Records,guinnessworldrecords.com,verified
FACT-2026-11-04-S12,4,2026-11-04,Lichens accelerate the erosion of the rock and tree trunks on which they grow.,12,November,Lichens and erosion,Nature,“Lichens accelerate the erosion of rock and tree trunks on which they grow.”,high,https://www.nps.gov/teachers/classrooms/web-of-life-teacher-s-guide-ecology.htm,Ecology,Web of Life (Teacher's Guide/Ecology) -  Teachers (U.S. National Park Service),nps.gov,verified
FACT-2026-11-04-S13,4,2026-11-04,"When stored properly, products do not necessarily have to be discarded after a “Best if Used By” date.",13,November,Food may remain acceptable after a best-if-used-by date,Food,The source states that properly stored products do not necessarily need to be discarded after that date.,high,https://wicworks.fns.usda.gov/resources/confused-date-labels-packaged-foods,Food Safety,Confused by Date Labels on Packaged Foods? | WIC Works Resource System,wicworks.fns.usda.gov,verified
FACT-2026-11-04-S14,4,2026-11-04,"Inventive processes can include identifying problems, designing solutions, building prototypes, iterating designs, collaborating, communicating findings, and navigating business and legal issues.",14,November,Inventive processes,Inventions,The background section lists these activities as features of inventive processes.,high,https://www.loc.gov/classroom-materials/inventions-and-innovations/,Innovation History,Inventions and Innovations | Classroom Materials at the Library of Congress | Library of Congress,loc.gov,verified
FACT-2026-11-04-S15,4,2026-11-04,Version 3 is the latest listed version of the Country Profiles dataset.,15,November,Country Profiles latest version,Country Facts,“Version : 3 (Latest)”,high,https://datacatalog.worldbank.org/search/dataset/0041074/country-profiles,Global Data,Country Profiles - World Bank Data Catalog,datacatalog.worldbank.org,verified
FACT-2026-11-04-S16,4,2026-11-04,"In the article’s description of Metamorphoses, Medusa has snakes for hair and can turn people to stone with her gaze.",16,November,Medusa,Mythology & Legends,The article identifies Medusa as snake-haired and says her gaze could turn people to stone.,high,https://www.smithsonianmag.com/smart-news/see-how-ovids-metamorphoses-inspired-centuries-of-artists-from-caravaggio-to-rene-magritte-180988224/,Classical Mythology,See How Ovid's 'Metamorphoses' Inspired Centuries of Artists—From Caravaggio to René Magritte,smithsonianmag.com,verified
FACT-2026-11-04-S17,4,2026-11-04,"The name St. Elmo’s Fire derives from St. Erasmus of Formia, one of the two patron saints of sailors.",17,November,Origin of the name St. Elmo’s Fire,Ocean & Marine,"“‘St. Elmo’ is a derivation of St. Erasmus of Formia, one of the two patron saints of sailors.”",high,https://oceanservice.noaa.gov/ocean/weird-ocean-weather.html,Ocean Phenomena,Weird Ocean Phenomena,oceanservice.noaa.gov,verified
FACT-2026-11-04-S18,4,2026-11-04,The glyphs on the Vase with Eleven Figures are not legible and function as pseudoglyphs conveying the idea of writing.,18,November,Pseudoglyphs on the Vase with Eleven Figures,Language,The vessel’s glyphs are described as “not legible” and as “repetitious and imaginative pseudoglyphs” that convey the “idea” of writing.,high,https://www.loc.gov/exhibits/exploring-the-early-americas/language-and-context.html,Writing Systems,Language and Context - Exploring the Early Americas | Exhibitions - Library of Congress,loc.gov,verified
FACT-2026-11-04-S19,4,2026-11-04,"A bear market is a period when stock prices decline and market sentiment is pessimistic; generally, it involves a broad market index falling 20% or more over at least two months.",19,November,Bear market,Money & Economics,“A time when stock prices are declining and market sentiment is pessimistic… a broad market index falls by 20% or more over at least a two-month period.”,high,https://www.investor.gov/introduction-investing/investing-basics/glossary,Investment Terms,Glossary | Investor.gov,investor.gov,verified
FACT-2026-11-04-S20,4,2026-11-04,Anne Cary Randolph was fourteen years old when the accounts began in 1805.,20,November,Beginning age,Everyday Life,"“The accounts begin in 1805, when Anne Cary Randolph was fourteen years old”",high,https://loc.gov/collections/thomas-jefferson-papers/articles-and-essays/anne-cary-randolphs-household-accounts,Household History,"Collection 
            
             Thomas Jefferson Papers, 1606 to 1827",loc.gov,verified
FACT-2026-11-05-S01,5,2026-11-05,"Tectonic plates can slide past one another, collide, or move apart.",1,November,Earthquake-causing plate interactions,Science,"The source identifies sliding, colliding, and moving apart as plate interactions.",high,https://www.usgs.gov/science/faqs/natural-hazards,Earth Science,Natural Hazards | U.S. Geological Survey,usgs.gov,verified
FACT-2026-11-05-S02,5,2026-11-05,Jupiter is the largest planet in the solar system.,2,November,Largest planet,Space,NASA states that Jupiter is the largest planet.,high,https://science.nasa.gov/solar-system/solar-system-facts/,Solar System,Solar System: Facts - NASA Science,science.nasa.gov,verified
FACT-2026-11-05-S03,5,2026-11-05,The hindbrain controls vital functions such as respiration and heart rate.,3,November,Vital functions,Human Body,The source states that the hindbrain controls respiration and heart rate.,high,https://www.ninds.nih.gov/health-information/public-education/brain-basics/brain-basics-know-your-brain,Neuroscience,Brain Basics: Know Your Brain | National Institute of Neurological Disorders and Stroke,ninds.nih.gov,verified
FACT-2026-11-05-S04,5,2026-11-05,"Automatic processing encodes details such as time, space, frequency, and word meaning without usually requiring conscious awareness.",4,November,Automatic processing,Psychology,"The source defines automatic processing as encoding details like “time, space, frequency, and the meaning of words” and says it is usually done without conscious awareness.",high,https://openstax.org/books/psychology-2e/pages/8-1-how-memory-functions,Memory,8.1 How Memory Functions - Psychology 2e | OpenStax,openstax.org,verified
FACT-2026-11-05-S05,5,2026-11-05,The beaver’s scientific name is Castor canadensis.,5,November,Beaver scientific name,Animals,Beaver — Scientific Name: Castor canadensis,high,https://nationalzoo.si.edu/animals,Zoology,Animals,nationalzoo.si.edu,verified
FACT-2026-11-05-S06,5,2026-11-05,Water and wind erosion can wear down land and create valleys and canyons.,6,November,Erosion and landforms,Geography,Erosion by water and wind can wear down land and create landforms like valleys and canyons.,high,https://education.nationalgeographic.org/resource/landform/,Physical Geography,Landform,education.nationalgeographic.org,verified
FACT-2026-11-05-S07,5,2026-11-05,The lesson provides an historical overview of twentieth-century U.S. foreign policy.,7,November,Lesson rationale,History,The rationale describes an historical overview of twentieth-century U.S. foreign policy.,high,https://www.archives.gov/legislative/resources/education/foreign-policy-1920-2020,Modern History,Seeing the Big Picture: U.S. Foreign Policy 1920-2020 | National Archives,archives.gov,verified
FACT-2026-11-05-S08,5,2026-11-05,"By October 1879, Edison’s team had produced a bulb using a carbonized, uncoated cotton-thread filament that lasted 14.5 hours.",8,November,Edison’s early carbon filament,Technology,“By October 1879... a carbonized filament of uncoated cotton thread... could last for 14.5 hours.”,high,https://www.energy.gov/articles/history-light-bulb,Lighting Technology,The History of the Light Bulb | Department of Energy,energy.gov,verified
FACT-2026-11-05-S09,5,2026-11-05,Scientists do not know what matter looks like inside black-hole event horizons.,9,November,Black-hole interiors remain unknown,Mystery & Unexplained,"“There is much we don’t know about black holes, like what matter looks like inside their event horizons.”",high,https://science.nasa.gov/universe/black-holes/,Black Holes,Black Holes - NASA Science,science.nasa.gov,verified
FACT-2026-11-05-S10,5,2026-11-05,"Writing was independently invented in five areas: Mesopotamia, Egypt, China, the Indus Valley, and Mesoamerica.",10,November,Independent invention of writing,Ancient Civilizations,The source explicitly identifies five areas where writing was independently invented.,high,https://www.loc.gov/exhibits/exploring-the-early-americas/language-and-context.html,Ancient Near East,Language and Context - Exploring the Early Americas | Exhibitions - Library of Congress,loc.gov,verified
FACT-2026-11-05-S11,5,2026-11-05,Newborn blue whale calves are 6–8 metres long.,11,November,Blue whale newborn size,World Records & Extremes,The source gives newborn calf length as 6–8 m.,high,https://guinnessworldrecords.com/world-records/largest-mammal,Verified Records,Largest mammal | Guinness World Records,guinnessworldrecords.com,verified
FACT-2026-11-05-S12,5,2026-11-05,Lichens enrich nearby soil and improve growing conditions for syringa.,12,November,Lichens and soil enrichment,Nature,“Enriching nearby soil and improving growing conditions for syringa.”,high,https://www.nps.gov/teachers/classrooms/web-of-life-teacher-s-guide-ecology.htm,Ecology,Web of Life (Teacher's Guide/Ecology) -  Teachers (U.S. National Park Service),nps.gov,verified
FACT-2026-11-05-S13,5,2026-11-05,Predicting when food will no longer be of adequate quality for consumption is not an exact science.,13,November,Food-quality prediction is not exact,Food,The source directly describes food-quality prediction as not an exact science.,high,https://wicworks.fns.usda.gov/resources/confused-date-labels-packaged-foods,Food Safety,Confused by Date Labels on Packaged Foods? | WIC Works Resource System,wicworks.fns.usda.gov,verified
FACT-2026-11-05-S14,5,2026-11-05,"Thomas Edison designed the first incandescent lamp that was long-lasting enough for widespread, practical use in 1879.",14,November,Edison’s incandescent lamp,Inventions,"The incandescent lamp section attributes the 1879 practical, long-lasting incandescent lamp to Edison.",high,https://www.loc.gov/classroom-materials/inventions-and-innovations/,Innovation History,Inventions and Innovations | Classroom Materials at the Library of Congress | Library of Congress,loc.gov,verified
FACT-2026-11-05-S15,5,2026-11-05,"The Country Profiles dataset covers East Asia and Pacific, Europe and Central Asia, Middle East and North Africa, South Asia, and the World.",15,November,Country Profiles geographic coverage,Country Facts,"“Geographical Coverage East Asia and Pacific, Europe and Central Asia, Middle East and North Africa, South Asia, World”",high,https://datacatalog.worldbank.org/search/dataset/0041074/country-profiles,Global Data,Country Profiles - World Bank Data Catalog,datacatalog.worldbank.org,verified
FACT-2026-11-05-S16,5,2026-11-05,Icarus is described as flying with waxen wings that melted when he flew too close to the sun.,16,November,Icarus,Mythology & Legends,The article states that Icarus’s waxen wings melted near the sun.,high,https://www.smithsonianmag.com/smart-news/see-how-ovids-metamorphoses-inspired-centuries-of-artists-from-caravaggio-to-rene-magritte-180988224/,Classical Mythology,See How Ovid's 'Metamorphoses' Inspired Centuries of Artists—From Caravaggio to René Magritte,smithsonianmag.com,verified
FACT-2026-11-05-S17,5,2026-11-05,"A fog “tsunami” may look like a giant tsunami rolling in from the ocean, but it is actually a massive amount of fog.",17,November,Fog tsunami appearance,Ocean & Marine,"“At first glance, this jarring sight looks like a giant tsunami… but it’s actually a massive amount of fog.”",high,https://oceanservice.noaa.gov/ocean/weird-ocean-weather.html,Ocean Phenomena,Weird Ocean Phenomena,oceanservice.noaa.gov,verified
FACT-2026-11-05-S18,5,2026-11-05,"The Vase with Eleven Figures dates from approximately AD 600–900, the Late Classic Maya period.",18,November,Dating of the Vase with Eleven Figures,Language,"The page dates the Maya vase from the Guatemalan Highlands to “AD 600–900, the Late Classic Maya period.”",high,https://www.loc.gov/exhibits/exploring-the-early-americas/language-and-context.html,Writing Systems,Language and Context - Exploring the Early Americas | Exhibitions - Library of Congress,loc.gov,verified
FACT-2026-11-05-S19,5,2026-11-05,"A bull market is a period when stock prices rise and market sentiment is optimistic; generally, it involves a broad market index rising 20% or more over at least two months.",19,November,Bull market,Money & Economics,“A time when stock prices are rising and market sentiment is optimistic… a rise of 20% or more in a broad market index over at least a two-month period.”,high,https://www.investor.gov/introduction-investing/investing-basics/glossary,Investment Terms,Glossary | Investor.gov,investor.gov,verified
FACT-2026-11-05-S20,5,2026-11-05,The accounts end in October 1808.,20,November,End of accounts,Everyday Life,“The accounts end in October 1808”,high,https://loc.gov/collections/thomas-jefferson-papers/articles-and-essays/anne-cary-randolphs-household-accounts,Household History,"Collection 
            
             Thomas Jefferson Papers, 1606 to 1827",loc.gov,verified
FACT-2026-11-06-S01,6,2026-11-06,"Earthquakes also occur in continental interiors, although less frequently than near continental edges.",1,November,Earthquakes within continents,Science,"The source says earthquakes occur in interior regions of the continent, though less frequently than along the edges.",high,https://www.usgs.gov/science/faqs/natural-hazards,Earth Science,Natural Hazards | U.S. Geological Survey,usgs.gov,verified
FACT-2026-11-06-S02,6,2026-11-06,"About 1,000 Earths could fit inside Jupiter if Jupiter were a hollow shell.",2,November,Jupiter’s capacity,Space,"NASA says that 1,000 Earths could fit inside a hollow Jupiter.",high,https://science.nasa.gov/solar-system/solar-system-facts/,Solar System,Solar System: Facts - NASA Science,science.nasa.gov,verified
FACT-2026-11-06-S03,6,2026-11-06,The cerebellum coordinates movement and is involved in learned movements.,3,November,Cerebellum,Human Body,The source directly describes the cerebellum as coordinating movement and participating in learned movements.,high,https://www.ninds.nih.gov/health-information/public-education/brain-basics/brain-basics-know-your-brain,Neuroscience,Brain Basics: Know Your Brain | National Institute of Neurological Disorders and Stroke,ninds.nih.gov,verified
FACT-2026-11-06-S04,6,2026-11-06,Effortful processing requires work and attention to encode information.,4,November,Effortful processing,Psychology,The source states that test material requiring “a lot of work and attention” is encoded through effortful processing.,high,https://openstax.org/books/psychology-2e/pages/8-1-how-memory-functions,Memory,8.1 How Memory Functions - Psychology 2e | OpenStax,openstax.org,verified
FACT-2026-11-06-S05,6,2026-11-06,The beaver is located on American Trail.,5,November,Beaver exhibit,Animals,Beaver — American Trail,high,https://nationalzoo.si.edu/animals,Zoology,Animals,nationalzoo.si.edu,verified
FACT-2026-11-06-S06,6,2026-11-06,Tectonic and erosional landform-forming processes can take millions of years.,6,November,Timescale of landform formation,Geography,"Both processes happen over a long period of time, sometimes millions of years.",high,https://education.nationalgeographic.org/resource/landform/,Physical Geography,Landform,education.nationalgeographic.org,verified
FACT-2026-11-06-S07,6,2026-11-06,The lesson enables students to contrast pre- and post-World War II U.S. foreign policy.,7,November,Prewar and postwar comparison,History,The rationale says the lesson provides an opportunity to contrast pre- and post-World War II foreign policy.,high,https://www.archives.gov/legislative/resources/education/foreign-policy-1920-2020,Modern History,Seeing the Big Picture: U.S. Foreign Policy 1920-2020 | National Archives,archives.gov,verified
FACT-2026-11-06-S08,6,2026-11-06,"Edison’s bamboo filament gave his lamps lifetimes of up to 1,200 hours.",8,November,Bamboo filament,Technology,"“A filament... made from bamboo... gave Edison’s lamps a lifetime of up to 1,200 hours.”",high,https://www.energy.gov/articles/history-light-bulb,Lighting Technology,The History of the Light Bulb | Department of Energy,energy.gov,verified
FACT-2026-11-06-S09,6,2026-11-06,Black holes do not emit light.,9,November,Black holes do not emit light,Mystery & Unexplained,“Black holes don’t emit or reflect light.”,high,https://science.nasa.gov/universe/black-holes/,Black Holes,Black Holes - NASA Science,science.nasa.gov,verified
FACT-2026-11-06-S10,6,2026-11-06,The Maya glyphic system combined syllabic and pictorial writing.,10,November,Maya writing system,Ancient Civilizations,The source describes Maya writing as syllabic and pictorial.,high,https://www.loc.gov/exhibits/exploring-the-early-americas/language-and-context.html,Ancient Near East,Language and Context - Exploring the Early Americas | Exhibitions - Library of Congress,loc.gov,verified
FACT-2026-11-06-S11,6,2026-11-06,Newborn blue whale calves can weigh up to 3 tonnes.,11,November,Blue whale newborn weight,World Records & Extremes,The source states that newborn calves weigh up to 3 tonnes.,high,https://guinnessworldrecords.com/world-records/largest-mammal,Verified Records,Largest mammal | Guinness World Records,guinnessworldrecords.com,verified
FACT-2026-11-06-S12,6,2026-11-06,Syringa creates shade.,12,November,Syringa shade,Nature,“Syringa creates shade.”,high,https://www.nps.gov/teachers/classrooms/web-of-life-teacher-s-guide-ecology.htm,Ecology,Web of Life (Teacher's Guide/Ecology) -  Teachers (U.S. National Park Service),nps.gov,verified
FACT-2026-11-06-S13,6,2026-11-06,Infant formula is the key exception to the general rule about packaged-food date labels.,13,November,Infant formula is an exception,Food,The source identifies infant formula products as the key exception.,high,https://wicworks.fns.usda.gov/resources/confused-date-labels-packaged-foods,Food Safety,Confused by Date Labels on Packaged Foods? | WIC Works Resource System,wicworks.fns.usda.gov,verified
FACT-2026-11-06-S14,6,2026-11-06,Edison’s lamp produced light by passing electricity through a thin filament inside a glass vacuum bulb.,14,November,Incandescent lamp mechanism,Inventions,The source describes electricity passing through a thin filament placed inside a glass vacuum bulb.,high,https://www.loc.gov/classroom-materials/inventions-and-innovations/,Innovation History,Inventions and Innovations | Classroom Materials at the Library of Congress | Library of Congress,loc.gov,verified
FACT-2026-11-06-S15,6,2026-11-06,The Country Profiles dataset has national-level granularity.,15,November,Country Profiles granularity,Country Facts,“Granularity List National”,high,https://datacatalog.worldbank.org/search/dataset/0041074/country-profiles,Global Data,Country Profiles - World Bank Data Catalog,datacatalog.worldbank.org,verified
FACT-2026-11-06-S16,6,2026-11-06,"The Metamorphoses has inspired artists for more than 2,000 years.",16,November,Metamorphoses as an artistic source,Mythology & Legends,"Rijksmuseum director Taco Dibbits is quoted saying the work has inspired artists for over 2,000 years.",high,https://www.smithsonianmag.com/smart-news/see-how-ovids-metamorphoses-inspired-centuries-of-artists-from-caravaggio-to-rene-magritte-180988224/,Classical Mythology,See How Ovid's 'Metamorphoses' Inspired Centuries of Artists—From Caravaggio to René Magritte,smithsonianmag.com,verified
FACT-2026-11-06-S17,6,2026-11-06,Fog tsunamis can form when condensation from warm air merges with cool ocean water.,17,November,Formation of fog tsunamis,Ocean & Marine,“The condensation from warm air merging with cool ocean water can create this dramatic effect.”,high,https://oceanservice.noaa.gov/ocean/weird-ocean-weather.html,Ocean Phenomena,Weird Ocean Phenomena,oceanservice.noaa.gov,verified
FACT-2026-11-06-S18,6,2026-11-06,The Vase with Six Figures and Glyphs depicts a Maya ruler seated on a throne and greeting visitors.,18,November,Ruler depicted on a Maya vase,Language,“The principal figure on this vessel is a Maya ruler… He is seated on his throne and greets visitors.”,high,https://www.loc.gov/exhibits/exploring-the-early-americas/language-and-context.html,Writing Systems,Language and Context - Exploring the Early Americas | Exhibitions - Library of Congress,loc.gov,verified
FACT-2026-11-06-S19,6,2026-11-06,A capital gain is the profit from selling an investment for more than the price paid for it.,19,November,Capital gain,Money & Economics,“The profit that comes when an investment is sold for more than the price the investor paid for it.”,high,https://www.investor.gov/introduction-investing/investing-basics/glossary,Investment Terms,Glossary | Investor.gov,investor.gov,verified
FACT-2026-11-06-S20,6,2026-11-06,"Anne Cary Randolph married Charles Lewis Bankhead on September 19, 1808.",20,November,Marriage date,Everyday Life,“following Anne's September 19 wedding to Charles Lewis Bankhead”,high,https://loc.gov/collections/thomas-jefferson-papers/articles-and-essays/anne-cary-randolphs-household-accounts,Household History,"Collection 
            
             Thomas Jefferson Papers, 1606 to 1827",loc.gov,verified
FACT-2026-11-07-S01,7,2026-11-07,"The USGS Wildland Fire Science Program studies wildfire causes, effects, benefits, and prevention and management of larger catastrophic events.",1,November,USGS wildfire research,Science,The program produces information on wildfire causes and impacts and helps prevent and manage larger catastrophic events.,high,https://www.usgs.gov/science/faqs/natural-hazards,Earth Science,Natural Hazards | U.S. Geological Survey,usgs.gov,verified
FACT-2026-11-07-S02,7,2026-11-07,The solar system contains hundreds of moons.,2,November,Number of moons,Space,"NASA states that the solar system has hundreds of moons orbiting planets, dwarf planets, and asteroids.",high,https://science.nasa.gov/solar-system/solar-system-facts/,Solar System,Solar System: Facts - NASA Science,science.nasa.gov,verified
FACT-2026-11-07-S03,7,2026-11-07,The midbrain controls some reflex actions and participates in circuits controlling eye and other voluntary movements.,3,November,Midbrain,Human Body,The source attributes these functions to the midbrain.,high,https://www.ninds.nih.gov/health-information/public-education/brain-basics/brain-basics-know-your-brain,Neuroscience,Brain Basics: Know Your Brain | National Institute of Neurological Disorders and Stroke,ninds.nih.gov,verified
FACT-2026-11-07-S04,7,2026-11-07,Information is encoded more effectively when it is made meaningful and placed in context.,4,November,Meaningful encoding,Psychology,"The source states, “Material is far better encoded when you make it meaningful.”",high,https://openstax.org/books/psychology-2e/pages/8-1-how-memory-functions,Memory,8.1 How Memory Functions - Psychology 2e | OpenStax,openstax.org,verified
FACT-2026-11-07-S05,7,2026-11-07,The fennec fox’s scientific name is Vulpes zerda.,5,November,Fennec fox scientific name,Animals,Fennec fox — Scientific Name: Vulpes zerda,high,https://nationalzoo.si.edu/animals,Zoology,Animals,nationalzoo.si.edu,verified
FACT-2026-11-07-S06,7,2026-11-07,The Colorado River took six million years to carve the Grand Canyon.,6,November,Formation of the Grand Canyon,Geography,It took six million years ... for the Colorado River to carve out the Grand Canyon.,high,https://education.nationalgeographic.org/resource/landform/,Physical Geography,Landform,education.nationalgeographic.org,verified
FACT-2026-11-07-S07,7,2026-11-07,The lesson addresses the Cold War as an important topic in U.S. foreign policy.,7,November,Cold War coverage,History,The rationale identifies the Cold War as an important topic covered by the lesson.,high,https://www.archives.gov/legislative/resources/education/foreign-policy-1920-2020,Modern History,Seeing the Big Picture: U.S. Foreign Policy 1920-2020 | National Archives,archives.gov,verified
FACT-2026-11-07-S08,7,2026-11-07,Edison developed the screw fitting that became the standard socket fitting for light bulbs.,8,November,Edison screw socket,Technology,“Developing the Edison screw... the standard socket fittings for light bulbs.”,high,https://www.energy.gov/articles/history-light-bulb,Lighting Technology,The History of the Light Bulb | Department of Energy,energy.gov,verified
FACT-2026-11-07-S09,7,2026-11-07,Black holes do not reflect light.,9,November,Black holes do not reflect light,Mystery & Unexplained,“Black holes don’t emit or reflect light.”,high,https://science.nasa.gov/universe/black-holes/,Black Holes,Black Holes - NASA Science,science.nasa.gov,verified
FACT-2026-11-07-S10,7,2026-11-07,A Maya vase from the Guatemalan Highlands dates to approximately A.D. 600–900.,10,November,Maya vase with eleven figures,Ancient Civilizations,The object description dates the vase to A.D. 600–900.,high,https://www.loc.gov/exhibits/exploring-the-early-americas/language-and-context.html,Ancient Near East,Language and Context - Exploring the Early Americas | Exhibitions - Library of Congress,loc.gov,verified
FACT-2026-11-07-S11,7,2026-11-07,The bootlace worm (Lineus longissimus) is identified as the longest animal on Earth and can reach up to 55 metres.,11,November,Longest animal,World Records & Extremes,The source says the bootlace worm can reach up to 55 m and is not the blue whale.,high,https://guinnessworldrecords.com/world-records/largest-mammal,Verified Records,Largest mammal | Guinness World Records,guinnessworldrecords.com,verified
FACT-2026-11-07-S12,7,2026-11-07,"When syringa dies, it further enriches the soil through decomposition.",12,November,Syringa decomposition,Nature,“Syringa creates shade and further enriches the soil when it dies and is decomposed.”,high,https://www.nps.gov/teachers/classrooms/web-of-life-teacher-s-guide-ecology.htm,Ecology,Web of Life (Teacher's Guide/Ecology) -  Teachers (U.S. National Park Service),nps.gov,verified
FACT-2026-11-07-S13,7,2026-11-07,Infant formula products are required to bear a “Use By” date.,13,November,Infant formula must bear a use-by date,Food,The source states that these products are required to carry a “Use By” date.,high,https://wicworks.fns.usda.gov/resources/confused-date-labels-packaged-foods,Food Safety,Confused by Date Labels on Packaged Foods? | WIC Works Resource System,wicworks.fns.usda.gov,verified
FACT-2026-11-07-S14,7,2026-11-07,The vacuum bulb delayed the filament from melting.,14,November,Purpose of the vacuum bulb,Inventions,The incandescent lamp section states that the glass vacuum bulb delayed the filament from melting.,high,https://www.loc.gov/classroom-materials/inventions-and-innovations/,Innovation History,Inventions and Innovations | Classroom Materials at the Library of Congress | Library of Congress,loc.gov,verified
FACT-2026-11-07-S15,7,2026-11-07,The stated temporal coverage of the Country Profiles dataset is 2000–2016.,15,November,Country Profiles temporal coverage,Country Facts,“Temporal Coverage 2000 - 2016”,high,https://datacatalog.worldbank.org/search/dataset/0041074/country-profiles,Global Data,Country Profiles - World Bank Data Catalog,datacatalog.worldbank.org,verified
FACT-2026-11-07-S16,7,2026-11-07,Karel van Mander called the Metamorphoses a “Bible for artists” in 1604.,16,November,Metamorphoses as a “Bible for artists”,Mythology & Legends,The article attributes the phrase to Dutch painter and writer Karel van Mander in 1604.,high,https://www.smithsonianmag.com/smart-news/see-how-ovids-metamorphoses-inspired-centuries-of-artists-from-caravaggio-to-rene-magritte-180988224/,Classical Mythology,See How Ovid's 'Metamorphoses' Inspired Centuries of Artists—From Caravaggio to René Magritte,smithsonianmag.com,verified
FACT-2026-11-07-S17,7,2026-11-07,The conditions that create fog tsunamis can occur in late spring or early summer.,17,November,Timing of fog tsunamis,Ocean & Marine,“When conditions are just right in late spring or early summer…”,high,https://oceanservice.noaa.gov/ocean/weird-ocean-weather.html,Ocean Phenomena,Weird Ocean Phenomena,oceanservice.noaa.gov,verified
FACT-2026-11-07-S18,7,2026-11-07,"The Vase Depicting Seated Ruler and Dwarf shows a ruler seated cross-legged on a throne addressing Itzam, the creator god and patron of scribes.",18,November,Ruler and dwarf vessel,Language,"The ruler is described as “sitting cross-legged on his throne” and addressing “Itzam, the creator god and patron of scribes.”",high,https://www.loc.gov/exhibits/exploring-the-early-americas/language-and-context.html,Writing Systems,Language and Context - Exploring the Early Americas | Exhibitions - Library of Congress,loc.gov,verified
FACT-2026-11-07-S19,7,2026-11-07,Cash is money that can be used to pay for goods or services.,19,November,Cash,Money & Economics,“Money that can be used to pay for goods or services.”,high,https://www.investor.gov/introduction-investing/investing-basics/glossary,Investment Terms,Glossary | Investor.gov,investor.gov,verified
FACT-2026-11-07-S20,7,2026-11-07,Anne Cary Randolph was the child of Martha Jefferson Randolph and Thomas Mann Randolph.,20,November,Family background,Everyday Life,"“the child of Martha Jefferson Randolph, Jefferson's oldest daughter, and her husband, Thomas Mann Randolph”",high,https://loc.gov/collections/thomas-jefferson-papers/articles-and-essays/anne-cary-randolphs-household-accounts,Household History,"Collection 
            
             Thomas Jefferson Papers, 1606 to 1827",loc.gov,verified
FACT-2026-11-08-S01,8,2026-11-08,"USGS fire scientists provide data, tools, and information to fire and land managers.",1,November,Wildfire-management information,Science,"The source says fire scientists provide data, tools, and information used by fire and land managers before, during, and after wildfires.",high,https://www.usgs.gov/science/faqs/natural-hazards,Earth Science,Natural Hazards | U.S. Geological Survey,usgs.gov,verified
FACT-2026-11-08-S02,8,2026-11-08,Some asteroids have moons.,2,November,Asteroid moons,Space,NASA notes that some moons orbit asteroids.,high,https://science.nasa.gov/solar-system/solar-system-facts/,Solar System,Solar System: Facts - NASA Science,science.nasa.gov,verified
FACT-2026-11-08-S03,8,2026-11-08,The forebrain is the largest and most highly developed part of the human brain.,3,November,Forebrain,Human Body,The source describes the forebrain in these terms.,high,https://www.ninds.nih.gov/health-information/public-education/brain-basics/brain-basics-know-your-brain,Neuroscience,Brain Basics: Know Your Brain | National Institute of Neurological Disorders and Stroke,ninds.nih.gov,verified
FACT-2026-11-08-S04,8,2026-11-08,Semantic encoding is the encoding of words and their meaning.,4,November,Semantic encoding,Psychology,The source defines semantic encoding as “the encoding of words and their meaning.”,high,https://openstax.org/books/psychology-2e/pages/8-1-how-memory-functions,Memory,8.1 How Memory Functions - Psychology 2e | OpenStax,openstax.org,verified
FACT-2026-11-08-S05,8,2026-11-08,The fennec fox is located in the Small Mammal House.,5,November,Fennec fox exhibit,Animals,Fennec fox — Small Mammal House,high,https://nationalzoo.si.edu/animals,Zoology,Animals,nationalzoo.si.edu,verified
FACT-2026-11-08-S06,8,2026-11-08,The Grand Canyon is 446 kilometers (277 miles) long.,6,November,Grand Canyon length,Geography,The Grand Canyon is 446 kilometers (277 miles) long.,high,https://education.nationalgeographic.org/resource/landform/,Physical Geography,Landform,education.nationalgeographic.org,verified
FACT-2026-11-08-S07,8,2026-11-08,The lesson asks how foreign policy issues and policies created by the United States and international organizations have influenced recent history.,7,November,Lesson guiding question,History,This is the lesson’s stated guiding question.,high,https://www.archives.gov/legislative/resources/education/foreign-policy-1920-2020,Modern History,Seeing the Big Picture: U.S. Foreign Policy 1920-2020 | National Archives,archives.gov,verified
FACT-2026-11-08-S08,8,2026-11-08,"William Sawyer and Albon Man received a U.S. incandescent-lamp patent, while Joseph Swan patented a light bulb in England.",8,November,Other incandescent-lamp patent holders,Technology,“William Sawyer and Albon Man... received a U.S. patent... and Joseph Swan... patented his light bulb in England.”,high,https://www.energy.gov/articles/history-light-bulb,Lighting Technology,The History of the Light Bulb | Department of Energy,energy.gov,verified
FACT-2026-11-08-S09,8,2026-11-08,"Because they do not emit or reflect light, black holes are effectively invisible to telescopes.",9,November,Black holes are effectively invisible to telescopes,Mystery & Unexplained,"“Black holes don’t emit or reflect light, making them effectively invisible to telescopes.”",high,https://science.nasa.gov/universe/black-holes/,Black Holes,Black Holes - NASA Science,science.nasa.gov,verified
FACT-2026-11-08-S10,8,2026-11-08,Some Maya vessels contain pseudoglyphs that are not meant to be read but convey the idea of writing.,10,November,Maya pseudoglyphs,Ancient Civilizations,"The source says repetitious, imaginative pseudoglyphs convey the idea of writing rather than readable text.",high,https://www.loc.gov/exhibits/exploring-the-early-americas/language-and-context.html,Ancient Near East,Language and Context - Exploring the Early Americas | Exhibitions - Library of Congress,loc.gov,verified
FACT-2026-11-08-S11,8,2026-11-08,The River Nile is credited as the longest river in the world.,11,November,Longest river,World Records & Extremes,The record entry identifies the River Nile as the longest river.,high,https://www.guinnessworldrecords.com/world-records/longest-river,Verified Records,Longest river | Guinness World Records,guinnessworldrecords.com,verified
FACT-2026-11-08-S12,8,2026-11-08,Wind-dispersed fungi and bacteria decompose dead syringa.,12,November,Decomposers of syringa,Nature,“Decomposed by wind-dispersed fungi and bacteria.”,high,https://www.nps.gov/teachers/classrooms/web-of-life-teacher-s-guide-ecology.htm,Ecology,Web of Life (Teacher's Guide/Ecology) -  Teachers (U.S. National Park Service),nps.gov,verified
FACT-2026-11-08-S13,8,2026-11-08,"Up to the infant-formula “Use By” date, the manufacturer has confirmed that the product contains at least the minimum amount of each nutrient identified on the label.",13,November,Infant-formula nutrient guarantee,Food,The source describes the manufacturer’s nutrient confirmation through the stated date.,high,https://wicworks.fns.usda.gov/resources/confused-date-labels-packaged-foods,Food Safety,Confused by Date Labels on Packaged Foods? | WIC Works Resource System,wicworks.fns.usda.gov,verified
FACT-2026-11-08-S14,8,2026-11-08,Edison tried thousands of materials as possible filaments.,14,November,Edison’s filament experiments,Inventions,The source says Edison tried literally thousands of different materials for the filament.,high,https://www.loc.gov/classroom-materials/inventions-and-innovations/,Innovation History,Inventions and Innovations | Classroom Materials at the Library of Congress | Library of Congress,loc.gov,verified
FACT-2026-11-08-S15,8,2026-11-08,The Country Profiles dataset is classified as Public under the World Bank's Access to Information Classification Policy.,15,November,Country Profiles access classification,Country Facts,“This dataset is classified as Public under the Access to Information Classification Policy.”,high,https://datacatalog.worldbank.org/search/dataset/0041074/country-profiles,Global Data,Country Profiles - World Bank Data Catalog,datacatalog.worldbank.org,verified
FACT-2026-11-08-S16,8,2026-11-08,"Caravaggio’s Narcissus, dated circa 1597–1599, depicts the story of a boy who fell in love with his own reflection.",16,November,Caravaggio’s Narcissus,Mythology & Legends,The article identifies the work and summarizes the Narcissus story it depicts.,high,https://www.smithsonianmag.com/smart-news/see-how-ovids-metamorphoses-inspired-centuries-of-artists-from-caravaggio-to-rene-magritte-180988224/,Classical Mythology,See How Ovid's 'Metamorphoses' Inspired Centuries of Artists—From Caravaggio to René Magritte,smithsonianmag.com,verified
FACT-2026-11-08-S17,8,2026-11-08,"Meteotsunamis are caused by air-pressure disturbances, often associated with fast-moving weather systems such as squall lines.",17,November,Meteotsunami cause,Ocean & Marine,"“They are caused by air-pressure disturbances often associated with fast-moving weather systems, such as squall lines.”",high,https://oceanservice.noaa.gov/ocean/weird-ocean-weather.html,Ocean Phenomena,Weird Ocean Phenomena,oceanservice.noaa.gov,verified
FACT-2026-11-08-S18,8,2026-11-08,"A Maya craftsman made the Shell Cup with Incised Hieroglyphs by cutting out its internal structure, polishing its edges, and engraving hieroglyphs.",18,November,Maya shell cup,Language,"The page states that the craftsman “cut out the internal structure, polish[ed] edges, and engrave[d] intricate hieroglyphs.”",high,https://www.loc.gov/exhibits/exploring-the-early-americas/language-and-context.html,Writing Systems,Language and Context - Exploring the Early Americas | Exhibitions - Library of Congress,loc.gov,verified
FACT-2026-11-08-S19,8,2026-11-08,Compound interest is interest paid on both principal and accumulated interest.,19,November,Compound interest,Money & Economics,“Interest paid on principal and on accumulated interest.”,high,https://www.investor.gov/introduction-investing/investing-basics/glossary,Investment Terms,Glossary | Investor.gov,investor.gov,verified
FACT-2026-11-08-S20,8,2026-11-08,Anne Cary Randolph entered the accounts in blank pages of a volume previously used by her grandparents.,20,November,Notebook reuse,Everyday Life,“repurposed the blank pages of a volume previously used by both her grandparents”,high,https://loc.gov/collections/thomas-jefferson-papers/articles-and-essays/anne-cary-randolphs-household-accounts,Household History,"Collection 
            
             Thomas Jefferson Papers, 1606 to 1827",loc.gov,verified
FACT-2026-11-09-S01,9,2026-11-09,The USGS currently uses the WGS84 Geoid as the reference datum for earthquake depths.,1,November,Earthquake-depth datum,Science,The source explicitly identifies the WGS84 Geoid as the USGS reference datum for earthquake depths.,high,https://www.usgs.gov/science/faqs/natural-hazards,Earth Science,Natural Hazards | U.S. Geological Survey,usgs.gov,verified
FACT-2026-11-09-S02,9,2026-11-09,The four giant planets and at least one asteroid have rings.,2,November,Ring-bearing bodies,Space,NASA states that the four giant planets and at least one asteroid have rings.,high,https://science.nasa.gov/solar-system/solar-system-facts/,Solar System,Solar System: Facts - NASA Science,science.nasa.gov,verified
FACT-2026-11-09-S03,9,2026-11-09,The cerebrum is the source of conscious thoughts and actions.,3,November,Cerebrum,Human Body,The source states that the cerebrum is the source of conscious thoughts and actions.,high,https://www.ninds.nih.gov/health-information/public-education/brain-basics/brain-basics-know-your-brain,Neuroscience,Brain Basics: Know Your Brain | National Institute of Neurological Disorders and Stroke,ninds.nih.gov,verified
FACT-2026-11-09-S04,9,2026-11-09,Visual encoding is the encoding of images.,4,November,Visual encoding,Psychology,"The source states, “Visual encoding is the encoding of images.”",high,https://openstax.org/books/psychology-2e/pages/8-1-how-memory-functions,Memory,8.1 How Memory Functions - Psychology 2e | OpenStax,openstax.org,verified
FACT-2026-11-09-S05,9,2026-11-09,The giant panda’s scientific name is Ailuropoda melanoleuca.,5,November,Giant panda scientific name,Animals,Giant panda — Scientific Name: Ailuropoda melanoleuca,high,https://nationalzoo.si.edu/animals,Zoology,Animals,nationalzoo.si.edu,verified
FACT-2026-11-09-S06,9,2026-11-09,Mount Everest is the highest landform on Earth.,6,November,Highest landform,Geography,The highest landform on Earth is a mountain: Mount Everest in Nepal.,high,https://education.nationalgeographic.org/resource/landform/,Physical Geography,Landform,education.nationalgeographic.org,verified
FACT-2026-11-09-S07,9,2026-11-09,"The lesson materials include a 1920–2020 timeline, 12 primary source documents, and three worksheets.",7,November,Lesson materials,History,"The materials section lists the timeline, 12 primary source documents, and three worksheets.",high,https://www.archives.gov/legislative/resources/education/foreign-policy-1920-2020,Modern History,Seeing the Big Picture: U.S. Foreign Policy 1920-2020 | National Archives,archives.gov,verified
FACT-2026-11-09-S08,9,2026-11-09,Edison developed a broader electrical-lighting system rather than focusing only on the bulb.,8,November,Edison’s lighting-system approach,Technology,“He didn’t stop with improving the bulb -- he developed a whole suite of inventions...”,high,https://www.energy.gov/articles/history-light-bulb,Lighting Technology,The History of the Light Bulb | Department of Energy,energy.gov,verified
FACT-2026-11-09-S09,9,2026-11-09,Black holes can be surrounded by accretion disks made of gas and dust that emit light across many wavelengths.,9,November,Accretion disks can reveal black holes,Mystery & Unexplained,"“Black holes can be surrounded by rings of gas and dust, called accretion disks, that emit light across many wavelengths.”",high,https://science.nasa.gov/universe/black-holes/,Black Holes,Black Holes - NASA Science,science.nasa.gov,verified
FACT-2026-11-09-S10,9,2026-11-09,"One Maya vessel depicts a ruler seated on a throne and greeting visitors, with an attendant standing behind him.",10,November,Maya ruler vessel,Ancient Civilizations,"The source describes the ruler, throne, visitors, and attendant.",high,https://www.loc.gov/exhibits/exploring-the-early-americas/language-and-context.html,Ancient Near East,Language and Context - Exploring the Early Americas | Exhibitions - Library of Congress,loc.gov,verified
FACT-2026-11-09-S11,9,2026-11-09,"Measured from its farthest stream in Burundi, the Nile extends 6,695 kilometres.",11,November,Nile length,World Records & Extremes,"The source gives the Nile’s length as 6,695 km from its farthest stream in Burundi.",high,https://www.guinnessworldrecords.com/world-records/longest-river,Verified Records,Longest river | Guinness World Records,guinnessworldrecords.com,verified
FACT-2026-11-09-S12,9,2026-11-09,A host of insects colonize the crevice where syringa grows.,12,November,Insect colonization,Nature,“A host of insects colonize the crevice where the syringa grows.”,high,https://www.nps.gov/teachers/classrooms/web-of-life-teacher-s-guide-ecology.htm,Ecology,Web of Life (Teacher's Guide/Ecology) -  Teachers (U.S. National Park Service),nps.gov,verified
FACT-2026-11-09-S13,9,2026-11-09,"Up to the “Use By” date, the manufacturer has confirmed that infant formula will be of acceptable quality.",13,November,Infant-formula quality guarantee,Food,The source says the product will be of acceptable quality up to that date.,high,https://wicworks.fns.usda.gov/resources/confused-date-labels-packaged-foods,Food Safety,Confused by Date Labels on Packaged Foods? | WIC Works Resource System,wicworks.fns.usda.gov,verified
FACT-2026-11-09-S14,9,2026-11-09,"Edison ultimately used carbonized cotton thread as a filament, allowing the bulb to burn for long periods.",14,November,Carbonized cotton filament,Inventions,The source identifies carbonized cotton thread as the filament that allowed long burning periods.,high,https://www.loc.gov/classroom-materials/inventions-and-innovations/,Innovation History,Inventions and Innovations | Classroom Materials at the Library of Congress | Library of Congress,loc.gov,verified
FACT-2026-11-09-S15,9,2026-11-09,Users inside and outside the World Bank can access the Country Profiles dataset.,15,November,Country Profiles accessibility,Country Facts,“Users inside and outside the Bank can access this dataset.”,high,https://datacatalog.worldbank.org/search/dataset/0041074/country-profiles,Global Data,Country Profiles - World Bank Data Catalog,datacatalog.worldbank.org,verified
FACT-2026-11-09-S16,9,2026-11-09,Sleeping Hermaphroditus includes a second-century C.E. Roman sculpture and a marble mattress added by Gian Lorenzo Bernini in the 17th century.,16,November,Sleeping Hermaphroditus,Mythology & Legends,The article describes the sculpture and Bernini’s later marble addition.,high,https://www.smithsonianmag.com/smart-news/see-how-ovids-metamorphoses-inspired-centuries-of-artists-from-caravaggio-to-rene-magritte-180988224/,Classical Mythology,See How Ovid's 'Metamorphoses' Inspired Centuries of Artists—From Caravaggio to René Magritte,smithsonianmag.com,verified
FACT-2026-11-09-S17,9,2026-11-09,Meteotsunamis have characteristics similar to earthquake-generated tsunamis.,17,November,Meteotsunami characteristics,Ocean & Marine,“Meteotsunamis have characteristics similar to earthquake-generated tsunamis.”,high,https://oceanservice.noaa.gov/ocean/weird-ocean-weather.html,Ocean Phenomena,Weird Ocean Phenomena,oceanservice.noaa.gov,verified
FACT-2026-11-09-S18,9,2026-11-09,The Mesoamerican ballgame was played by two opposing sides using a solid rubber ball and was prevalent throughout Mesoamerican cultures.,18,November,Mesoamerican ballgame,Language,"“The ballgame, played by two opposing sides with a solid rubber ball, was prevalent throughout the cultures of Mesoamerica.”",high,https://www.loc.gov/exhibits/exploring-the-early-americas/language-and-context.html,Writing Systems,Language and Context - Exploring the Early Americas | Exhibitions - Library of Congress,loc.gov,verified
FACT-2026-11-09-S19,9,2026-11-09,"Current yield is the ratio of the interest payable on a bond to its actual market price, expressed as a percentage.",19,November,Current yield,Money & Economics,"“The ratio of the interest rate payable on a bond to the actual market price of the bond, stated as a percentage.”",high,https://www.investor.gov/introduction-investing/investing-basics/glossary,Investment Terms,Glossary | Investor.gov,investor.gov,verified
FACT-2026-11-09-S20,9,2026-11-09,She turned the volume over and entered the accounts so they would read in the opposite direction from the rest of the text.,20,November,Writing orientation,Everyday Life,“She turned the volume over and entered the accounts so that would be read in the opposite direction”,high,https://loc.gov/collections/thomas-jefferson-papers/articles-and-essays/anne-cary-randolphs-household-accounts,Household History,"Collection 
            
             Thomas Jefferson Papers, 1606 to 1827",loc.gov,verified
FACT-2026-11-10-S01,10,2026-11-10,Other seismic networks may use reference methods different from the USGS method for earthquake depths.,1,November,Different seismic-network methods,Science,The source states that other seismic networks might or might not use different methods.,high,https://www.usgs.gov/science/faqs/natural-hazards,Earth Science,Natural Hazards | U.S. Geological Survey,usgs.gov,verified
FACT-2026-11-10-S02,10,2026-11-10,More than 300 robotic spacecraft from many nations have explored destinations beyond Earth’s orbit.,2,November,Robotic exploration,Space,NASA reports that more than 300 robotic spacecraft have explored beyond Earth’s orbit.,high,https://science.nasa.gov/solar-system/solar-system-facts/,Solar System,Solar System: Facts - NASA Science,science.nasa.gov,verified
FACT-2026-11-10-S03,10,2026-11-10,"The cerebrum supports memory, planning, imagination, thinking, recognition, reading, and playing games.",3,November,Cerebrum abilities,Human Body,The source lists these abilities as functions of the cerebrum.,high,https://www.ninds.nih.gov/health-information/public-education/brain-basics/brain-basics-know-your-brain,Neuroscience,Brain Basics: Know Your Brain | National Institute of Neurological Disorders and Stroke,ninds.nih.gov,verified
FACT-2026-11-10-S04,10,2026-11-10,"Acoustic encoding is the encoding of sounds, particularly words.",4,November,Acoustic encoding,Psychology,"The source defines acoustic encoding as “the encoding of sounds, words in particular.”",high,https://openstax.org/books/psychology-2e/pages/8-1-how-memory-functions,Memory,8.1 How Memory Functions - Psychology 2e | OpenStax,openstax.org,verified
FACT-2026-11-10-S05,10,2026-11-10,The giant panda is located on Asia Trail.,5,November,Giant panda exhibit,Animals,Giant panda — Asia Trail,high,https://nationalzoo.si.edu/animals,Zoology,Animals,nationalzoo.si.edu,verified
FACT-2026-11-10-S06,10,2026-11-10,"Mount Everest measures approximately 8,850 meters (29,035 feet) above sea level.",6,November,Mount Everest elevation,Geography,"It measures 8,850 meters (29,035 feet) above sea level.",high,https://education.nationalgeographic.org/resource/landform/,Physical Geography,Landform,education.nationalgeographic.org,verified
FACT-2026-11-10-S07,10,2026-11-10,The lesson is designed for civics and U.S. history courses.,7,November,Target courses,History,The courses section lists Civics and U.S. History.,high,https://www.archives.gov/legislative/resources/education/foreign-policy-1920-2020,Modern History,Seeing the Big Picture: U.S. Foreign Policy 1920-2020 | National Archives,archives.gov,verified
FACT-2026-11-10-S08,10,2026-11-10,"In 1882, Edison demonstrated electricity distribution from a central generator through wires and conduits at London’s Holborn Viaduct.",8,November,Holborn Viaduct demonstration,Technology,"“In 1882 with the Holborn Viaduct in London, he demonstrated that electricity could be distributed...”",high,https://www.energy.gov/articles/history-light-bulb,Lighting Technology,The History of the Light Bulb | Department of Energy,energy.gov,verified
FACT-2026-11-10-S09,10,2026-11-10,Accretion disks around black holes can emit X-rays.,9,November,Accretion disks can emit X-rays,Mystery & Unexplained,"“Accretion disks, that emit light across many wavelengths, including X-rays.”",high,https://science.nasa.gov/universe/black-holes/,Black Holes,Black Holes - NASA Science,science.nasa.gov,verified
FACT-2026-11-10-S10,10,2026-11-10,"A Maya vessel depicts a ruler seated cross-legged on a throne addressing Itzam, the creator god and patron of scribes.",10,November,Maya ruler and dwarf vessel,Ancient Civilizations,"The source identifies the seated ruler, Itzam, and the deity’s role.",high,https://www.loc.gov/exhibits/exploring-the-early-americas/language-and-context.html,Ancient Near East,Language and Context - Exploring the Early Americas | Exhibitions - Library of Congress,loc.gov,verified
FACT-2026-11-10-S11,10,2026-11-10,The Nile’s main source is Lake Victoria in east-central Africa.,11,November,Nile source,World Records & Extremes,The source states that the Nile’s main source is Lake Victoria.,high,https://www.guinnessworldrecords.com/world-records/longest-river,Verified Records,Longest river | Guinness World Records,guinnessworldrecords.com,verified
FACT-2026-11-10-S12,10,2026-11-10,Spiders eat the insects that colonize the syringa crevice.,12,November,Spider predation,Nature,“A spider eats the insects.”,high,https://www.nps.gov/teachers/classrooms/web-of-life-teacher-s-guide-ecology.htm,Ecology,Web of Life (Teacher's Guide/Ecology) -  Teachers (U.S. National Park Service),nps.gov,verified
FACT-2026-11-10-S13,10,2026-11-10,The FoodKeeper App is designed to promote understanding of food and beverage storage to maximize freshness and quality.,13,November,FoodKeeper App,Food,The source lists the FoodKeeper App and describes its purpose.,high,https://wicworks.fns.usda.gov/resources/confused-date-labels-packaged-foods,Food Safety,Confused by Date Labels on Packaged Foods? | WIC Works Resource System,wicworks.fns.usda.gov,verified
FACT-2026-11-10-S14,10,2026-11-10,"Edison conducted experiments on many technologies at his laboratory in Menlo Park, New Jersey.",14,November,Menlo Park laboratory,Inventions,"The incandescent lamp section locates Edison’s laboratory in Menlo Park, New Jersey.",high,https://www.loc.gov/classroom-materials/inventions-and-innovations/,Innovation History,Inventions and Innovations | Classroom Materials at the Library of Congress | Library of Congress,loc.gov,verified
FACT-2026-11-10-S15,10,2026-11-10,The Country Profiles dataset is licensed under Creative Commons Attribution 4.0.,15,November,Country Profiles license,Country Facts,“License: Creative Commons Attribution 4.0”,high,https://datacatalog.worldbank.org/search/dataset/0041074/country-profiles,Global Data,Country Profiles - World Bank Data Catalog,datacatalog.worldbank.org,verified
FACT-2026-11-10-S16,10,2026-11-10,The sculpture Sleeping Hermaphroditus refers to the story in which Salmacis and Hermaphroditus merge into a single body.,16,November,Salmacis and Hermaphroditus,Mythology & Legends,The article directly states that the sculpture refers to this transformation story.,high,https://www.smithsonianmag.com/smart-news/see-how-ovids-metamorphoses-inspired-centuries-of-artists-from-caravaggio-to-rene-magritte-180988224/,Classical Mythology,See How Ovid's 'Metamorphoses' Inspired Centuries of Artists—From Caravaggio to René Magritte,smithsonianmag.com,verified
FACT-2026-11-10-S17,10,2026-11-10,The waves generated by a meteotsunami can travel at the same speed as the overhead weather system.,17,November,Meteotsunami wave speed,Ocean & Marine,“These disturbances can generate waves in the ocean that travel at the same speed as the overhead weather system.”,high,https://oceanservice.noaa.gov/ocean/weird-ocean-weather.html,Ocean Phenomena,Weird Ocean Phenomena,oceanservice.noaa.gov,verified
FACT-2026-11-10-S18,10,2026-11-10,The text on the Vase with Deer Hunting Procession is entirely pseudoglyphic and is not meant to be read.,18,November,Pseudoglyphic deer-hunting text,Language,"The text is described as “entirely pseudoglyphic,” with glyphs “not meant to be read” but representing the “idea” of writing.",high,https://www.loc.gov/exhibits/exploring-the-early-americas/language-and-context.html,Writing Systems,Language and Context - Exploring the Early Americas | Exhibitions - Library of Congress,loc.gov,verified
FACT-2026-11-10-S19,10,2026-11-10,Diversification spreads money among various investments in the hope that poor performance by one investment will have less effect on the overall holdings.,19,November,Diversification,Money & Economics,“The strategy involves spreading your money among various investments in the hope that if one…”,high,https://www.investor.gov/introduction-investing/investing-basics/glossary,Investment Terms,Glossary | Investor.gov,investor.gov,verified
FACT-2026-11-10-S20,10,2026-11-10,The account pages appeared upside down relative to the text in the rest of the volume.,20,November,Upside-down appearance,Everyday Life,“would appear upside down from the text in the rest of the volume”,high,https://loc.gov/collections/thomas-jefferson-papers/articles-and-essays/anne-cary-randolphs-household-accounts,Household History,"Collection 
            
             Thomas Jefferson Papers, 1606 to 1827",loc.gov,verified
FACT-2026-11-11-S01,11,2026-11-11,"California has no pattern of large, damaging earthquakes occurring more frequently during heavy precipitation or drought.",1,November,California precipitation and earthquakes,Science,The source states that no such pattern exists in California.,high,https://www.usgs.gov/science/faqs/natural-hazards,Earth Science,Natural Hazards | U.S. Geological Survey,usgs.gov,verified
FACT-2026-11-11-S02,11,2026-11-11,The solar system is the only planetary system currently known to support life.,2,November,Known life-bearing system,Space,NASA states that the solar system is the only one known to support life.,high,https://science.nasa.gov/solar-system/solar-system-facts/,Solar System,Solar System: Facts - NASA Science,science.nasa.gov,verified
FACT-2026-11-11-S03,11,2026-11-11,The cerebrum is divided into two hemispheres by a deep fissure.,3,November,Cerebral hemispheres,Human Body,The source states that a deep fissure separates the two cerebral hemispheres.,high,https://www.ninds.nih.gov/health-information/public-education/brain-basics/brain-basics-know-your-brain,Neuroscience,Brain Basics: Know Your Brain | National Institute of Neurological Disorders and Stroke,ninds.nih.gov,verified
FACT-2026-11-11-S04,11,2026-11-11,Semantic encoding produces better memory for words than visual or acoustic encoding.,4,November,Depth of processing,Psychology,The source reports that words encoded semantically were better remembered than words encoded visually or acoustically.,high,https://openstax.org/books/psychology-2e/pages/8-1-how-memory-functions,Memory,8.1 How Memory Functions - Psychology 2e | OpenStax,openstax.org,verified
FACT-2026-11-11-S05,11,2026-11-11,The Kori bustard’s scientific name is Ardeotis kori.,5,November,Kori bustard scientific name,Animals,Kori bustard — Scientific Name: Ardeotis kori,high,https://nationalzoo.si.edu/animals,Zoology,Animals,nationalzoo.si.edu,verified
FACT-2026-11-11-S06,11,2026-11-11,Mount Everest is part of the Himalaya range.,6,November,Mount Everest and the Himalaya,Geography,It is part of the Himalaya range that runs across several countries in Asia.,high,https://education.nationalgeographic.org/resource/landform/,Physical Geography,Landform,education.nationalgeographic.org,verified
FACT-2026-11-11-S07,11,2026-11-11,The lesson is intended for grades 7 through 12.,7,November,Target grade levels,History,The grade-level section lists 7–12.,high,https://www.archives.gov/legislative/resources/education/foreign-policy-1920-2020,Modern History,Seeing the Big Picture: U.S. Foreign Policy 1920-2020 | National Archives,archives.gov,verified
FACT-2026-11-11-S08,11,2026-11-11,"Edison developed the Pearl Street Station in lower Manhattan, described by the source as the first commercial power utility.",8,November,Pearl Street Station,Technology,“Developing the first commercial power utility called the Pearl Street Station...”,high,https://www.energy.gov/articles/history-light-bulb,Lighting Technology,The History of the Light Bulb | Department of Energy,energy.gov,verified
FACT-2026-11-11-S09,11,2026-11-11,A supermassive black hole’s intense gravity can cause stars to orbit around it in a particular way.,9,November,Stars can orbit supermassive black holes,Mystery & Unexplained,“A supermassive black hole’s intense gravity can cause stars to orbit around it in a particular way.”,high,https://science.nasa.gov/universe/black-holes/,Black Holes,Black Holes - NASA Science,science.nasa.gov,verified
FACT-2026-11-11-S10,11,2026-11-11,A Maya shell cup from approximately A.D. 200–400 bears six incised hieroglyphs.,10,November,Maya shell cup,Ancient Civilizations,The object caption identifies a Maya shell cup with six incised hieroglyphs and dates it to A.D. 200–400.,high,https://www.loc.gov/exhibits/exploring-the-early-americas/language-and-context.html,Ancient Near East,Language and Context - Exploring the Early Americas | Exhibitions - Library of Congress,loc.gov,verified
FACT-2026-11-11-S11,11,2026-11-11,Whether the Nile or Amazon is longer depends partly on how the rivers are defined and measured.,11,November,Longest-river comparison,World Records & Extremes,The source says the comparison is more a matter of definition than simple measurement.,high,https://www.guinnessworldrecords.com/world-records/longest-river,Verified Records,Longest river | Guinness World Records,guinnessworldrecords.com,verified
FACT-2026-11-11-S12,11,2026-11-11,A Clark's nutcracker hides a limber pine nut in a cool syringa crevice.,12,November,Clark's nutcracker seed hiding,Nature,“A Clark's nutcracker hides a limber pine nut in the cool syringa crevice.”,high,https://www.nps.gov/teachers/classrooms/web-of-life-teacher-s-guide-ecology.htm,Ecology,Web of Life (Teacher's Guide/Ecology) -  Teachers (U.S. National Park Service),nps.gov,verified
FACT-2026-11-11-S13,11,2026-11-11,The FDA’s Refrigerator and Freezer Storage Chart provides information about which products to refrigerate or freeze and for how long.,13,November,FDA storage chart,Food,"The source describes the chart as providing refrigeration, freezing, and duration guidance.",high,https://wicworks.fns.usda.gov/resources/confused-date-labels-packaged-foods,Food Safety,Confused by Date Labels on Packaged Foods? | WIC Works Resource System,wicworks.fns.usda.gov,verified
FACT-2026-11-11-S14,11,2026-11-11,Edison’s laboratory work was collaborative rather than a solitary endeavor.,14,November,Collaborative invention,Inventions,The source explicitly says Edison’s experiments were conducted collaboratively with others.,high,https://www.loc.gov/classroom-materials/inventions-and-innovations/,Innovation History,Inventions and Innovations | Classroom Materials at the Library of Congress | Library of Congress,loc.gov,verified
FACT-2026-11-11-S15,11,2026-11-11,"Maps can present facts about the size, shape, and appearance of Earth and changes imposed on it by people.",15,November,USGS world map information,Country Facts,"“a map conveys information visually ... facts about the size, shape, and appearance of our world and about the changes that people have imposed on the world.”",high,https://pubs.usgs.gov/gip/70039243/report.pdf,Global Data,Maps of the World,pubs.usgs.gov,verified
FACT-2026-11-11-S16,11,2026-11-11,Auguste Rodin’s Pygmalion and Galatea depicts Aphrodite fulfilling Pygmalion’s wish to bring the stone figure Galatea to life.,16,November,Pygmalion and Galatea,Mythology & Legends,The article summarizes the myth represented by Rodin’s circa 1908–1909 work.,high,https://www.smithsonianmag.com/smart-news/see-how-ovids-metamorphoses-inspired-centuries-of-artists-from-caravaggio-to-rene-magritte-180988224/,Classical Mythology,See How Ovid's 'Metamorphoses' Inspired Centuries of Artists—From Caravaggio to René Magritte,smithsonianmag.com,verified
FACT-2026-11-11-S17,11,2026-11-11,"Meteotsunami development depends on factors including the intensity, direction, and speed of the air pressure as it travels over a waterbody.",17,November,Factors affecting meteotsunami development,Ocean & Marine,"“Development of a meteotsunami depends on several factors, such as the intensity, direction, and speed of the air pressure…”",high,https://oceanservice.noaa.gov/ocean/weird-ocean-weather.html,Ocean Phenomena,Weird Ocean Phenomena,oceanservice.noaa.gov,verified
FACT-2026-11-11-S18,11,2026-11-11,"Maya writing was used for recording history, accounting for tributes, and writing prayers and auguries.",18,November,Uses of Maya writing,Language,"The page states that writing was used for “recording history, accounting for tributes, and writing of prayers and auguries.”",high,https://www.loc.gov/exhibits/exploring-the-early-americas/language-and-context.html,Writing Systems,Language and Context - Exploring the Early Americas | Exhibitions - Library of Congress,loc.gov,verified
FACT-2026-11-11-S19,11,2026-11-11,A dividend is a portion of a company’s profit paid to shareholders.,19,November,Dividend,Money & Economics,“A portion of a company's profit paid to shareholders.”,high,https://www.investor.gov/introduction-investing/investing-basics/glossary,Investment Terms,Glossary | Investor.gov,investor.gov,verified
FACT-2026-11-11-S20,11,2026-11-11,Reusing a volume in this way was not uncommon in the eighteenth and early nineteenth centuries because paper was scarce or expensive.,20,November,Historical paper practice,Everyday Life,"“This practice was not uncommon in the eighteenth and early nineteenth centuries, when paper was scarce or expensive.”",high,https://loc.gov/collections/thomas-jefferson-papers/articles-and-essays/anne-cary-randolphs-household-accounts,Household History,"Collection 
            
             Thomas Jefferson Papers, 1606 to 1827",loc.gov,verified
FACT-2026-11-12-S01,12,2026-11-12,The source says it is unlikely that precipitation affects seismic hazard in California.,1,November,Precipitation and seismic hazard,Science,The source concludes that seismic hazard is unlikely to be affected by precipitation.,high,https://www.usgs.gov/science/faqs/natural-hazards,Earth Science,Natural Hazards | U.S. Geological Survey,usgs.gov,verified
FACT-2026-11-12-S02,12,2026-11-12,"So far, life is known only on Earth.",2,November,Known location of life,Space,NASA states that scientists currently know of life only on Earth.,high,https://science.nasa.gov/solar-system/solar-system-facts/,Solar System,Solar System: Facts - NASA Science,science.nasa.gov,verified
FACT-2026-11-12-S03,12,2026-11-12,"The cerebral hemispheres communicate through the corpus callosum, a thick tract of nerve fibers.",3,November,Corpus callosum,Human Body,The source identifies the corpus callosum as the communication tract between the hemispheres.,high,https://www.ninds.nih.gov/health-information/public-education/brain-basics/brain-basics-know-your-brain,Neuroscience,Brain Basics: Know Your Brain | National Institute of Neurological Disorders and Stroke,ninds.nih.gov,verified
FACT-2026-11-12-S04,12,2026-11-12,The self-reference effect is better memory for information related to oneself than for less personally relevant information.,4,November,Self-reference effect,Psychology,The source defines it as the tendency to have better memory for information that “relates to oneself.”,high,https://openstax.org/books/psychology-2e/pages/8-1-how-memory-functions,Memory,8.1 How Memory Functions - Psychology 2e | OpenStax,openstax.org,verified
FACT-2026-11-12-S05,12,2026-11-12,The Kori bustard is located in the Bird House.,5,November,Kori bustard exhibit,Animals,Kori bustard — Bird House,high,https://nationalzoo.si.edu/animals,Zoology,Animals,nationalzoo.si.edu,verified
FACT-2026-11-12-S06,12,2026-11-12,Landforms can exist underwater as mountain ranges and basins beneath the sea.,6,November,Submarine landforms,Geography,Landforms can exist under water in the form of mountain ranges and basins under the sea.,high,https://education.nationalgeographic.org/resource/landform/,Physical Geography,Landform,education.nationalgeographic.org,verified
FACT-2026-11-12-S07,12,2026-11-12,The lesson requires two 45-minute class periods.,7,November,Lesson duration,History,The time-required section states “2 forty-five minute class periods.”,high,https://www.archives.gov/legislative/resources/education/foreign-policy-1920-2020,Modern History,Seeing the Big Picture: U.S. Foreign Policy 1920-2020 | National Archives,archives.gov,verified
FACT-2026-11-12-S08,12,2026-11-12,Edison developed an electric meter to track customers’ electricity use.,8,November,Edison’s electric meter,Technology,"“To track how much electricity each customer was using, Edison developed the first electric meter.”",high,https://www.energy.gov/articles/history-light-bulb,Lighting Technology,The History of the Light Bulb | Department of Energy,energy.gov,verified
FACT-2026-11-12-S09,12,2026-11-12,The center of the Milky Way houses a supermassive black hole.,9,November,The Milky Way contains a supermassive black hole,Mystery & Unexplained,“Astronomers tracked the orbits of several stars near the center of the Milky Way to prove it houses a supermassive black hole.”,high,https://science.nasa.gov/universe/black-holes/,Black Holes,Black Holes - NASA Science,science.nasa.gov,verified
FACT-2026-11-12-S10,12,2026-11-12,The Mesoamerican ballgame was played by two opposing sides using a solid rubber ball.,10,November,Mesoamerican ballgame,Ancient Civilizations,The source describes the game as involving two opposing sides and a solid rubber ball.,high,https://www.loc.gov/exhibits/exploring-the-early-americas/language-and-context.html,Ancient Near East,Language and Context - Exploring the Early Americas | Exhibitions - Library of Congress,loc.gov,verified
FACT-2026-11-12-S11,12,2026-11-12,"If the Pará estuary is counted as the Amazon’s most distant mouth, its length is approximately 6,750 kilometres.",11,November,Amazon approximate length,World Records & Extremes,"The source gives an approximate Amazon length of 6,750 km when the Pará estuary is included.",high,https://www.guinnessworldrecords.com/world-records/longest-river,Verified Records,Longest river | Guinness World Records,guinnessworldrecords.com,verified
FACT-2026-11-12-S12,12,2026-11-12,A Cooper's hawk catches the Clark's nutcracker in the example food-web interaction.,12,November,Cooper's hawk predation,Nature,“But is later caught by a Cooper's hawk.”,high,https://www.nps.gov/teachers/classrooms/web-of-life-teacher-s-guide-ecology.htm,Ecology,Web of Life (Teacher's Guide/Ecology) -  Teachers (U.S. National Park Service),nps.gov,verified
FACT-2026-11-12-S13,12,2026-11-12,"Before the national mint opened in 1792, foreign and domestic coins circulated in the American colonies and the years after the Revolutionary War.",13,November,Early U.S. coin circulation,Food,The source describes mixed foreign and domestic coin circulation before the national mint.,high,https://www.usmint.gov/learn/history/us-circulating-coins,Food Safety,History of U.S. Circulating Coins | U.S. Mint,usmint.gov,verified
FACT-2026-11-12-S14,12,2026-11-12,"Widespread monoculture of cotton farming was associated with soil nutrient loss, erosion, and poor yields.",14,November,Cotton monoculture and soil,Inventions,The agricultural innovations section describes these concerns by the early 20th century.,high,https://www.loc.gov/classroom-materials/inventions-and-innovations/,Innovation History,Inventions and Innovations | Classroom Materials at the Library of Congress | Library of Congress,loc.gov,verified
FACT-2026-11-12-S15,12,2026-11-12,"World maps may show physical features such as mountains, rivers, oceans, and plains.",15,November,World map subject matter,Country Facts,"“Some world maps show the mountains, rivers, oceans, and plains that make up the face of the Earth.”",high,https://pubs.usgs.gov/gip/70039243/report.pdf,Global Data,Maps of the World,pubs.usgs.gov,verified
FACT-2026-11-12-S16,12,2026-11-12,Paul Delvaux’s 1939 painting Pygmalion reverses the traditional story by showing a female sculptor embracing a man made of stone.,16,November,Paul Delvaux’s Pygmalion,Mythology & Legends,The article explicitly describes Delvaux’s reversal of the Pygmalion story.,high,https://www.smithsonianmag.com/smart-news/see-how-ovids-metamorphoses-inspired-centuries-of-artists-from-caravaggio-to-rene-magritte-180988224/,Classical Mythology,See How Ovid's 'Metamorphoses' Inspired Centuries of Artists—From Caravaggio to René Magritte,smithsonianmag.com,verified
FACT-2026-11-12-S17,12,2026-11-12,"Like earthquake-generated tsunamis, meteotsunamis affect the entire water column.",17,November,Meteotsunamis affect the water column,Ocean & Marine,"“Like an earthquake-generated tsunami, a meteotsunami affects the entire water column…”",high,https://oceanservice.noaa.gov/ocean/weird-ocean-weather.html,Ocean Phenomena,Weird Ocean Phenomena,oceanservice.noaa.gov,verified
FACT-2026-11-12-S18,12,2026-11-12,"The Vessel with Maya Scribes depicts a human scribe and Itzam, the god and patron of writing.",18,November,Scribes on a Maya vessel,Language,"“The figures on the vessel are a human scribe and Itzam, the god and patron of writing.”",high,https://www.loc.gov/exhibits/exploring-the-early-americas/language-and-context.html,Writing Systems,Language and Context - Exploring the Early Americas | Exhibitions - Library of Congress,loc.gov,verified
FACT-2026-11-12-S19,12,2026-11-12,Dollar-cost averaging means investing equal portions at regular intervals regardless of market ups and downs.,19,November,Dollar-cost averaging,Money & Economics,"“Investing your money in equal portions, at regular intervals, regardless of the ups and downs in the market.”",high,https://www.investor.gov/introduction-investing/investing-basics/glossary,Investment Terms,Glossary | Investor.gov,investor.gov,verified
FACT-2026-11-12-S20,12,2026-11-12,"When the volume was microfilmed, Anne Cary Randolph’s accounts were filmed first.",20,November,Microfilming sequence,Everyday Life,"“When this volume was microfilmed, Anne Cary Randolph's accounts were filmed first”",high,https://loc.gov/collections/thomas-jefferson-papers/articles-and-essays/anne-cary-randolphs-household-accounts,Household History,"Collection 
            
             Thomas Jefferson Papers, 1606 to 1827",loc.gov,verified
FACT-2026-11-13-S01,13,2026-11-13,Debris flows are fast-moving landslides.,1,November,Debris-flow definition,Science,The source defines debris flows as fast-moving landslides.,high,https://www.usgs.gov/science/faqs/natural-hazards,Earth Science,Natural Hazards | U.S. Geological Survey,usgs.gov,verified
FACT-2026-11-13-S02,13,2026-11-13,Voyager 1 and Voyager 2 are the only spacecraft leaving the solar system.,2,November,Voyager spacecraft,Space,NASA identifies Voyager 1 and Voyager 2 as the only spacecraft leaving the solar system.,high,https://science.nasa.gov/solar-system/solar-system-facts/,Solar System,Solar System: Facts - NASA Science,science.nasa.gov,verified
FACT-2026-11-13-S03,13,2026-11-13,"The ability to form words seems to lie primarily in the left hemisphere, while the right hemisphere seems to control many abstract reasoning skills.",3,November,Hemisphere specialization,Human Body,The source gives these examples of differences between the hemispheres.,high,https://www.ninds.nih.gov/health-information/public-education/brain-basics/brain-basics-know-your-brain,Neuroscience,Brain Basics: Know Your Brain | National Institute of Neurological Disorders and Stroke,ninds.nih.gov,verified
FACT-2026-11-13-S04,13,2026-11-13,"Information passes through sensory memory, short-term memory, and long-term memory to enter long-term storage.",4,November,Three storage stages,Psychology,"The source identifies three stages: “Sensory Memory, Short-Term Memory, and finally Long-Term Memory.”",high,https://openstax.org/books/psychology-2e/pages/8-1-how-memory-functions,Memory,8.1 How Memory Functions - Psychology 2e | OpenStax,openstax.org,verified
FACT-2026-11-13-S05,13,2026-11-13,The lion’s scientific name is Panthera leo.,5,November,Lion scientific name,Animals,Lion — Scientific Name: Panthera leo,high,https://nationalzoo.si.edu/animals,Zoology,Animals,nationalzoo.si.edu,verified
FACT-2026-11-13-S06,13,2026-11-13,The Mariana Trench is the deepest landform on Earth.,6,November,Deepest landform,Geography,"The Mariana Trench, the deepest landform on Earth, is in the South Pacific.",high,https://education.nationalgeographic.org/resource/landform/,Physical Geography,Landform,education.nationalgeographic.org,verified
FACT-2026-11-13-S07,13,2026-11-13,"The lesson timeline is organized chronologically in vertical columns, while horizontal rows show different topics of events within the same five-year period.",7,November,Timeline organization,History,The learning activities describe the timeline’s vertical columns and horizontal rows.,high,https://www.archives.gov/legislative/resources/education/foreign-policy-1920-2020,Modern History,Seeing the Big Picture: U.S. Foreign Policy 1920-2020 | National Archives,archives.gov,verified
FACT-2026-11-13-S08,13,2026-11-13,European inventors introduced the tungsten filament in 1904.,8,November,Tungsten filament,Technology,“The invention of the tungsten filament by European inventors in 1904.”,high,https://www.energy.gov/articles/history-light-bulb,Lighting Technology,The History of the Light Bulb | Department of Energy,energy.gov,verified
FACT-2026-11-13-S09,13,2026-11-13,The discovery of the Milky Way’s central supermassive black hole won the 2020 Nobel Prize.,9,November,The Milky Way discovery won a Nobel Prize,Mystery & Unexplained,“A discovery that won the 2020 Nobel Prize.”,high,https://science.nasa.gov/universe/black-holes/,Black Holes,Black Holes - NASA Science,science.nasa.gov,verified
FACT-2026-11-13-S10,13,2026-11-13,A Maya vessel depicts hunters carrying long blowguns and returning with a deer after a hunt.,10,November,Maya deer-hunting vessel,Ancient Civilizations,The source describes hunters with blowguns and a procession carrying a deer.,high,https://www.loc.gov/exhibits/exploring-the-early-americas/language-and-context.html,Ancient Near East,Language and Context - Exploring the Early Americas | Exhibitions - Library of Congress,loc.gov,verified
FACT-2026-11-13-S11,13,2026-11-13,The farthest source of the Amazon described in the source is Laguna McIntyre in the Andes of southern Peru.,11,November,Amazon named source,World Records & Extremes,The source states that the snowbound lakes and brooks begin at a source named Laguna McIntyre.,high,https://www.guinnessworldrecords.com/world-records/longest-river,Verified Records,Longest river | Guinness World Records,guinnessworldrecords.com,verified
FACT-2026-11-13-S12,13,2026-11-13,The hidden pine nut germinates and begins to grow in the crevice.,12,November,Pine nut germination,Nature,“The pine nut germinates and finds the crevice to its liking and begins to grow.”,high,https://www.nps.gov/teachers/classrooms/web-of-life-teacher-s-guide-ecology.htm,Ecology,Web of Life (Teacher's Guide/Ecology) -  Teachers (U.S. National Park Service),nps.gov,verified
FACT-2026-11-13-S13,13,2026-11-13,"Coins circulating during the Colonial Period included British pounds, German thalers, Spanish milled dollars, and coins produced by the colonies.",13,November,Colonial coin varieties,Food,The source lists these examples of Colonial-era circulating coins.,high,https://www.usmint.gov/learn/history/us-circulating-coins,Food Safety,History of U.S. Circulating Coins | U.S. Mint,usmint.gov,verified
FACT-2026-11-13-S14,13,2026-11-13,George Washington Carver served as head of the Agriculture Department at Tuskegee Institute in Alabama.,14,November,Carver at Tuskegee,Inventions,The agricultural innovations section identifies Carver’s position at Tuskegee Institute.,high,https://www.loc.gov/classroom-materials/inventions-and-innovations/,Innovation History,Inventions and Innovations | Classroom Materials at the Library of Congress | Library of Congress,loc.gov,verified
FACT-2026-11-13-S15,13,2026-11-13,Some world maps show boundaries dividing the world into nations.,15,November,Political world maps,Country Facts,“Some show only the boundaries that divide our world into nations.”,high,https://pubs.usgs.gov/gip/70039243/report.pdf,Global Data,Maps of the World,pubs.usgs.gov,verified
FACT-2026-11-13-S16,13,2026-11-13,The mythological weaver Arachne is transformed into a spider.,16,November,Arachne’s transformation,Mythology & Legends,The article identifies Arachne’s transformation into a spider as a subject in the exhibition.,high,https://www.smithsonianmag.com/smart-news/see-how-ovids-metamorphoses-inspired-centuries-of-artists-from-caravaggio-to-rene-magritte-180988224/,Classical Mythology,See How Ovid's 'Metamorphoses' Inspired Centuries of Artists—From Caravaggio to René Magritte,smithsonianmag.com,verified
FACT-2026-11-13-S17,13,2026-11-13,A meteotsunami may become dangerous in shallow water because it slows down and increases in height and intensity.,17,November,Meteotsunamis in shallow water,Ocean & Marine,"“…may become dangerous when it hits shallow water, which causes it to slow down and increase in height and intensity.”",high,https://oceanservice.noaa.gov/ocean/weird-ocean-weather.html,Ocean Phenomena,Weird Ocean Phenomena,oceanservice.noaa.gov,verified
FACT-2026-11-13-S18,13,2026-11-13,The Madrid Codex is one of the few surviving books of the ancient Maya and details the Maya worldview.,18,November,Madrid Codex,Language,"The plate is said to depict pages of “the Madrid Codex, one of the few surviving books of the ancient Maya,” which “details the Maya worldview.”",high,https://www.loc.gov/exhibits/exploring-the-early-americas/language-and-context.html,Writing Systems,Language and Context - Exploring the Early Americas | Exhibitions - Library of Congress,loc.gov,verified
FACT-2026-11-13-S19,13,2026-11-13,Earnings per share is a public company’s net profit divided by the number of its common shares.,19,November,Earnings per share,Money & Economics,“A public company's net profit divided by the number of its common shares.”,high,https://www.investor.gov/introduction-investing/investing-basics/glossary,Investment Terms,Glossary | Investor.gov,investor.gov,verified
FACT-2026-11-13-S20,13,2026-11-13,The online presentation restores the pages to a sequence closer to that of the original volume.,20,November,Online presentation,Everyday Life,“This online presentation restores the pages to a sequence that more closely matches the original volume.”,high,https://loc.gov/collections/thomas-jefferson-papers/articles-and-essays/anne-cary-randolphs-household-accounts,Household History,"Collection 
            
             Thomas Jefferson Papers, 1606 to 1827",loc.gov,verified
FACT-2026-11-14-S01,14,2026-11-14,"Debris flows are dangerous to life and property because they move quickly, destroy objects in their paths, and often strike without warning.",1,November,Debris-flow danger,Science,"The source gives rapid movement, destruction along their paths, and little warning as reasons for their danger.",high,https://www.usgs.gov/science/faqs/natural-hazards,Earth Science,Natural Hazards | U.S. Geological Survey,usgs.gov,verified
FACT-2026-11-14-S02,14,2026-11-14,"Pioneer 10, Pioneer 11, and New Horizons will eventually reach interstellar space.",2,November,Future interstellar spacecraft,Space,NASA states that these three spacecraft will eventually hit interstellar space.,high,https://science.nasa.gov/solar-system/solar-system-facts/,Solar System,Solar System: Facts - NASA Science,science.nasa.gov,verified
FACT-2026-11-14-S03,14,2026-11-14,"The right cerebral hemisphere primarily controls the left side of the body, and the left hemisphere primarily controls the right side.",3,November,Contralateral control,Human Body,The source states that most signals cross over between the brain and body.,high,https://www.ninds.nih.gov/health-information/public-education/brain-basics/brain-basics-know-your-brain,Neuroscience,Brain Basics: Know Your Brain | National Institute of Neurological Disorders and Stroke,ninds.nih.gov,verified
FACT-2026-11-14-S04,14,2026-11-14,"Sensory memory stores brief sensory events such as sights, sounds, and tastes.",4,November,Sensory memory,Psychology,"The source calls sensory memory the “storage of brief sensory events, such as sights, sounds, and tastes.”",high,https://openstax.org/books/psychology-2e/pages/8-1-how-memory-functions,Memory,8.1 How Memory Functions - Psychology 2e | OpenStax,openstax.org,verified
FACT-2026-11-14-S05,14,2026-11-14,The lion is located in Great Cats.,5,November,Lion exhibit,Animals,Lion — Great Cats,high,https://nationalzoo.si.edu/animals,Zoology,Animals,nationalzoo.si.edu,verified
FACT-2026-11-14-S06,14,2026-11-14,The Mariana Trench is located in the South Pacific Ocean.,6,November,Mariana Trench location,Geography,The Mariana Trench ... is in the South Pacific.,high,https://education.nationalgeographic.org/resource/landform/,Physical Geography,Landform,education.nationalgeographic.org,verified
FACT-2026-11-14-S07,14,2026-11-14,"One lesson primary source is an image of United Nations troops fighting in Seoul on September 20, 1950.",7,November,Korean War primary source,History,"Primary source document 1 is identified as United Nations troops fighting in the streets of Seoul, Korea.",high,https://www.archives.gov/legislative/resources/education/foreign-policy-1920-2020,Modern History,Seeing the Big Picture: U.S. Foreign Policy 1920-2020 | National Archives,archives.gov,verified
FACT-2026-11-14-S08,14,2026-11-14,Tungsten-filament bulbs lasted longer and produced brighter light than carbon-filament bulbs.,8,November,Tungsten-filament benefits,Technology,“These new tungsten filament bulbs lasted longer and had a brighter light...”,high,https://www.energy.gov/articles/history-light-bulb,Lighting Technology,The History of the Light Bulb | Department of Energy,energy.gov,verified
FACT-2026-11-14-S09,14,2026-11-14,"When very massive objects such as black holes accelerate through space, they create gravitational waves.",9,November,Black holes can produce gravitational waves,Mystery & Unexplained,"“When very massive objects accelerate through space, they create ripples in the fabric of space-time called gravitational waves.”",high,https://science.nasa.gov/universe/black-holes/,Black Holes,Black Holes - NASA Science,science.nasa.gov,verified
FACT-2026-11-14-S10,14,2026-11-14,A Maya plate depicts the earth as a four-sided temple with a world tree and deities performing sacrifices and presenting offerings.,10,November,Maya worldview plate,Ancient Civilizations,"The source describes the temple, world tree, deities, sacrifices, and offerings.",high,https://www.loc.gov/exhibits/exploring-the-early-americas/language-and-context.html,Ancient Near East,Language and Context - Exploring the Early Americas | Exhibitions - Library of Congress,loc.gov,verified
FACT-2026-11-14-S11,14,2026-11-14,"The Amazon’s source streams converge to form the Apurímac, which joins other streams to become the Ene, Tambo and Ucayali.",11,November,Amazon downstream sequence,World Records & Extremes,The source describes this sequence of river formation.,high,https://www.guinnessworldrecords.com/world-records/longest-river,Verified Records,Longest river | Guinness World Records,guinnessworldrecords.com,verified
FACT-2026-11-14-S12,14,2026-11-14,The guide states that nothing lives in isolation.,12,November,No organismal isolation,Nature,“We do know that nothing lives in isolation.”,high,https://www.nps.gov/teachers/classrooms/web-of-life-teacher-s-guide-ecology.htm,Ecology,Web of Life (Teacher's Guide/Ecology) -  Teachers (U.S. National Park Service),nps.gov,verified
FACT-2026-11-14-S13,14,2026-11-14,Spanish milled dollars became popular because their silver content was consistent over the years.,13,November,Spanish milled dollars were favored,Food,The source cites consistency of silver content as the reason for their popularity.,high,https://www.usmint.gov/learn/history/us-circulating-coins,Food Safety,History of U.S. Circulating Coins | U.S. Mint,usmint.gov,verified
FACT-2026-11-14-S14,14,2026-11-14,Carver developed agricultural innovations to address farming problems and help poor southern farmers.,14,November,Carver’s agricultural goal,Inventions,The source says Carver tackled the problem of soil depletion and helped poor southern farmers through agricultural innovations.,high,https://www.loc.gov/classroom-materials/inventions-and-innovations/,Innovation History,Inventions and Innovations | Classroom Materials at the Library of Congress | Library of Congress,loc.gov,verified
FACT-2026-11-14-S15,14,2026-11-14,"World maps can show Earth's resources, population centers, or earthquake activity.",15,November,World map thematic subjects,Country Facts,"“Others show the Earth's resources, population centers, or areas of earthquake activity.”",high,https://pubs.usgs.gov/gip/70039243/report.pdf,Global Data,Maps of the World,pubs.usgs.gov,verified
FACT-2026-11-14-S16,14,2026-11-14,Louise Bourgeois created a sculpture inspired by Arachne’s transformation into a spider.,16,November,Louise Bourgeois’s Arachne sculpture,Mythology & Legends,The article describes Bourgeois’s sculpture as inspired by the Arachne story.,high,https://www.smithsonianmag.com/smart-news/see-how-ovids-metamorphoses-inspired-centuries-of-artists-from-caravaggio-to-rene-magritte-180988224/,Classical Mythology,See How Ovid's 'Metamorphoses' Inspired Centuries of Artists—From Caravaggio to René Magritte,smithsonianmag.com,verified
FACT-2026-11-14-S17,14,2026-11-14,"Semi-enclosed water bodies such as harbors, inlets, and bays can greatly intensify a meteotsunami.",17,November,Meteotsunami amplification,Ocean & Marine,"“Semi-enclosed water bodies like harbors, inlets, and bays can greatly intensify a meteotsunami.”",high,https://oceanservice.noaa.gov/ocean/weird-ocean-weather.html,Ocean Phenomena,Weird Ocean Phenomena,oceanservice.noaa.gov,verified
FACT-2026-11-14-S18,14,2026-11-14,The worldview depicted on the plate presents the earth from above as a four-sided temple with a world tree at the top and deities performing sacrifices and presenting offerings.,18,November,Maya worldview on the Madrid Codex plate,Language,The plate is described as showing “the earth…from above as a four-sided temple” with the “world” tree and deities performing sacrifices and presenting offerings.,high,https://www.loc.gov/exhibits/exploring-the-early-americas/language-and-context.html,Writing Systems,Language and Context - Exploring the Early Americas | Exhibitions - Library of Congress,loc.gov,verified
FACT-2026-11-14-S19,14,2026-11-14,An expense ratio is the percentage of a fund’s average net assets used annually to pay operating expenses.,19,November,Expense ratio,Money & Economics,“The percentage of a fund's average net assets used each year to pay the fund’s operating expenses.”,high,https://www.investor.gov/introduction-investing/investing-basics/glossary,Investment Terms,Glossary | Investor.gov,investor.gov,verified
FACT-2026-11-14-S20,14,2026-11-14,The accounts functioned as an apprenticeship preparing Anne Cary Randolph for marriage and the occupation of plantation mistress.,20,November,Household training,Everyday Life,“They reflect what was in essence an apprenticeship preparing Anne Cary Randolph for marriage and the occupation of plantation mistress.”,high,https://loc.gov/collections/thomas-jefferson-papers/articles-and-essays/anne-cary-randolphs-household-accounts,Household History,"Collection 
            
             Thomas Jefferson Papers, 1606 to 1827",loc.gov,verified
FACT-2026-11-15-S01,15,2026-11-15,Debris flows occur in all 50 U.S. states and U.S. territories.,1,November,Debris-flow distribution,Science,The source states that debris flows occur throughout all 50 states and U.S. Territories.,high,https://www.usgs.gov/science/faqs/natural-hazards,Earth Science,Natural Hazards | U.S. Geological Survey,usgs.gov,verified
FACT-2026-11-15-S02,15,2026-11-15,"The solar system includes the Sun, eight planets, five officially named dwarf planets, hundreds of moons, and thousands of asteroids and comets.",2,November,Solar system contents,Space,NASA lists these bodies as components of the solar system.,high,https://science.nasa.gov/solar-system/solar-system-facts/,Solar System,Solar System: Facts - NASA Science,science.nasa.gov,verified
FACT-2026-11-15-S03,15,2026-11-15,The cerebral cortex is a tissue layer covering the surface of the cerebrum and cerebellum.,3,November,Cerebral cortex,Human Body,The source describes the cortex as coating the surfaces of the cerebrum and cerebellum.,high,https://www.ninds.nih.gov/health-information/public-education/brain-basics/brain-basics-know-your-brain,Neuroscience,Brain Basics: Know Your Brain | National Institute of Neurological Disorders and Stroke,ninds.nih.gov,verified
FACT-2026-11-15-S04,15,2026-11-15,Sensory memory lasts up to a couple of seconds.,4,November,Sensory-memory duration,Psychology,The source describes sensory memory as “very brief storage—up to a couple of seconds.”,high,https://openstax.org/books/psychology-2e/pages/8-1-how-memory-functions,Memory,8.1 How Memory Functions - Psychology 2e | OpenStax,openstax.org,verified
FACT-2026-11-15-S05,15,2026-11-15,The orangutan is listed with the scientific names Pongo abelii and Pongo pygmaeus.,5,November,Orangutan scientific names,Animals,Orangutan — Scientific Name: Pongo abelii Pongo pygmaeus,high,https://nationalzoo.si.edu/animals,Zoology,Animals,nationalzoo.si.edu,verified
FACT-2026-11-15-S06,15,2026-11-15,"The Mariana Trench reaches approximately 11,000 meters (36,198 feet) at its deepest.",6,November,Mariana Trench depth,Geography,"Mariana Trench ... at 11,000 meters (36,198 feet) at its deepest.",high,https://education.nationalgeographic.org/resource/landform/,Physical Geography,Landform,education.nationalgeographic.org,verified
FACT-2026-11-15-S07,15,2026-11-15,"One lesson primary source is a map of Vietnam dated July 29, 1966.",7,November,Vietnam War primary source,History,"Primary source document 3 is identified as a map of Vietnam dated July 29, 1966.",high,https://www.archives.gov/legislative/resources/education/foreign-policy-1920-2020,Modern History,Seeing the Big Picture: U.S. Foreign Policy 1920-2020 | National Archives,archives.gov,verified
FACT-2026-11-15-S08,15,2026-11-15,"In 1913, Irving Langmuir found that placing an inert gas such as nitrogen inside a bulb doubled its efficiency.",8,November,Nitrogen in incandescent bulbs,Technology,"“In 1913, Irving Langmuir figured out that placing an inert gas like nitrogen inside the bulb doubled its efficiency.”",high,https://www.energy.gov/articles/history-light-bulb,Lighting Technology,The History of the Light Bulb | Department of Energy,energy.gov,verified
FACT-2026-11-15-S09,15,2026-11-15,Scientists can detect some gravitational waves through their effects on detectors.,9,November,Gravitational waves affect detectors,Mystery & Unexplained,“Scientists can detect some of these by the ripples’ effect on detectors.”,high,https://science.nasa.gov/universe/black-holes/,Black Holes,Black Holes - NASA Science,science.nasa.gov,verified
FACT-2026-11-15-S10,15,2026-11-15,Midwives may have used certain Maya miniature flasks for healing and birthing rituals.,10,November,Maya healing and birthing flasks,Ancient Civilizations,The source states that midwives may have used such flasks for healing and birthing rituals.,high,https://www.loc.gov/exhibits/exploring-the-early-americas/language-and-context.html,Ancient Near East,Language and Context - Exploring the Early Americas | Exhibitions - Library of Congress,loc.gov,verified
FACT-2026-11-15-S11,15,2026-11-15,"The river is called the Amazon for its final 3,700 kilometres from the confluence of the Ucayali and Marañón to the Atlantic.",11,November,Amazon final named stretch,World Records & Extremes,"The source specifies the final 3,700-km Amazon section.",high,https://www.guinnessworldrecords.com/world-records/longest-river,Verified Records,Longest river | Guinness World Records,guinnessworldrecords.com,verified
FACT-2026-11-15-S12,15,2026-11-15,DDT caused eggshell thinning in predatory birds.,12,November,DDT and predatory birds,Nature,“DDT ... caused egg shell thinning in predatory birds.”,high,https://www.nps.gov/teachers/classrooms/web-of-life-teacher-s-guide-ecology.htm,Ecology,Web of Life (Teacher's Guide/Ecology) -  Teachers (U.S. National Park Service),nps.gov,verified
FACT-2026-11-15-S13,15,2026-11-15,"Spanish milled dollars were sometimes cut into halves, quarters, eighths, and sixteenths to make change.",13,November,Spanish dollars were divided for change,Food,The source describes cutting dollars into fractional pieces for denominations in short supply.,high,https://www.usmint.gov/learn/history/us-circulating-coins,Food Safety,History of U.S. Circulating Coins | U.S. Mint,usmint.gov,verified
FACT-2026-11-15-S14,15,2026-11-15,"Carver promoted crop rotation methods that alternated nitrate-producing legumes, such as peanuts and corn, with cotton.",14,November,Crop rotation,Inventions,The agricultural innovations section describes Carver’s crop rotation methods.,high,https://www.loc.gov/classroom-materials/inventions-and-innovations/,Innovation History,Inventions and Innovations | Classroom Materials at the Library of Congress | Library of Congress,loc.gov,verified
FACT-2026-11-15-S15,15,2026-11-15,USGS world maps range from a one-sheet desktop reference aid to a six-sheet wall map.,15,November,USGS world map range,Country Facts,“World maps available from the U.S. Geological Survey (USGS) range from a one-sheet desktop reference aid to a six-sheet wall map.”,high,https://pubs.usgs.gov/gip/70039243/report.pdf,Global Data,Maps of the World,pubs.usgs.gov,verified
FACT-2026-11-15-S16,15,2026-11-15,René Magritte’s 1934 work Le Modèle Rouge depicts bare feet transforming into boots.,16,November,René Magritte’s Le Modèle Rouge,Mythology & Legends,The article describes the work as showing bare feet turning into boots.,high,https://www.smithsonianmag.com/smart-news/see-how-ovids-metamorphoses-inspired-centuries-of-artists-from-caravaggio-to-rene-magritte-180988224/,Classical Mythology,See How Ovid's 'Metamorphoses' Inspired Centuries of Artists—From Caravaggio to René Magritte,smithsonianmag.com,verified
FACT-2026-11-15-S17,15,2026-11-15,"A waterspout is a spinning column of air and mist that forms on lakes, rivers, or at sea.",17,November,Definition of a waterspout,Ocean & Marine,"“A waterspout is a spinning column of air and mist that forms on lakes, rivers, and at sea.”",high,https://oceanservice.noaa.gov/ocean/weird-ocean-weather.html,Ocean Phenomena,Weird Ocean Phenomena,oceanservice.noaa.gov,verified
FACT-2026-11-15-S18,15,2026-11-15,Midwives may have used the miniature flasks for healing and birthing rituals.,18,November,Miniature flasks and ritual use,Language,“Midwives may have used flasks like these for healing and birthing rituals.”,high,https://www.loc.gov/exhibits/exploring-the-early-americas/language-and-context.html,Writing Systems,Language and Context - Exploring the Early Americas | Exhibitions - Library of Congress,loc.gov,verified
FACT-2026-11-15-S19,15,2026-11-15,Future value is the value of an asset at a specified date in the future.,19,November,Future value,Money & Economics,“The value of an asset at a specified date in the future.”,high,https://www.investor.gov/introduction-investing/investing-basics/glossary,Investment Terms,Glossary | Investor.gov,investor.gov,verified
FACT-2026-11-15-S20,15,2026-11-15,"At Carlton, Anne Cary Randolph Bankhead was able to use the training she received as a teenager at Monticello.",20,November,Later plantation use,Everyday Life,“at Carlton ... Anne Cary Randolph Bankhead was able to use the training she had received as a teenager at Monticello”,high,https://loc.gov/collections/thomas-jefferson-papers/articles-and-essays/anne-cary-randolphs-household-accounts,Household History,"Collection 
            
             Thomas Jefferson Papers, 1606 to 1827",loc.gov,verified
FACT-2026-11-16-S01,16,2026-11-16,Debris flows generally occur during intense rainfall or rapid snowmelt.,1,November,Debris-flow weather conditions,Science,The source links debris flows generally to periods of intense rainfall or rapid snowmelt.,high,https://www.usgs.gov/science/faqs/natural-hazards,Earth Science,Natural Hazards | U.S. Geological Survey,usgs.gov,verified
FACT-2026-11-16-S02,16,2026-11-16,"The solar system is located in the Milky Way, a barred spiral galaxy.",2,November,Galactic location,Space,NASA describes the Milky Way as a barred spiral galaxy and places the solar system within it.,high,https://science.nasa.gov/solar-system/solar-system-facts/,Solar System,Solar System: Facts - NASA Science,science.nasa.gov,verified
FACT-2026-11-16-S03,16,2026-11-16,Most of the brain’s actual information processing takes place in the cerebral cortex.,3,November,Cortical processing,Human Body,The source explicitly attributes most information processing to the cerebral cortex.,high,https://www.ninds.nih.gov/health-information/public-education/brain-basics/brain-basics-know-your-brain,Neuroscience,Brain Basics: Know Your Brain | National Institute of Neurological Disorders and Stroke,ninds.nih.gov,verified
FACT-2026-11-16-S04,16,2026-11-16,Short-term memory is a temporary system that processes incoming sensory memory.,4,November,Short-term memory,Psychology,The source defines short-term memory as “a temporary storage system that processes incoming sensory memory.”,high,https://openstax.org/books/psychology-2e/pages/8-1-how-memory-functions,Memory,8.1 How Memory Functions - Psychology 2e | OpenStax,openstax.org,verified
FACT-2026-11-16-S05,16,2026-11-16,The orangutan is located among the Primates.,5,November,Orangutan exhibit,Animals,Orangutan — Primates,high,https://nationalzoo.si.edu/animals,Zoology,Animals,nationalzoo.si.edu,verified
FACT-2026-11-16-S06,16,2026-11-16,A basin is a dip or depression in the surface of the land or ocean floor.,6,November,Basin definition,Geography,basin: a dip or depression in the surface of the land or ocean floor.,high,https://education.nationalgeographic.org/resource/landform/,Physical Geography,Landform,education.nationalgeographic.org,verified
FACT-2026-11-16-S07,16,2026-11-16,"One lesson primary source is a photograph of Edwin E. “Buzz” Aldrin on the Moon dated July 20, 1969.",7,November,Apollo 11 primary source,History,Primary source document 4 identifies the photograph and date.,high,https://www.archives.gov/legislative/resources/education/foreign-policy-1920-2020,Modern History,Seeing the Big Picture: U.S. Foreign Policy 1920-2020 | National Archives,archives.gov,verified
FACT-2026-11-16-S08,16,2026-11-16,"By the 1950s, incandescent bulbs converted about 10 percent of their consumed energy into light.",8,November,Incandescent conversion efficiency,Technology,“By the 1950s... only figured out how to convert about 10 percent of the energy... into light.”,high,https://www.energy.gov/articles/history-light-bulb,Lighting Technology,The History of the Light Bulb | Department of Energy,energy.gov,verified
FACT-2026-11-16-S09,16,2026-11-16,Massive objects such as black holes can bend and distort light from more distant objects.,9,November,Black holes can bend light,Mystery & Unexplained,“Massive objects like black holes can bend and distort light from more distant objects.”,high,https://science.nasa.gov/universe/black-holes/,Black Holes,Black Holes - NASA Science,science.nasa.gov,verified
FACT-2026-11-16-S10,16,2026-11-16,Some Maya flasks are inscribed with words referring to traditional tobacco and lime mixtures used for medicinal and ritual purposes.,10,November,Maya ritual mixtures,Ancient Civilizations,The source identifies the mixtures as native tobacco and lime preparations used medicinally and ritually.,high,https://www.loc.gov/exhibits/exploring-the-early-americas/language-and-context.html,Ancient Near East,Language and Context - Exploring the Early Americas | Exhibitions - Library of Congress,loc.gov,verified
FACT-2026-11-16-S11,16,2026-11-16,The Great Wall of China is identified as the longest wall in the world.,11,November,Longest wall,World Records & Extremes,The record entry names the Great Wall of China and states that it is the longest in the world.,high,https://www.guinnessworldrecords.com/world-records/longest-wall,Verified Records,Longest wall | Guinness World Records,guinnessworldrecords.com,verified
FACT-2026-11-16-S12,16,2026-11-16,The guide states that DDT tainted mothers' milk.,12,November,DDT and mothers' milk,Nature,“DDT ... tainted mothers' milk.”,high,https://www.nps.gov/teachers/classrooms/web-of-life-teacher-s-guide-ecology.htm,Ecology,Web of Life (Teacher's Guide/Ecology) -  Teachers (U.S. National Park Service),nps.gov,verified
FACT-2026-11-16-S13,16,2026-11-16,"Under the Articles of Confederation, each state could make coins and set their values.",13,November,State coinage after the Revolution,Food,The source states that the Articles allowed each state to produce coins and assign values.,high,https://www.usmint.gov/learn/history/us-circulating-coins,Food Safety,History of U.S. Circulating Coins | U.S. Mint,usmint.gov,verified
FACT-2026-11-16-S14,16,2026-11-16,"Carver experimented with alternative uses for sweet potatoes, soybeans, and peanuts.",14,November,Alternative crop uses,Inventions,The source lists these crops among those Carver studied for alternative uses.,high,https://www.loc.gov/classroom-materials/inventions-and-innovations/,Innovation History,Inventions and Innovations | Classroom Materials at the Library of Congress | Library of Congress,loc.gov,verified
FACT-2026-11-16-S15,16,2026-11-16,"The This Dynamic Planet world map shows volcanoes, earthquakes, impact craters, and plate tectonics.",15,November,This Dynamic Planet map content,Country Facts,"“World Map of Volcanoes, Earthquakes, Impact Craters, and Plate Tectonics”",high,https://pubs.usgs.gov/gip/70039243/report.pdf,Global Data,Maps of the World,pubs.usgs.gov,verified
FACT-2026-11-16-S16,16,2026-11-16,Three screens in the exhibition show videos of Juul Kraijer with snakes moving across her face in a portrayal of Medusa.,16,November,Juul Kraijer’s Medusa videos,Mythology & Legends,The article describes the three-screen video installation and its Medusa imagery.,high,https://www.smithsonianmag.com/smart-news/see-how-ovids-metamorphoses-inspired-centuries-of-artists-from-caravaggio-to-rene-magritte-180988224/,Classical Mythology,See How Ovid's 'Metamorphoses' Inspired Centuries of Artists—From Caravaggio to René Magritte,smithsonianmag.com,verified
FACT-2026-11-16-S17,16,2026-11-16,Waterspouts fall into two categories: fair weather and tornadic.,17,November,Waterspout categories,Ocean & Marine,“Waterspouts fall into two categories: fair weather and tornadic.”,high,https://oceanservice.noaa.gov/ocean/weird-ocean-weather.html,Ocean Phenomena,Weird Ocean Phenomena,oceanservice.noaa.gov,verified
FACT-2026-11-16-S18,16,2026-11-16,"Several flasks in the Kislak Collection are inscribed with the words “homes for may,” referring to traditional native tobacco and lime mixtures used medicinally and ritually.",18,November,Inscription on Maya flasks,Language,"The page says several flasks bear “homes for may,” described as native tobacco and lime mixtures used for medicinal and ritual purposes.",high,https://www.loc.gov/exhibits/exploring-the-early-americas/language-and-context.html,Writing Systems,Language and Context - Exploring the Early Americas | Exhibitions - Library of Congress,loc.gov,verified
FACT-2026-11-16-S19,16,2026-11-16,"Purchasing power is the amount of goods and services that a unit of currency can buy, accounting for inflation.",19,November,Inflation-adjusted purchasing power,Money & Economics,"“The amount of goods and services that can be purchased by a given unit of currency, taking into account the effect of inflation.”",high,https://www.investor.gov/introduction-investing/investing-basics/glossary,Investment Terms,Glossary | Investor.gov,investor.gov,verified
FACT-2026-11-16-S20,16,2026-11-16,"The accounts recorded purchases from Jefferson’s enslaved people, other enslaved people in the neighborhood, and local free white people.",20,November,Transaction participants,Everyday Life,"“purchases from Jefferson's slaves, other slaves in the neighborhood, and local free whites”",high,https://loc.gov/collections/thomas-jefferson-papers/articles-and-essays/anne-cary-randolphs-household-accounts,Household History,"Collection 
            
             Thomas Jefferson Papers, 1606 to 1827",loc.gov,verified
FACT-2026-11-17-S01,17,2026-11-17,"The USGS issues ShakeAlert messages, but alert delivery is handled through providers.",1,November,ShakeAlert delivery,Science,The ShakeAlert entry states that the USGS issues messages but alert delivery is provided through listed services.,high,https://www.usgs.gov/science/faqs/natural-hazards,Earth Science,Natural Hazards | U.S. Geological Survey,usgs.gov,verified
FACT-2026-11-17-S02,17,2026-11-17,"The Sun is in the Orion Arm, also called the Orion Spur, between the Sagittarius and Perseus arms.",2,November,Solar system location in the Milky Way,Space,"NASA places the Sun in a small, partial arm called the Orion Arm or Orion Spur.",high,https://science.nasa.gov/solar-system/solar-system-facts/,Solar System,Solar System: Facts - NASA Science,science.nasa.gov,verified
FACT-2026-11-17-S03,17,2026-11-17,Folds in the brain increase its surface area and the volume of information that can be processed.,3,November,Brain folds,Human Body,The source connects cortical folds with increased surface area and information-processing capacity.,high,https://www.ninds.nih.gov/health-information/public-education/brain-basics/brain-basics-know-your-brain,Neuroscience,Brain Basics: Know Your Brain | National Institute of Neurological Disorders and Stroke,ninds.nih.gov,verified
FACT-2026-11-17-S04,17,2026-11-17,Short-term memory storage lasts approximately 15 to 30 seconds.,4,November,Short-term-memory duration,Psychology,"The source states, “Short-term memory storage lasts 15 to 30 seconds.”",high,https://openstax.org/books/psychology-2e/pages/8-1-how-memory-functions,Memory,8.1 How Memory Functions - Psychology 2e | OpenStax,openstax.org,verified
FACT-2026-11-17-S05,17,2026-11-17,"The National Zoo’s regular hours are 8 a.m. to 6 p.m., with last entry at 5 p.m.",5,November,National Zoo regular hours,Animals,Regular hours: 8 a.m. to 6 p.m. (last entry 5 p.m.),high,https://nationalzoo.si.edu/animals,Zoology,Animals,nationalzoo.si.edu,verified
FACT-2026-11-17-S06,17,2026-11-17,"A butte is a single hill or rock formation that rises sharply from a flat landscape, usually in a desert.",6,November,Butte definition,Geography,"butte: single hill or rock formation that rises sharply from a flat landscape, usually in a desert.",high,https://education.nationalgeographic.org/resource/landform/,Physical Geography,Landform,education.nationalgeographic.org,verified
FACT-2026-11-17-S07,17,2026-11-17,One lesson primary source is a June 1973 photograph of a Portland-area service station displaying gasoline-shortage signs.,7,November,Gasoline shortage primary source,History,Primary source document 5 describes the photograph and its date.,high,https://www.archives.gov/legislative/resources/education/foreign-policy-1920-2020,Modern History,Seeing the Big Picture: U.S. Foreign Policy 1920-2020 | National Archives,archives.gov,verified
FACT-2026-11-17-S08,17,2026-11-17,Heinrich Geissler and Julius Plücker discovered that light could be produced by passing current through a nearly evacuated glass tube.,8,November,Geissler tube,Technology,“They could produce light by removing almost all of the air from a long glass tube and passing an electrical current through it.”,high,https://www.energy.gov/articles/history-light-bulb,Lighting Technology,The History of the Light Bulb | Department of Energy,energy.gov,verified
FACT-2026-11-17-S09,17,2026-11-17,Gravitational lensing can be used to find isolated black holes that are otherwise invisible.,9,November,Gravitational lensing can find isolated black holes,Mystery & Unexplained,"“This effect, called gravitational lensing, can be used to find isolated black holes that are otherwise invisible.”",high,https://science.nasa.gov/universe/black-holes/,Black Holes,Black Holes - NASA Science,science.nasa.gov,verified
FACT-2026-11-17-S10,17,2026-11-17,"An incised Maya vessel includes references to mixing copal and cacao liquids, probably for ritual use.",10,November,Maya ritual vessel,Ancient Civilizations,"The source describes glyphic references to mixing copal and cacao liquids, probably for ritualistic purposes.",high,https://www.loc.gov/exhibits/exploring-the-early-americas/language-and-context.html,Ancient Near East,Language and Context - Exploring the Early Americas | Exhibitions - Library of Congress,loc.gov,verified
FACT-2026-11-17-S11,17,2026-11-17,"The Great Wall of China has a main-line length of 3,460 kilometres.",11,November,Great Wall main-line length,World Records & Extremes,"The source gives the main-line length as 3,460 km.",high,https://www.guinnessworldrecords.com/world-records/longest-wall,Verified Records,Longest wall | Guinness World Records,guinnessworldrecords.com,verified
FACT-2026-11-17-S12,17,2026-11-17,"The guide gives a simple linear food chain consisting of the sun, dandelion, rabbit, and hawk.",12,November,Linear food chain example,Nature,"“A simple linear food chain: sun, dandelion, rabbit, and hawk.”",high,https://www.nps.gov/teachers/classrooms/web-of-life-teacher-s-guide-ecology.htm,Ecology,Web of Life (Teacher's Guide/Ecology) -  Teachers (U.S. National Park Service),nps.gov,verified
FACT-2026-11-17-S13,17,2026-11-17,The coexistence of state and foreign coins created a situation in which the same coin could have different values from state to state.,13,November,Conflicting state coin values,Food,The source describes this as a confusing result of state-set values.,high,https://www.usmint.gov/learn/history/us-circulating-coins,Food Safety,History of U.S. Circulating Coins | U.S. Mint,usmint.gov,verified
FACT-2026-11-17-S14,17,2026-11-17,"Carver developed more than 300 food, industrial, and commercial products from peanuts.",14,November,Carver’s peanut products,Inventions,The agricultural innovations section states that Carver developed more than 300 such products from peanuts.,high,https://www.loc.gov/classroom-materials/inventions-and-innovations/,Innovation History,Inventions and Innovations | Classroom Materials at the Library of Congress | Library of Congress,loc.gov,verified
FACT-2026-11-17-S15,17,2026-11-17,The This Dynamic Planet map was compiled and published jointly by the Smithsonian Institution and the USGS.,15,November,This Dynamic Planet map compilation,Country Facts,“Compiled and published jointly by the Smithsonian Institution and the USGS”,high,https://pubs.usgs.gov/gip/70039243/report.pdf,Global Data,Maps of the World,pubs.usgs.gov,verified
FACT-2026-11-17-S16,17,2026-11-17,Ana Mendieta created a three-minute silent film depicting a woman’s body made from water and rock.,16,November,Ana Mendieta’s silent film,Mythology & Legends,The article identifies the film’s duration and its water-and-rock body imagery.,high,https://www.smithsonianmag.com/smart-news/see-how-ovids-metamorphoses-inspired-centuries-of-artists-from-caravaggio-to-rene-magritte-180988224/,Classical Mythology,See How Ovid's 'Metamorphoses' Inspired Centuries of Artists—From Caravaggio to René Magritte,smithsonianmag.com,verified
FACT-2026-11-17-S17,17,2026-11-17,Tornadic waterspouts are tornadoes that form over water or move from land to water.,17,November,Tornadic waterspouts,Ocean & Marine,"“Tornadic waterspouts are tornadoes that form over water, or move from land to water.”",high,https://oceanservice.noaa.gov/ocean/weird-ocean-weather.html,Ocean Phenomena,Weird Ocean Phenomena,oceanservice.noaa.gov,verified
FACT-2026-11-17-S18,17,2026-11-17,The Incised Creamware Vessel has diagonal glyphic text on both sides.,18,November,Incised creamware vessel text,Language,It is described as “finely incised on both sides with a diagonal glyphic text.”,high,https://www.loc.gov/exhibits/exploring-the-early-americas/language-and-context.html,Writing Systems,Language and Context - Exploring the Early Americas | Exhibitions - Library of Congress,loc.gov,verified
FACT-2026-11-17-S19,17,2026-11-17,Interest is the price paid for borrowing money and is expressed as a percentage rate over a period of time.,19,November,Interest,Money & Economics,“The price paid for borrowing money. It is expressed as a percentage rate over a period of time.”,high,https://www.investor.gov/introduction-investing/investing-basics/glossary,Investment Terms,Glossary | Investor.gov,investor.gov,verified
FACT-2026-11-17-S20,17,2026-11-17,The recorded purchases were made for use by the kitchen at Monticello.,20,November,Kitchen use,Everyday Life,“transactions of purchases ... for the use of the kitchen at Monticello”,high,https://loc.gov/collections/thomas-jefferson-papers/articles-and-essays/anne-cary-randolphs-household-accounts,Household History,"Collection 
            
             Thomas Jefferson Papers, 1606 to 1827",loc.gov,verified
FACT-2026-11-18-S01,18,2026-11-18,"The listed ShakeAlert-powered alert options cover California, Oregon, and Washington, with Alert San Diego specifically listed for California.",1,November,ShakeAlert coverage listed by USGS,Science,"The provider table lists CA/OR/WA for Wireless Emergency Alerts, MyShake, and Google Android, and CA for Alert San Diego.",high,https://www.usgs.gov/science/faqs/natural-hazards,Earth Science,Natural Hazards | U.S. Geological Survey,usgs.gov,verified
FACT-2026-11-18-S02,18,2026-11-18,The Kuiper Belt lies beyond Neptune’s orbit and consists of icy bodies.,2,November,Kuiper Belt,Space,NASA describes the Kuiper Belt as a ring of icy bodies past Neptune’s orbit.,high,https://science.nasa.gov/solar-system/solar-system-facts/,Solar System,Solar System: Facts - NASA Science,science.nasa.gov,verified
FACT-2026-11-18-S03,18,2026-11-18,"The frontal lobes support planning, imagining the future, and using reasoned arguments.",3,November,Frontal lobes,Human Body,The source attributes these activities to the frontal lobes.,high,https://www.ninds.nih.gov/health-information/public-education/brain-basics/brain-basics-know-your-brain,Neuroscience,Brain Basics: Know Your Brain | National Institute of Neurological Disorders and Stroke,ninds.nih.gov,verified
FACT-2026-11-18-S04,18,2026-11-18,Rehearsal can move information from short-term memory into long-term memory.,4,November,Rehearsal,Psychology,"The source states, “Rehearsal moves information from short-term memory to long-term memory.”",high,https://openstax.org/books/psychology-2e/pages/8-1-how-memory-functions,Memory,8.1 How Memory Functions - Psychology 2e | OpenStax,openstax.org,verified
FACT-2026-11-18-S05,18,2026-11-18,The blue whale is the largest mammal on Earth based on weight.,5,November,Blue whale largest mammal,Animals,The largest mammal ... on Earth based on weight is the blue whale.,high,https://guinnessworldrecords.com/world-records/largest-mammal,Zoology,Largest mammal | Guinness World Records,guinnessworldrecords.com,verified
FACT-2026-11-18-S06,18,2026-11-18,"A canyon is a deep, narrow valley with steep sides.",6,November,Canyon definition,Geography,"canyon: deep, narrow valley with steep sides.",high,https://education.nationalgeographic.org/resource/landform/,Physical Geography,Landform,education.nationalgeographic.org,verified
FACT-2026-11-18-S07,18,2026-11-18,"One lesson primary source shows First Lady Betty Ford greeting children participating in Trick or Treat for UNICEF outside the White House on October 31, 1974.",7,November,UNICEF primary source,History,Primary source document 6 provides the description and date.,high,https://www.archives.gov/legislative/resources/education/foreign-policy-1920-2020,Modern History,Seeing the Big Picture: U.S. Foreign Policy 1920-2020 | National Archives,archives.gov,verified
FACT-2026-11-18-S08,18,2026-11-18,"Discharge lamps became the basis of technologies including neon, low-pressure sodium, and fluorescent lights.",8,November,Discharge lamps as a technology base,Technology,"“Discharge lamps became the basis of many lighting technologies, including neon lights... and fluorescent lights.”",high,https://www.energy.gov/articles/history-light-bulb,Lighting Technology,The History of the Light Bulb | Department of Energy,energy.gov,verified
FACT-2026-11-18-S09,18,2026-11-18,Black holes are not wormholes.,9,November,Black holes are not wormholes,Mystery & Unexplained,“Black Holes Are Not ... Wormholes.”,high,https://science.nasa.gov/universe/black-holes/,Black Holes,Black Holes - NASA Science,science.nasa.gov,verified
FACT-2026-11-18-S10,18,2026-11-18,Maya dynastic vases recount and date coronations of rulers of the Snake Dynasty.,10,November,Maya dynastic vases,Ancient Civilizations,The source identifies these all-glyphic vessels as records of Snake Dynasty coronations.,high,https://www.loc.gov/exhibits/exploring-the-early-americas/language-and-context.html,Ancient Near East,Language and Context - Exploring the Early Americas | Exhibitions - Library of Congress,loc.gov,verified
FACT-2026-11-18-S11,18,2026-11-18,"The Great Wall has an additional 3,530 kilometres of branches and spurs.",11,November,Great Wall branches,World Records & Extremes,"The source states that the wall includes 3,530 km of branches and spurs.",high,https://www.guinnessworldrecords.com/world-records/longest-wall,Verified Records,Longest wall | Guinness World Records,guinnessworldrecords.com,verified
FACT-2026-11-18-S12,18,2026-11-18,Green plants convert sunlight into chemical energy.,12,November,Sunlight and chemical energy,Nature,“Sunlight is converted into chemical energy by green plants.”,high,https://www.nps.gov/teachers/classrooms/web-of-life-teacher-s-guide-ecology.htm,Ecology,Web of Life (Teacher's Guide/Ecology) -  Teachers (U.S. National Park Service),nps.gov,verified
FACT-2026-11-18-S13,18,2026-11-18,"In 1787, Congress authorized the production of copper cents known as Fugio cents.",13,November,Fugio cent authorization,Food,The source identifies the 1787 congressional authorization and the coins’ name.,high,https://www.usmint.gov/learn/history/us-circulating-coins,Food Safety,History of U.S. Circulating Coins | U.S. Mint,usmint.gov,verified
FACT-2026-11-18-S14,18,2026-11-18,"Examples of Carver’s peanut products included peanut milk, punch, soaps, and cosmetics.",14,November,Examples of peanut products,Inventions,The source gives these examples of products developed from peanuts.,high,https://www.loc.gov/classroom-materials/inventions-and-innovations/,Innovation History,Inventions and Innovations | Classroom Materials at the Library of Congress | Library of Congress,loc.gov,verified
FACT-2026-11-18-S15,18,2026-11-18,The This Dynamic Planet map includes a base map showing the topography of land surfaces and the seafloor.,15,November,This Dynamic Planet base map,Country Facts,“provides a base map that shows the topography of the land surface and the seafloor.”,high,https://pubs.usgs.gov/gip/70039243/report.pdf,Global Data,Maps of the World,pubs.usgs.gov,verified
FACT-2026-11-18-S16,18,2026-11-18,Jupiter is portrayed in the exhibition’s discussion as a mythological figure who often disguises himself to seduce women.,16,November,Jupiter in Metamorphoses,Mythology & Legends,The article describes Jupiter’s disguises and seductions in its discussion of the exhibition.,high,https://www.smithsonianmag.com/smart-news/see-how-ovids-metamorphoses-inspired-centuries-of-artists-from-caravaggio-to-rene-magritte-180988224/,Classical Mythology,See How Ovid's 'Metamorphoses' Inspired Centuries of Artists—From Caravaggio to René Magritte,smithsonianmag.com,verified
FACT-2026-11-18-S17,18,2026-11-18,"Tornadic waterspouts are associated with severe thunderstorms and may be accompanied by high winds, high seas, large hail, and dangerous lightning.",17,November,Tornadic waterspout weather,Ocean & Marine,"“They are associated with severe thunderstorms and are often accompanied by high winds and seas, large hail, and dangerous lightning.”",high,https://oceanservice.noaa.gov/ocean/weird-ocean-weather.html,Ocean Phenomena,Weird Ocean Phenomena,oceanservice.noaa.gov,verified
FACT-2026-11-18-S18,18,2026-11-18,"One side of the Incised Creamware Vessel refers to a specific god, while the reverse refers to mixing copal and cacao liquids, probably for ritual use.",18,November,Ritual contents referenced by the creamware vessel,Language,"The text refers to “a specific god” and to “the mixing of copal and cacao liquids, probably for ritualistic uses.”",high,https://www.loc.gov/exhibits/exploring-the-early-americas/language-and-context.html,Writing Systems,Language and Context - Exploring the Early Americas | Exhibitions - Library of Congress,loc.gov,verified
FACT-2026-11-18-S19,18,2026-11-18,An investment company pools money from many investors and invests primarily in securities; each share represents part ownership of the underlying holdings.,19,November,Investment company,Money & Economics,“A company or fund that pools money from many investors and invests that money primarily in securities.”,high,https://www.investor.gov/introduction-investing/investing-basics/glossary,Investment Terms,Glossary | Investor.gov,investor.gov,verified
FACT-2026-11-18-S20,18,2026-11-18,Anne Cary Randolph recorded the date of each purchase.,20,November,Recorded date,Everyday Life,“She noted the date of purchase”,high,https://loc.gov/collections/thomas-jefferson-papers/articles-and-essays/anne-cary-randolphs-household-accounts,Household History,"Collection 
            
             Thomas Jefferson Papers, 1606 to 1827",loc.gov,verified
FACT-2026-11-19-S01,19,2026-11-19,Mining and construction blasts can produce seismic waves large enough to be detected by the USGS national seismic network.,1,November,Human-generated seismic events,Science,The source identifies mining and construction blasts as human activities that can generate detectable seismic waves.,high,https://www.usgs.gov/science/faqs/natural-hazards,Earth Science,Natural Hazards | U.S. Geological Survey,usgs.gov,verified
FACT-2026-11-19-S02,19,2026-11-19,Almost all Kuiper Belt objects are smaller than dwarf planet Pluto.,2,November,Kuiper Belt object size,Space,NASA states that nearly all Kuiper Belt bodies are smaller than Pluto.,high,https://science.nasa.gov/solar-system/solar-system-facts/,Solar System,Solar System: Facts - NASA Science,science.nasa.gov,verified
FACT-2026-11-19-S03,19,2026-11-19,"The motor cortex helps plan, control, and execute voluntary movement.",3,November,Motor cortex,Human Body,The source describes the motor cortex as supporting voluntary movement.,high,https://www.ninds.nih.gov/health-information/public-education/brain-basics/brain-basics-know-your-brain,Neuroscience,Brain Basics: Know Your Brain | National Institute of Neurological Disorders and Stroke,ninds.nih.gov,verified
FACT-2026-11-19-S04,19,2026-11-19,Active rehearsal involves repeating information to be remembered.,4,November,Active rehearsal,Psychology,The source describes active rehearsal as repeating or practicing information.,high,https://openstax.org/books/psychology-2e/pages/8-1-how-memory-functions,Memory,8.1 How Memory Functions - Psychology 2e | OpenStax,openstax.org,verified
FACT-2026-11-19-S05,19,2026-11-19,The blue whale is the largest animal on Earth based on weight.,5,November,Blue whale largest animal,Animals,The largest mammal (and indeed the largest animal) on Earth based on weight is the blue whale.,high,https://guinnessworldrecords.com/world-records/largest-mammal,Zoology,Largest mammal | Guinness World Records,guinnessworldrecords.com,verified
FACT-2026-11-19-S06,19,2026-11-19,"A hill is land that rises above its surroundings and has a rounded summit, usually less than 300 meters (1,000 feet) high.",6,November,Hill definition,Geography,"hill: land that rises above its surroundings and has a rounded summit, usually less than 300 meters (1,000 feet).",high,https://education.nationalgeographic.org/resource/landform/,Physical Geography,Landform,education.nationalgeographic.org,verified
FACT-2026-11-19-S07,19,2026-11-19,One lesson primary source shows U.S. Marines at a checkpoint in Lebanon in 1983 as part of a multinational peacekeeping force.,7,November,Lebanon peacekeeping primary source,History,Primary source document 7 describes the Marines’ deployment in Lebanon and peacekeeping role.,high,https://www.archives.gov/legislative/resources/education/foreign-policy-1920-2020,Modern History,Seeing the Big Picture: U.S. Foreign Policy 1920-2020 | National Archives,archives.gov,verified
FACT-2026-11-19-S08,19,2026-11-19,Peter Cooper Hewitt created a blue-green lamp by passing current through mercury vapor and using a ballast.,8,November,Cooper Hewitt lamp,Technology,“Hewitt created a blue-green light by passing an electric current through mercury vapor and incorporating a ballast.”,high,https://www.energy.gov/articles/history-light-bulb,Lighting Technology,The History of the Light Bulb | Department of Energy,energy.gov,verified
FACT-2026-11-19-S09,19,2026-11-19,Black holes do not provide shortcuts between different points in space.,9,November,Black holes do not provide space shortcuts,Mystery & Unexplained,“They don’t provide shortcuts between different points in space.”,high,https://science.nasa.gov/universe/black-holes/,Black Holes,Black Holes - NASA Science,science.nasa.gov,verified
FACT-2026-11-19-S10,19,2026-11-19,"One Maya vase records twelve separate coronations, making it the second-longest document sequence among the described dynastic vases.",10,November,Maya coronation record,Ancient Civilizations,The source states that the vase provides the second-longest sequence and records twelve coronations.,high,https://www.loc.gov/exhibits/exploring-the-early-americas/language-and-context.html,Ancient Near East,Language and Context - Exploring the Early Americas | Exhibitions - Library of Congress,loc.gov,verified
FACT-2026-11-19-S11,19,2026-11-19,"Construction of the Great Wall began during the reign of Qin Shi Huangdi, from 221 to 210 BC.",11,November,Great Wall construction,World Records & Extremes,The source dates the beginning of construction to Qin Shi Huangdi’s reign.,high,https://www.guinnessworldrecords.com/world-records/longest-wall,Verified Records,Longest wall | Guinness World Records,guinnessworldrecords.com,verified
FACT-2026-11-19-S12,19,2026-11-19,The chemical energy produced by plants includes carbohydrates or simple sugars.,12,November,Plant chemical energy,Nature,“Plants use sunlight to make chemical energy (carbohydrates or simple sugars).”,high,https://www.nps.gov/teachers/classrooms/web-of-life-teacher-s-guide-ecology.htm,Ecology,Web of Life (Teacher's Guide/Ecology) -  Teachers (U.S. National Park Service),nps.gov,verified
FACT-2026-11-19-S13,19,2026-11-19,Fugio cents featured a sundial on the obverse and a chain of 13 links on the reverse.,13,November,Fugio cent designs,Food,The source specifies both designs.,high,https://www.usmint.gov/learn/history/us-circulating-coins,Food Safety,History of U.S. Circulating Coins | U.S. Mint,usmint.gov,verified
FACT-2026-11-19-S14,19,2026-11-19,George Washington Carver was invited to testify before Congress in 1921 about the benefits of peanuts.,14,November,Carver’s congressional testimony,Inventions,The agricultural innovations section gives the year and subject of Carver’s congressional testimony.,high,https://www.loc.gov/classroom-materials/inventions-and-innovations/,Innovation History,Inventions and Innovations | Classroom Materials at the Library of Congress | Library of Congress,loc.gov,verified
FACT-2026-11-19-S15,19,2026-11-19,"The This Dynamic Planet map plots more than 1,500 volcanoes active during the past 10,000 years in four categories.",15,November,This Dynamic Planet volcano data,Country Facts,"“over 1,500 volcanoes active during the past 10,000 years are plotted on the map in four categories.”",high,https://pubs.usgs.gov/gip/70039243/report.pdf,Global Data,Maps of the World,pubs.usgs.gov,verified
FACT-2026-11-19-S16,19,2026-11-19,Nandipha Mntambo reimagines Jupiter as a bull cast into a powerful female form.,16,November,Nandipha Mntambo’s Jupiter,Mythology & Legends,The article gives this description of Mntambo’s sculpture.,high,https://www.smithsonianmag.com/smart-news/see-how-ovids-metamorphoses-inspired-centuries-of-artists-from-caravaggio-to-rene-magritte-180988224/,Classical Mythology,See How Ovid's 'Metamorphoses' Inspired Centuries of Artists—From Caravaggio to René Magritte,smithsonianmag.com,verified
FACT-2026-11-19-S17,19,2026-11-19,Tornadic waterspouts are more dangerous than fair weather waterspouts.,17,November,Relative danger of waterspout types,Ocean & Marine,“The tornadic variety are more dangerous than fair weather waterspouts…”,high,https://oceanservice.noaa.gov/ocean/weird-ocean-weather.html,Ocean Phenomena,Weird Ocean Phenomena,oceanservice.noaa.gov,verified
FACT-2026-11-19-S18,19,2026-11-19,The Vase with Sixty Hieroglyphs is one of only twelve known all-glyphic vases.,18,November,Dynastic Vases,Language,“This vase is one of only twelve all-glyphic vases known to exist.”,high,https://www.loc.gov/exhibits/exploring-the-early-americas/language-and-context.html,Writing Systems,Language and Context - Exploring the Early Americas | Exhibitions - Library of Congress,loc.gov,verified
FACT-2026-11-19-S19,19,2026-11-19,Liquidity generally refers to how easily or quickly a security can be bought or sold in a secondary market.,19,November,Liquidity,Money & Economics,“Liquidity generally refers to how easily or quickly a security can be bought or sold in a secondary market.”,high,https://www.investor.gov/introduction-investing/investing-basics/glossary,Investment Terms,Glossary | Investor.gov,investor.gov,verified
FACT-2026-11-19-S20,19,2026-11-19,Anne Cary Randolph recorded the name of the seller for each purchase.,20,November,Recorded seller,Everyday Life,“She noted ... the name of the seller”,high,https://loc.gov/collections/thomas-jefferson-papers/articles-and-essays/anne-cary-randolphs-household-accounts,Household History,"Collection 
            
             Thomas Jefferson Papers, 1606 to 1827",loc.gov,verified
FACT-2026-11-20-S01,20,2026-11-20,Artificially generated seismic events have a different seismic fingerprint from tectonic earthquakes.,1,November,Seismic fingerprints,Science,The source states that artificial events have a different seismic fingerprint from tectonic earthquakes.,high,https://www.usgs.gov/science/faqs/natural-hazards,Earth Science,Natural Hazards | U.S. Geological Survey,usgs.gov,verified
FACT-2026-11-20-S02,20,2026-11-20,The Oort Cloud is a giant spherical shell surrounding the solar system.,2,November,Oort Cloud,Space,NASA describes the Oort Cloud as a giant spherical shell around the solar system.,high,https://science.nasa.gov/solar-system/solar-system-facts/,Solar System,Solar System: Facts - NASA Science,science.nasa.gov,verified
FACT-2026-11-20-S03,20,2026-11-20,"The parietal lobes support processing related to taste, smell, texture, reading, and arithmetic.",3,November,Parietal lobes,Human Body,The source associates these functions with the parietal lobes.,high,https://www.ninds.nih.gov/health-information/public-education/brain-basics/brain-basics-know-your-brain,Neuroscience,Brain Basics: Know Your Brain | National Institute of Neurological Disorders and Stroke,ninds.nih.gov,verified
FACT-2026-11-20-S04,20,2026-11-20,Elaborative rehearsal links new information to existing information that is already known.,4,November,Elaborative rehearsal,Psychology,The source defines elaborative rehearsal as “linking new information” to existing information already known.,high,https://openstax.org/books/psychology-2e/pages/8-1-how-memory-functions,Memory,8.1 How Memory Functions - Psychology 2e | OpenStax,openstax.org,verified
FACT-2026-11-20-S05,20,2026-11-20,The blue whale’s scientific name is Balaenoptera musculus.,5,November,Blue whale scientific name,Animals,"Who Blue whale, Balaenoptera musculus",high,https://guinnessworldrecords.com/world-records/largest-mammal,Zoology,Largest mammal | Guinness World Records,guinnessworldrecords.com,verified
FACT-2026-11-20-S06,20,2026-11-20,"The Himalaya Mountains extend for about 2,500 kilometers (1,550 miles).",6,November,Himalaya length,Geography,"Himalaya Mountains: mountain range that extends for about 2,500 kilometers (1,550 miles).",high,https://education.nationalgeographic.org/resource/landform/,Physical Geography,Landform,education.nationalgeographic.org,verified
FACT-2026-11-20-S07,20,2026-11-20,"One lesson primary source is a photograph of President Reagan speaking at the Berlin Wall on June 12, 1987.",7,November,Berlin Wall primary source,History,"Primary source document 8 identifies the speaker, location, and date.",high,https://www.archives.gov/legislative/resources/education/foreign-policy-1920-2020,Modern History,Seeing the Big Picture: U.S. Foreign Policy 1920-2020 | National Archives,archives.gov,verified
FACT-2026-11-20-S08,20,2026-11-20,Fluorescent lights demonstrated in the 1930s lasted longer and were about three times more efficient than incandescent bulbs.,8,November,Early fluorescent-lamp efficiency,Technology,“These lights lasted longer and were about three times more efficient than incandescent bulbs.”,high,https://www.energy.gov/articles/history-light-bulb,Lighting Technology,The History of the Light Bulb | Department of Energy,energy.gov,verified
FACT-2026-11-20-S09,20,2026-11-20,Black holes are not portals to other dimensions or universes.,9,November,Black holes are not portals,Mystery & Unexplained,“Or portals to other dimensions or universes.”,high,https://science.nasa.gov/universe/black-holes/,Black Holes,Black Holes - NASA Science,science.nasa.gov,verified
FACT-2026-11-20-S10,20,2026-11-20,A Chocholá-style Maya bowl depicts an anthropomorphic woodpecker presenting gifts to an aged owl.,10,November,Maya Chocholá-style bowl,Ancient Civilizations,"The source describes the woodpecker, gifts, and aged lordly owl.",high,https://www.loc.gov/exhibits/exploring-the-early-americas/language-and-context.html,Ancient Near East,Language and Context - Exploring the Early Americas | Exhibitions - Library of Congress,loc.gov,verified
FACT-2026-11-20-S11,20,2026-11-20,The Great Wall’s height varies from 4.5 to 12 metres.,11,November,Great Wall height,World Records & Extremes,The source gives the wall’s height range as 4.5–12 m.,high,https://www.guinnessworldrecords.com/world-records/longest-wall,Verified Records,Longest wall | Guinness World Records,guinnessworldrecords.com,verified
FACT-2026-11-20-S12,20,2026-11-20,Herbivorous insects and vertebrates capture part of the plant's energy by eating plants.,12,November,Herbivore energy acquisition,Nature,“Part of that energy is captured by herbivorous insects and vertebrates when they eat the plant.”,high,https://www.nps.gov/teachers/classrooms/web-of-life-teacher-s-guide-ecology.htm,Ecology,Web of Life (Teacher's Guide/Ecology) -  Teachers (U.S. National Park Service),nps.gov,verified
FACT-2026-11-20-S13,20,2026-11-20,The Coinage Act of 1792 established a national mint in Philadelphia.,13,November,Coinage Act of 1792,Food,The source directly states that the Act established the Philadelphia mint.,high,https://www.usmint.gov/learn/history/us-circulating-coins,Food Safety,History of U.S. Circulating Coins | U.S. Mint,usmint.gov,verified
FACT-2026-11-20-S14,20,2026-11-20,Beulah Louise Henry was known as “Lady Edison” because of her prolific development of products.,14,November,Beulah Louise Henry,Inventions,The everyday devices section says Henry was dubbed “Lady Edison” for her prolific product development.,high,https://www.loc.gov/classroom-materials/inventions-and-innovations/,Innovation History,Inventions and Innovations | Classroom Materials at the Library of Congress | Library of Congress,loc.gov,verified
FACT-2026-11-20-S15,20,2026-11-20,"The This Dynamic Planet map plots the epicenters of more than 24,000 earthquakes, largely from 1960 through 1990.",15,November,This Dynamic Planet earthquake data,Country Facts,"“the locations (epicenters) of over 24,000 earthquakes, largely from 1960 through 1990, are plotted”",high,https://pubs.usgs.gov/gip/70039243/report.pdf,Global Data,Maps of the World,pubs.usgs.gov,verified
FACT-2026-11-20-S16,20,2026-11-20,Violence against women is identified as a recurring theme in Metamorphoses.,16,November,Violence against women in Metamorphoses,Mythology & Legends,The article explicitly calls violence against women a common theme in the poem.,high,https://www.smithsonianmag.com/smart-news/see-how-ovids-metamorphoses-inspired-centuries-of-artists-from-caravaggio-to-rene-magritte-180988224/,Classical Mythology,See How Ovid's 'Metamorphoses' Inspired Centuries of Artists—From Caravaggio to René Magritte,smithsonianmag.com,verified
FACT-2026-11-20-S17,20,2026-11-20,Fair weather waterspouts generally are not associated with thunderstorms.,17,November,Fair weather waterspouts and thunderstorms,Ocean & Marine,“Fair weather waterspouts… generally are not associated with thunderstorms…”,high,https://oceanservice.noaa.gov/ocean/weird-ocean-weather.html,Ocean Phenomena,Weird Ocean Phenomena,oceanservice.noaa.gov,verified
FACT-2026-11-20-S18,20,2026-11-20,"Dynastic Vases recount and date coronations of rulers of the Snake Dynasty, a powerful Maya ruling lineage.",18,November,Maya dynastic records,Language,The vessels “recount and date a series of coronations of rulers of the Snake Dynasty.”,high,https://www.loc.gov/exhibits/exploring-the-early-americas/language-and-context.html,Writing Systems,Language and Context - Exploring the Early Americas | Exhibitions - Library of Congress,loc.gov,verified
FACT-2026-11-20-S19,20,2026-11-20,Market capitalization is calculated by multiplying a corporation’s current public market price per share by its total outstanding shares.,19,November,Market capitalization,Money & Economics,“The value of a corporation determined by multiplying the current public market price of one share… by the number of total outstanding shares.”,high,https://www.investor.gov/introduction-investing/investing-basics/glossary,Investment Terms,Glossary | Investor.gov,investor.gov,verified
FACT-2026-11-20-S20,20,2026-11-20,Anne Cary Randolph recorded the name and number of items purchased.,20,November,Recorded quantities,Everyday Life,“the name and number of items purchased”,high,https://loc.gov/collections/thomas-jefferson-papers/articles-and-essays/anne-cary-randolphs-household-accounts,Household History,"Collection 
            
             Thomas Jefferson Papers, 1606 to 1827",loc.gov,verified
FACT-2026-11-21-S01,21,2026-11-21,A seismologist can distinguish some artificially generated seismic events from tectonic earthquakes when reviewing them.,1,November,Seismologist event identification,Science,The source says the differing seismic fingerprints allow events to be discerned by a seismologist upon review.,high,https://www.usgs.gov/science/faqs/natural-hazards,Earth Science,Natural Hazards | U.S. Geological Survey,usgs.gov,verified
FACT-2026-11-21-S02,21,2026-11-21,The Oort Cloud has never been directly observed.,2,November,Oort Cloud observation status,Space,NASA states that its existence is predicted from mathematical models and comet observations rather than direct observation.,high,https://science.nasa.gov/solar-system/solar-system-facts/,Solar System,Solar System: Facts - NASA Science,science.nasa.gov,verified
FACT-2026-11-21-S03,21,2026-11-21,"The somatosensory cortex receives information about temperature, taste, touch, and movement from the body.",3,November,Somatosensory cortex,Human Body,The source lists these types of body information as inputs to the somatosensory cortex.,high,https://www.ninds.nih.gov/health-information/public-education/brain-basics/brain-basics-know-your-brain,Neuroscience,Brain Basics: Know Your Brain | National Institute of Neurological Disorders and Stroke,ninds.nih.gov,verified
FACT-2026-11-21-S04,21,2026-11-21,The levels-of-processing hypothesis states that deeper thinking about information improves memory for it.,4,November,Levels of processing,Psychology,"The source states that “the deeper you think about something, the better you remember it.”",high,https://openstax.org/books/psychology-2e/pages/8-1-how-memory-functions,Memory,8.1 How Memory Functions - Psychology 2e | OpenStax,openstax.org,verified
FACT-2026-11-21-S05,21,2026-11-21,A fully grown blue whale is around 20–30 meters long.,5,November,Blue whale typical length,Animals,Fully grown is around 20–30 m (65–100 ft) long,high,https://guinnessworldrecords.com/world-records/largest-mammal,Zoology,Largest mammal | Guinness World Records,guinnessworldrecords.com,verified
FACT-2026-11-21-S06,21,2026-11-21,The Himalaya Mountains separate the Indian subcontinent from the rest of Asia.,6,November,Himalaya location,Geography,The Himalaya Mountains ... separat[e] the Indian subcontinent from the rest of Asia.,high,https://education.nationalgeographic.org/resource/landform/,Physical Geography,Landform,education.nationalgeographic.org,verified
FACT-2026-11-21-S07,21,2026-11-21,One lesson primary source shows a Nepalese Quick Reactionary Force member in Mogadishu in 1993 providing patrols and convoy security for United Nations staff.,7,November,Somalia peacekeeping primary source,History,Primary source document 9 describes the QRF’s location and duties.,high,https://www.archives.gov/legislative/resources/education/foreign-policy-1920-2020,Modern History,Seeing the Big Picture: U.S. Foreign Policy 1920-2020 | National Archives,archives.gov,verified
FACT-2026-11-21-S08,21,2026-11-21,"By 1951, linear fluorescent lamps were producing more light in the United States than other lighting sources.",8,November,Fluorescent adoption,Technology,"“By 1951, more light in the U.S. was being produced by linear fluorescent lamps.”",high,https://www.energy.gov/articles/history-light-bulb,Lighting Technology,The History of the Light Bulb | Department of Energy,energy.gov,verified
FACT-2026-11-21-S09,21,2026-11-21,Black holes are not cosmic vacuum cleaners.,9,November,Black holes are not cosmic vacuum cleaners,Mystery & Unexplained,“Black Holes Are Not ... Cosmic vacuum cleaners.”,high,https://science.nasa.gov/universe/black-holes/,Black Holes,Black Holes - NASA Science,science.nasa.gov,verified
FACT-2026-11-21-S10,21,2026-11-21,"A Maya cylindrical vessel was a drinking cup, identified by its shape and a glyph naming it as such.",10,November,Maya drinking cup,Ancient Civilizations,The source states that the vessel’s shape and glyph identify it as a drinking cup.,high,https://www.loc.gov/exhibits/exploring-the-early-americas/language-and-context.html,Ancient Near East,Language and Context - Exploring the Early Americas | Exhibitions - Library of Congress,loc.gov,verified
FACT-2026-11-21-S11,21,2026-11-21,The Great Wall is up to 9.8 metres thick.,11,November,Great Wall thickness,World Records & Extremes,The source states that the wall is up to 9.8 m thick.,high,https://www.guinnessworldrecords.com/world-records/longest-wall,Verified Records,Longest wall | Guinness World Records,guinnessworldrecords.com,verified
FACT-2026-11-21-S12,21,2026-11-21,Carnivores obtain energy by eating herbivores.,12,November,Carnivore energy acquisition,Nature,“Carnivores then eat herbivores.”,high,https://www.nps.gov/teachers/classrooms/web-of-life-teacher-s-guide-ecology.htm,Ecology,Web of Life (Teacher's Guide/Ecology) -  Teachers (U.S. National Park Service),nps.gov,verified
FACT-2026-11-21-S13,21,2026-11-21,The Coinage Act of 1792 established decimal coinage in parts of 100.,13,November,Decimal coinage,Food,The source says Congress chose decimal coinage in parts of 100.,high,https://www.usmint.gov/learn/history/us-circulating-coins,Food Safety,History of U.S. Circulating Coins | U.S. Mint,usmint.gov,verified
FACT-2026-11-21-S14,21,2026-11-21,"Between 1912 and 1962, Beulah Louise Henry developed more than 100 new products and received 49 patents.",14,November,Henry’s inventive career,Inventions,"The source provides these dates, product total, and patent count.",high,https://www.loc.gov/classroom-materials/inventions-and-innovations/,Innovation History,Inventions and Innovations | Classroom Materials at the Library of Congress | Library of Congress,loc.gov,verified
FACT-2026-11-21-S15,21,2026-11-21,The This Dynamic Planet map is intended as a classroom teaching aid and a general reference for research.,15,November,This Dynamic Planet map purpose,Country Facts,“This map is intended as a teaching aid for classroom use and as a general reference for research.”,high,https://pubs.usgs.gov/gip/70039243/report.pdf,Global Data,Maps of the World,pubs.usgs.gov,verified
FACT-2026-11-21-S16,21,2026-11-21,"The Rijksmuseum exhibition includes more than 80 paintings, sculptures, ceramics, metalworks, photographs and videos from 50 museums and collections worldwide.",16,November,Rijksmuseum Metamorphoses exhibition,Mythology & Legends,The article gives the exhibition’s approximate number and range of works and lenders.,high,https://www.smithsonianmag.com/smart-news/see-how-ovids-metamorphoses-inspired-centuries-of-artists-from-caravaggio-to-rene-magritte-180988224/,Classical Mythology,See How Ovid's 'Metamorphoses' Inspired Centuries of Artists—From Caravaggio to René Magritte,smithsonianmag.com,verified
FACT-2026-11-21-S17,21,2026-11-21,"Fair weather waterspouts usually form along the dark, flat base of a line of developing cumulus clouds.",17,November,Fair weather waterspout cloud setting,Ocean & Marine,“…usually form along the dark flat base of a line of developing cumulus clouds.”,high,https://oceanservice.noaa.gov/ocean/weird-ocean-weather.html,Ocean Phenomena,Weird Ocean Phenomena,oceanservice.noaa.gov,verified
FACT-2026-11-21-S18,21,2026-11-21,The Vase with Sixty Hieroglyphs records twelve separate coronations and provides the second-longest document sequence among the described dynastic vases.,18,November,Coronations recorded on the Vase with Sixty Hieroglyphs,Language,The page calls it “the second-longest document sequence” and says it records “twelve separate coronations.”,high,https://www.loc.gov/exhibits/exploring-the-early-americas/language-and-context.html,Writing Systems,Language and Context - Exploring the Early Americas | Exhibitions - Library of Congress,loc.gov,verified
FACT-2026-11-21-S19,21,2026-11-21,A money market is a market that provides trading in short-term debt.,19,November,Money market,Money & Economics,“A market that provides trading in short-term debt.”,high,https://www.investor.gov/introduction-investing/investing-basics/glossary,Investment Terms,Glossary | Investor.gov,investor.gov,verified
FACT-2026-11-21-S20,21,2026-11-21,"The accounts recorded payments or credits in pounds, shillings, and pence.",20,November,Currency notation,Everyday Life,"“the amount of money in pounds, shillings, and pence paid or credited”",high,https://loc.gov/collections/thomas-jefferson-papers/articles-and-essays/anne-cary-randolphs-household-accounts,Household History,"Collection 
            
             Thomas Jefferson Papers, 1606 to 1827",loc.gov,verified
FACT-2026-11-22-S01,22,2026-11-22,Responsibility for wildfire information formerly provided by GeoMAC was transferred to the National Interagency Fire Center in 2020.,1,November,Wildfire perimeter-data responsibility,Science,"The source says GeoMAC was shut down on April 30, 2020, and responsibility for wildfire information was transferred to NIFC.",high,https://www.usgs.gov/science/faqs/natural-hazards,Earth Science,Natural Hazards | U.S. Geological Survey,usgs.gov,verified
FACT-2026-11-22-S02,22,2026-11-22,The Oort Cloud may extend as far as 1.6 light-years from the Sun.,2,November,Oort Cloud distance,Space,NASA states that Oort Cloud objects orbit the Sun as far as 1.6 light-years away.,high,https://science.nasa.gov/solar-system/solar-system-facts/,Solar System,Solar System: Facts - NASA Science,science.nasa.gov,verified
FACT-2026-11-22-S03,22,2026-11-22,The occipital lobes process images from the eyes and connect that information with images stored in memory.,3,November,Occipital lobes,Human Body,The source describes these visual functions of the occipital lobes.,high,https://www.ninds.nih.gov/health-information/public-education/brain-basics/brain-basics-know-your-brain,Neuroscience,Brain Basics: Know Your Brain | National Institute of Neurological Disorders and Stroke,ninds.nih.gov,verified
FACT-2026-11-22-S04,22,2026-11-22,Contemporary research cited in the source estimates working-memory capacity at about four plus or minus one items.,4,November,Working-memory capacity,Psychology,The source reports that contemporary research found working-memory capacity is “4 plus or minus 1.”,high,https://openstax.org/books/psychology-2e/pages/8-1-how-memory-functions,Memory,8.1 How Memory Functions - Psychology 2e | OpenStax,openstax.org,verified
FACT-2026-11-22-S05,22,2026-11-22,A fully grown blue whale weighs approximately 160 tonnes.,5,November,Blue whale typical weight,Animals,Weighs c. 160 tonnes (176 tons),high,https://guinnessworldrecords.com/world-records/largest-mammal,Zoology,Largest mammal | Guinness World Records,guinnessworldrecords.com,verified
FACT-2026-11-22-S06,22,2026-11-22,"A plain is a flat, smooth area at a low elevation.",6,November,Plain definition,Geography,"noun: flat, smooth area at a low elevation.",high,https://education.nationalgeographic.org/resource/landform/,Physical Geography,Landform,education.nationalgeographic.org,verified
FACT-2026-11-22-S07,22,2026-11-22,"One lesson primary source documents a January 14, 2002 U.S. Navy SEAL mission in eastern Afghanistan conducted in support of Operation Enduring Freedom.",7,November,Afghanistan primary source,History,"Primary source document 10 gives the mission date, location, and operation.",high,https://www.archives.gov/legislative/resources/education/foreign-policy-1920-2020,Modern History,Seeing the Big Picture: U.S. Foreign Policy 1920-2020 | National Archives,archives.gov,verified
FACT-2026-11-22-S08,22,2026-11-22,"In 1974, Sylvania researchers investigated miniaturizing the ballast and placing it inside the lamp.",8,November,Compact fluorescent lamp research,Technology,"“In 1974, researchers at Sylvania started investigating how they could miniaturize the ballast and tuck it into the lamp.”",high,https://www.energy.gov/articles/history-light-bulb,Lighting Technology,The History of the Light Bulb | Department of Energy,energy.gov,verified
FACT-2026-11-22-S09,22,2026-11-22,Black holes do not suck in other matter.,9,November,Black holes do not suck in matter,Mystery & Unexplained,“Black holes don’t suck in other matter.”,high,https://science.nasa.gov/universe/black-holes/,Black Holes,Black Holes - NASA Science,science.nasa.gov,verified
FACT-2026-11-22-S10,22,2026-11-22,A Maya-Toltec-style shell pectoral depicts figures carrying bowls with offerings and a warrior carrying a rattlesnake.,10,November,Maya processional shell pectoral,Ancient Civilizations,The source describes the processional scene and its figures.,high,https://www.loc.gov/exhibits/exploring-the-early-americas/language-and-context.html,Ancient Near East,Language and Context - Exploring the Early Americas | Exhibitions - Library of Congress,loc.gov,verified
FACT-2026-11-22-S11,22,2026-11-22,The Great Wall runs from Shanhaiguan on the Gulf of Bohai to Yumenguan and Yangguan.,11,November,Great Wall endpoints,World Records & Extremes,The source identifies these locations as the wall’s route.,high,https://www.guinnessworldrecords.com/world-records/longest-wall,Verified Records,Longest wall | Guinness World Records,guinnessworldrecords.com,verified
FACT-2026-11-22-S12,22,2026-11-22,Energy flow through an ecosystem is more like a web than a simple linear chain.,12,November,Food-web complexity,Nature,"“In reality, however, the flow of energy through an ecosystem is more like a web.”",high,https://www.nps.gov/teachers/classrooms/web-of-life-teacher-s-guide-ecology.htm,Ecology,Web of Life (Teacher's Guide/Ecology) -  Teachers (U.S. National Park Service),nps.gov,verified
FACT-2026-11-22-S13,22,2026-11-22,The Coinage Act of 1792 set the U.S. dollar to the Spanish milled dollar and its fractional parts.,13,November,U.S. dollar basis,Food,The source identifies the Spanish milled dollar as the basis for the U.S. dollar.,high,https://www.usmint.gov/learn/history/us-circulating-coins,Food Safety,History of U.S. Circulating Coins | U.S. Mint,usmint.gov,verified
FACT-2026-11-22-S14,22,2026-11-22,Henry developed a vacuum ice cream freezer that reduced the need for excessive cranking.,14,November,Henry’s vacuum ice cream freezer,Inventions,The everyday devices section describes the vacuum ice cream freezer as relieving the user from excessive cranking.,high,https://www.loc.gov/classroom-materials/inventions-and-innovations/,Innovation History,Inventions and Innovations | Classroom Materials at the Library of Congress | Library of Congress,loc.gov,verified
FACT-2026-11-22-S15,22,2026-11-22,"The This Dynamic Planet map uses a Mercator projection and has a scale of 1:30,000,000 at the Equator.",15,November,This Dynamic Planet map scale,Country Facts,"“This map's Mercator projection was produced at a scale of 1:30,000,000 at the Equator”",high,https://pubs.usgs.gov/gip/70039243/report.pdf,Global Data,Maps of the World,pubs.usgs.gov,verified
FACT-2026-11-22-S16,22,2026-11-22,"Writing was independently invented in five areas of the ancient world: Mesopotamia, Egypt, China, the Indus Valley and Mesoamerica.",16,November,Maya writing systems,Mythology & Legends,The Library of Congress states that writing was independently invented in these five regions.,high,https://www.loc.gov/exhibits/exploring-the-early-americas/language-and-context.html,Classical Mythology,Language and Context - Exploring the Early Americas | Exhibitions - Library of Congress,loc.gov,verified
FACT-2026-11-22-S17,22,2026-11-22,"Tornadic waterspouts develop downward in a thunderstorm, while fair weather waterspouts develop at the water’s surface and work upward.",17,November,Different formation directions,Ocean & Marine,"“While tornadic waterspouts develop downward in a thunderstorm, a fair weather waterspout develops on the surface of the water and works its way upward.”",high,https://oceanservice.noaa.gov/ocean/weird-ocean-weather.html,Ocean Phenomena,Weird Ocean Phenomena,oceanservice.noaa.gov,verified
FACT-2026-11-22-S18,22,2026-11-22,"On the Bowl with Carved Underworld Scene, glyphs identify the woodpecker as red and the owl as white.",18,November,Color glyphs on the Chocholá bowl,Language,"The woodpecker is marked with the glyph “red,” while the owl wears the “white” glyph.",high,https://www.loc.gov/exhibits/exploring-the-early-americas/language-and-context.html,Writing Systems,Language and Context - Exploring the Early Americas | Exhibitions - Library of Congress,loc.gov,verified
FACT-2026-11-22-S19,22,2026-11-22,Net income is a company’s profit after all expenses and taxes have been deducted from revenue.,19,November,Net income,Money & Economics,“The profit earned by a company after all expenses and taxes have been deducted from revenue.”,high,https://www.investor.gov/introduction-investing/investing-basics/glossary,Investment Terms,Glossary | Investor.gov,investor.gov,verified
FACT-2026-11-22-S20,22,2026-11-22,Seventy-one active traders appear in the accounts.,20,November,Trading population,Everyday Life,“only five of the seventy-one active traders had ten or more transactions”,high,https://loc.gov/collections/thomas-jefferson-papers/articles-and-essays/anne-cary-randolphs-household-accounts,Household History,"Collection 
            
             Thomas Jefferson Papers, 1606 to 1827",loc.gov,verified
FACT-2026-11-23-S01,23,2026-11-23,The USGS operated the GeoMAC website from 2000 through 2020.,1,November,GeoMAC operating period,Science,The source states that the USGS operated GeoMAC from 2000–2020.,high,https://www.usgs.gov/science/faqs/natural-hazards,Earth Science,Natural Hazards | U.S. Geological Survey,usgs.gov,verified
FACT-2026-11-23-S02,23,2026-11-23,"One astronomical unit is the distance from the Sun to Earth, about 93 million miles (150 million kilometers).",2,November,Astronomical unit,Space,NASA defines one AU as the Sun–Earth distance and gives its approximate length.,high,https://science.nasa.gov/solar-system/solar-system-facts/,Solar System,Solar System: Facts - NASA Science,science.nasa.gov,verified
FACT-2026-11-23-S03,23,2026-11-23,Damage to the occipital lobes can cause blindness.,3,November,Occipital lobe damage,Human Body,The source explicitly states that occipital lobe damage can cause blindness.,high,https://www.ninds.nih.gov/health-information/public-education/brain-basics/brain-basics-know-your-brain,Neuroscience,Brain Basics: Know Your Brain | National Institute of Neurological Disorders and Stroke,ninds.nih.gov,verified
FACT-2026-11-23-S04,23,2026-11-23,Proactive interference occurs when previously learned information interferes with learning new information.,4,November,Proactive interference,Psychology,The source defines proactive interference as previously learned information interfering with the ability to learn new information.,high,https://openstax.org/books/psychology-2e/pages/8-1-how-memory-functions,Memory,8.1 How Memory Functions - Psychology 2e | OpenStax,openstax.org,verified
FACT-2026-11-23-S05,23,2026-11-23,The heaviest recorded blue whale was a female weighing 190 tonnes.,5,November,Heaviest blue whale,Animals,A female blue whale weighing 190 tonnes ... was caught in the Southern Ocean,high,https://guinnessworldrecords.com/world-records/largest-mammal,Zoology,Largest mammal | Guinness World Records,guinnessworldrecords.com,verified
FACT-2026-11-23-S06,23,2026-11-23,A plateau is a large region that is higher than the surrounding area and relatively flat.,6,November,Plateau definition,Geography,plateau: large region that is higher than the surrounding area and relatively flat.,high,https://education.nationalgeographic.org/resource/landform/,Physical Geography,Landform,education.nationalgeographic.org,verified
FACT-2026-11-23-S07,23,2026-11-23,"One lesson primary source shows U.S. Marines securing a convoy in Port-au-Prince, Haiti, on March 5, 2004, as part of a multinational United Nations peacekeeping force.",7,November,Haiti peacekeeping primary source,History,"Primary source document 11 provides the location, date, and peacekeeping context.",high,https://www.archives.gov/legislative/resources/education/foreign-policy-1920-2020,Modern History,Seeing the Big Picture: U.S. Foreign Policy 1920-2020 | National Archives,archives.gov,verified
FACT-2026-11-23-S08,23,2026-11-23,"In 1976, General Electric’s Edward Hammer created the first compact fluorescent light by bending the fluorescent tube into a spiral.",8,November,First CFL spiral design,Technology,"“In 1976, Edward Hammer... figured out how to bend the fluorescent tube into a spiral shape, creating the first compact fluorescent light.”",high,https://www.energy.gov/articles/history-light-bulb,Lighting Technology,The History of the Light Bulb | Department of Energy,energy.gov,verified
FACT-2026-11-23-S09,23,2026-11-23,"From far enough away, a black hole’s gravitational effects are like those of other objects with the same mass.",9,November,Black-hole gravity depends on mass,Mystery & Unexplained,"“From far enough away, their gravitational effects are just like those of other objects of the same mass.”",high,https://science.nasa.gov/universe/black-holes/,Black Holes,Black Holes - NASA Science,science.nasa.gov,verified
FACT-2026-11-23-S10,23,2026-11-23,A Maya jade earspool includes four bird-like deities with directional symbols on their foreheads.,10,November,Maya jade earspool,Ancient Civilizations,The source describes the four deities and directional symbols.,high,https://www.loc.gov/exhibits/exploring-the-early-americas/language-and-context.html,Ancient Near East,Language and Context - Exploring the Early Americas | Exhibitions - Library of Congress,loc.gov,verified
FACT-2026-11-23-S11,23,2026-11-23,Approximately 51.5 kilometres of the Great Wall have been destroyed since 1966.,11,November,Great Wall destruction,World Records & Extremes,The source states that 51.5 km have been destroyed since 1966.,high,https://www.guinnessworldrecords.com/world-records/longest-wall,Verified Records,Longest wall | Guinness World Records,guinnessworldrecords.com,verified
FACT-2026-11-23-S12,23,2026-11-23,Plants can provide cover and nesting habitat for animals.,12,November,Plant cover and nesting habitat,Nature,“Plants that provide cover and nesting habitat to animals.”,high,https://www.nps.gov/teachers/classrooms/web-of-life-teacher-s-guide-ecology.htm,Ecology,Web of Life (Teacher's Guide/Ecology) -  Teachers (U.S. National Park Service),nps.gov,verified
FACT-2026-11-23-S13,23,2026-11-23,The original copper denominations under the Coinage Act of 1792 were the half cent and cent.,13,November,Original copper denominations,Food,The source lists the copper half cent and cent.,high,https://www.usmint.gov/learn/history/us-circulating-coins,Food Safety,History of U.S. Circulating Coins | U.S. Mint,usmint.gov,verified
FACT-2026-11-23-S14,23,2026-11-23,Henry developed a bobbinless sewing machine that significantly increased seamstress productivity.,14,November,Henry’s sewing machine,Inventions,The source identifies the bobbinless sewing machine and its productivity benefit.,high,https://www.loc.gov/classroom-materials/inventions-and-innovations/,Innovation History,Inventions and Innovations | Classroom Materials at the Library of Congress | Library of Congress,loc.gov,verified
FACT-2026-11-23-S15,23,2026-11-23,The This Dynamic Planet map was printed in 1994.,15,November,This Dynamic Planet map publication date,Country Facts,“The 58” x 41” map was printed in 1994.”,high,https://pubs.usgs.gov/gip/70039243/report.pdf,Global Data,Maps of the World,pubs.usgs.gov,verified
FACT-2026-11-23-S16,23,2026-11-23,"The Maya glyphic system combined syllabic and pictorial writing and was recorded on ceramics, stone, wood, shell, textiles, animal hides and screen-fold codices.",16,November,Maya glyphic writing,Mythology & Legends,The exhibition describes the Maya script and lists the media on which it was recorded.,high,https://www.loc.gov/exhibits/exploring-the-early-americas/language-and-context.html,Classical Mythology,Language and Context - Exploring the Early Americas | Exhibitions - Library of Congress,loc.gov,verified
FACT-2026-11-23-S17,23,2026-11-23,Fair weather waterspouts form in light wind conditions and normally move very little.,17,November,Fair weather waterspout movement,Ocean & Marine,“Fair weather waterspouts form in light wind conditions so they normally move very little.”,high,https://oceanservice.noaa.gov/ocean/weird-ocean-weather.html,Ocean Phenomena,Weird Ocean Phenomena,oceanservice.noaa.gov,verified
FACT-2026-11-23-S18,23,2026-11-23,The Vase with Stylized Flowers is identified as a drinking cup by its shape and by a glyph naming it as such.,18,November,Drinking-cup identification glyph,Language,"The vessel “was a drinking cup, signified by its shape and a glyph that names it as such.”",high,https://www.loc.gov/exhibits/exploring-the-early-americas/language-and-context.html,Writing Systems,Language and Context - Exploring the Early Americas | Exhibitions - Library of Congress,loc.gov,verified
FACT-2026-11-23-S19,23,2026-11-23,"A portfolio is the combined holdings of stocks, bonds, commodities, real estate, and other investments owned by an individual or institutional investor.",19,November,Portfolio,Money & Economics,"“The combined holdings of stock, bond, commodity, real estate and other investments by an individual or institutional investor.”",high,https://www.investor.gov/introduction-investing/investing-basics/glossary,Investment Terms,Glossary | Investor.gov,investor.gov,verified
FACT-2026-11-23-S20,23,2026-11-23,Five of the seventy-one active traders had ten or more transactions.,20,November,Frequent traders,Everyday Life,“only five of the seventy-one active traders had ten or more transactions”,high,https://loc.gov/collections/thomas-jefferson-papers/articles-and-essays/anne-cary-randolphs-household-accounts,Household History,"Collection 
            
             Thomas Jefferson Papers, 1606 to 1827",loc.gov,verified
FACT-2026-11-24-S01,24,2026-11-24,A fault is a three-dimensional surface within Earth that may extend to the surface or remain completely buried.,1,November,Fault dimensionality,Science,The source defines a fault as a three-dimensional surface that may reach the surface or be buried.,high,https://www.usgs.gov/science/faqs/natural-hazards,Earth Science,Natural Hazards | U.S. Geological Survey,usgs.gov,verified
FACT-2026-11-24-S02,24,2026-11-24,"The Oort Cloud extends from about 5,000 to 100,000 astronomical units.",2,November,Oort Cloud extent,Space,"NASA gives the Oort Cloud’s extent as 5,000 to 100,000 AU.",high,https://science.nasa.gov/solar-system/solar-system-facts/,Solar System,Solar System: Facts - NASA Science,science.nasa.gov,verified
FACT-2026-11-24-S03,24,2026-11-24,The temporal lobes are involved in processing music and receiving information from the ears.,3,November,Temporal lobes,Human Body,The source associates music-related activity and auditory information with the temporal lobes.,high,https://www.ninds.nih.gov/health-information/public-education/brain-basics/brain-basics-know-your-brain,Neuroscience,Brain Basics: Know Your Brain | National Institute of Neurological Disorders and Stroke,ninds.nih.gov,verified
FACT-2026-11-24-S04,24,2026-11-24,Long-term memory is the continuous storage of information and is believed to have unlimited capacity.,4,November,Long-term memory,Psychology,The source calls long-term memory “the continuous storage of information” and says its capacity is believed to be unlimited.,high,https://openstax.org/books/psychology-2e/pages/8-1-how-memory-functions,Memory,8.1 How Memory Functions - Psychology 2e | OpenStax,openstax.org,verified
FACT-2026-11-24-S05,24,2026-11-24,The 190-tonne blue whale measured 27.6 meters in length.,5,November,Heaviest blue whale length,Animals,Weighing 190 tonnes ... and measuring 27.6 m (90 ft 6 in) in length,high,https://guinnessworldrecords.com/world-records/largest-mammal,Zoology,Largest mammal | Guinness World Records,guinnessworldrecords.com,verified
FACT-2026-11-24-S06,24,2026-11-24,A valley is a depression in Earth between hills.,6,November,Valley definition,Geography,valley: depression in the Earth between hills.,high,https://education.nationalgeographic.org/resource/landform/,Physical Geography,Landform,education.nationalgeographic.org,verified
FACT-2026-11-24-S07,24,2026-11-24,"One lesson primary source is President Barack Obama’s September 10, 2013 address to the nation regarding Syria.",7,November,Syria primary source,History,Primary source document 12 identifies the address and date.,high,https://www.archives.gov/legislative/resources/education/foreign-policy-1920-2020,Modern History,Seeing the Big Picture: U.S. Foreign Policy 1920-2020 | National Archives,archives.gov,verified
FACT-2026-11-24-S08,24,2026-11-24,Early CFLs reached the market in the mid-1980s at retail prices of approximately $25–$35.,8,November,Early CFL retail prices,Technology,“Early CFLs hit the market in the mid-1980s at retail prices of $25-35.”,high,https://www.energy.gov/articles/history-light-bulb,Lighting Technology,The History of the Light Bulb | Department of Energy,energy.gov,verified
FACT-2026-11-24-S09,24,2026-11-24,The nearest known black hole is Gaia BH1.,9,November,Gaia BH1 is the nearest known black hole,Mystery & Unexplained,"“The nearest known black hole, called Gaia BH1.”",high,https://science.nasa.gov/universe/black-holes/,Black Holes,Black Holes - NASA Science,science.nasa.gov,verified
FACT-2026-11-24-S10,24,2026-11-24,One Maya depiction of the Underworld shows a great serpent with an open mouth and a deceased lord seated in its jaws.,10,November,Maya underworld imagery,Ancient Civilizations,"The source interprets the serpent, skull, and lord in the serpent’s mouth as an Underworld scene.",high,https://www.loc.gov/exhibits/exploring-the-early-americas/language-and-context.html,Ancient Near East,Language and Context - Exploring the Early Americas | Exhibitions - Library of Congress,loc.gov,verified
FACT-2026-11-24-S11,24,2026-11-24,Jeanne Louise Calment holds the record for the greatest fully authenticated human lifespan.,11,November,Oldest person ever,World Records & Extremes,The source identifies Calment as the person with the greatest fully authenticated age.,high,https://www.guinnessworldrecords.com/world-records/oldest-person,Verified Records,Oldest person ever | Guinness World Records,guinnessworldrecords.com,verified
FACT-2026-11-24-S12,24,2026-11-24,"Insects, birds, and bats can pollinate flowers.",12,November,Pollination relationships,Nature,"“Insects, birds, and bats that pollinate flowers.”",high,https://www.nps.gov/teachers/classrooms/web-of-life-teacher-s-guide-ecology.htm,Ecology,Web of Life (Teacher's Guide/Ecology) -  Teachers (U.S. National Park Service),nps.gov,verified
FACT-2026-11-24-S13,24,2026-11-24,"The original silver denominations under the Coinage Act of 1792 were the half dime, dime, quarter, half dollar, and dollar.",13,November,Original silver denominations,Food,The source lists these five silver denominations.,high,https://www.usmint.gov/learn/history/us-circulating-coins,Food Safety,History of U.S. Circulating Coins | U.S. Mint,usmint.gov,verified
FACT-2026-11-24-S14,24,2026-11-24,Henry developed an air baby doll that could be inflated like a basketball.,14,November,Henry’s air baby doll,Inventions,The everyday devices section describes the air baby doll as inflatable like a basketball.,high,https://www.loc.gov/classroom-materials/inventions-and-innovations/,Innovation History,Inventions and Innovations | Classroom Materials at the Library of Congress | Library of Congress,loc.gov,verified
FACT-2026-11-24-S15,24,2026-11-24,The USGS publishes two outline maps of the world.,15,November,USGS outline maps,Country Facts,“The USGS publishes two outline maps of the world.”,high,https://pubs.usgs.gov/gip/70039243/report.pdf,Global Data,Maps of the World,pubs.usgs.gov,verified
FACT-2026-11-24-S16,24,2026-11-24,A Late Classic Maya vase from the Guatemalan Highlands dates to A.D. 600–900 and contains illegible glyphs that convey the idea of writing.,16,November,Maya Vase with Eleven Figures,Mythology & Legends,"The Library of Congress identifies the vase’s date, origin and pseudoglyphic inscriptions.",high,https://www.loc.gov/exhibits/exploring-the-early-americas/language-and-context.html,Classical Mythology,Language and Context - Exploring the Early Americas | Exhibitions - Library of Congress,loc.gov,verified
FACT-2026-11-24-S17,24,2026-11-24,A maelstrom is a strong whirlpool formed when opposing currents meet and create swirling water.,17,November,Definition of a maelstrom,Ocean & Marine,“A maelstrom is a strong whirlpool that forms when opposing currents meet to form swirling water.”,high,https://oceanservice.noaa.gov/ocean/weird-ocean-weather.html,Ocean Phenomena,Weird Ocean Phenomena,oceanservice.noaa.gov,verified
FACT-2026-11-24-S18,24,2026-11-24,The Vase with Stylized Flowers has a nine-glyph dedicatory formula along its outer rim.,18,November,Dedicatory formula on the stylized-flower vase,Language,“Along the outer rim of the vessel runs a nine-glyph dedicatory formula.”,high,https://www.loc.gov/exhibits/exploring-the-early-americas/language-and-context.html,Writing Systems,Language and Context - Exploring the Early Americas | Exhibitions - Library of Congress,loc.gov,verified
FACT-2026-11-24-S19,24,2026-11-24,"Principal is the total amount of money borrowed or lent, or the initial amount of money invested.",19,November,Principal,Money & Economics,“The total amount of money being borrowed or lent; the initial amount of money invested.”,high,https://www.investor.gov/introduction-investing/investing-basics/glossary,Investment Terms,Glossary | Investor.gov,investor.gov,verified
FACT-2026-11-24-S20,24,2026-11-24,Wormley was a gardener at Monticello.,20,November,Wormley’s occupation,Everyday Life,“Wormley ... a gardener at Monticello”,high,https://loc.gov/collections/thomas-jefferson-papers/articles-and-essays/anne-cary-randolphs-household-accounts,Household History,"Collection 
            
             Thomas Jefferson Papers, 1606 to 1827",loc.gov,verified
FACT-2026-11-25-S01,25,2026-11-25,"A fault line is where a fault cuts Earth's surface, if the fault reaches the surface.",1,November,Fault line definition,Science,"The source contrasts a fault with a fault line, defining the latter as the surface intersection when present.",high,https://www.usgs.gov/science/faqs/natural-hazards,Earth Science,Natural Hazards | U.S. Geological Survey,usgs.gov,verified
FACT-2026-11-25-S02,25,2026-11-25,The heliosphere is a bubble created by the solar wind.,2,November,Heliosphere,Space,NASA defines the heliosphere as the bubble formed by electrically charged gas flowing outward from the Sun.,high,https://science.nasa.gov/solar-system/solar-system-facts/,Solar System,Solar System: Facts - NASA Science,science.nasa.gov,verified
FACT-2026-11-25-S03,25,2026-11-25,The underside of each temporal lobe plays a crucial role in forming and retrieving memories.,3,November,Temporal lobe memory,Human Body,The source directly describes this memory function.,high,https://www.ninds.nih.gov/health-information/public-education/brain-basics/brain-basics-know-your-brain,Neuroscience,Brain Basics: Know Your Brain | National Institute of Neurological Disorders and Stroke,ninds.nih.gov,verified
FACT-2026-11-25-S04,25,2026-11-25,Long-term memories are generally understood to be organized in semantic or associative networks.,4,November,Semantic networks,Psychology,The source states that memories are generally organized in “semantic (or associative) networks.”,high,https://openstax.org/books/psychology-2e/pages/8-1-how-memory-functions,Memory,8.1 How Memory Functions - Psychology 2e | OpenStax,openstax.org,verified
FACT-2026-11-25-S05,25,2026-11-25,The longest documented blue whale measured 33.57 meters.,5,November,Longest recorded blue whale,Animals,This gives a length of 33.57 m (110 ft 1.6 in),high,https://guinnessworldrecords.com/world-records/largest-mammal,Zoology,Largest mammal | Guinness World Records,guinnessworldrecords.com,verified
FACT-2026-11-25-S06,25,2026-11-25,A mountain range is a series or chain of mountains that are close together.,6,November,Mountain range definition,Geography,mountain range: series or chain of mountains that are close together.,high,https://education.nationalgeographic.org/resource/landform/,Physical Geography,Landform,education.nationalgeographic.org,verified
FACT-2026-11-25-S07,25,2026-11-25,"Before the national mint opened in 1792, foreign and domestic coins circulated in the American colonies and after the Revolutionary War.",7,November,Origins of U.S. circulating coins,History,The U.S. Mint states that mixed foreign and domestic coins circulated before national coinage.,high,https://www.usmint.gov/learn/history/us-circulating-coins,Modern History,History of U.S. Circulating Coins | U.S. Mint,usmint.gov,verified
FACT-2026-11-25-S08,25,2026-11-25,CFLs use about 75 percent less energy than incandescent bulbs.,8,November,CFL energy savings,Technology,“They use about 75 percent less energy than incandescents.”,high,https://www.energy.gov/articles/history-light-bulb,Lighting Technology,The History of the Light Bulb | Department of Energy,energy.gov,verified
FACT-2026-11-25-S09,25,2026-11-25,"Gaia BH1 is about 1,500 light-years from Earth.",9,November,"Gaia BH1 is about 1,500 light-years away",Mystery & Unexplained,"“Gaia BH1, is about 1,500 light-years away.”",high,https://science.nasa.gov/universe/black-holes/,Black Holes,Black Holes - NASA Science,science.nasa.gov,verified
FACT-2026-11-25-S10,25,2026-11-25,"A vessel contains both Teotihuacán and Maya cultural references, including Teotihuacán military symbolism and a Maya sky god in avian form.",10,November,Teotihuacán-Maya cultural references,Ancient Civilizations,The source describes the vessel’s two prominent birds and their proposed cultural associations.,high,https://www.loc.gov/exhibits/exploring-the-early-americas/language-and-context.html,Ancient Near East,Language and Context - Exploring the Early Americas | Exhibitions - Library of Congress,loc.gov,verified
FACT-2026-11-25-S11,25,2026-11-25,Jeanne Louise Calment lived for 122 years and 164 days.,11,November,Calment lifespan,World Records & Extremes,The record entry gives her age at death as 122 years 164 days.,high,https://www.guinnessworldrecords.com/world-records/oldest-person,Verified Records,Oldest person ever | Guinness World Records,guinnessworldrecords.com,verified
FACT-2026-11-25-S12,25,2026-11-25,Rodents can disperse seeds.,12,November,Rodent seed dispersal,Nature,“Rodents that disperse seeds.”,high,https://www.nps.gov/teachers/classrooms/web-of-life-teacher-s-guide-ecology.htm,Ecology,Web of Life (Teacher's Guide/Ecology) -  Teachers (U.S. National Park Service),nps.gov,verified
FACT-2026-11-25-S13,25,2026-11-25,"The original gold denominations under the Coinage Act of 1792 were the quarter eagle, half eagle, and eagle.",13,November,Original gold denominations,Food,"The source lists the quarter eagle at $2.50, half eagle at $5, and eagle at $10.",high,https://www.usmint.gov/learn/history/us-circulating-coins,Food Safety,History of U.S. Circulating Coins | U.S. Mint,usmint.gov,verified
FACT-2026-11-25-S14,25,2026-11-25,"Before the 18th century, people used wind, animal, or human power to travel over water.",14,November,Early water transportation,Inventions,The steamboat section identifies these pre-steam forms of water transportation.,high,https://www.loc.gov/classroom-materials/inventions-and-innovations/,Innovation History,Inventions and Innovations | Classroom Materials at the Library of Congress | Library of Congress,loc.gov,verified
FACT-2026-11-25-S15,25,2026-11-25,Both USGS outline world maps are printed in two colors and use the Van der Grinten projection centered on the Americas.,15,November,Outline map format,Country Facts,“Both are printed in two colors and use the Van der Grinten projection centered on the Americas.”,high,https://pubs.usgs.gov/gip/70039243/report.pdf,Global Data,Maps of the World,pubs.usgs.gov,verified
FACT-2026-11-25-S16,25,2026-11-25,"A Maya vessel from the Guatemalan Lowlands depicts a ruler seated on a throne greeting visitors, with an attendant standing behind him.",16,November,Maya Vase with Six Figures and Glyphs,Mythology & Legends,"The object description identifies the ruler, his throne, visitors and attendant.",high,https://www.loc.gov/exhibits/exploring-the-early-americas/language-and-context.html,Classical Mythology,Language and Context - Exploring the Early Americas | Exhibitions - Library of Congress,loc.gov,verified
FACT-2026-11-25-S17,25,2026-11-25,"The word “maelstrom” comes from the Dutch words “malen,” meaning to whirl or grind, and “strom,” meaning stream.",17,November,Etymology of maelstrom,Ocean & Marine,“Its name comes from the Dutch words malen (to whirl or grind) and strom (stream).”,high,https://oceanservice.noaa.gov/ocean/weird-ocean-weather.html,Ocean Phenomena,Weird Ocean Phenomena,oceanservice.noaa.gov,verified
FACT-2026-11-25-S18,25,2026-11-25,The Earspool with Four Incised Glyphs is made of jade and has hieroglyphs highlighted with cinnabar.,18,November,Maya earspool glyphs,Language,“This earspool is made of jade with hieroglyphs highlighted with cinnabar.”,high,https://www.loc.gov/exhibits/exploring-the-early-americas/language-and-context.html,Writing Systems,Language and Context - Exploring the Early Americas | Exhibitions - Library of Congress,loc.gov,verified
FACT-2026-11-25-S19,25,2026-11-25,"Profit is revenue minus cost, or money made on a transaction.",19,November,Profit,Money & Economics,“Revenue minus cost; money made on a transaction.”,high,https://www.investor.gov/introduction-investing/investing-basics/glossary,Investment Terms,Glossary | Investor.gov,investor.gov,verified
FACT-2026-11-25-S20,25,2026-11-25,Wormley sold food items to Miss Randolph on forty-three occasions over four years.,20,November,Wormley’s sales,Everyday Life,“sold food items to Miss Randolph on forty-three occasions over four years”,high,https://loc.gov/collections/thomas-jefferson-papers/articles-and-essays/anne-cary-randolphs-household-accounts,Household History,"Collection 
            
             Thomas Jefferson Papers, 1606 to 1827",loc.gov,verified
FACT-2026-11-26-S01,26,2026-11-26,Large earthquakes can sometimes trigger earthquakes in more distant locations through dynamic stress transfer or triggering.,1,November,Dynamic earthquake triggering,Science,"The source says earthquakes, particularly large ones, can trigger more distant earthquakes through dynamic stress transfer.",high,https://www.usgs.gov/science/faqs/natural-hazards,Earth Science,Natural Hazards | U.S. Geological Survey,usgs.gov,verified
FACT-2026-11-26-S02,26,2026-11-26,The termination shock is the boundary where the solar wind is abruptly slowed by interstellar gases.,2,November,Termination shock,Space,NASA defines the termination shock as the point where solar-wind pressure is overcome by interstellar gases.,high,https://science.nasa.gov/solar-system/solar-system-facts/,Solar System,Solar System: Facts - NASA Science,science.nasa.gov,verified
FACT-2026-11-26-S03,26,2026-11-26,The hypothalamus directs many important functions and contributes to emotional regulation.,3,November,Hypothalamus,Human Body,The source describes the hypothalamus as directing important functions and controlling chemicals associated with emotions.,high,https://www.ninds.nih.gov/health-information/public-education/brain-basics/brain-basics-know-your-brain,Neuroscience,Brain Basics: Know Your Brain | National Institute of Neurological Disorders and Stroke,ninds.nih.gov,verified
FACT-2026-11-26-S04,26,2026-11-26,Spreading activation occurs when activating one part of a semantic network partially activates linked concepts.,4,November,Spreading activation,Psychology,The source states that activating any part of a semantic network also activates linked concepts to a lesser degree.,high,https://openstax.org/books/psychology-2e/pages/8-1-how-memory-functions,Memory,8.1 How Memory Functions - Psychology 2e | OpenStax,openstax.org,verified
FACT-2026-11-26-S05,26,2026-11-26,Newborn blue whale calves are 6–8 meters long.,5,November,Blue whale newborn length,Animals,Newborn calves are 6–8m (20–26 ft) long,high,https://guinnessworldrecords.com/world-records/largest-mammal,Zoology,Largest mammal | Guinness World Records,guinnessworldrecords.com,verified
FACT-2026-11-26-S06,26,2026-11-26,A mountain is a landmass that forms as tectonic plates interact with each other.,6,November,Mountain definition,Geography,mountain: landmass that forms as tectonic plates interact with each other.,high,https://education.nationalgeographic.org/resource/landform/,Physical Geography,Landform,education.nationalgeographic.org,verified
FACT-2026-11-26-S07,26,2026-11-26,Spanish milled dollars were favored because their silver content was consistent over time.,7,November,Spanish milled dollar,History,The Mint identifies the consistency of their silver content as the reason for their popularity.,high,https://www.usmint.gov/learn/history/us-circulating-coins,Modern History,History of U.S. Circulating Coins | U.S. Mint,usmint.gov,verified
FACT-2026-11-26-S08,26,2026-11-26,CFLs last about 10 times longer than incandescent bulbs.,8,November,CFL lifespan,Technology,“They last about 10 times longer.”,high,https://www.energy.gov/articles/history-light-bulb,Lighting Technology,The History of the Light Bulb | Department of Energy,energy.gov,verified
FACT-2026-11-26-S09,26,2026-11-26,The most distant detected black hole is at the center of the galaxy QSO J0313-1806.,9,November,The most distant detected black hole is in QSO J0313-1806,Mystery & Unexplained,"“The most distant black hole detected, at the center of a galaxy called QSO J0313-1806.”",high,https://science.nasa.gov/universe/black-holes/,Black Holes,Black Holes - NASA Science,science.nasa.gov,verified
FACT-2026-11-26-S10,26,2026-11-26,A Maya vessel depicts a ruler being dressed for a ceremony by three attendants in his throne room.,10,November,Maya palace scene,Ancient Civilizations,"The source describes the ruler, throne room, ceremony, and three attendants.",high,https://www.loc.gov/exhibits/exploring-the-early-americas/language-and-context.html,Ancient Near East,Language and Context - Exploring the Early Americas | Exhibitions - Library of Congress,loc.gov,verified
FACT-2026-11-26-S11,26,2026-11-26,Jeanne Louise Calment was born in France on 21 February 1875.,11,November,Calment birthplace,World Records & Extremes,The source gives her nationality as French and her birth date as 21 February 1875.,high,https://www.guinnessworldrecords.com/world-records/oldest-person,Verified Records,Oldest person ever | Guinness World Records,guinnessworldrecords.com,verified
FACT-2026-11-26-S12,26,2026-11-26,Some animals require shade created by plants.,12,November,Plant-created shade,Nature,“Animals that require shade created by plants.”,high,https://www.nps.gov/teachers/classrooms/web-of-life-teacher-s-guide-ecology.htm,Ecology,Web of Life (Teacher's Guide/Ecology) -  Teachers (U.S. National Park Service),nps.gov,verified
FACT-2026-11-26-S13,26,2026-11-26,"The Mint delivered the nation’s first circulating coins on March 1, 1793.",13,November,First Mint coins,Food,The source gives the delivery date for the first circulating coins.,high,https://www.usmint.gov/learn/history/us-circulating-coins,Food Safety,History of U.S. Circulating Coins | U.S. Mint,usmint.gov,verified
FACT-2026-11-26-S14,26,2026-11-26,A steam engine uses steam from boiling water to drive pistons back and forth.,14,November,Steam engine operation,Inventions,The steamboat section provides this description of steam-engine operation.,high,https://www.loc.gov/classroom-materials/inventions-and-innovations/,Innovation History,Inventions and Innovations | Classroom Materials at the Library of Congress | Library of Congress,loc.gov,verified
FACT-2026-11-26-S15,26,2026-11-26,"The 48-by-33-inch USGS outline map shows national boundaries and names, capitals, and major cities.",15,November,Large outline map content,Country Facts,“The 48” x 33” map shows the boundaries and names of nations. It shows their capitals and major cities.”,high,https://pubs.usgs.gov/gip/70039243/report.pdf,Global Data,Maps of the World,pubs.usgs.gov,verified
FACT-2026-11-26-S16,26,2026-11-26,"A Maya vessel depicts a ruler seated cross-legged on a throne addressing Itzam, with a dwarf seated behind him.",16,November,Maya Vase with Seated Ruler and Dwarf,Mythology & Legends,"The Library of Congress describes the ruler, Itzam and the dwarf on the vessel.",high,https://www.loc.gov/exhibits/exploring-the-early-americas/language-and-context.html,Classical Mythology,Language and Context - Exploring the Early Americas | Exhibitions - Library of Congress,loc.gov,verified
FACT-2026-11-26-S17,26,2026-11-26,A maelstrom can be dangerous because powerful currents below the surface may pull surrounding objects into its vortex.,17,November,Maelstrom hazards,Ocean & Marine,"“A maelstrom can be dangerous due to powerful currents that occur below the surface, which can pull surrounding objects into its vortex.”",high,https://oceanservice.noaa.gov/ocean/weird-ocean-weather.html,Ocean Phenomena,Weird Ocean Phenomena,oceanservice.noaa.gov,verified
FACT-2026-11-26-S18,26,2026-11-26,The Earspool with Four Incised Glyphs includes four bird-like deities with directional symbols on their foreheads.,18,November,Directional symbols on the earspool,Language,The example “includes four bird-like deities that have directional symbols on their foreheads.”,high,https://www.loc.gov/exhibits/exploring-the-early-americas/language-and-context.html,Writing Systems,Language and Context - Exploring the Early Americas | Exhibitions - Library of Congress,loc.gov,verified
FACT-2026-11-26-S19,26,2026-11-26,Real return is what is earned on an investment after accounting for taxes and inflation.,19,November,Real return,Money & Economics,“Real return is what is earned on an investment after accounting for taxes and inflation.”,high,https://www.investor.gov/introduction-investing/investing-basics/glossary,Investment Terms,Glossary | Investor.gov,investor.gov,verified
FACT-2026-11-26-S20,26,2026-11-26,Wormley was the leading enslaved purveyor of foodstuffs to the Monticello kitchen in the accounts.,20,November,Leading purveyor,Everyday Life,“to become the leading slave purveyor of foodstuffs to the Monticello kitchen”,high,https://loc.gov/collections/thomas-jefferson-papers/articles-and-essays/anne-cary-randolphs-household-accounts,Household History,"Collection 
            
             Thomas Jefferson Papers, 1606 to 1827",loc.gov,verified
FACT-2026-11-27-S01,27,2026-11-27,Seismic-wave energy passing through an area can cause a new earthquake in a vulnerable location.,1,November,Seismic-wave triggering mechanism,Science,The source explains that energy from a passing seismic wave can cause a new earthquake.,high,https://www.usgs.gov/science/faqs/natural-hazards,Earth Science,Natural Hazards | U.S. Geological Survey,usgs.gov,verified
FACT-2026-11-27-S02,27,2026-11-27,The termination shock occurs roughly 80–100 astronomical units from the Sun.,2,November,Termination shock distance,Space,NASA places the termination shock between 80 and 100 AU.,high,https://science.nasa.gov/solar-system/solar-system-facts/,Solar System,Solar System: Facts - NASA Science,science.nasa.gov,verified
FACT-2026-11-27-S03,27,2026-11-27,The thalamus is a major clearinghouse for information traveling to and from the spinal cord and cerebrum.,3,November,Thalamus,Human Body,The source gives this description of the thalamus.,high,https://www.ninds.nih.gov/health-information/public-education/brain-basics/brain-basics-know-your-brain,Neuroscience,Brain Basics: Know Your Brain | National Institute of Neurological Disorders and Stroke,ninds.nih.gov,verified
FACT-2026-11-27-S04,27,2026-11-27,"Explicit memories are consciously remembered, recalled, and reported.",4,November,Explicit memory,Psychology,"The source defines explicit memories as those people “consciously try to remember, recall, and report.”",high,https://openstax.org/books/psychology-2e/pages/8-1-how-memory-functions,Memory,8.1 How Memory Functions - Psychology 2e | OpenStax,openstax.org,verified
FACT-2026-11-27-S05,27,2026-11-27,Newborn blue whale calves weigh up to 3 tonnes.,5,November,Blue whale newborn weight,Animals,"Newborn calves ... weigh up to 3 tonnes (6,610 lb)",high,https://guinnessworldrecords.com/world-records/largest-mammal,Zoology,Largest mammal | Guinness World Records,guinnessworldrecords.com,verified
FACT-2026-11-27-S06,27,2026-11-27,"Some world maps show mountains, rivers, oceans, and plains that make up Earth's surface.",6,November,Topography on world maps,Geography,"Some world maps show the mountains, rivers, oceans, and plains that make up the face of the Earth.",high,https://pubs.usgs.gov/gip/70039243/report.pdf,Physical Geography,Maps of the World,pubs.usgs.gov,verified
FACT-2026-11-27-S07,27,2026-11-27,"People sometimes cut Spanish milled dollars into halves, quarters, eighths, and sixteenths to make change.",7,November,Fractional Spanish dollars,History,The Mint describes cutting the coins into fractional portions.,high,https://www.usmint.gov/learn/history/us-circulating-coins,Modern History,History of U.S. Circulating Coins | U.S. Mint,usmint.gov,verified
FACT-2026-11-27-S08,27,2026-11-27,LEDs use a semiconductor to convert electricity into light.,8,November,LED operating principle,Technology,“LEDs use a semiconductor to convert electricity into light.”,high,https://www.energy.gov/articles/history-light-bulb,Lighting Technology,The History of the Light Bulb | Department of Energy,energy.gov,verified
FACT-2026-11-27-S09,27,2026-11-27,The most distant detected black hole is around 13 billion light-years away.,9,November,The most distant detected black hole is around 13 billion light-years away,Mystery & Unexplained,“Is around 13 billion light-years away.”,high,https://science.nasa.gov/universe/black-holes/,Black Holes,Black Holes - NASA Science,science.nasa.gov,verified
FACT-2026-11-27-S10,27,2026-11-27,"The Maya palace scene vessel also depicts a dwarf entertaining the king, a bodyguard, and a fan bearer.",10,November,Maya courtly roles,Ancient Civilizations,"The source identifies the dwarf, bodyguard, and fan bearer in the scene.",high,https://www.loc.gov/exhibits/exploring-the-early-americas/language-and-context.html,Ancient Near East,Language and Context - Exploring the Early Americas | Exhibitions - Library of Congress,loc.gov,verified
FACT-2026-11-27-S11,27,2026-11-27,"Jeanne Louise Calment died in a nursing home in Arles, southern France, on 4 August 1997.",11,November,Calment death,World Records & Extremes,The source states her place and date of death.,high,https://www.guinnessworldrecords.com/world-records/oldest-person,Verified Records,Oldest person ever | Guinness World Records,guinnessworldrecords.com,verified
FACT-2026-11-27-S12,27,2026-11-27,The activity identifies the sun as the origin of all energy and the source of all food.,12,November,Sun as energy origin,Nature,"“What is the origin of all energy, the source of all food? The sun.”",high,https://www.nps.gov/teachers/classrooms/web-of-life-teacher-s-guide-ecology.htm,Ecology,Web of Life (Teacher's Guide/Ecology) -  Teachers (U.S. National Park Service),nps.gov,verified
FACT-2026-11-27-S13,27,2026-11-27,"The first circulating coins delivered by the Mint were 11,178 copper cents.",13,November,First circulating coin quantity,Food,The source identifies both the quantity and metal.,high,https://www.usmint.gov/learn/history/us-circulating-coins,Food Safety,History of U.S. Circulating Coins | U.S. Mint,usmint.gov,verified
FACT-2026-11-27-S14,27,2026-11-27,John Fitch and James Rumsey developed plans for steam-powered boats.,14,November,Early steamboat inventors,Inventions,The source names Fitch and Rumsey as individuals who developed plans for steam-powered boats.,high,https://www.loc.gov/classroom-materials/inventions-and-innovations/,Innovation History,Inventions and Innovations | Classroom Materials at the Library of Congress | Library of Congress,loc.gov,verified
FACT-2026-11-27-S15,27,2026-11-27,The 25-by-18-inch USGS outline map shows only national boundaries and names.,15,November,Small outline map content,Country Facts,“The 25” x 18” map shows only the boundaries and names of nations.”,high,https://pubs.usgs.gov/gip/70039243/report.pdf,Global Data,Maps of the World,pubs.usgs.gov,verified
FACT-2026-11-27-S16,27,2026-11-27,A Maya shell cup dating to A.D. 200–400 is engraved with six hieroglyphs.,16,November,Maya shell cup,Mythology & Legends,The object entry identifies the cup’s date and six incised hieroglyphs.,high,https://www.loc.gov/exhibits/exploring-the-early-americas/language-and-context.html,Classical Mythology,Language and Context - Exploring the Early Americas | Exhibitions - Library of Congress,loc.gov,verified
FACT-2026-11-27-S17,27,2026-11-27,"NOAA’s National Ocean Service provides ocean facts covering topics such as ocean basics, ocean life, ecosystems, tides and currents, observations, and ocean science.",17,November,NOAA ocean-facts coverage,Ocean & Marine,"The Ocean Facts page lists sections including “Ocean Basics,” “Ocean Life,” “Ocean Ecosystems,” “Tides and Currents,” “Ocean Observations,” and “Ocean and Coastal Science.”",high,https://oceanservice.noaa.gov/facts/,Ocean Phenomena,NOAA's National Ocean Service: Newsroom,oceanservice.noaa.gov,verified
FACT-2026-11-27-S18,27,2026-11-27,A Maya depiction of the Underworld could represent it as a great serpent with an open mouth.,18,November,Underworld serpent imagery,Language,“One Maya depiction of the Underworld is of a great serpent with an open mouth.”,high,https://www.loc.gov/exhibits/exploring-the-early-americas/language-and-context.html,Writing Systems,Language and Context - Exploring the Early Americas | Exhibitions - Library of Congress,loc.gov,verified
FACT-2026-11-27-S19,27,2026-11-27,"Revenue is the total amount of money, or gross income, generated by a company from selling goods and services.",19,November,Revenue,Money & Economics,"“The total amount of money, or gross income, generated by a company from selling its goods and services.”",high,https://www.investor.gov/introduction-investing/investing-basics/glossary,Investment Terms,Glossary | Investor.gov,investor.gov,verified
FACT-2026-11-27-S20,27,2026-11-27,"The accounts contain no sales by enslaved people of products from cattle, sheep, or hogs to the Monticello kitchen.",20,November,Livestock products absent,Everyday Life,"“slaves never sold products of cattle, sheep, or hogs to the Monticello kitchen”",high,https://loc.gov/collections/thomas-jefferson-papers/articles-and-essays/anne-cary-randolphs-household-accounts,Household History,"Collection 
            
             Thomas Jefferson Papers, 1606 to 1827",loc.gov,verified
FACT-2026-11-28-S01,28,2026-11-28,Some volcanic eruptions occur in the interiors of tectonic plates rather than near plate boundaries.,1,November,Hotspots and plate interiors,Science,The source states that most eruptions occur near plate boundaries but identifies exceptions within plate interiors.,high,https://www.usgs.gov/science/faqs/natural-hazards,Earth Science,Natural Hazards | U.S. Geological Survey,usgs.gov,verified
FACT-2026-11-28-S02,28,2026-11-28,Voyager 1 crossed the termination shock in 2004 and entered interstellar space in 2012.,2,November,Voyager 1 interstellar milestone,Space,NASA gives Voyager 1’s termination-shock crossing as 2004 and its interstellar entry as 2012.,high,https://science.nasa.gov/solar-system/solar-system-facts/,Solar System,Solar System: Facts - NASA Science,science.nasa.gov,verified
FACT-2026-11-28-S03,28,2026-11-28,The hippocampus helps send memories to appropriate areas of the cerebral hemisphere for long-term storage and retrieve them when needed.,3,November,Hippocampus,Human Body,The source describes the hippocampus as a memory indexer with these functions.,high,https://www.ninds.nih.gov/health-information/public-education/brain-basics/brain-basics-know-your-brain,Neuroscience,Brain Basics: Know Your Brain | National Institute of Neurological Disorders and Stroke,ninds.nih.gov,verified
FACT-2026-11-28-S04,28,2026-11-28,"Episodic memory concerns personally experienced events, including what, where, and when an event occurred.",4,November,Episodic memory,Psychology,The source describes episodic memory as information about personally experienced events and happenings in particular places at particular times.,high,https://openstax.org/books/psychology-2e/pages/8-1-how-memory-functions,Memory,8.1 How Memory Functions - Psychology 2e | OpenStax,openstax.org,verified
FACT-2026-11-28-S05,28,2026-11-28,A blue whale’s gestation lasts 10.75 months.,5,November,Blue whale gestation,Animals,Made up of 10.75 months' gestation,high,https://guinnessworldrecords.com/world-records/largest-mammal,Zoology,Largest mammal | Guinness World Records,guinnessworldrecords.com,verified
FACT-2026-11-28-S06,28,2026-11-28,"The USGS and Smithsonian's This Dynamic Planet map shows physiographic features along with volcanoes, earthquake epicenters, impact craters, and major tectonic plate movements.",6,November,Dynamic Planet map content,Geography,"This map shows the Earth's physiographic features overlaid by its volcanoes, earthquake epicenters, impact craters and by the movement of its major tectonic plates.",high,https://pubs.usgs.gov/gip/70039243/report.pdf,Physical Geography,Maps of the World,pubs.usgs.gov,verified
FACT-2026-11-28-S07,28,2026-11-28,The Articles of Confederation allowed each state to make its own coins and set their values.,7,November,Coinage under the Articles of Confederation,History,The Mint states that the Articles granted this authority to the states.,high,https://www.usmint.gov/learn/history/us-circulating-coins,Modern History,History of U.S. Circulating Coins | U.S. Mint,usmint.gov,verified
FACT-2026-11-28-S08,28,2026-11-28,LEDs are often smaller than 1 square millimeter.,8,November,LED size,Technology,“[They] are often small in area (less than 1 square millimeter).”,high,https://www.energy.gov/articles/history-light-bulb,Lighting Technology,The History of the Light Bulb | Department of Energy,energy.gov,verified
FACT-2026-11-28-S09,28,2026-11-28,TON 618 is the most massive observed black hole.,9,November,TON 618 is the most massive observed black hole,Mystery & Unexplained,"“The most massive black hole observed, TON 618.”",high,https://science.nasa.gov/universe/black-holes/,Black Holes,Black Holes - NASA Science,science.nasa.gov,verified
FACT-2026-11-28-S10,28,2026-11-28,The Mixtec Codex Vindobonensis illustrates a creation account in which the Primordial Twins were the first humans.,10,November,Mixtec creation account,Ancient Civilizations,The source states that the codex illustrates how the gods created the world and identifies the Primordial Twins as the first humans.,high,https://www.loc.gov/exhibits/exploring-the-early-americas/language-and-context.html,Ancient Near East,Language and Context - Exploring the Early Americas | Exhibitions - Library of Congress,loc.gov,verified
FACT-2026-11-28-S11,28,2026-11-28,Jeanne Louise Calment became the oldest living person on 11 January 1988.,11,November,Oldest living person milestone,World Records & Extremes,The source states that she became the oldest living person on that date.,high,https://www.guinnessworldrecords.com/world-records/oldest-person,Verified Records,Oldest person ever | Guinness World Records,guinnessworldrecords.com,verified
FACT-2026-11-28-S12,28,2026-11-28,Hummingbirds can obtain energy from plants by sipping their nectar.,12,November,Nectar feeding,Nature,“A hummingbird that sips its nectar.”,high,https://www.nps.gov/teachers/classrooms/web-of-life-teacher-s-guide-ecology.htm,Ecology,Web of Life (Teacher's Guide/Ecology) -  Teachers (U.S. National Park Service),nps.gov,verified
FACT-2026-11-28-S13,28,2026-11-28,The first circulating cents were larger than a modern quarter.,13,November,Early cent size,Food,The source describes the cents as larger than a modern quarter.,high,https://www.usmint.gov/learn/history/us-circulating-coins,Food Safety,History of U.S. Circulating Coins | U.S. Mint,usmint.gov,verified
FACT-2026-11-28-S14,28,2026-11-28,John Fitch’s initial steamboat design used steam-powered oars and later replaced them with paddlewheels.,14,November,Fitch’s propulsion design,Inventions,The steamboat section describes the change from steam-powered oars to paddlewheels.,high,https://www.loc.gov/classroom-materials/inventions-and-innovations/,Innovation History,Inventions and Innovations | Classroom Materials at the Library of Congress | Library of Congress,loc.gov,verified
FACT-2026-11-28-S15,28,2026-11-28,The USGS political world map was made by the Central Intelligence Agency and is dated 1992.,15,November,USGS political map,Country Facts,“The USGS sells a 41” x 22” political map of the world made by the Central Intelligence Agency (CIA) dated 1992.”,high,https://pubs.usgs.gov/gip/70039243/report.pdf,Global Data,Maps of the World,pubs.usgs.gov,verified
FACT-2026-11-28-S16,28,2026-11-28,A Maya granite ballgame yoke from Veracruz is carved in the form of a toad and dates to A.D. 200–400.,16,November,Maya ballgame yoke,Mythology & Legends,"The object description identifies the yoke’s form, material, location and date.",high,https://www.loc.gov/exhibits/exploring-the-early-americas/language-and-context.html,Classical Mythology,Language and Context - Exploring the Early Americas | Exhibitions - Library of Congress,loc.gov,verified
FACT-2026-11-28-S17,28,2026-11-28,The NOAA Ocean Facts page includes the Atlantic Meridional Overturning Circulation (AMOC) as a featured fact topic.,17,November,NOAA ocean facts topic: AMOC,Ocean & Marine,The page’s “Top 10: Recent Ocean Facts” includes “What is the Atlantic Meridional Overturning Circulation (AMOC)?”,high,https://oceanservice.noaa.gov/facts/,Ocean Phenomena,NOAA's National Ocean Service: Newsroom,oceanservice.noaa.gov,verified
FACT-2026-11-28-S18,28,2026-11-28,"On the Vase with Lords in the Mouths of Serpents, a lord seated in a serpent’s open jaws is represented as dead and having arrived in the Underworld.",18,November,Dead lord in the Underworld,Language,The scene “indicates that the lord is dead and has arrived in the Underworld.”,high,https://www.loc.gov/exhibits/exploring-the-early-americas/language-and-context.html,Writing Systems,Language and Context - Exploring the Early Americas | Exhibitions - Library of Congress,loc.gov,verified
FACT-2026-11-28-S19,28,2026-11-28,"In finance, risk is the degree of uncertainty about an asset’s rate of return and the potential harm when returns differ from expectations.",19,November,Risk,Money & Economics,“Risk refers to the degree of uncertainty about the rate of return on an asset and the potential harm that could arise when financial returns are not what the investor expected.”,high,https://www.investor.gov/introduction-investing/investing-basics/glossary,Investment Terms,Glossary | Investor.gov,investor.gov,verified
FACT-2026-11-28-S20,28,2026-11-28,"Overseers’ wives and enslaved people competed in selling some provisions, including chickens, eggs, and honey.",20,November,Competing sellers,Everyday Life,"“the overseers' wives and slaves competed in sales of some provisions, such as chickens, eggs, and honey”",high,https://loc.gov/collections/thomas-jefferson-papers/articles-and-essays/anne-cary-randolphs-household-accounts,Household History,"Collection 
            
             Thomas Jefferson Papers, 1606 to 1827",loc.gov,verified
FACT-2026-11-29-S01,29,2026-11-29,"At some hotspots, magma has erupted from a relatively fixed location below a tectonic plate for millions of years.",1,November,Hotspot persistence,Science,The source describes magma erupting from a relatively fixed spot below the plate for millions of years.,high,https://www.usgs.gov/science/faqs/natural-hazards,Earth Science,Natural Hazards | U.S. Geological Survey,usgs.gov,verified
FACT-2026-11-29-S02,29,2026-11-29,Voyager 2 crossed the termination shock in 2007 and entered interstellar space in 2018.,2,November,Voyager 2 interstellar milestone,Space,NASA gives Voyager 2’s termination-shock crossing as 2007 and its interstellar entry as 2018.,high,https://science.nasa.gov/solar-system/solar-system-facts/,Solar System,Solar System: Facts - NASA Science,science.nasa.gov,verified
FACT-2026-11-29-S03,29,2026-11-29,The basal ganglia are clusters of nerve cells involved in initiating and integrating movements.,3,November,Basal ganglia,Human Body,The source attributes movement initiation and integration to the basal ganglia.,high,https://www.ninds.nih.gov/health-information/public-education/brain-basics/brain-basics-know-your-brain,Neuroscience,Brain Basics: Know Your Brain | National Institute of Neurological Disorders and Stroke,ninds.nih.gov,verified
FACT-2026-11-29-S04,29,2026-11-29,"Semantic memory contains knowledge about words, concepts, language, and facts.",4,November,Semantic memory,Psychology,"The source defines semantic memory as knowledge about “words, concepts, and language-based knowledge and facts.”",high,https://openstax.org/books/psychology-2e/pages/8-1-how-memory-functions,Memory,8.1 How Memory Functions - Psychology 2e | OpenStax,openstax.org,verified
FACT-2026-11-29-S05,29,2026-11-29,The first 12 months of a blue whale’s life are included in the recorded growth period described by Guinness World Records.,5,November,Blue whale calf first year,Animals,The first 12 months of life,high,https://guinnessworldrecords.com/world-records/largest-mammal,Zoology,Largest mammal | Guinness World Records,guinnessworldrecords.com,verified
FACT-2026-11-29-S06,29,2026-11-29,Color and shaded relief help distinguish important features on the This Dynamic Planet map.,6,November,Relief on maps,Geography,Color and shaded relief help to distinguish important features.,high,https://pubs.usgs.gov/gip/70039243/report.pdf,Physical Geography,Maps of the World,pubs.usgs.gov,verified
FACT-2026-11-29-S07,29,2026-11-29,"State-issued coin values varied from state to state, creating a confusing monetary situation.",7,November,State coinage confusion,History,The Mint explains that the same coin could have different values in different states.,high,https://www.usmint.gov/learn/history/us-circulating-coins,Modern History,History of U.S. Circulating Coins | U.S. Mint,usmint.gov,verified
FACT-2026-11-29-S08,29,2026-11-29,"LEDs emit light in a specific direction, reducing the need for reflectors and diffusers.",8,November,LED directional emission,Technology,"“[They] emit light in a specific direction, reducing the need for reflectors and diffusers...”",high,https://www.energy.gov/articles/history-light-bulb,Lighting Technology,The History of the Light Bulb | Department of Energy,energy.gov,verified
FACT-2026-11-29-S09,29,2026-11-29,TON 618 has a mass 66 billion times that of the Sun.,9,November,TON 618 has 66 billion solar masses,Mystery & Unexplained,"“TON 618, tips the scales at 66 billion times the Sun’s mass.”",high,https://science.nasa.gov/universe/black-holes/,Black Holes,Black Holes - NASA Science,science.nasa.gov,verified
FACT-2026-11-29-S10,29,2026-11-29,"According to the Codex Vindobonensis account, the Mother and Father of the Gods created spirits associated with crops, fire, smoke, forests, and other aspects of nature.",10,November,Mixtec gods and nature,Ancient Civilizations,The source lists these spirits and their associations.,high,https://www.loc.gov/exhibits/exploring-the-early-americas/language-and-context.html,Ancient Near East,Language and Context - Exploring the Early Americas | Exhibitions - Library of Congress,loc.gov,verified
FACT-2026-11-29-S11,29,2026-11-29,"At age 114, Jeanne Louise Calment appeared as herself in the 1990 film “Vincent et moi,” becoming the oldest film actress.",11,November,Oldest film actress,World Records & Extremes,The source describes her 1990 film appearance and the resulting record.,high,https://www.guinnessworldrecords.com/world-records/oldest-person,Verified Records,Oldest person ever | Guinness World Records,guinnessworldrecords.com,verified
FACT-2026-11-29-S12,29,2026-11-29,Bees can obtain energy from plants by collecting their pollen.,12,November,Pollen collection,Nature,“A bee that collects its pollen.”,high,https://www.nps.gov/teachers/classrooms/web-of-life-teacher-s-guide-ecology.htm,Ecology,Web of Life (Teacher's Guide/Ecology) -  Teachers (U.S. National Park Service),nps.gov,verified
FACT-2026-11-29-S13,29,2026-11-29,The Mint replaced the 15-link chain design on the early cent with a wreath after public criticism.,13,November,Chain cent redesign,Food,The source says the chain was viewed negatively by some people and was quickly replaced.,high,https://www.usmint.gov/learn/history/us-circulating-coins,Food Safety,History of U.S. Circulating Coins | U.S. Mint,usmint.gov,verified
FACT-2026-11-29-S14,29,2026-11-29,"In a 1788 letter to James Madison, Fitch argued that steamboats could cut shipping costs in half.",14,November,Fitch’s 1788 letter,Inventions,The source states Fitch made this argument in his February 1788 letter.,high,https://www.loc.gov/classroom-materials/inventions-and-innovations/,Innovation History,Inventions and Innovations | Classroom Materials at the Library of Congress | Library of Congress,loc.gov,verified
FACT-2026-11-29-S15,29,2026-11-29,"The USGS political world map shows political boundaries, national names, capital cities, undetermined borders, and disputed territories.",15,November,Political map content,Country Facts,"“This multicolored map shows political boundaries, names of nations, capital cities, undetermined borders and disputed territories.”",high,https://pubs.usgs.gov/gip/70039243/report.pdf,Global Data,Maps of the World,pubs.usgs.gov,verified
FACT-2026-11-29-S16,29,2026-11-29,"A Maya vase from the Guatemalan Highlands depicts hunters carrying blowguns and returning with a deer, and its glyphs are pseudoglyphic.",16,November,Maya deer-hunting vase,Mythology & Legends,The Library of Congress describes the hunting procession and says the text represents the idea of writing rather than readable language.,high,https://www.loc.gov/exhibits/exploring-the-early-americas/language-and-context.html,Classical Mythology,Language and Context - Exploring the Early Americas | Exhibitions - Library of Congress,loc.gov,verified
FACT-2026-11-29-S17,29,2026-11-29,The NOAA Ocean Facts page includes the amount of oxygen that comes from the ocean as a featured fact topic.,17,November,NOAA ocean facts topic: ocean oxygen,Ocean & Marine,The page’s featured topics include “How much oxygen comes from the ocean?”,high,https://oceanservice.noaa.gov/facts/,Ocean Phenomena,NOAA's National Ocean Service: Newsroom,oceanservice.noaa.gov,verified
FACT-2026-11-29-S18,29,2026-11-29,Scholars generally believe that the Vessel with Teotihuacán-Maya War and Sacrifice Themes contains both Teotihuacán and Maya cultural references.,18,November,Teotihuacán-Maya references,Language,"Although scholars disagree about its interpretation, “most believe that the vessel includes Teotihuacán and Maya cultural references.”",high,https://www.loc.gov/exhibits/exploring-the-early-americas/language-and-context.html,Writing Systems,Language and Context - Exploring the Early Americas | Exhibitions - Library of Congress,loc.gov,verified
FACT-2026-11-29-S19,29,2026-11-29,Risk tolerance is an investor’s ability and willingness to lose some or all of an investment in exchange for potentially greater returns.,19,November,Risk tolerance,Money & Economics,“An investor's ability and willingness to lose some or all of an investment in exchange for greater potential returns.”,high,https://www.investor.gov/introduction-investing/investing-basics/glossary,Investment Terms,Glossary | Investor.gov,investor.gov,verified
FACT-2026-11-29-S20,29,2026-11-29,Overseers’ wives and enslaved people did not compete in the sale of butter or tallow.,20,November,Products without competition,Everyday Life,“but not in the sale of butter or tallow”,high,https://loc.gov/collections/thomas-jefferson-papers/articles-and-essays/anne-cary-randolphs-household-accounts,Household History,"Collection 
            
             Thomas Jefferson Papers, 1606 to 1827",loc.gov,verified
FACT-2026-11-30-S01,30,2026-11-30,"As a tectonic plate moves over a hotspot, it leaves a trail of progressively older volcanic deposits at the surface.",1,November,Volcanic trails from plate motion,Science,The source says plate movement across a relatively fixed magma source produces a trail of progressively older volcanic deposits.,high,https://www.usgs.gov/science/faqs/natural-hazards,Earth Science,Natural Hazards | U.S. Geological Survey,usgs.gov,verified
FACT-2026-11-30-S02,30,2026-11-30,Mercury and Venus are the only eight planets without moons.,2,November,Mercury and Venus moons,Space,NASA states that Mercury and Venus are the only planets with no moons.,high,https://science.nasa.gov/solar-system/solar-system-facts/,Solar System,Solar System: Facts - NASA Science,science.nasa.gov,verified
FACT-2026-11-30-S03,30,2026-11-30,The neuron is the primary functional unit of the brain and nervous system.,3,November,Neuron,Human Body,The source identifies the neuron as the primary functional unit.,high,https://www.ninds.nih.gov/health-information/public-education/brain-basics/brain-basics-know-your-brain,Neuroscience,Brain Basics: Know Your Brain | National Institute of Neurological Disorders and Stroke,ninds.nih.gov,verified
FACT-2026-11-30-S04,30,2026-11-30,Implicit memories are long-term memories that are not part of conscious awareness and are demonstrated through performance.,4,November,Implicit memory,Psychology,The source states that implicit memories are not part of consciousness and are demonstrated in task performance.,high,https://openstax.org/books/psychology-2e/pages/8-1-how-memory-functions,Memory,8.1 How Memory Functions - Psychology 2e | OpenStax,openstax.org,verified
FACT-2026-11-30-S05,30,2026-11-30,"The bootlace worm, Lineus longissimus, is identified as the longest animal on Earth.",5,November,Longest animal,Animals,The blue whale is not the longest animal on Earth: that is the bootlace worm (Lineus longissimus),high,https://guinnessworldrecords.com/world-records/largest-mammal,Zoology,Largest mammal | Guinness World Records,guinnessworldrecords.com,verified
FACT-2026-11-30-S06,30,2026-11-30,"The This Dynamic Planet map plots more than 1,500 volcanoes active during the past 10,000 years.",6,November,Global volcanoes mapped,Geography,"over 1,500 volcanoes active during the past 10.000 years are plotted on the map",high,https://pubs.usgs.gov/gip/70039243/report.pdf,Physical Geography,Maps of the World,pubs.usgs.gov,verified
FACT-2026-11-30-S07,30,2026-11-30,Congress authorized copper cents called Fugio cents in 1787.,7,November,Fugio cent authorization,History,The Mint states that Congress authorized the production of Fugio cents in 1787.,high,https://www.usmint.gov/learn/history/us-circulating-coins,Modern History,History of U.S. Circulating Coins | U.S. Mint,usmint.gov,verified
FACT-2026-11-30-S08,30,2026-11-30,A light source that converted energy into light with 100 percent efficiency would have an efficacy of 683 lumens per watt.,8,November,Maximum luminous efficacy,Technology,“A bulb that is 100 percent efficient... would have an efficacy of 683 lm/W.”,high,https://www.energy.gov/articles/history-light-bulb,Lighting Technology,The History of the Light Bulb | Department of Energy,energy.gov,verified
FACT-2026-11-30-S09,30,2026-11-30,The lightest-known black hole has a mass of 3.8 times the Sun’s mass.,9,November,The lightest-known black hole has 3.8 solar masses,Mystery & Unexplained,“The lightest-known black hole is only 3.8 times the Sun’s mass.”,high,https://science.nasa.gov/universe/black-holes/,Black Holes,Black Holes - NASA Science,science.nasa.gov,verified
FACT-2026-11-30-S10,30,2026-11-30,The original Codex Vindobonensis is held in the Vienna National Library.,10,November,Codex Vindobonensis location,Ancient Civilizations,The source states that the displayed item is a facsimile and that the original is in the Vienna National Library.,high,https://www.loc.gov/exhibits/exploring-the-early-americas/language-and-context.html,Ancient Near East,Language and Context - Exploring the Early Americas | Exhibitions - Library of Congress,loc.gov,verified
FACT-2026-11-30-S11,30,2026-11-30,"At age 120, Jeanne Louise Calment’s voice appeared on the four-track CD “Time’s Mistress.”",11,November,Oldest recording artist,World Records & Extremes,The source states that her voice featured on the CD at age 120.,high,https://www.guinnessworldrecords.com/world-records/oldest-person,Verified Records,Oldest person ever | Guinness World Records,guinnessworldrecords.com,verified
FACT-2026-11-30-S12,30,2026-11-30,"Bacteria, fungi, and some insects act as decomposers when organisms die.",12,November,Decomposer function,Nature,"“When something dies it is reduced to its elemental form by decomposers like bacteria, fungi, and some insects.”",high,https://www.nps.gov/teachers/classrooms/web-of-life-teacher-s-guide-ecology.htm,Ecology,Web of Life (Teacher's Guide/Ecology) -  Teachers (U.S. National Park Service),nps.gov,verified
FACT-2026-11-30-S13,30,2026-11-30,Foreign coins were temporarily allowed to continue circulating until the Mint produced enough U.S. coins.,13,November,Foreign coins and legal tender,Food,The source describes temporary continued circulation of certain foreign coins.,high,https://www.usmint.gov/learn/history/us-circulating-coins,Food Safety,History of U.S. Circulating Coins | U.S. Mint,usmint.gov,verified
FACT-2026-11-30-S14,30,2026-11-30,"Before the 19th century, long-distance communication could be time-consuming or subject to environmental conditions.",14,November,Communication before the telegraph,Inventions,The telegraph section contrasts letters delivered by horses and smoke signals affected by the elements.,high,https://www.loc.gov/classroom-materials/inventions-and-innovations/,Innovation History,Inventions and Innovations | Classroom Materials at the Library of Congress | Library of Congress,loc.gov,verified
FACT-2026-11-30-S15,30,2026-11-30,The USGS World Seismicity Map represents earthquakes occurring from January 1979 through December 1988.,15,November,World Seismicity Map period,Country Facts,"“representing over 97,000 earthquakes that occurred from January 1979 through December 1988.”",high,https://pubs.usgs.gov/gip/70039243/report.pdf,Global Data,Maps of the World,pubs.usgs.gov,verified
FACT-2026-11-30-S16,30,2026-11-30,"A Maya vessel depicts a human scribe and Itzam, the god and patron of writing.",16,November,Maya scribal vessel,Mythology & Legends,The object description identifies the two figures and Itzam’s association with writing.,high,https://www.loc.gov/exhibits/exploring-the-early-americas/language-and-context.html,Classical Mythology,Language and Context - Exploring the Early Americas | Exhibitions - Library of Congress,loc.gov,verified
FACT-2026-11-30-S17,30,2026-11-30,The NOAA Ocean Facts page includes plankton as a featured fact topic.,17,November,NOAA ocean facts topic: plankton,Ocean & Marine,The page’s featured topics include “What are plankton?”,high,https://oceanservice.noaa.gov/facts/,Ocean Phenomena,NOAA's National Ocean Service: Newsroom,oceanservice.noaa.gov,verified
FACT-2026-11-30-S18,30,2026-11-30,The Vase with Palace Scene depicts a ruler in his throne room being dressed for a ceremony by three attendants.,18,November,Palace-scene vessel,Language,The central scene shows “a standing ruler in his throne room being dressed for a ceremony by three attendants.”,high,https://www.loc.gov/exhibits/exploring-the-early-americas/language-and-context.html,Writing Systems,Language and Context - Exploring the Early Americas | Exhibitions - Library of Congress,loc.gov,verified
FACT-2026-11-30-S19,30,2026-11-30,Savings are income that is not spent on consumption but is set aside.,19,November,Savings,Money & Economics,“Income that is not spent on consumption but is put aside.”,high,https://www.investor.gov/introduction-investing/investing-basics/glossary,Investment Terms,Glossary | Investor.gov,investor.gov,verified
FACT-2026-11-30-S20,30,2026-11-30,Ursula and John Hemings routinely collected money due to other enslaved people.,20,November,Money collection,Everyday Life,"“some individuals, such as Ursula ... and John Hemings ..., routinely collected the money due to other slaves”",high,https://loc.gov/collections/thomas-jefferson-papers/articles-and-essays/anne-cary-randolphs-household-accounts,Household History,"Collection 
            
             Thomas Jefferson Papers, 1606 to 1827",loc.gov,verified