ID,Day,Date,Fact,Slot,Month,Title,Category,Evidence,Confidence,Source URL,Subcategory,Source title,Source domain,Verification status
FACT-2026-10-01-S01,1,2026-10-01,The Moon is Earth’s only natural satellite.,1,October,Earth’s only natural satellite,Space,NASA explicitly states that the Moon is Earth’s only natural satellite.,high,https://science.nasa.gov/moon/facts/,Moon,Moon Facts - NASA Science,science.nasa.gov,verified
FACT-2026-10-01-S02,1,2026-10-01,"The Moon is approximately 238,855 miles, or 384,400 kilometers, from Earth on average.",2,October,Average Earth–Moon distance,Space,"NASA gives the Moon’s average distance as 238,855 miles or 384,400 kilometers.",high,https://science.nasa.gov/moon/facts/,Moon,Moon Facts - NASA Science,science.nasa.gov,verified
FACT-2026-10-01-S03,1,2026-10-01,"Earth and the Moon are tidally locked, so the same lunar hemisphere always faces Earth.",3,October,Tidal locking of Earth and Moon,Space,NASA states that Earth and Moon rotations are synchronized and that the same hemisphere faces Earth.,high,https://science.nasa.gov/moon/facts/,Moon,Moon Facts - NASA Science,science.nasa.gov,verified
FACT-2026-10-01-S04,1,2026-10-01,A high electrical resistance in the filament caused heat to build up in the filament rather than in the feed wires from the generator.,4,October,High filament resistance helped concentrate heat in the lamp,Science,The source explains that high resistance was critical because it made heat build up in the element instead of the feed wires.,high,https://americanhistory.si.edu/explore/stories/edisons-light-bulb-turns-135,Electrical resistance,Untitled source,americanhistory.si.edu,verified
FACT-2026-10-01-S05,1,2026-10-01,Edison's carbon filament was enclosed in a glass bulb because carbon would burn when exposed to air.,5,October,Edison's carbon filament had to be enclosed in glass,Science,The source states that carbon would burn in air and therefore had to be enclosed in a glass bulb with the air evacuated.,high,https://americanhistory.si.edu/explore/stories/edisons-light-bulb-turns-135,Vacuum technology,Untitled source,americanhistory.si.edu,verified
FACT-2026-10-01-S06,1,2026-10-01,The first constant electric light was demonstrated in 1835.,6,October,The first constant electric light was demonstrated in 1835,Science,The source states that the first constant electric light was demonstrated in 1835.,high,https://www.energy.gov/articles/history-light-bulb,Electric lighting,The History of the Light Bulb | Department of Energy,www.energy.gov,verified
FACT-2026-10-01-S07,1,2026-10-01,"In the early 1930s, Portia Sperry designed, produced, and sold a cloth doll with help from local farmwomen in rural Indiana.",7,October,Portia Sperry sold cloth dolls through a local farmwomen's network,Money & Economics,The source says Sperry created and sold the Abigail doll with the help of a network of local farmwomen in her rural Indiana community.,high,https://americanhistory.si.edu/explore/topics/invention-and-innovation,Entrepreneurship,Invention and Innovation | National Museum of American History,americanhistory.si.edu,verified
FACT-2026-10-01-S08,1,2026-10-01,CFC refrigerants were later linked to ozone depletion and phased out by governments after the Montreal Protocol in the 1990s.,8,October,CFCs were linked to ozone depletion,Nature,The source states that CFCs became linked to ozone depletion and were eventually phased out globally after the Montreal Protocol.,high,https://www.energy.gov/articles/history-air-conditioning,Atmosphere,History of Air Conditioning | Department of Energy,www.energy.gov,verified
FACT-2026-10-01-S09,1,2026-10-01,"Portia Sperry's Abigail doll enterprise brought thousands of dollars to women in Brown County, Indiana, during the Great Depression.",9,October,The Abigail doll generated income for Indiana women during the Great Depression,Money & Economics,The source states that Sperry's efforts brought thousands of dollars to the women of Brown County during the Great Depression.,high,https://americanhistory.si.edu/explore/topics/invention-and-innovation,Entrepreneurship,Invention and Innovation | National Museum of American History,americanhistory.si.edu,verified
FACT-2026-10-01-S10,1,2026-10-01,Coral reefs protect coastlines from storms and erosion.,10,October,Coral reefs protect coastlines,Nature,NOAA lists protection from storms and erosion among the benefits of coral reef ecosystems.,high,https://www.noaa.gov/education/resource-collections/marine-life/coral-reef-ecosystems,Ecosystem services,Coral reef ecosystems | National Oceanic and Atmospheric Administration,www.noaa.gov,verified
FACT-2026-10-01-S11,1,2026-10-01,"The 1790 Kilauea eruption was the largest explosive eruption in Hawai‘i in 1,000 years.",11,October,1790 Kilauea eruption,Ancient Civilizations,"The source states that people experienced the largest explosive eruption in Hawai‘i in 1,000 years during Kilauea’s 1790 eruption.",high,https://www.usgs.gov/faqs/how-much-earth-volcanic,Volcanic history,How much of the Earth is volcanic? | U.S. Geological Survey,www.usgs.gov,verified
FACT-2026-10-01-S12,1,2026-10-01,"The Sacred City of Caral-Supe is a 5,000-year-old archaeological site in Peru and is the oldest center of civilization in the Americas.",12,October,Caral-Supe Antiquity,Ancient Civilizations,The 5000-year-old 626-hectare archaeological site of The Sacred City of Caral-Supe... is the oldest centre of civilization in the Americas.,medium,https://whc.unesco.org/en/list/1269/,Archaeology,Sacred City of Caral-Supe - UNESCO World Heritage Centre,whc.unesco.org,verified
FACT-2026-10-01-S13,1,2026-10-01,Hippocampus bargibanti is found in Indonesia's Coral Triangle.,13,October,Pygmy seahorse distribution,Geography,The source describes the pygmy seahorse as found in Indonesia's biodiverse Coral Triangle.,high,https://ocean.si.edu/ocean-life/fish/10-things-you-never-knew-about-seahorses,Marine habitats,10 Things You Never Knew About Seahorses | Smithsonian Ocean,ocean.si.edu,verified
FACT-2026-10-01-S14,1,2026-10-01,The big-bellied seahorse lives in waters off southern Australia and New Zealand.,14,October,Big-bellied seahorse range,Geography,The source states that Hippocampus abdominalis lives off southern Australia and New Zealand.,high,https://ocean.si.edu/ocean-life/fish/10-things-you-never-knew-about-seahorses,Marine habitats,10 Things You Never Knew About Seahorses | Smithsonian Ocean,ocean.si.edu,verified
FACT-2026-10-01-S15,1,2026-10-01,"Sanders Associates licensed the Brown Box to Magnavox, which released it as the Magnavox Odyssey in 1972.",15,October,Magnavox Odyssey was released in 1972,Technology,The source states that Sanders licensed the Brown Box to Magnavox and that Magnavox released the system as the Magnavox Odyssey in 1972.,high,https://americanhistory.si.edu/explore/topics/invention-and-innovation,Video games,Invention and Innovation | National Museum of American History,americanhistory.si.edu,verified
FACT-2026-10-01-S16,1,2026-10-01,The Arabic term “harrat” refers to the mafic lava fields built by some Arabia Plate volcanism.,16,October,Meaning of harrat,Language,The source says that mafic lava fields built by this volcanism are each known in Arabic as a “harrat.”,high,https://www.usgs.gov/faqs/what-are-igneous-rocks,Geological Terms,What are igneous rocks? | U.S. Geological Survey,www.usgs.gov,verified
FACT-2026-10-01-S17,1,2026-10-01,Grandmaster Flash developed innovations and techniques that established him as a pioneer of hip hop and deejaying.,17,October,Grandmaster Flash developed influential DJ techniques,Technology,The source states that Grandmaster Flash's innovations and techniques established him as one of the pioneers of hip hop and deejaying.,high,https://americanhistory.si.edu/explore/topics/invention-and-innovation,Deejaying,Invention and Innovation | National Museum of American History,americanhistory.si.edu,verified
FACT-2026-10-01-S18,1,2026-10-01,"An fMRI investigation of speakers of 45 languages from 12 language families found that the language network consistently showed left-hemisphere lateralization, strong functional integration among its regions, and selectivity for language processing.",18,October,Core language-network properties are shared across diverse languages,Language,"The abstract and conclusion state that the fronto-temporo-parietal language network showed robust topography, left-lateralization, strong functional integration, and functional selectivity across 45 languages spanning 12 language families.",high,https://doi.org/10.1038/s41593-022-01114-5,Neuroscience,An investigation across 45 languages and 12 language families reveals a universal language network,doi.org,verified
FACT-2026-10-01-S19,1,2026-10-01,"Ocean currents are continuous, directed movements of ocean water that occur at the surface and in the depths.",19,October,Ocean currents are directed water movements,Ocean & Marine,NOAA defines ocean currents as continuous and directed movements of ocean water flowing locally and globally at the surface and in the depths.,high,https://www.noaa.gov/education/resource-collections/ocean-coasts/ocean-currents,Oceanography,Ocean currents | National Oceanic and Atmospheric Administration,www.noaa.gov,verified
FACT-2026-10-01-S20,1,2026-10-01,"Winds, water density, and tides drive ocean currents, while coastal and seafloor features and Earth’s rotation influence their paths, directions, and speeds.",20,October,Forces that drive ocean currents,Ocean & Marine,"NOAA states that winds, water density, and tides drive currents, while coastal and sea floor features and the Coriolis effect influence them.",high,https://www.noaa.gov/education/resource-collections/ocean-coasts/ocean-currents,Oceanography,Ocean currents | National Oceanic and Atmospheric Administration,www.noaa.gov,verified
FACT-2026-10-02-S01,2,2026-10-02,Humans first saw the Moon’s far side when a Soviet spacecraft flew past it in 1959.,1,October,First observation of the lunar far side,Space,"NASA states that a Soviet spacecraft flew past the Moon in 1959, allowing humans to see the far side.",high,https://science.nasa.gov/moon/facts/,Moon Exploration,Moon Facts - NASA Science,science.nasa.gov,verified
FACT-2026-10-02-S02,2,2026-10-02,"The Moon has a very thin atmosphere called an exosphere, and it is not breathable.",2,October,Lunar exosphere,Space,"NASA describes the lunar atmosphere as a very thin, tenuous exosphere that is not breathable.",high,https://science.nasa.gov/moon/facts/,Moon Atmosphere,Moon Facts - NASA Science,science.nasa.gov,verified
FACT-2026-10-02-S03,2,2026-10-02,The Moon has no natural satellites of its own.,3,October,Moon has no moons,Space,NASA explicitly states that the Moon has no moons.,high,https://science.nasa.gov/moon/facts/,Moon,Moon Facts - NASA Science,science.nasa.gov,verified
FACT-2026-10-02-S04,2,2026-10-02,"In 1913, Irving Langmuir found that placing an inert gas such as nitrogen inside an incandescent bulb doubled its efficiency.",4,October,Nitrogen gas doubled incandescent-bulb efficiency,Science,The source attributes the 1913 discovery to Irving Langmuir and states that nitrogen doubled bulb efficiency.,high,https://www.energy.gov/articles/history-light-bulb,Lighting efficiency,The History of the Light Bulb | Department of Energy,www.energy.gov,verified
FACT-2026-10-02-S05,2,2026-10-02,"A Tesla coil is an electrical circuit used to generate low-current, high-voltage electricity.",5,October,"Tesla coils generate low-current, high-voltage electricity",Science,"The source defines Tesla coils as electrical circuits that generate low-current, high-voltage electricity.",high,https://www.energy.gov/articles/top-11-things-you-didnt-know-about-nikola-tesla,Electricity,Top 11 Things You Didn't Know About Nikola Tesla | Department of Energy,www.energy.gov,verified
FACT-2026-10-02-S06,2,2026-10-02,The tesla is a unit used to measure the strength of magnetic fields and is named after Nikola Tesla.,6,October,The tesla is a unit of magnetic-field strength,Science,The source states that teslas measure magnetic-field strength and are named after Tesla.,high,https://www.energy.gov/articles/top-11-things-you-didnt-know-about-nikola-tesla,Measurement units,Top 11 Things You Didn't Know About Nikola Tesla | Department of Energy,www.energy.gov,verified
FACT-2026-10-02-S07,2,2026-10-02,Edison's Pearl Street Station in lower Manhattan was the first commercial power utility described by the source.,7,October,Pearl Street Station was an early commercial power utility,Money & Economics,The source calls Pearl Street Station the first commercial power utility and locates it in lower Manhattan.,high,https://www.energy.gov/articles/history-light-bulb,Utilities,The History of the Light Bulb | Department of Energy,www.energy.gov,verified
FACT-2026-10-02-S08,2,2026-10-02,Corals can take decades or longer to create reef structures.,8,October,Coral reef structures form slowly,Nature,NOAA states that it takes corals decades or longer to create reef structures.,high,https://www.noaa.gov/education/resource-collections/marine-life/coral-reef-ecosystems,Coral reef formation,Coral reef ecosystems | National Oceanic and Atmospheric Administration,www.noaa.gov,verified
FACT-2026-10-02-S09,2,2026-10-02,"The World Development Indicators database contains 1,400 time-series indicators for 217 economies and more than 40 country groups.",9,October,World Development Indicators scope,Money & Economics,"The World Bank states that WDI contains 1,400 time-series indicators covering 217 economies and more than 40 country groups.",high,https://datatopics.worldbank.org/world-development-indicators/,Development data,WDI - Home,datatopics.worldbank.org,verified
FACT-2026-10-02-S10,2,2026-10-02,"Diseases, predators, and storms are natural threats to coral reef ecosystems.",10,October,Natural threats to coral reefs,Nature,"NOAA identifies diseases, predators, and storms as natural threats to coral reef ecosystems.",high,https://www.noaa.gov/education/resource-collections/marine-life/coral-reef-ecosystems,Coral reef threats,Coral reef ecosystems | National Oceanic and Atmospheric Administration,www.noaa.gov,verified
FACT-2026-10-02-S11,2,2026-10-02,The quipu was a knot-based recording system used in Andean civilizations to record and transmit information.,11,October,Quipu Function,Ancient Civilizations,A quipu (the knot system used in Andean civilizations to record information) found on the site testifies to the development and complexity of Caral society.,medium,https://whc.unesco.org/en/list/1269/,Archaeology,Sacred City of Caral-Supe - UNESCO World Heritage Centre,whc.unesco.org,verified
FACT-2026-10-02-S12,2,2026-10-02,"Dholavira was an ancient Harappan city on the arid island of Khadir in Gujarat, India.",12,October,Dholavira's location,Ancient Civilizations,UNESCO states that Dholavira was the southern centre of the Harappan Civilization and was sited on the arid island of Khadir in Gujarat.,high,https://whc.unesco.org/en/list/1645/,Harappan Civilization,Dholavira: a Harappan City - UNESCO World Heritage Centre,whc.unesco.org,verified
FACT-2026-10-02-S13,2,2026-10-02,"Satomi's pygmy seahorse lives in waters near Brunei, Indonesia, and Malaysia.",13,October,Satomi's pygmy seahorse range,Geography,"The source lists Brunei, Indonesia, and Malaysia as its range.",high,https://ocean.si.edu/ocean-life/fish/10-things-you-never-knew-about-seahorses,Marine habitats,10 Things You Never Knew About Seahorses | Smithsonian Ocean,ocean.si.edu,verified
FACT-2026-10-02-S14,2,2026-10-02,"Seahorses occur in cold waters off New Zealand, Argentina, eastern Canada, and the United Kingdom.",14,October,Cold-water seahorse habitats,Geography,The source lists these regions as examples of colder waters where seahorses occur.,high,https://ocean.si.edu/ocean-life/fish/10-things-you-never-knew-about-seahorses,Marine habitats,10 Things You Never Knew About Seahorses | Smithsonian Ocean,ocean.si.edu,verified
FACT-2026-10-02-S15,2,2026-10-02,"By October 1879, Edison's team had produced a bulb with a carbonized filament made from uncoated cotton thread that lasted 14.5 hours.",15,October,Edison's 1879 carbonized cotton filament lasted 14.5 hours,Technology,The source gives the filament material and states that the bulb lasted 14.5 hours by October 1879.,high,https://www.energy.gov/articles/history-light-bulb,Incandescent lighting,The History of the Light Bulb | Department of Energy,www.energy.gov,verified
FACT-2026-10-02-S16,2,2026-10-02,"Approximately 7,000 languages are currently spoken and signed across the globe.",16,October,"Approximately 7,000 languages are spoken or signed worldwide",Language,"The document states that approximately 7,000 languages are currently spoken and signed worldwide.",high,https://doi.org/10.1038/s41593-022-01114-5,Linguistic Diversity,An investigation across 45 languages and 12 language families reveals a universal language network,doi.org,verified
FACT-2026-10-02-S17,2,2026-10-02,"A bamboo filament gave Edison's lamps a lifetime of up to 1,200 hours and became standard for the Edison bulb for the next decade.",17,October,"Bamboo filaments extended Edison-bulb life to 1,200 hours",Technology,"The source states that Edison settled on bamboo, which produced lamp lifetimes of up to 1,200 hours and remained standard for ten years.",high,https://www.energy.gov/articles/history-light-bulb,Incandescent lighting,The History of the Light Bulb | Department of Energy,www.energy.gov,verified
FACT-2026-10-02-S18,2,2026-10-02,"The investigation tested native speakers of 45 languages spanning 12 language families, including Basque as a language isolate.",18,October,The study sampled 12 language families,Language,The methods and introduction list 45 tested languages across 12 families and identify Basque as effectively a one-language family.,high,https://doi.org/10.1038/s41593-022-01114-5,Language Families,An investigation across 45 languages and 12 language families reveals a universal language network,doi.org,verified
FACT-2026-10-02-S19,2,2026-10-02,Earth’s rotation causes ocean currents to veer right in the Northern Hemisphere and left in the Southern Hemisphere.,19,October,Coriolis deflection of currents,Ocean & Marine,NOAA explains that the Coriolis effect deflects ocean currents to the right in the Northern Hemisphere and to the left in the Southern Hemisphere.,high,https://www.noaa.gov/education/resource-collections/ocean-coasts/ocean-currents,Coriolis effect,Ocean currents | National Oceanic and Atmospheric Administration,www.noaa.gov,verified
FACT-2026-10-02-S20,2,2026-10-02,There are 47 different seahorse species.,20,October,Number of seahorse species,Animals,The source states that there are 47 different species of seahorses.,high,https://ocean.si.edu/ocean-life/fish/10-things-you-never-knew-about-seahorses,Seahorses,10 Things You Never Knew About Seahorses | Smithsonian Ocean,ocean.si.edu,verified
FACT-2026-10-03-S01,3,2026-10-03,The Moon has no rings.,1,October,Moon has no rings,Space,NASA explicitly states that the Moon has no rings.,high,https://science.nasa.gov/moon/facts/,Moon,Moon Facts - NASA Science,science.nasa.gov,verified
FACT-2026-10-03-S02,3,2026-10-03,The Moon is the only celestial body beyond Earth visited by humans so far.,2,October,Human visits beyond Earth,Space,NASA describes the Moon as the only celestial body beyond Earth visited by human beings so far.,high,https://science.nasa.gov/moon/facts/,Moon Exploration,Moon Facts - NASA Science,science.nasa.gov,verified
FACT-2026-10-03-S03,3,2026-10-03,"Apollo astronauts brought 842 pounds, or 382 kilograms, of lunar rocks and soil to Earth.",3,October,Apollo lunar samples,Space,NASA gives the total mass of lunar rocks and soil returned by Apollo astronauts as 842 pounds or 382 kilograms.,high,https://science.nasa.gov/moon/facts/,Moon Exploration,Moon Facts - NASA Science,science.nasa.gov,verified
FACT-2026-10-03-S04,3,2026-10-03,"The world's first self-sustaining, controlled nuclear chain reaction occurred on December 2, 1942, at the University of Chicago.",4,October,First Controlled Nuclear Chain Reaction,Science,"On December 2, 1942, the world’s first self-sustaining, controlled nuclear chain reaction took place... The experiment took place at the University of Chicago’s football stadium",medium,https://www.energy.gov/ne/articles/10-intriguing-facts-about-worlds-first-nuclear-chain-reaction,Nuclear Physics,10 Intriguing Facts About the World's First Nuclear Chain Reaction | Department of Energy,www.energy.gov,verified
FACT-2026-10-03-S05,3,2026-10-03,"The Chicago Pile-1 nuclear reactor was constructed using graphite blocks, some of which contained disks of uranium.",5,October,Chicago Pile-1 Reactor Composition,Science,"The reactor was built with graphite blocks, some of which contained small disks of uranium.",medium,https://www.energy.gov/ne/articles/10-intriguing-facts-about-worlds-first-nuclear-chain-reaction,Nuclear Physics,10 Intriguing Facts About the World's First Nuclear Chain Reaction | Department of Energy,www.energy.gov,verified
FACT-2026-10-03-S06,3,2026-10-03,Shallow-water reef-building corals have a symbiotic relationship with photosynthetic algae called zooxanthellae.,6,October,Shallow corals and zooxanthellae,Science,NOAA states that shallow reef-building corals host photosynthetic zooxanthellae in their tissues.,high,https://www.noaa.gov/education/resource-collections/marine-life/coral-reef-ecosystems,Symbiosis,Coral reef ecosystems | National Oceanic and Atmospheric Administration,www.noaa.gov,verified
FACT-2026-10-03-S07,3,2026-10-03,Many World Development Indicators series contain data going back more than 50 years.,7,October,World Development Indicators time span,Money & Economics,The World Bank states that data for many indicators go back more than 50 years.,high,https://datatopics.worldbank.org/world-development-indicators/,Development data,WDI - Home,datatopics.worldbank.org,verified
FACT-2026-10-03-S08,3,2026-10-03,"Pollution, sedimentation, unsustainable fishing, and climate change threaten coral reef ecosystems.",8,October,Human threats to coral reefs,Nature,"NOAA lists pollution, sedimentation, unsustainable fishing practices, and climate change as human-caused threats.",high,https://www.noaa.gov/education/resource-collections/marine-life/coral-reef-ecosystems,Coral reef threats,Coral reef ecosystems | National Oceanic and Atmospheric Administration,www.noaa.gov,verified
FACT-2026-10-03-S09,3,2026-10-03,"World Development Indicators cover poverty and inequality, people, environment, economy, states and markets, and global links.",9,October,World Development Indicators data themes,Money & Economics,The WDI page lists these six data themes.,high,https://datatopics.worldbank.org/world-development-indicators/,Development data,WDI - Home,datatopics.worldbank.org,verified
FACT-2026-10-03-S10,3,2026-10-03,"Climate change raises ocean temperatures and causes ocean acidification, which can stress corals and lead to bleaching or death.",10,October,Climate change stresses corals,Nature,"NOAA states that climate change raises ocean temperatures and causes acidification, and that these threats can lead to bleaching and possible death.",high,https://www.noaa.gov/education/resource-collections/marine-life/coral-reef-ecosystems,Climate impacts,Coral reef ecosystems | National Oceanic and Atmospheric Administration,www.noaa.gov,verified
FACT-2026-10-03-S11,3,2026-10-03,Dholavira comprised a walled city and a cemetery.,11,October,Dholavira's urban components,Ancient Civilizations,UNESCO states that the archaeological site comprises a fortified city and a cemetery.,high,https://whc.unesco.org/en/list/1645/,Urbanism,Dholavira: a Harappan City - UNESCO World Heritage Centre,whc.unesco.org,verified
FACT-2026-10-03-S12,3,2026-10-03,Two seasonal streams supplied water to Dholavira's walled city.,12,October,Dholavira's water supply,Ancient Civilizations,UNESCO identifies two seasonal streams as the city's water source.,high,https://whc.unesco.org/en/list/1645/,Water Management,Dholavira: a Harappan City - UNESCO World Heritage Centre,whc.unesco.org,verified
FACT-2026-10-03-S13,3,2026-10-03,Zoogeography is the branch of biogeography concerned with the geographic distribution of animal species.,13,October,Zoogeography definition,Geography,Britannica defines zoogeography as the study of the geographic distribution of animal species.,high,https://www.britannica.com/science/zoogeography,Biogeography,"Zoogeography | Animal Distribution, Habitat Types, Ecosystems | Britannica",www.britannica.com,verified
FACT-2026-10-03-S14,3,2026-10-03,"Zoogeographers explain animal distributions using geography, physiography, climate, geologic history, and evolutionary relationships.",14,October,Factors used in zoogeography,Geography,"The source lists geography, physiography, climate, geologic history, and evolutionary history and relationships as explanatory information.",high,https://www.britannica.com/science/zoogeography,Biogeography,"Zoogeography | Animal Distribution, Habitat Types, Ecosystems | Britannica",www.britannica.com,verified
FACT-2026-10-03-S15,3,2026-10-03,"In 1882, Edison demonstrated distributing electricity from a centrally located generator through wires and conduits at London's Holborn Viaduct.",15,October,Edison demonstrated centralized electricity distribution in 1882,Technology,The source states that Edison demonstrated centralized generation and distribution through wires and conduits at Holborn Viaduct in 1882.,high,https://www.energy.gov/articles/history-light-bulb,Electrical distribution,The History of the Light Bulb | Department of Energy,www.energy.gov,verified
FACT-2026-10-03-S16,3,2026-10-03,"The study reports that variability in the measured language-network properties across languages was comparable to, or lower than, variability among individuals speaking the same language.",16,October,Language-network variation across languages was comparable to or lower than variation between individuals,Language,The results and conclusion explicitly compare inter-language variability with inter-individual variability and state that the former was comparable to or lower than the latter.,high,https://doi.org/10.1038/s41593-022-01114-5,Language Research,An investigation across 45 languages and 12 language families reveals a universal language network,doi.org,verified
FACT-2026-10-03-S17,3,2026-10-03,Edison developed the first electric meter to track how much electricity each customer used.,17,October,Edison developed an early electric meter,Technology,The source states that Edison developed the first electric meter for measuring customer electricity use.,high,https://www.energy.gov/articles/history-light-bulb,Electricity metering,The History of the Light Bulb | Department of Energy,www.energy.gov,verified
FACT-2026-10-03-S18,3,2026-10-03,"Across six left-hemisphere language functional regions, native-language stimuli produced greater BOLD responses than acoustically degraded native-language and unfamiliar-language stimuli.",18,October,Language-responsive brain regions are activated more by native language than degraded or unfamiliar language,Language,"Native-language response was 2.32% BOLD signal change versus 0.91% for degraded language and 0.99% for unfamiliar language, with both comparisons reported as significant.",high,https://doi.org/10.1038/s41593-022-01114-5,Neuroscience,An investigation across 45 languages and 12 language families reveals a universal language network,doi.org,verified
FACT-2026-10-03-S19,3,2026-10-03,Large-scale surface currents transfer heat from the tropics toward the polar regions and influence local and global climate.,19,October,Surface currents transfer heat,Ocean & Marine,"NOAA states that large-scale surface currents, driven by global wind systems, transfer heat from the tropics to polar regions and influence climate.",high,https://www.noaa.gov/education/resource-collections/ocean-coasts/ocean-currents,Surface currents,Ocean currents | National Oceanic and Atmospheric Administration,www.noaa.gov,verified
FACT-2026-10-03-S20,3,2026-10-03,Fourteen seahorse species were discovered during the eight years preceding the source's publication.,20,October,Recent seahorse discoveries,Animals,The source says that 14 of the 47 species were discovered in the last eight years.,high,https://ocean.si.edu/ocean-life/fish/10-things-you-never-knew-about-seahorses,Seahorses,10 Things You Never Knew About Seahorses | Smithsonian Ocean,ocean.si.edu,verified
FACT-2026-10-04-S01,4,2026-10-04,The Moon likely formed after a Mars-sized body collided with Earth several billion years ago.,1,October,Moon’s likely formation,Space,NASA says the Moon likely formed from debris produced when a Mars-sized body collided with Earth.,high,https://science.nasa.gov/moon/facts/,Moon Formation,Moon Facts - NASA Science,science.nasa.gov,verified
FACT-2026-10-04-S02,4,2026-10-04,The Moon completes an orbit around Earth in about 27 Earth days.,2,October,Moon’s orbital period,Space,NASA states that the Moon completes a full orbit in 27 Earth days.,high,https://science.nasa.gov/moon/facts/,Moon Orbit,Moon Facts - NASA Science,science.nasa.gov,verified
FACT-2026-10-04-S03,4,2026-10-04,The Moon is moving away from Earth by about one inch each year.,3,October,Moon’s recession from Earth,Space,NASA states that the Moon gets about one inch farther from Earth each year.,high,https://science.nasa.gov/moon/facts/,Moon Motion,Moon Facts - NASA Science,science.nasa.gov,verified
FACT-2026-10-04-S04,4,2026-10-04,"Zooxanthellae provide coral with carbohydrates and oxygen, while the coral provides the algae with a protected environment and compounds needed for photosynthesis.",4,October,Benefits exchanged by corals and algae,Science,NOAA describes the exchanged benefits between corals and zooxanthellae and identifies this relationship as mutualism.,high,https://www.noaa.gov/education/resource-collections/marine-life/coral-reef-ecosystems,Mutualism,Coral reef ecosystems | National Oceanic and Atmospheric Administration,www.noaa.gov,verified
FACT-2026-10-04-S05,4,2026-10-04,"Volcanology training may include geology, geophysics, geochemistry, biology, mathematics, statistics, engineering, atmospheric science, and remote sensing.",5,October,Volcanology training fields,Science,The source lists these scientific and technical fields as applicable to the study of volcanoes.,high,https://www.usgs.gov/faqs/how-much-earth-volcanic,Volcanology,How much of the Earth is volcanic? | U.S. Geological Survey,www.usgs.gov,verified
FACT-2026-10-04-S06,4,2026-10-04,"Distributed volcanic fields are dominated, though not exclusively, by monogenetic eruptive vents that are commonly mafic.",6,October,Distributed volcanism composition,Science,"The source’s definition of distributed volcanism describes dominantly, but not exclusively, monogenetic vents that are commonly mafic.",high,https://www.usgs.gov/faqs/how-much-earth-volcanic,Volcanism,How much of the Earth is volcanic? | U.S. Geological Survey,www.usgs.gov,verified
FACT-2026-10-04-S07,4,2026-10-04,"Economic indicators measure levels and changes in the size and structure of economies, including growth and contractions.",7,October,Economic activity indicators,Money & Economics,The source states that economic indicators measure levels and changes in economic size and structure and identify growth and contractions.,high,https://datatopics.worldbank.org/world-development-indicators/themes/economy.html,Economic indicators,WDI - Economy,datatopics.worldbank.org,verified
FACT-2026-10-04-S08,4,2026-10-04,"During the 2014–2017 coral bleaching event, unusually warm waters affected 70% of coral reef ecosystems worldwide.",8,October,Global coral bleaching event of 2014–2017,Nature,NOAA reports that unusually warm waters affected 70% of coral reef ecosystems worldwide during the 2014–2017 event.,high,https://www.noaa.gov/education/resource-collections/marine-life/coral-reef-ecosystems,Coral bleaching,Coral reef ecosystems | National Oceanic and Atmospheric Administration,www.noaa.gov,verified
FACT-2026-10-04-S09,4,2026-10-04,"Macroeconomic performance indicators include gross domestic product, consumption, investment, and international trade.",9,October,Macroeconomic indicators,Money & Economics,"The source lists GDP, consumption, investment, and international trade as measures of macroeconomic performance.",high,https://datatopics.worldbank.org/world-development-indicators/themes/economy.html,Macroeconomics,WDI - Economy,datatopics.worldbank.org,verified
FACT-2026-10-04-S10,4,2026-10-04,"Corals can recover from bleaching if conditions improve before they die, but ecosystems may take many years to fully heal.",10,October,Coral recovery after bleaching,Nature,"NOAA states that corals can recover when conditions improve before death, while complete ecosystem healing can take many years.",high,https://www.noaa.gov/education/resource-collections/marine-life/coral-reef-ecosystems,Coral bleaching,Coral reef ecosystems | National Oceanic and Atmospheric Administration,www.noaa.gov,verified
FACT-2026-10-04-S11,4,2026-10-04,Dholavira had a sophisticated water-management system.,11,October,Dholavira's water system,Ancient Civilizations,UNESCO describes Dholavira's water-management system as sophisticated and highlights its reservoirs and drainage systems.,high,https://whc.unesco.org/en/list/1645/,Water Management,Dholavira: a Harappan City - UNESCO World Heritage Centre,whc.unesco.org,verified
FACT-2026-10-04-S12,4,2026-10-04,Dholavira's differing streets and houses provide evidence of a stratified social order.,12,October,Dholavira's social stratification,Ancient Civilizations,UNESCO says streets and houses of different proportions and quality testify to a stratified social order.,high,https://whc.unesco.org/en/list/1645/,Social Organization,Dholavira: a Harappan City - UNESCO World Heritage Centre,whc.unesco.org,verified
FACT-2026-10-04-S13,4,2026-10-04,Many historically eruptive volcanoes are located along the Pacific Rim in the region known as the Ring of Fire.,13,October,Volcanoes along the Pacific Rim,Geography,The source says many of the volcanoes that erupted in historical time are located along the Pacific Rim in the Ring of Fire.,high,https://www.usgs.gov/faqs/how-much-earth-volcanic,Pacific Ring of Fire,How much of the Earth is volcanic? | U.S. Geological Survey,www.usgs.gov,verified
FACT-2026-10-04-S14,4,2026-10-04,About 90 percent of the world’s earthquakes occur in the Ring of Fire surrounding the Pacific Ocean.,14,October,Ring of Fire earthquake concentration,Geography,"The source identifies the Ring of Fire, also called the Circum-Pacific belt, as the zone surrounding the Pacific where about 90 percent of the world’s earthquakes occur.",high,https://www.usgs.gov/faqs/how-much-earth-volcanic,Earthquakes,How much of the Earth is volcanic? | U.S. Geological Survey,www.usgs.gov,verified
FACT-2026-10-04-S15,4,2026-10-04,"European inventors' tungsten filament, introduced in 1904, produced brighter and longer-lasting bulbs than carbon filaments.",15,October,Tungsten filaments improved incandescent bulbs,Technology,The source dates the tungsten-filament invention to 1904 and compares its brightness and lifespan favorably with carbon filaments.,high,https://www.energy.gov/articles/history-light-bulb,Incandescent lighting,The History of the Light Bulb | Department of Energy,www.energy.gov,verified
FACT-2026-10-04-S16,4,2026-10-04,The language and multiple-demand networks were each strongly functionally integrated but showed little or no correlated activity across their network boundaries.,16,October,The language network is functionally distinct from the multiple-demand network,Language,Figure 3c describes strong within-network integration and robust dissociation between the language and multiple-demand networks.,high,https://doi.org/10.1038/s41593-022-01114-5,Neuroscience,An investigation across 45 languages and 12 language families reveals a universal language network,doi.org,verified
FACT-2026-10-04-S17,4,2026-10-04,Heinrich Geissler and Julius Plücker produced light by removing almost all air from a glass tube and passing an electric current through it.,17,October,Geissler tubes used electrical current through low-pressure gas,Technology,The source describes their low-pressure glass-tube experiments and identifies the resulting invention as the Geissler tube.,high,https://www.energy.gov/articles/history-light-bulb,Fluorescent lighting,The History of the Light Bulb | Department of Energy,www.energy.gov,verified
FACT-2026-10-04-S18,4,2026-10-04,"The left-hemisphere language network showed greater language selectivity, greater spatial extent, and stronger functional integration than the right-hemisphere language network.",18,October,The left-hemisphere language network shows stronger language selectivity than the right-hemisphere network,Language,"Figure 3b reports greater left-hemisphere selectivity relative to a control condition, greater spatial extent, and stronger inter-region functional correlations.",high,https://doi.org/10.1038/s41593-022-01114-5,Neuroscience,An investigation across 45 languages and 12 language families reveals a universal language network,doi.org,verified
FACT-2026-10-04-S19,4,2026-10-04,The Gulf Stream carries about 150 times more water than the Amazon River.,19,October,Gulf Stream water transport,Ocean & Marine,NOAA states that the warm Gulf Stream carries about 150 times more water than the Amazon River.,high,https://www.noaa.gov/education/resource-collections/ocean-coasts/ocean-currents,Gulf Stream,Ocean currents | National Oceanic and Atmospheric Administration,www.noaa.gov,verified
FACT-2026-10-04-S20,4,2026-10-04,Pontoh's pygmy seahorse was officially named in 2008.,20,October,Pontoh's pygmy seahorse naming,Animals,The source identifies Hippocampus pontohi as officially named in 2008.,high,https://ocean.si.edu/ocean-life/fish/10-things-you-never-knew-about-seahorses,Seahorses,10 Things You Never Knew About Seahorses | Smithsonian Ocean,ocean.si.edu,verified
FACT-2026-10-05-S01,5,2026-10-05,Surface gravity on the Moon is one-sixth of Earth’s gravity.,1,October,Lunar gravity,Space,NASA states that lunar surface gravity is one-sixth of Earth’s.,high,https://science.nasa.gov/moon/facts/,Moon Surface,Moon Facts - NASA Science,science.nasa.gov,verified
FACT-2026-10-05-S02,5,2026-10-05,The Moon reaches about 260°F in full sunlight and about −280°F in darkness.,2,October,Extreme lunar temperatures,Space,NASA gives lunar temperatures of approximately 260°F in full Sun and −280°F in darkness.,high,https://science.nasa.gov/moon/facts/,Moon Temperature,Moon Facts - NASA Science,science.nasa.gov,verified
FACT-2026-10-05-S03,5,2026-10-05,High concentrations of water ice occur in permanently shadowed regions near the lunar poles.,3,October,Water ice at lunar poles,Space,NASA reports high concentrations of ice water in permanently shadowed regions of the lunar poles.,high,https://science.nasa.gov/moon/facts/,Moon Water,Moon Facts - NASA Science,science.nasa.gov,verified
FACT-2026-10-05-S04,5,2026-10-05,Eruptions in distributed volcanic fields can range in composition from basalt to rhyolite.,4,October,Distributed eruption compositions,Science,The USGS states that eruptions within distributed fields can range from basalt to rhyolite.,high,https://www.usgs.gov/faqs/how-much-earth-volcanic,Volcanism,How much of the Earth is volcanic? | U.S. Geological Survey,www.usgs.gov,verified
FACT-2026-10-05-S05,5,2026-10-05,Slow cooling of a basaltic lava flow can produce vertical columns.,5,October,Slow cooling can form vertical lava columns,Science,The source states that slow cooling of the Yellowstone lava flow resulted in vertical columns.,high,https://www.usgs.gov/faqs/how-much-earth-volcanic,Geology,How much of the Earth is volcanic? | U.S. Geological Survey,www.usgs.gov,verified
FACT-2026-10-05-S06,5,2026-10-05,Tectonic plates generally move at roughly the same rate that fingernails grow.,6,October,Tectonic plates move at fingernail-growth rates,Science,The source compares tectonic-plate movement with fingernail growth.,high,https://www.usgs.gov/faqs/how-fast-do-tectonic-plates-move,Plate tectonics,How fast do tectonic plates move? | U.S. Geological Survey,www.usgs.gov,verified
FACT-2026-10-05-S07,5,2026-10-05,"Economic stability indicators include central government budgets, prices, the money supply, and the balance of payments.",7,October,Economic stability indicators,Money & Economics,"The source identifies central government budgets, prices, money supply, and balance of payments as stability measures.",high,https://datatopics.worldbank.org/world-development-indicators/themes/economy.html,Economic stability,WDI - Economy,datatopics.worldbank.org,verified
FACT-2026-10-05-S08,5,2026-10-05,Coral bleaching occurs when stressed corals expel their symbiotic algae and turn completely white.,8,October,Definition of coral bleaching,Nature,"NOAA states that stress from changes in temperature, light, or nutrients can cause corals to expel symbiotic algae, turning white.",high,https://oceanservice.noaa.gov/ocean/corals/,Coral bleaching,Coral Reefs,oceanservice.noaa.gov,verified
FACT-2026-10-05-S09,5,2026-10-05,The System of National Accounts provides an integrated system of accounts for international comparisons of significant economic activity.,9,October,System of National Accounts,Money & Economics,"The source describes the SNA as a complete, integrated system enabling international comparisons of significant economic activity.",high,https://datatopics.worldbank.org/world-development-indicators/themes/economy.html,National accounting,WDI - Economy,datatopics.worldbank.org,verified
FACT-2026-10-05-S10,5,2026-10-05,"More than 80 percent of Earth’s surface, above and below sea level, is of volcanic origin.",10,October,Earth’s volcanic origin,Nature,The USGS states that more than 80 percent of Earth’s surface above and below sea level is of volcanic origin.,high,https://www.usgs.gov/faqs/how-much-earth-volcanic,Volcanism,How much of the Earth is volcanic? | U.S. Geological Survey,www.usgs.gov,verified
FACT-2026-10-05-S11,5,2026-10-05,Dholavira's cemetery contains cenotaphs of six types.,11,October,Dholavira's cemetery types,Ancient Civilizations,UNESCO states that the large cemetery contains cenotaphs of six types.,high,https://whc.unesco.org/en/list/1645/,Funerary Practices,Dholavira: a Harappan City - UNESCO World Heritage Centre,whc.unesco.org,verified
FACT-2026-10-05-S12,5,2026-10-05,Archaeological excavations at Dholavira uncovered bead-processing workshops.,12,October,Dholavira's bead workshops,Ancient Civilizations,UNESCO reports that bead-processing workshops were found during archaeological excavations.,high,https://whc.unesco.org/en/list/1645/,Craft Production,Dholavira: a Harappan City - UNESCO World Heritage Centre,whc.unesco.org,verified
FACT-2026-10-05-S13,5,2026-10-05,"The Alpide belt is the second most seismic region, accounting for about 5–6 percent of earthquakes.",13,October,Alpide belt seismic activity,Geography,The USGS describes the Alpide belt as the next most seismic region after the Ring of Fire and assigns it 5–6 percent of earthquakes.,high,https://www.usgs.gov/faqs/how-much-earth-volcanic,Earthquakes,How much of the Earth is volcanic? | U.S. Geological Survey,www.usgs.gov,verified
FACT-2026-10-05-S14,5,2026-10-05,"The Alpide belt extends from the Mediterranean region eastward through Turkey, Iran, and northern India.",14,October,Extent of the Alpide belt,Geography,The source gives this geographic extent for the Alpide belt.,high,https://www.usgs.gov/faqs/how-much-earth-volcanic,Earthquakes,How much of the Earth is volcanic? | U.S. Geological Survey,www.usgs.gov,verified
FACT-2026-10-05-S15,5,2026-10-05,Peter Cooper Hewitt created a blue-green lamp by passing current through mercury vapor and using a ballast.,15,October,Peter Cooper Hewitt developed a mercury-vapor lamp precursor,Technology,"The source describes Hewitt's mercury-vapor lamp, its blue-green light, and its ballast for regulating current.",high,https://www.energy.gov/articles/history-light-bulb,Fluorescent lighting,The History of the Light Bulb | Department of Energy,www.energy.gov,verified
FACT-2026-10-05-S16,5,2026-10-05,Interhemispheric connectivity within the language network was higher during story listening than during resting state.,16,October,Language-network interhemispheric connectivity is higher during story listening than resting state,Language,"The reported mean interhemispheric connectivity was 0.33 during story listening and 0.20 during resting state, with t(44)=8.11 and p<0.01.",high,https://doi.org/10.1038/s41593-022-01114-5,Neuroscience,An investigation across 45 languages and 12 language families reveals a universal language network,doi.org,verified
FACT-2026-10-05-S17,5,2026-10-05,"In 1976, Edward Hammer of General Electric created the first compact fluorescent light by bending a fluorescent tube into a spiral.",17,October,Edward Hammer created the first compact fluorescent light,Technology,The source attributes the 1976 spiral-tube design to Edward Hammer and identifies it as the first CFL.,high,https://www.energy.gov/articles/history-light-bulb,Compact fluorescent lighting,The History of the Light Bulb | Department of Energy,www.energy.gov,verified
FACT-2026-10-05-S18,5,2026-10-05,The study found no reliable difference between within-language and between-language similarity of individual language-network activation maps.,18,October,Language-network activation patterns are not reliably more similar within the same language than between languages,Language,"Average Dice coefficients were 0.17 within languages and 0.16 between languages; the difference was not significant, with p=0.61.",high,https://doi.org/10.1038/s41593-022-01114-5,Neuroscience,An investigation across 45 languages and 12 language families reveals a universal language network,doi.org,verified
FACT-2026-10-05-S19,5,2026-10-05,"The Gulf Stream originates in the tropical Caribbean, follows the U.S. East Coast, and crosses the Atlantic toward Europe.",19,October,Gulf Stream route,Ocean & Marine,"NOAA describes the Gulf Stream as originating in the tropical Caribbean, moving along the U.S. East Coast, and crossing the Atlantic toward Europe.",high,https://www.noaa.gov/education/resource-collections/ocean-coasts/ocean-currents,Gulf Stream,Ocean currents | National Oceanic and Atmospheric Administration,www.noaa.gov,verified
FACT-2026-10-05-S20,5,2026-10-05,Seahorse species identification is difficult because seahorses can change their color and shape to blend with their surroundings.,20,October,Seahorse identification difficulty,Animals,The source says that seahorses' ability to change color and shape makes identification of individual species challenging.,high,https://ocean.si.edu/ocean-life/fish/10-things-you-never-knew-about-seahorses,Seahorses,10 Things You Never Knew About Seahorses | Smithsonian Ocean,ocean.si.edu,verified
FACT-2026-10-06-S01,6,2026-10-06,An exoplanet is a planet that orbits a star other than the Sun.,1,October,Definition of an exoplanet,Space,NASA defines exoplanets as planets outside our solar system that orbit another star.,high,https://science.nasa.gov/solar-system/10-things-exoplanets-101/,Exoplanets,10 Things: Exoplanets 101 - NASA Science,science.nasa.gov,verified
FACT-2026-10-06-S02,6,2026-10-06,NASA announced the discovery of seven exoplanets orbiting the star TRAPPIST-1 in 2016.,2,October,TRAPPIST-1 planets,Space,The text refers to NASA’s 2016 announcement of seven planets orbiting TRAPPIST-1 and identifies them as exoplanets.,high,https://science.nasa.gov/solar-system/10-things-exoplanets-101/,Exoplanets,10 Things: Exoplanets 101 - NASA Science,science.nasa.gov,verified
FACT-2026-10-06-S03,6,2026-10-06,NASA’s Kepler telescope discovered 95 new exoplanets in the month described by the source.,3,October,Kepler exoplanet discovery,Space,NASA states that Kepler had just discovered 95 new exoplanets beyond the solar system.,high,https://science.nasa.gov/solar-system/10-things-exoplanets-101/,Exoplanets,10 Things: Exoplanets 101 - NASA Science,science.nasa.gov,verified
FACT-2026-10-06-S04,6,2026-10-06,Satellite-based GPS can measure crustal motion to within a fraction of a millimeter per year.,4,October,GPS measures crustal motion,Science,The source states that GPS measures crustal motion within a fraction of a millimeter per year.,high,https://www.usgs.gov/faqs/how-fast-do-tectonic-plates-move,Geodesy,How fast do tectonic plates move? | U.S. Geological Survey,www.usgs.gov,verified
FACT-2026-10-06-S05,6,2026-10-06,"Metamorphic rocks began as igneous, sedimentary, or earlier metamorphic rocks and were substantially changed.",5,October,Metamorphic rocks are altered pre-existing rocks,Science,The source defines metamorphic rocks as substantially changed forms of other rock types.,high,https://www.usgs.gov/faqs/how-fast-do-tectonic-plates-move,Geology,How fast do tectonic plates move? | U.S. Geological Survey,www.usgs.gov,verified
FACT-2026-10-06-S06,6,2026-10-06,"Metamorphic rocks form under high heat, high pressure, hot mineral-rich fluids, or combinations of these conditions.",6,October,Heat and pressure form metamorphic rocks,Science,"The source lists high heat, high pressure, hot mineral-rich fluids, and combinations as metamorphic-rock-forming conditions.",high,https://www.usgs.gov/faqs/how-fast-do-tectonic-plates-move,Geology,How fast do tectonic plates move? | U.S. Geological Survey,www.usgs.gov,verified
FACT-2026-10-06-S07,6,2026-10-06,The balance of payments monitors a country's international transactions.,7,October,Balance of payments,Money & Economics,The source states that the Balance of Payments monitors a country's international transactions.,high,https://datatopics.worldbank.org/world-development-indicators/themes/economy.html,Balance of payments,WDI - Economy,datatopics.worldbank.org,verified
FACT-2026-10-06-S08,6,2026-10-06,Gaseous emissions from volcanic vents over hundreds of millions of years formed Earth’s earliest oceans and atmosphere.,8,October,Volcanic contribution to early oceans and atmosphere,Nature,The source says gaseous emissions from volcanic vents over hundreds of millions of years formed Earth’s earliest oceans and atmosphere.,high,https://www.usgs.gov/faqs/how-much-earth-volcanic,Volcanism,How much of the Earth is volcanic? | U.S. Geological Survey,www.usgs.gov,verified
FACT-2026-10-06-S09,6,2026-10-06,Government Finance Statistics monitors government income and expenditures.,9,October,Government Finance Statistics,Money & Economics,The source states that Government Finance Statistics monitors government incomes and expenditures.,high,https://datatopics.worldbank.org/world-development-indicators/themes/economy.html,Government finance,WDI - Economy,datatopics.worldbank.org,verified
FACT-2026-10-06-S10,6,2026-10-06,"Volcanic eruptions have produced mountains, plateaus, and plains over geologic time.",10,October,Volcanic formation of landscapes,Nature,"The USGS states that countless volcanic eruptions produced mountains, plateaus, and plains.",high,https://www.usgs.gov/faqs/how-much-earth-volcanic,Volcanic landforms,How much of the Earth is volcanic? | U.S. Geological Survey,www.usgs.gov,verified
FACT-2026-10-06-S11,6,2026-10-06,"Dholavira yielded artifacts made from copper, shell, stone, semiprecious stones, terracotta, gold and ivory.",11,October,Dholavira's artifact materials,Ancient Civilizations,"UNESCO lists copper, shell, stone, semiprecious stones, terracotta, gold and ivory among the excavated materials.",high,https://whc.unesco.org/en/list/1645/,Materials and Artifacts,Dholavira: a Harappan City - UNESCO World Heritage Centre,whc.unesco.org,verified
FACT-2026-10-06-S12,6,2026-10-06,"Dholavira had evidence of interregional trade with other Harappan cities, Mesopotamia and the Oman peninsula.",12,October,Dholavira's trade connections,Ancient Civilizations,UNESCO reports evidence of trade with other Harappan cities and cities in Mesopotamia and the Oman peninsula.,high,https://whc.unesco.org/en/list/1645/,Trade,Dholavira: a Harappan City - UNESCO World Heritage Centre,whc.unesco.org,verified
FACT-2026-10-06-S13,6,2026-10-06,Yellowstone in northwest Wyoming has produced an extremely large pyroclastic eruption and formed a large caldera within the past 2 million years.,13,October,Yellowstone supervolcano,Geography,The USGS lists Yellowstone among volcanoes that produced exceedingly voluminous pyroclastic eruptions and formed large calderas in the past 2 million years.,high,https://www.usgs.gov/faqs/how-much-earth-volcanic,Supervolcanoes,How much of the Earth is volcanic? | U.S. Geological Survey,www.usgs.gov,verified
FACT-2026-10-06-S14,6,2026-10-06,Long Valley in eastern California has produced an extremely large pyroclastic eruption and formed a large caldera within the past 2 million years.,14,October,Long Valley supervolcano,Geography,The source lists Long Valley among volcanoes with exceedingly voluminous pyroclastic eruptions and large calderas formed in the past 2 million years.,high,https://www.usgs.gov/faqs/how-much-earth-volcanic,Supervolcanoes,How much of the Earth is volcanic? | U.S. Geological Survey,www.usgs.gov,verified
FACT-2026-10-06-S15,6,2026-10-06,LEDs are solid-state lights that use a semiconductor to convert electricity into light.,15,October,LEDs use semiconductors to convert electricity into light,Technology,The source defines LEDs as solid-state lighting that uses a semiconductor to convert electricity into light.,high,https://www.energy.gov/articles/history-light-bulb,LED lighting,The History of the Light Bulb | Department of Energy,www.energy.gov,verified
FACT-2026-10-06-S16,6,2026-10-06,The dataset showed no significant difference between within-language-family and between-language-family topographic similarity.,16,October,Language-network activation patterns do not show clear greater similarity within language families,Language,"The within-language-family versus between-language-family comparison was not significant, with t(19.8)=0.71 and p=0.49.",high,https://doi.org/10.1038/s41593-022-01114-5,Neuroscience,An investigation across 45 languages and 12 language families reveals a universal language network,doi.org,verified
FACT-2026-10-06-S17,6,2026-10-06,"During the historical war of the currents, alternating current favored by Tesla ultimately won wider acceptance over direct current favored by Edison.",17,October,Alternating current ultimately prevailed over direct current,Technology,The source describes the AC–DC rivalry and states that alternating current ultimately won.,high,https://www.energy.gov/articles/top-11-things-you-didnt-know-about-nikola-tesla,Alternating current,Top 11 Things You Didn't Know About Nikola Tesla | Department of Energy,www.energy.gov,verified
FACT-2026-10-06-S18,6,2026-10-06,Language functional regions showed greater responses to native-language stimuli than to spatial working-memory and mathematics tasks.,18,October,Native-language processing activates language regions more than spatial working memory or mathematics,Language,Native-language response was 2.32% BOLD signal change versus 0.06% for spatial working memory and −0.02% for mathematics; both comparisons were significant.,high,https://doi.org/10.1038/s41593-022-01114-5,Neuroscience,An investigation across 45 languages and 12 language families reveals a universal language network,doi.org,verified
FACT-2026-10-06-S19,6,2026-10-06,Heat from the Gulf Stream keeps much of Northern Europe significantly warmer than other places at the same latitude.,19,October,Gulf Stream and Northern Europe,Ocean & Marine,NOAA states that Gulf Stream heat keeps much of Northern Europe significantly warmer than places equally far north.,high,https://www.noaa.gov/education/resource-collections/ocean-coasts/ocean-currents,Gulf Stream,Ocean currents | National Oceanic and Atmospheric Administration,www.noaa.gov,verified
FACT-2026-10-06-S20,6,2026-10-06,"In 1953, the first community-based pilot trial of Salk's polio vaccine was conducted with volunteer families in the Pittsburgh area.",20,October,The first community-based polio-vaccine trial occurred near Pittsburgh,History,The source states that the first community-based pilot vaccine trial was carried out in 1953 with volunteer families in the Pittsburgh area.,high,https://americanhistory.si.edu/explore/topics/invention-and-innovation,Public health,Invention and Innovation | National Museum of American History,americanhistory.si.edu,verified
FACT-2026-10-07-S01,7,2026-10-07,"The source reported more than 3,700 known planets beyond the solar system.",1,October,Known exoplanet count in 2018,Space,"The source states that the total known planet count beyond the solar system was more than 3,700.",high,https://science.nasa.gov/solar-system/10-things-exoplanets-101/,Exoplanets,10 Things: Exoplanets 101 - NASA Science,science.nasa.gov,verified
FACT-2026-10-07-S02,7,2026-10-07,The transit method detects planets through periodic dips in a star’s brightness as planets pass in front of it.,2,October,Transit method,Space,NASA describes transit events as periodic dips in stellar brightness caused by planets passing in front of stars.,high,https://science.nasa.gov/solar-system/10-things-exoplanets-101/,Exoplanet Detection,10 Things: Exoplanets 101 - NASA Science,science.nasa.gov,verified
FACT-2026-10-07-S03,7,2026-10-07,51 Pegasi b was the first exoplanet discovered orbiting a star like the Sun.,3,October,First exoplanet around a Sun-like star,Space,"NASA identifies 51 Pegasi b, discovered in 1995, as the first exoplanet found orbiting a Sun-like star.",high,https://science.nasa.gov/solar-system/10-things-exoplanets-101/,Exoplanets,10 Things: Exoplanets 101 - NASA Science,science.nasa.gov,verified
FACT-2026-10-07-S04,7,2026-10-07,"Igneous rocks form when hot, molten rock crystallizes and solidifies.",4,October,Igneous rocks form from solidified molten rock,Science,The source directly defines igneous-rock formation as crystallization and solidification of hot molten rock.,high,https://www.usgs.gov/faqs/how-fast-do-tectonic-plates-move,Geology,How fast do tectonic plates move? | U.S. Geological Survey,www.usgs.gov,verified
FACT-2026-10-07-S05,7,2026-10-07,Igneous rocks are classified as intrusive or extrusive according to where the molten rock solidifies.,5,October,Igneous rocks are intrusive or extrusive,Science,The source states that igneous rocks are divided into intrusive and extrusive groups based on the location of solidification.,high,https://www.usgs.gov/faqs/how-fast-do-tectonic-plates-move,Geology,How fast do tectonic plates move? | U.S. Geological Survey,www.usgs.gov,verified
FACT-2026-10-07-S06,7,2026-10-07,Sedimentary rocks form from pre-existing rocks or pieces of once-living organisms.,6,October,Sedimentary rocks can form from older rocks or organisms,Science,The source gives pre-existing rocks and pieces of once-living organisms as sedimentary-rock materials.,high,https://www.usgs.gov/faqs/how-fast-do-tectonic-plates-move,Geology,How fast do tectonic plates move? | U.S. Geological Survey,www.usgs.gov,verified
FACT-2026-10-07-S07,7,2026-10-07,Gross domestic product is the total gross value added by all resident producers in an economy.,7,October,Definition of GDP,Money & Economics,The source defines GDP as the total gross value added by all resident producers in the economy.,high,https://datatopics.worldbank.org/world-development-indicators/themes/economy.html,Gross domestic product,WDI - Economy,datatopics.worldbank.org,verified
FACT-2026-10-07-S08,7,2026-10-07,Volcanic materials can weather into some of Earth’s most fertile soils.,8,October,Volcanic soils and fertility,Nature,The source says volcanic materials ultimately break down and weather to form some of the most fertile soils on Earth.,high,https://www.usgs.gov/faqs/how-much-earth-volcanic,Volcanic soils,How much of the Earth is volcanic? | U.S. Geological Survey,www.usgs.gov,verified
FACT-2026-10-07-S09,7,2026-10-07,Economic growth is measured by the change in GDP at constant prices.,9,October,Measuring economic growth,Money & Economics,The source states that growth in the economy is measured by the change in GDP at constant price.,high,https://datatopics.worldbank.org/world-development-indicators/themes/economy.html,Economic growth,WDI - Economy,datatopics.worldbank.org,verified
FACT-2026-10-07-S10,7,2026-10-07,"About 1,350 potentially active volcanoes exist worldwide, excluding continuous ocean-floor belts at spreading centers.",10,October,Potentially active volcanoes worldwide,Nature,"The source gives an estimate of about 1,350 potentially active volcanoes worldwide and excludes continuous belts on the ocean floor at spreading centers.",high,https://www.usgs.gov/faqs/how-much-earth-volcanic,Volcanic activity,How much of the Earth is volcanic? | U.S. Geological Survey,www.usgs.gov,verified
FACT-2026-10-07-S11,7,2026-10-07,Dholavira is an example of planned urban settlement with segregated residential areas.,11,October,Dholavira's planned layout,Ancient Civilizations,UNESCO describes Dholavira as a planned city with planned and segregated urban residential areas.,high,https://whc.unesco.org/en/list/1645/,Urban Planning,Dholavira: a Harappan City - UNESCO World Heritage Centre,whc.unesco.org,verified
FACT-2026-10-07-S12,7,2026-10-07,"Dholavira's walled city included a fortified Castle, Bailey, Ceremonial Ground, Middle Town and Lower Town.",12,October,Dholavira's fortified districts,Ancient Civilizations,UNESCO lists these components as parts of Dholavira's walled city.,high,https://whc.unesco.org/en/list/1645/,Architecture,Dholavira: a Harappan City - UNESCO World Heritage Centre,whc.unesco.org,verified
FACT-2026-10-07-S13,7,2026-10-07,Toba in Indonesia has produced an extremely large pyroclastic eruption and formed a large caldera within the past 2 million years.,13,October,Toba supervolcano,Geography,The USGS lists Toba among volcanoes with exceedingly voluminous pyroclastic eruptions and large calderas formed in the past 2 million years.,high,https://www.usgs.gov/faqs/how-much-earth-volcanic,Supervolcanoes,How much of the Earth is volcanic? | U.S. Geological Survey,www.usgs.gov,verified
FACT-2026-10-07-S14,7,2026-10-07,"Cenozoic volcanic rocks of the Arabia Plate cover about 140,000 square kilometers.",14,October,Arabia Plate volcanic-rock coverage,Geography,"The cited USGS publication summary gives an area of about 140,000 square kilometers for Cenozoic volcanic rocks on the Arabia Plate.",high,https://www.usgs.gov/faqs/how-much-earth-volcanic,Arabia Plate volcanism,How much of the Earth is volcanic? | U.S. Geological Survey,www.usgs.gov,verified
FACT-2026-10-07-S15,7,2026-10-07,"Tesla designed the first hydroelectric power plant at Niagara Falls, and power first reached nearby Buffalo homes on November 16, 1896.",15,October,Tesla designed the first Niagara Falls hydroelectric power plant,Technology,The source credits Tesla with designing the plant and gives the date when power first flowed to Buffalo homes.,high,https://www.energy.gov/articles/top-11-things-you-didnt-know-about-nikola-tesla,Hydroelectric power,Top 11 Things You Didn't Know About Nikola Tesla | Department of Energy,www.energy.gov,verified
FACT-2026-10-07-S16,7,2026-10-07,Multiple-demand regions showed stronger responses to hard than easy conditions in both spatial working memory and mathematics tasks.,16,October,The multiple-demand network responds more strongly to harder working-memory and mathematics conditions,Language,"The spatial working-memory responses were 3.05 versus 1.93, and mathematics responses were 1.68 versus 0.62, with both differences reported as significant.",high,https://doi.org/10.1038/s41593-022-01114-5,Neuroscience,An investigation across 45 languages and 12 language families reveals a universal language network,doi.org,verified
FACT-2026-10-07-S17,7,2026-10-07,"Tesla envisioned Wardenclyffe Tower transmitting signals and free, unlimited wireless electricity around the world.",17,October,Wardenclyffe Tower was intended for global wireless transmission,Technology,The source describes Tesla's vision for the tower as transmitting signals and wireless electricity globally.,high,https://www.energy.gov/articles/top-11-things-you-didnt-know-about-nikola-tesla,Wireless transmission,Top 11 Things You Didn't Know About Nikola Tesla | Department of Energy,www.energy.gov,verified
FACT-2026-10-07-S18,7,2026-10-07,Multiple-demand regions showed stronger responses to acoustically degraded and unfamiliar language than to native language.,18,October,The multiple-demand network responds more to unfamiliar and acoustically degraded language than native language,Language,"The degraded-language response was 0.26 versus −0.10 for native language, and the unfamiliar-language response was 0.15 versus −0.10; both comparisons were significant.",high,https://doi.org/10.1038/s41593-022-01114-5,Neuroscience,An investigation across 45 languages and 12 language families reveals a universal language network,doi.org,verified
FACT-2026-10-07-S19,7,2026-10-07,The pygmy seahorse Hippocampus bargibanti can change color to blend into its environment.,19,October,Pygmy seahorse camouflage,Animals,The source states that Hippocampus bargibanti can change colors like a chameleon to blend into its environment.,high,https://ocean.si.edu/ocean-life/fish/10-things-you-never-knew-about-seahorses,Seahorses,10 Things You Never Knew About Seahorses | Smithsonian Ocean,ocean.si.edu,verified
FACT-2026-10-07-S20,7,2026-10-07,Improved compact fluorescent lights use about 75 percent less energy than incandescent bulbs.,20,October,CFLs use about 75 percent less energy than incandescent bulbs,World Records & Extremes,The source states that CFLs use about 75 percent less energy than incandescent bulbs.,high,https://www.energy.gov/articles/history-light-bulb,Energy efficiency,The History of the Light Bulb | Department of Energy,www.energy.gov,verified
FACT-2026-10-08-S01,8,2026-10-08,A statistical estimate cited by NASA places at least one planet around every star in the galaxy on average.,1,October,Estimated planets per galaxy,Space,NASA cites an estimate averaging at least one planet per star in the galaxy.,high,https://science.nasa.gov/solar-system/10-things-exoplanets-101/,Exoplanets,10 Things: Exoplanets 101 - NASA Science,science.nasa.gov,verified
FACT-2026-10-08-S02,8,2026-10-08,"Asteroids are rocky, airless remnants left over from the formation of the solar system.",2,October,Asteroid composition and origin,Space,"NASA describes asteroids as rocky, airless worlds and remnants from solar-system formation.",high,https://science.nasa.gov/solar-system/10-things-whats-that-space-rock/,Asteroids,10 Things: What's That Space Rock? - NASA Science,science.nasa.gov,verified
FACT-2026-10-08-S03,8,2026-10-08,Most solar-system asteroids reside in the main asteroid belt between the orbits of Mars and Jupiter.,3,October,Main asteroid belt location,Space,"NASA states that most asteroids are in the main asteroid belt, located between Mars and Jupiter.",high,https://science.nasa.gov/solar-system/10-things-whats-that-space-rock/,Asteroids,10 Things: What's That Space Rock? - NASA Science,science.nasa.gov,verified
FACT-2026-10-08-S04,8,2026-10-08,Sedimentary rocks often have distinctive layering or bedding.,4,October,Sedimentary rocks commonly show layering,Science,The source explicitly states that sedimentary rocks often have distinctive layering or bedding.,high,https://www.usgs.gov/faqs/how-fast-do-tectonic-plates-move,Geology,How fast do tectonic plates move? | U.S. Geological Survey,www.usgs.gov,verified
FACT-2026-10-08-S05,8,2026-10-08,"Earth's tectonic plates rest upon the asthenosphere, the upper layer of the mantle.",5,October,Tectonic plates rest on the asthenosphere,Science,The source identifies the asthenosphere as the upper mantle layer beneath Earth's tectonic plates.,high,https://www.usgs.gov/faqs/how-fast-do-tectonic-plates-move,Earth structure,How fast do tectonic plates move? | U.S. Geological Survey,www.usgs.gov,verified
FACT-2026-10-08-S06,8,2026-10-08,The mantle behaves like a solid over short timescales but can flow like a thick liquid over long geologic timescales.,6,October,The mantle behaves differently over different timescales,Science,The source contrasts the mantle's short-term solid behavior with its long-term slow-flow behavior.,high,https://www.usgs.gov/faqs/how-fast-do-tectonic-plates-move,Earth structure,How fast do tectonic plates move? | U.S. Geological Survey,www.usgs.gov,verified
FACT-2026-10-08-S07,8,2026-10-08,GNI per capita is total domestic and foreign value added claimed by residents divided by total population.,7,October,Definition of GNI per capita,Money & Economics,The source defines GNI per capita as the sum of domestic and foreign value added claimed by residents divided by population.,high,https://datatopics.worldbank.org/world-development-indicators/themes/economy.html,Income,WDI - Economy,datatopics.worldbank.org,verified
FACT-2026-10-08-S08,8,2026-10-08,"After Mount Pinatubo’s 1991 eruption, cooler-than-normal temperatures were recorded worldwide.",8,October,Mount Pinatubo and global temperatures,Nature,The USGS states that cooler-than-normal temperatures were recorded worldwide following the 1991 Mount Pinatubo eruption.,high,https://www.usgs.gov/faqs/how-much-earth-volcanic,Volcanic climate effects,How much of the Earth is volcanic? | U.S. Geological Survey,www.usgs.gov,verified
FACT-2026-10-08-S09,8,2026-10-08,The World Bank converts GNI per capita into U.S. dollars using the Atlas method for operational country classification.,9,October,Atlas method,Money & Economics,The source states that GNI per capita in U.S. dollars is converted from local currency using the Atlas method and used for operational classification.,high,https://datatopics.worldbank.org/world-development-indicators/themes/economy.html,Income classification,WDI - Economy,datatopics.worldbank.org,verified
FACT-2026-10-08-S10,8,2026-10-08,"Mount Pinatubo’s 1991 eruption sent fine ash and gases into the stratosphere, forming a volcanic cloud that drifted around the world.",10,October,Mount Pinatubo and atmospheric aerosols,Nature,The source describes fine ash and gases reaching the stratosphere and forming a large volcanic cloud that drifted worldwide.,high,https://www.usgs.gov/faqs/how-much-earth-volcanic,Volcanic climate effects,How much of the Earth is volcanic? | U.S. Geological Survey,www.usgs.gov,verified
FACT-2026-10-08-S11,8,2026-10-08,"Dholavira was inhabited continuously for nearly 1,500 years.",11,October,Dholavira's long habitation,Ancient Civilizations,"UNESCO calls Dholavira's occupation a long continuous habitation lasting nearly 1,500 years.",high,https://whc.unesco.org/en/list/1645/,Historical Duration,Dholavira: a Harappan City - UNESCO World Heritage Centre,whc.unesco.org,verified
FACT-2026-10-08-S12,8,2026-10-08,The ancient Harappan city of Dholavira was discovered in 1968.,12,October,Dholavira's discovery,Ancient Civilizations,UNESCO's integrity section states that Dholavira was discovered in 1968.,high,https://whc.unesco.org/en/list/1645/,Archaeology,Dholavira: a Harappan City - UNESCO World Heritage Centre,whc.unesco.org,verified
FACT-2026-10-08-S13,8,2026-10-08,"The Cenozoic volcanic rocks of the Arabia Plate extend about 3,000 kilometers from southern Yemen to southeastern Turkey.",13,October,Arabia Plate volcanic-rock extent,Geography,The USGS publication summary specifies this approximate geographic span.,high,https://www.usgs.gov/faqs/how-much-earth-volcanic,Arabia Plate volcanism,How much of the Earth is volcanic? | U.S. Geological Survey,www.usgs.gov,verified
FACT-2026-10-08-S14,8,2026-10-08,"The Michoacán-Guanajuato volcanic field contains 1,148 volcanoes in an area of about 26,200 square kilometers.",14,October,Michoacán-Guanajuato volcanic field,Geography,"The USGS summary reports 1,148 volcanoes in the Michoacán-Guanajuato field across about 26,200 square kilometers.",high,https://www.usgs.gov/faqs/how-much-earth-volcanic,Mexican volcanic fields,How much of the Earth is volcanic? | U.S. Geological Survey,www.usgs.gov,verified
FACT-2026-10-08-S15,8,2026-10-08,"John Gorrie patented a machine that made ice using a compressor powered by a horse, water, wind-driven sails, or steam in 1851.",15,October,John Gorrie patented an ice-making machine in 1851,Technology,The source describes Gorrie's compressor-powered ice-making machine and dates his patent to 1851.,high,https://www.energy.gov/articles/history-air-conditioning,Refrigeration,History of Air Conditioning | Department of Energy,www.energy.gov,verified
FACT-2026-10-08-S16,8,2026-10-08,Language is a dynamic human skill shaped by continuous usage and communicative goals.,16,October,Language changes through use,Language,The article describes language as a human skill whose nature and features are shaped by the needs of the species through continuous usage and adherence to communicative goals.,medium,https://pmc.ncbi.nlm.nih.gov/articles/PMC10142271/,Language evolution,Language: Its Origin and Ongoing Evolution - PMC,pmc.ncbi.nlm.nih.gov,verified
FACT-2026-10-08-S17,8,2026-10-08,"In 1922, Carrier Engineering Corporation installed the first well-designed theater cooling system at the Metropolitan Theater in Los Angeles.",17,October,Carrier installed an early well-designed theater cooling system in 1922,Technology,The source identifies the Metropolitan Theater installation as the first well-designed theater cooling system and dates it to 1922.,high,https://www.energy.gov/articles/history-air-conditioning,Air conditioning,History of Air Conditioning | Department of Energy,www.energy.gov,verified
FACT-2026-10-08-S18,8,2026-10-08,Modern theories of language origin propose an interplay between auditory and visual channels.,18,October,Language can involve multiple communication channels,Language,The article states that modern theories argue for a multimodal emergence theory incorporating complex interplay between auditory and visual channels.,medium,https://pmc.ncbi.nlm.nih.gov/articles/PMC10142271/,Language modalities,Language: Its Origin and Ongoing Evolution - PMC,pmc.ncbi.nlm.nih.gov,verified
FACT-2026-10-08-S19,8,2026-10-08,Differences in water temperature and salinity produce density differences that drive deep-ocean currents in a process called thermohaline circulation.,19,October,Thermohaline circulation,Ocean & Marine,NOAA explains that variability in temperature and salinity changes water density and causes currents through thermohaline circulation.,high,https://www.noaa.gov/education/resource-collections/ocean-coasts/ocean-currents,Thermohaline circulation,Ocean currents | National Oceanic and Atmospheric Administration,www.noaa.gov,verified
FACT-2026-10-08-S20,8,2026-10-08,Jonas Salk carried out the first tests of his polio vaccine in 1952 and 1953.,20,October,Salk conducted early polio-vaccine tests in 1952 and 1953,Human Body,The source explicitly dates Salk's first polio-vaccine tests to 1952 and 1953.,high,https://americanhistory.si.edu/explore/topics/invention-and-innovation,Vaccines,Invention and Innovation | National Museum of American History,americanhistory.si.edu,verified
FACT-2026-10-09-S01,9,2026-10-09,"A comet’s nucleus contains frozen gases, rock, and dust; near the Sun, it can form a coma and dust and ion tails.",1,October,Comet nucleus and tails,Space,NASA describes comet nuclei and explains that solar heating produces a coma plus dust and ion tails.,high,https://science.nasa.gov/solar-system/10-things-whats-that-space-rock/,Comets,10 Things: What's That Space Rock? - NASA Science,science.nasa.gov,verified
FACT-2026-10-09-S02,9,2026-10-09,"Meteoroids are fragments and debris in space produced by collisions among asteroids, comets, moons, and planets.",2,October,Definition of meteoroids,Space,"NASA defines meteoroids as collision fragments and debris from asteroids, comets, moons, and planets.",high,https://science.nasa.gov/solar-system/10-things-whats-that-space-rock/,Meteoroids,10 Things: What's That Space Rock? - NASA Science,science.nasa.gov,verified
FACT-2026-10-09-S03,9,2026-10-09,Meteors are meteoroids that enter Earth’s atmosphere at high speed and glow from heat and pressure.,3,October,Definition of meteors,Space,NASA states that meteors are meteoroids falling through Earth’s atmosphere and glowing because of heat and pressure.,high,https://science.nasa.gov/solar-system/10-things-whats-that-space-rock/,Meteors,10 Things: What's That Space Rock? - NASA Science,science.nasa.gov,verified
FACT-2026-10-09-S04,9,2026-10-09,"Plate tectonics describes Earth's crust and upper mantle as several large, thin, relatively rigid plates that move relative to one another.",4,October,Plate tectonics describes moving rigid plates,Science,The source defines plate tectonics using the stated description of Earth's plates and their relative movement.,high,https://www.usgs.gov/faqs/how-fast-do-tectonic-plates-move,Plate tectonics,How fast do tectonic plates move? | U.S. Geological Survey,www.usgs.gov,verified
FACT-2026-10-09-S05,9,2026-10-09,Slip on faults that define tectonic-plate boundaries commonly results in earthquakes.,5,October,Fault slip commonly causes earthquakes,Science,The source states that slip on plate-boundary faults commonly results in earthquakes.,high,https://www.usgs.gov/faqs/how-fast-do-tectonic-plates-move,Earthquakes,How fast do tectonic plates move? | U.S. Geological Survey,www.usgs.gov,verified
FACT-2026-10-09-S06,9,2026-10-09,"The most powerful earthquakes, tsunamis, landslides, and volcanic eruptions occur in subduction zones where one plate is thrust beneath another.",6,October,Subduction zones produce powerful natural hazards,Science,The source links the most powerful listed hazards to subduction zones and defines those zones as collisions in which one plate moves beneath another.,high,https://www.usgs.gov/faqs/how-fast-do-tectonic-plates-move,Natural hazards,How fast do tectonic plates move? | U.S. Geological Survey,www.usgs.gov,verified
FACT-2026-10-09-S07,9,2026-10-09,"The World Bank classifies economies into low-income, lower-middle-income, upper-middle-income, and high-income groups for analytical purposes.",7,October,World Bank income groups,Money & Economics,The source names the four main analytical income groups.,high,https://datatopics.worldbank.org/world-development-indicators/themes/economy.html,Income classification,WDI - Economy,datatopics.worldbank.org,verified
FACT-2026-10-09-S08,9,2026-10-09,Brilliant sunsets and sunrises were attributed to the volcanic cloud from Mount Pinatubo’s 1991 eruption.,8,October,Mount Pinatubo and colorful skies,Nature,The USGS says brilliant sunsets and sunrises were attributed to the eruption’s fine ash and gases in the stratosphere.,high,https://www.usgs.gov/faqs/how-much-earth-volcanic,Volcanic climate effects,How much of the Earth is volcanic? | U.S. Geological Survey,www.usgs.gov,verified
FACT-2026-10-09-S09,9,2026-10-09,Implementation of internationally agreed economic statistical standards varies at the national level.,9,October,National implementation of standards,Money & Economics,The source notes that implementation of the agreed standards varies among countries.,high,https://datatopics.worldbank.org/world-development-indicators/themes/economy.html,Economic data,WDI - Economy,datatopics.worldbank.org,verified
FACT-2026-10-09-S10,9,2026-10-09,"Pāhoehoe flow inflation is driven by continued lava supply beneath the surface crust, which slowly raises the surface.",10,October,Pāhoehoe flow inflation,Nature,The source directly describes the mechanism of pāhoehoe inflation as continued subsurface lava supply raising the crusted surface.,high,https://www.usgs.gov/faqs/how-much-earth-volcanic,Lava flows,How much of the Earth is volcanic? | U.S. Geological Survey,www.usgs.gov,verified
FACT-2026-10-09-S11,9,2026-10-09,Dholavira was excavated for 13 field seasons between 1989 and 2005.,11,October,Dholavira's excavation seasons,Ancient Civilizations,UNESCO states that the site was excavated for 13 field seasons from 1989 to 2005.,high,https://whc.unesco.org/en/list/1645/,Archaeology,Dholavira: a Harappan City - UNESCO World Heritage Centre,whc.unesco.org,verified
FACT-2026-10-09-S12,9,2026-10-09,Dholavira extensively used stone as a building material.,12,October,Dholavira's stone construction,Ancient Civilizations,UNESCO identifies extensive use of stone as a characteristic of Dholavira's urban planning.,high,https://whc.unesco.org/en/list/1645/,Construction,Dholavira: a Harappan City - UNESCO World Heritage Centre,whc.unesco.org,verified
FACT-2026-10-09-S13,9,2026-10-09,"The Sierra Chichinautzin volcanic field contains 227 volcanoes in an area of about 3,500 square kilometers.",13,October,Sierra Chichinautzin volcanic field,Geography,"The USGS summary reports 227 volcanoes in the Sierra Chichinautzin field across about 3,500 square kilometers.",high,https://www.usgs.gov/faqs/how-much-earth-volcanic,Mexican volcanic fields,How much of the Earth is volcanic? | U.S. Geological Survey,www.usgs.gov,verified
FACT-2026-10-09-S14,9,2026-10-09,Kiholo Bay in West Hawai‘i is flanked by the 1859 Mauna Loa flow and a Hualālai flow that erupted around 1800 or earlier.,14,October,Kiholo Bay is flanked by historic lava flows,Geography,The source identifies the two historic lava flows flanking Kiholo Bay and gives their dates.,high,https://www.usgs.gov/faqs/how-much-earth-volcanic,Volcanic landscapes,How much of the Earth is volcanic? | U.S. Geological Survey,www.usgs.gov,verified
FACT-2026-10-09-S15,9,2026-10-09,Carrier's 1922 centrifugal-chiller system increased the reliability and lowered the cost of large-scale air conditioners.,15,October,Carrier's 1922 centrifugal chiller improved large-scale cooling,Technology,"The source says the system, publicly debuted at New York's Rivoli Theater in May 1922, had fewer moving parts and compressor stages and reduced costs.",high,https://www.energy.gov/articles/history-air-conditioning,Air conditioning,History of Air Conditioning | Department of Energy,www.energy.gov,verified
FACT-2026-10-09-S16,9,2026-10-09,Modern models of language include numerous brain areas organized into multiple circuits and activation clusters.,16,October,Language involves distributed brain networks,Language,The article states that modern models include numerous areas of the brain organized in multiple circuits within clusters of activation.,medium,https://pmc.ncbi.nlm.nih.gov/articles/PMC10142271/,Brain and language,Language: Its Origin and Ongoing Evolution - PMC,pmc.ncbi.nlm.nih.gov,verified
FACT-2026-10-09-S17,9,2026-10-09,The U.S. government demolished Tesla's partially completed Wardenclyffe Tower in 1917 because of concerns that German spies could intercept communications during World War I.,17,October,The U.S. government demolished Tesla's tower in 1917,History,The source gives the demolition year and attributes it to concerns about German interception of communications.,high,https://www.energy.gov/articles/top-11-things-you-didnt-know-about-nikola-tesla,Telecommunications,Top 11 Things You Didn't Know About Nikola Tesla | Department of Energy,www.energy.gov,verified
FACT-2026-10-09-S18,9,2026-10-09,"Most wild seahorses are monogamous, and some species mate for life.",18,October,Seahorse monogamy,Animals,The source states that most wild seahorses are monogamous and some species mate for life.,high,https://ocean.si.edu/ocean-life/fish/10-things-you-never-knew-about-seahorses,Seahorse behavior,10 Things You Never Knew About Seahorses | Smithsonian Ocean,ocean.si.edu,verified
FACT-2026-10-09-S19,9,2026-10-09,Frigidaire introduced a split-system room cooler small enough for home use in 1929.,19,October,Frigidaire introduced a home-sized split-system room cooler in 1929,Technology,The source states that Frigidaire introduced the home-sized split-system room cooler in 1929.,high,https://www.energy.gov/articles/history-air-conditioning,Home appliances,History of Air Conditioning | Department of Energy,www.energy.gov,verified
FACT-2026-10-09-S20,9,2026-10-09,Improved compact fluorescent lights last about ten times longer than incandescent bulbs.,20,October,CFLs last about ten times longer than incandescent bulbs,World Records & Extremes,The source states that CFL lifetimes are about ten times those of incandescent bulbs.,high,https://www.energy.gov/articles/history-light-bulb,Lighting lifespan,The History of the Light Bulb | Department of Energy,www.energy.gov,verified
FACT-2026-10-10-S01,10,2026-10-10,A dwarf planet is massive enough to become round or nearly round but not massive enough to clear its orbital neighborhood.,1,October,Dwarf planet definition,Space,NASA gives this definition for dwarf planets.,high,https://science.nasa.gov/solar-system/10-things-whats-that-space-rock/,Dwarf Planets,10 Things: What's That Space Rock? - NASA Science,science.nasa.gov,verified
FACT-2026-10-10-S02,10,2026-10-10,Ceres is the largest object in the asteroid belt and is classified as a dwarf planet.,2,October,Ceres in the asteroid belt,Space,NASA identifies Ceres as both the asteroid belt’s largest object and a dwarf planet.,high,https://science.nasa.gov/solar-system/10-things-whats-that-space-rock/,Dwarf Planets,10 Things: What's That Space Rock? - NASA Science,science.nasa.gov,verified
FACT-2026-10-10-S03,10,2026-10-10,The Kuiper Belt is a disc-shaped region beyond Neptune extending approximately 30 to 55 astronomical units from the Sun.,3,October,Kuiper Belt location,Space,NASA describes the Kuiper Belt as a region beyond Neptune extending from about 30 to 55 AU.,high,https://science.nasa.gov/solar-system/10-things-whats-that-space-rock/,Kuiper Belt,10 Things: What's That Space Rock? - NASA Science,science.nasa.gov,verified
FACT-2026-10-10-S04,10,2026-10-10,"A mineral is a naturally occurring inorganic element or compound with an orderly internal structure, characteristic chemical composition, crystal form, and physical properties.",4,October,Definition of a mineral,Science,"The source defines a mineral as a naturally occurring inorganic element or compound having an orderly internal structure and characteristic chemical composition, crystal form, and physical properties.",medium,https://www.usgs.gov/faqs/what-difference-between-a-rock-and-a-mineral,Mineralogy,What is the difference between a rock and a mineral? | U.S. Geological Survey,www.usgs.gov,verified
FACT-2026-10-10-S05,10,2026-10-10,A rock is an aggregate of one or more minerals or a body of undifferentiated mineral matter.,5,October,Definition of a rock,Science,The source states that a rock is an aggregate of one or more minerals or a body of undifferentiated mineral matter.,medium,https://www.usgs.gov/faqs/what-difference-between-a-rock-and-a-mineral,Geology,What is the difference between a rock and a mineral? | U.S. Geological Survey,www.usgs.gov,verified
FACT-2026-10-10-S06,10,2026-10-10,Major updates for national accounts data occur every July and December.,6,October,National accounts updates,Money & Economics,The source states that major national accounts updates occur every July and December.,high,https://datatopics.worldbank.org/world-development-indicators/themes/economy.html,Economic data revisions,WDI - Economy,datatopics.worldbank.org,verified
FACT-2026-10-10-S07,10,2026-10-10,"Quartz, feldspar, mica, amphibole, olivine, and calcite are common minerals.",7,October,Common minerals,Science,"The source lists quartz, feldspar, mica, amphibole, olivine, and calcite as common minerals.",medium,https://www.usgs.gov/faqs/what-difference-between-a-rock-and-a-mineral,Mineralogy,What is the difference between a rock and a mineral? | U.S. Geological Survey,www.usgs.gov,verified
FACT-2026-10-10-S08,10,2026-10-10,A flood about a week before the photograph exposed the buried tree trunks known as a ghost forest.,8,October,Exposure of Mount Hood ghost forest,Nature,The source says erosion during a flood about a week before the photograph exposed the ghost forest.,high,https://www.usgs.gov/faqs/how-much-earth-volcanic,Erosion,How much of the Earth is volcanic? | U.S. Geological Survey,www.usgs.gov,verified
FACT-2026-10-10-S09,10,2026-10-10,"Economic data may be updated more often when countries revise data, change methodology or coverage, or introduce new weights.",9,October,Reasons for data updates,Money & Economics,"The source lists revisions, methodology or coverage changes, and new weights as reasons for additional updates.",high,https://datatopics.worldbank.org/world-development-indicators/themes/economy.html,Economic data revisions,WDI - Economy,datatopics.worldbank.org,verified
FACT-2026-10-10-S10,10,2026-10-10,Slow cooling of a 1.5-million-year-old basaltic lava flow in Yellowstone formed vertical columns.,10,October,Columnar joints in Yellowstone lava,Nature,The USGS states that slow cooling of the basaltic lava flow resulted in vertical columns.,high,https://www.usgs.gov/faqs/how-much-earth-volcanic,Volcanic geology,How much of the Earth is volcanic? | U.S. Geological Survey,www.usgs.gov,verified
FACT-2026-10-10-S11,10,2026-10-10,Dholavira was inscribed on the UNESCO World Heritage List in 2021.,11,October,Dholavira's inscription,Ancient Civilizations,The UNESCO page lists the Date of Inscription as 2021.,high,https://whc.unesco.org/en/list/1645/,World Heritage,Dholavira: a Harappan City - UNESCO World Heritage Centre,whc.unesco.org,verified
FACT-2026-10-10-S12,10,2026-10-10,Çatalhöyük consists of two archaeological mounds on the Southern Anatolian Plateau.,12,October,Çatalhöyük's site structure,Ancient Civilizations,UNESCO describes the property as two tells on the Southern Anatolian Plateau.,high,https://whc.unesco.org/en/list/1405/,Neolithic Archaeology,Neolithic Site of Çatalhöyük - UNESCO World Heritage Centre,whc.unesco.org,verified
FACT-2026-10-10-S13,10,2026-10-10,The Cascadia Trench is the western edge of the Cascadia subduction zone.,13,October,The Cascadia Trench marks the western edge of the Cascadia subduction zone,Geography,The source identifies the Cascadia Trench as the western edge of the Cascadia subduction zone.,high,https://www.usgs.gov/faqs/how-fast-do-tectonic-plates-move,Subduction zones,How fast do tectonic plates move? | U.S. Geological Survey,www.usgs.gov,verified
FACT-2026-10-10-S14,10,2026-10-10,The Juan de Fuca Plate is subducted beneath the North American Plate along the Cascadia subduction zone.,14,October,The Juan de Fuca Plate subducts beneath North America,Geography,The source describes subduction of the Juan de Fuca Plate beneath the North American Plate along Cascadia.,high,https://www.usgs.gov/faqs/how-fast-do-tectonic-plates-move,Tectonic plates,How fast do tectonic plates move? | U.S. Geological Survey,www.usgs.gov,verified
FACT-2026-10-10-S15,10,2026-10-10,CFC coolants synthesized by General Motors researchers became the world's first nonflammable refrigerating fluids.,15,October,CFCs were the first nonflammable refrigerating fluids,Technology,"The source identifies Thomas Midgley, Albert Henne, and Robert McNary as the researchers and describes CFCs as the first nonflammable refrigerating fluids.",high,https://www.energy.gov/articles/history-air-conditioning,Refrigerants,History of Air Conditioning | Department of Energy,www.energy.gov,verified
FACT-2026-10-10-S16,10,2026-10-10,"In cold regions, seawater can become cold, salty, and dense enough to sink to the ocean bottom.",16,October,Dense seawater sinks,Ocean & Marine,"NOAA states that cooling and salt concentration in cold regions make seawater dense, causing it to sink.",high,https://www.noaa.gov/education/resource-collections/ocean-coasts/ocean-currents,Thermohaline circulation,Ocean currents | National Oceanic and Atmospheric Administration,www.noaa.gov,verified
FACT-2026-10-10-S17,10,2026-10-10,Whistled languages are considered a mode of speech because they are based on spoken languages.,17,October,Whistled languages are based on spoken languages,Language,The article states that whistled languages are always based on a spoken language and are therefore considered a mode of speech.,medium,https://pmc.ncbi.nlm.nih.gov/articles/PMC10142271/,Whistled languages,Language: Its Origin and Ongoing Evolution - PMC,pmc.ncbi.nlm.nih.gov,verified
FACT-2026-10-10-S18,10,2026-10-10,The body needs a small amount of sodium to function properly.,18,October,The body's sodium requirement,Human Body,The CDC states that the body needs a small amount of sodium to work properly.,high,https://www.cdc.gov/salt/about/index.html,Sodium,About Sodium and Health | Salt | CDC,www.cdc.gov,verified
FACT-2026-10-10-S19,10,2026-10-10,"At the 1904 St. Louis World's Fair, mechanical refrigeration cooled the Missouri State Building, marking the first public exposure in the United States to comfort cooling.",19,October,The 1904 St. Louis World's Fair introduced comfort cooling to the American public,History,The source describes the cooled Missouri State Building and calls it the first time the American public encountered the concept of comfort cooling.,high,https://www.energy.gov/articles/history-air-conditioning,Public buildings,History of Air Conditioning | Department of Energy,www.energy.gov,verified
FACT-2026-10-10-S20,10,2026-10-10,Monogamous seahorse pairs reinforce their bonds through daily greetings.,20,October,Seahorse pair bonds,Animals,The source says that pair-bonds of monogamous seahorses are reinforced by daily greetings.,high,https://ocean.si.edu/ocean-life/fish/10-things-you-never-knew-about-seahorses,Seahorse behavior,10 Things You Never Knew About Seahorses | Smithsonian Ocean,ocean.si.edu,verified
FACT-2026-10-11-S01,11,2026-10-11,The Oort Cloud is believed to be a roughly spherical shell of icy bodies surrounding the solar system.,1,October,Oort Cloud structure,Space,"NASA describes the Oort Cloud as a giant spherical shell surrounding the Sun, planets, and Kuiper Belt objects.",high,https://science.nasa.gov/solar-system/10-things-whats-that-space-rock/,Oort Cloud,10 Things: What's That Space Rock? - NASA Science,science.nasa.gov,verified
FACT-2026-10-11-S02,11,2026-10-11,NASA’s NEAR spacecraft became the first artificial satellite of an asteroid when it entered orbit around 433 Eros in 2000.,2,October,First asteroid artificial satellite,Space,"NASA states that NEAR was inserted into orbit around 433 Eros on February 14, 2000, becoming the first artificial asteroid satellite.",high,https://science.nasa.gov/solar-system/10-things-whats-that-space-rock/,Space Missions,10 Things: What's That Space Rock? - NASA Science,science.nasa.gov,verified
FACT-2026-10-11-S03,11,2026-10-11,Arrokoth is the most distant and most primitive object ever explored by a spacecraft.,3,October,Arrokoth exploration record,Space,NASA identifies Arrokoth as the most distant and most primitive object explored by a spacecraft.,high,https://science.nasa.gov/solar-system/10-things-whats-that-space-rock/,Space Missions,10 Things: What's That Space Rock? - NASA Science,science.nasa.gov,verified
FACT-2026-10-11-S04,11,2026-10-11,"Granite, basalt, limestone, and sandstone are common rocks.",4,October,Common rocks,Science,"The source lists granite, basalt, limestone, and sandstone as common rocks.",medium,https://www.usgs.gov/faqs/what-difference-between-a-rock-and-a-mineral,Geology,What is the difference between a rock and a mineral? | U.S. Geological Survey,www.usgs.gov,verified
FACT-2026-10-11-S05,11,2026-10-11,The World Development Indicators include agriculture value added as a share of GDP and as an annual percentage growth indicator.,5,October,Agriculture value added,Money & Economics,The featured-indicator tables list agriculture value added as annual percentage growth and as a percentage of GDP.,high,https://datatopics.worldbank.org/world-development-indicators/themes/economy.html,Economic structure,WDI - Economy,datatopics.worldbank.org,verified
FACT-2026-10-11-S06,11,2026-10-11,The melt that forms igneous rocks originates deep within Earth near active plate boundaries or hot spots.,6,October,Sources of igneous melt,Science,The source says the melt originates deep within Earth near active plate boundaries or hot spots and rises toward the surface.,medium,https://www.usgs.gov/faqs/what-difference-between-a-rock-and-a-mineral,Igneous Rocks,What is the difference between a rock and a mineral? | U.S. Geological Survey,www.usgs.gov,verified
FACT-2026-10-11-S07,11,2026-10-11,Mineral elements provide the colors in fireworks.,7,October,Mineral elements in fireworks,Nature,The source states that mineral elements provide the color in fireworks.,medium,https://www.usgs.gov/faqs/what-difference-between-a-rock-and-a-mineral,Mineral Uses,What is the difference between a rock and a mineral? | U.S. Geological Survey,www.usgs.gov,verified
FACT-2026-10-11-S08,11,2026-10-11,The World Development Indicators include exports of goods and services as an annual percentage growth indicator and as a share of GDP.,8,October,Exports indicator,Money & Economics,The featured-indicator tables list exports of goods and services by annual growth and percentage of GDP.,high,https://datatopics.worldbank.org/world-development-indicators/themes/economy.html,International trade,WDI - Economy,datatopics.worldbank.org,verified
FACT-2026-10-11-S09,11,2026-10-11,"Intrusive, or plutonic, igneous rocks form when molten rock solidifies underground.",9,October,Intrusive igneous rocks,Science,"The source identifies intrusive, or plutonic, igneous rock as rock that forms according to where molten rock solidifies; the passage describes the intrusive group in contrast to extrusive rock.",medium,https://www.usgs.gov/faqs/what-difference-between-a-rock-and-a-mineral,Igneous Rocks,What is the difference between a rock and a mineral? | U.S. Geological Survey,www.usgs.gov,verified
FACT-2026-10-11-S10,11,2026-10-11,"Barium produces bright green fireworks colors, with barite listed as a primary mineral ore.",10,October,Barium and green fireworks,Nature,The source table pairs bright greens with barium and lists barite as a primary mineral ore.,medium,https://www.usgs.gov/faqs/what-difference-between-a-rock-and-a-mineral,Mineral Uses,What is the difference between a rock and a mineral? | U.S. Geological Survey,www.usgs.gov,verified
FACT-2026-10-11-S11,11,2026-10-11,The eastern mound of Çatalhöyük contains 18 Neolithic occupation levels dating from 7400 to 6200 BCE.,11,October,Çatalhöyük's eastern mound,Ancient Civilizations,UNESCO identifies 18 Neolithic occupation levels on the eastern mound dated 7400–6200 BCE.,high,https://whc.unesco.org/en/list/1405/,Neolithic Archaeology,Neolithic Site of Çatalhöyük - UNESCO World Heritage Centre,whc.unesco.org,verified
FACT-2026-10-11-S12,11,2026-10-11,The western mound of Çatalhöyük contains cultural layers from the Chalcolithic period dated 6200 to 5200 BCE.,12,October,Çatalhöyük's western mound,Ancient Civilizations,UNESCO dates the western mound's Chalcolithic occupation to 6200–5200 BCE.,high,https://whc.unesco.org/en/list/1405/,Chalcolithic Period,Neolithic Site of Çatalhöyük - UNESCO World Heritage Centre,whc.unesco.org,verified
FACT-2026-10-11-S13,11,2026-10-11,Jewel Cave is described by the source as the world's third-most-extensive cave network.,13,October,Jewel Cave extent,Geography,The source states that Jewel Cave is currently the 3rd most extensive cave network in the world.,medium,https://www.usgs.gov/faqs/what-difference-between-a-rock-and-a-mineral,Caves,What is the difference between a rock and a mineral? | U.S. Geological Survey,www.usgs.gov,verified
FACT-2026-10-11-S14,11,2026-10-11,Jewel Cave is believed to have formed completely underwater.,14,October,Jewel Cave formation,Geography,The source says Jewel Cave is believed to have formed completely underwater.,medium,https://www.usgs.gov/faqs/what-difference-between-a-rock-and-a-mineral,Caves,What is the difference between a rock and a mineral? | U.S. Geological Survey,www.usgs.gov,verified
FACT-2026-10-11-S15,11,2026-10-11,"The LED replacement bulbs described by the Department of Energy ranged from 70 to 120 lumens per watt, with an average efficacy of 85 lumens per watt.",15,October,LED replacement bulbs reached 70 to 120 lumens per watt,World Records & Extremes,The source gives the 70–120 lm/W range and an 85 lm/W average for current LED-based replacement bulbs.,high,https://www.energy.gov/articles/history-light-bulb,Lighting efficiency,The History of the Light Bulb | Department of Energy,www.energy.gov,verified
FACT-2026-10-11-S16,11,2026-10-11,New air conditioners use about 50 percent less energy than air conditioners did in 1990.,16,October,Modern air conditioners use about half the energy of 1990 models,Technology,The source explicitly compares current new air conditioners with those from 1990 and states the energy reduction is about 50 percent.,high,https://www.energy.gov/articles/history-air-conditioning,Energy efficiency,History of Air Conditioning | Department of Energy,www.energy.gov,verified
FACT-2026-10-11-S17,11,2026-10-11,"The global conveyor belt is a connected system of deep and surface currents that circulates around the globe on a roughly 1,000-year timescale.",17,October,Global ocean conveyor belt,Ocean & Marine,NOAA describes the global conveyor belt as connected deep and surface currents circulating around the globe on a 1000-year time span.,high,https://www.noaa.gov/education/resource-collections/ocean-coasts/ocean-currents,Global circulation,Ocean currents | National Oceanic and Atmospheric Administration,www.noaa.gov,verified
FACT-2026-10-11-S18,11,2026-10-11,"Whistled speech retains the linguistic structure of standard speech, and trained speakers can understand whistled sentences.",18,October,Whistled speech can carry spoken-language structure,Language,The article states that the resulting signal’s linguistic structure is identical to standard speech and that whistled sentences remain highly intelligible to trained speakers.,medium,https://pmc.ncbi.nlm.nih.gov/articles/PMC10142271/,Whistled languages,Language: Its Origin and Ongoing Evolution - PMC,pmc.ncbi.nlm.nih.gov,verified
FACT-2026-10-11-S19,11,2026-10-11,Excessive sodium intake can increase blood pressure and the risk of heart disease and stroke.,19,October,Health risks of excess sodium,Human Body,The CDC states that eating too much sodium can increase blood pressure and the risk of heart disease and stroke.,high,https://www.cdc.gov/salt/about/index.html,Sodium,About Sodium and Health | Salt | CDC,www.cdc.gov,verified
FACT-2026-10-11-S20,11,2026-10-11,Animals first appeared in the Ediacaran Period.,20,October,First appearance of animals,History,Britannica states that animals first appeared in the Ediacaran Period.,high,https://www.britannica.com/animal/animal,Evolutionary history,"Animal | Definition, Types, & Facts | Britannica",www.britannica.com,verified
FACT-2026-10-12-S01,12,2026-10-12,"The solar system orbits the center of the Milky Way at about 515,000 miles per hour.",1,October,Solar system galactic orbit,Space,"NASA states that the solar system orbits the galactic center at about 515,000 mph, or about 829,000 kph.",high,https://science.nasa.gov/solar-system/solar-system-facts/,Solar System,Solar System: Facts - NASA Science,science.nasa.gov,verified
FACT-2026-10-12-S02,12,2026-10-12,The solar system takes about 230 million years to complete one orbit around the Milky Way's center.,2,October,Galactic orbital period,Space,NASA gives approximately 230 million years for one solar-system orbit around the galactic center.,high,https://science.nasa.gov/solar-system/solar-system-facts/,Solar System,Solar System: Facts - NASA Science,science.nasa.gov,verified
FACT-2026-10-12-S03,12,2026-10-12,"Venus is the hottest planet in the solar system, despite Mercury being closer to the Sun.",3,October,Hottest planet,Space,NASA identifies Venus as the hottest planet and explicitly contrasts it with closer Mercury.,high,https://science.nasa.gov/solar-system/solar-system-facts/,Planets,Solar System: Facts - NASA Science,science.nasa.gov,verified
FACT-2026-10-12-S04,12,2026-10-12,Feldspar is one of the most common minerals on Earth and is mostly used for glassmaking and ceramics.,4,October,Abundance and uses of feldspar,Science,The source describes feldspar as one of the most common minerals on the planet and says it is mostly used for glassmaking and ceramics.,medium,https://www.usgs.gov/faqs/what-difference-between-a-rock-and-a-mineral,Mineralogy,What is the difference between a rock and a mineral? | U.S. Geological Survey,www.usgs.gov,verified
FACT-2026-10-12-S05,12,2026-10-12,The World Development Indicators measure final consumption expenditure by annual percentage growth and as a share of GDP.,5,October,Final consumption expenditure,Money & Economics,The featured-indicator tables list final consumption expenditure in annual growth and percentage-of-GDP forms.,high,https://datatopics.worldbank.org/world-development-indicators/themes/economy.html,Consumption,WDI - Economy,datatopics.worldbank.org,verified
FACT-2026-10-12-S06,12,2026-10-12,"Strontium produces deep red fireworks colors, with celestite listed as a primary mineral ore.",6,October,Strontium and red fireworks,Nature,The source table pairs deep reds with strontium and lists celestite as a primary mineral ore.,medium,https://www.usgs.gov/faqs/what-difference-between-a-rock-and-a-mineral,Mineral Uses,What is the difference between a rock and a mineral? | U.S. Geological Survey,www.usgs.gov,verified
FACT-2026-10-12-S07,12,2026-10-12,Epidote is a silicate mineral used mostly as a semiprecious gemstone.,7,October,Epidote composition and use,Science,The source identifies epidote as a silicate mineral and says it is used mostly as a semiprecious gemstone.,medium,https://www.usgs.gov/faqs/what-difference-between-a-rock-and-a-mineral,Mineralogy,What is the difference between a rock and a mineral? | U.S. Geological Survey,www.usgs.gov,verified
FACT-2026-10-12-S08,12,2026-10-12,The World Development Indicators measure gross capital formation by annual percentage growth and as a share of GDP.,8,October,Gross capital formation,Money & Economics,The featured-indicator tables list gross capital formation in annual growth and percentage-of-GDP forms.,high,https://datatopics.worldbank.org/world-development-indicators/themes/economy.html,Investment,WDI - Economy,datatopics.worldbank.org,verified
FACT-2026-10-12-S09,12,2026-10-12,"Copper produces blue fireworks colors, with chalcopyrite listed as a primary mineral ore.",9,October,Copper and blue fireworks,Nature,The source table pairs blues with copper and lists chalcopyrite as a primary mineral ore.,medium,https://www.usgs.gov/faqs/what-difference-between-a-rock-and-a-mineral,Mineral Uses,What is the difference between a rock and a mineral? | U.S. Geological Survey,www.usgs.gov,verified
FACT-2026-10-12-S10,12,2026-10-12,Çatalhöyük had houses clustered back to back without streets and accessed through roofs.,10,October,Çatalhöyük's streetless settlement,Ancient Civilizations,UNESCO describes a unique streetless settlement of back-to-back houses with roof access.,high,https://whc.unesco.org/en/list/1405/,Architecture,Neolithic Site of Çatalhöyük - UNESCO World Heritage Centre,whc.unesco.org,verified
FACT-2026-10-12-S11,12,2026-10-12,"Çatalhöyük contains wall paintings, reliefs, sculptures and other symbolic features.",11,October,Çatalhöyük's artistic remains,Ancient Civilizations,"UNESCO lists wall paintings, reliefs, sculptures and other symbolic and artistic features at the site.",high,https://whc.unesco.org/en/list/1405/,Art,Neolithic Site of Çatalhöyük - UNESCO World Heritage Centre,whc.unesco.org,verified
FACT-2026-10-12-S12,12,2026-10-12,"Half Dome stands nearly 8,800 feet, or 2,682 meters, above sea level.",12,October,Half Dome elevation,Geography,"The source gives Half Dome's elevation as nearly 8,800 feet (2,682 meters) above sea level.",high,https://www.usgs.gov/faqs/what-are-igneous-rocks,Landforms,What are igneous rocks? | U.S. Geological Survey,www.usgs.gov,verified
FACT-2026-10-12-S13,12,2026-10-12,"Seahorse couples may greet each other with a dance involving promenades, pirouettes, and sometimes color changes.",13,October,Seahorse greeting dances,Animals,The source describes morning dances in which couples promenade and pirouette and may change color.,high,https://ocean.si.edu/ocean-life/fish/10-things-you-never-knew-about-seahorses,Seahorse behavior,10 Things You Never Knew About Seahorses | Smithsonian Ocean,ocean.si.edu,verified
FACT-2026-10-12-S14,12,2026-10-12,"The big-bellied seahorse, Hippocampus abdominalis, is the largest seahorse species described in the source.",14,October,Largest seahorse species,World Records & Extremes,The source identifies Hippocampus abdominalis as the largest seahorse species.,high,https://ocean.si.edu/ocean-life/fish/10-things-you-never-knew-about-seahorses,Animal size,10 Things You Never Knew About Seahorses | Smithsonian Ocean,ocean.si.edu,verified
FACT-2026-10-12-S15,12,2026-10-12,The World Bank indicators API allows programmatic access to World Development Indicators.,15,October,World Bank indicators API,Technology,The source states that the indicators API provides programmatic access to all WDI indicators.,high,https://datatopics.worldbank.org/world-development-indicators/,Data access,WDI - Home,datatopics.worldbank.org,verified
FACT-2026-10-12-S16,12,2026-10-12,"Ocean currents influence marine food webs, reproduction, and ecosystems.",16,October,Currents and marine food webs,Ocean & Marine,"NOAA identifies ocean currents as an abiotic factor that significantly influences food webs, reproduction, and marine ecosystems.",high,https://www.noaa.gov/education/resource-collections/ocean-coasts/ocean-currents,Ocean ecosystems,Ocean currents | National Oceanic and Atmospheric Administration,www.noaa.gov,verified
FACT-2026-10-12-S17,12,2026-10-12,Whistled languages are used to facilitate spoken communication over great distances and in noisy environments.,17,October,Whistled languages support long-distance communication,Language,The article states that the main purpose of whistled languages is to facilitate spoken communication at great distances and that they are also used in noisy environments.,medium,https://pmc.ncbi.nlm.nih.gov/articles/PMC10142271/,Whistled languages,Language: Its Origin and Ongoing Evolution - PMC,pmc.ncbi.nlm.nih.gov,verified
FACT-2026-10-12-S18,12,2026-10-12,The human brain is divided into two cerebral hemispheres that communicate via the corpus callosum.,18,October,Brain Structure and Hemispheres,Human Body,"The cerebrum is split into two halves (hemispheres) by a deep fissure. The two cerebral hemispheres communicate with each other through a thick tract of nerve fibers that lies at the base of this fissure, called the corpus callosum.",medium,https://www.ninds.nih.gov/health-information/public-education/brain-basics/brain-basics-know-your-brain,Brain,Brain Basics: Know Your Brain | National Institute of Neurological Disorders and Stroke,www.ninds.nih.gov,verified
FACT-2026-10-12-S19,12,2026-10-12,The Ediacaran Period dates to approximately 635 million to 541 million years ago.,19,October,Ediacaran Period dates,History,Britannica gives the Ediacaran Period as about 635 million to 541 million years ago.,high,https://www.britannica.com/animal/animal,Geological time,"Animal | Definition, Types, & Facts | Britannica",www.britannica.com,verified
FACT-2026-10-12-S20,12,2026-10-12,"Added sugars are sugars added during food processing, including sweeteners, syrups, honey, and sugars from concentrated fruit or vegetable drinks.",20,October,Definition of added sugars,Food,"The CDC defines added sugars as sugars added during processing and lists sweeteners, syrups, honey, and concentrated fruit or vegetable drinks.",high,https://www.cdc.gov/nutrition/php/data-research/added-sugars.html,Added Sugars,Get the Facts: Added Sugars | Nutrition | CDC,www.cdc.gov,verified
FACT-2026-10-13-S01,13,2026-10-13,Jupiter is the largest planet in the solar system.,1,October,Largest planet,Space,NASA states that Jupiter is the largest planet.,high,https://science.nasa.gov/solar-system/solar-system-facts/,Planets,Solar System: Facts - NASA Science,science.nasa.gov,verified
FACT-2026-10-13-S02,13,2026-10-13,The four giant planets and at least one asteroid have ring systems.,2,October,Rings beyond Saturn,Space,NASA states that the four giant planets and at least one asteroid have rings.,high,https://science.nasa.gov/solar-system/solar-system-facts/,Planetary rings,Solar System: Facts - NASA Science,science.nasa.gov,verified
FACT-2026-10-13-S03,13,2026-10-13,Earth is the only place in the solar system currently known to support life.,3,October,Known life in the solar system,Space,NASA says the solar system is the only one known to support life and that life is currently known only on Earth.,high,https://science.nasa.gov/solar-system/solar-system-facts/,Life,Solar System: Facts - NASA Science,science.nasa.gov,verified
FACT-2026-10-13-S04,13,2026-10-13,Iron pyrite is also known as Fool's Gold because it resembles gold.,4,October,Pyrite nickname,Science,The source calls iron pyrite Fool's Gold due to its resemblance to gold.,medium,https://www.usgs.gov/faqs/what-difference-between-a-rock-and-a-mineral,Mineralogy,What is the difference between a rock and a mineral? | U.S. Geological Survey,www.usgs.gov,verified
FACT-2026-10-13-S05,13,2026-10-13,The World Development Indicators include GDP measured in current U.S. dollars.,5,October,GDP indicator,Money & Economics,The featured-indicator table lists GDP (current US$) with code NY.GDP.MKTP.CD.,high,https://datatopics.worldbank.org/world-development-indicators/themes/economy.html,Gross domestic product,WDI - Economy,datatopics.worldbank.org,verified
FACT-2026-10-13-S06,13,2026-10-13,"Sodium produces yellow fireworks colors, with halite, or rock salt, listed as a primary mineral ore.",6,October,Sodium and yellow fireworks,Nature,The source table pairs yellows with sodium and lists halite (rock salt) as a primary mineral ore.,medium,https://www.usgs.gov/faqs/what-difference-between-a-rock-and-a-mineral,Mineral Uses,What is the difference between a rock and a mineral? | U.S. Geological Survey,www.usgs.gov,verified
FACT-2026-10-13-S07,13,2026-10-13,Pyrite often occurs in quartz veins.,7,October,Pyrite occurrence,Science,The source states that pyrite often occurs in quartz veins.,medium,https://www.usgs.gov/faqs/what-difference-between-a-rock-and-a-mineral,Mineralogy,What is the difference between a rock and a mineral? | U.S. Geological Survey,www.usgs.gov,verified
FACT-2026-10-13-S08,13,2026-10-13,The World Development Indicators include GDP growth measured as an annual percentage.,8,October,GDP growth indicator,Money & Economics,The featured-indicator table lists GDP growth (annual %) with code NY.GDP.MKTP.KD.ZG.,high,https://datatopics.worldbank.org/world-development-indicators/themes/economy.html,Economic growth,WDI - Economy,datatopics.worldbank.org,verified
FACT-2026-10-13-S09,13,2026-10-13,Strontium combined with sodium produces brilliant orange fireworks colors.,9,October,Combined elements and orange fireworks,Nature,The source table pairs brilliant orange with strontium plus sodium and lists celestite and halite as primary mineral ores.,medium,https://www.usgs.gov/faqs/what-difference-between-a-rock-and-a-mineral,Mineral Uses,What is the difference between a rock and a mineral? | U.S. Geological Survey,www.usgs.gov,verified
FACT-2026-10-13-S10,13,2026-10-13,Çatalhöyük provides evidence of humans adapting to sedentary life and agriculture.,10,October,Çatalhöyük and sedentary life,Ancient Civilizations,UNESCO says the site illuminates the early adaptation of humans to sedentary life and agriculture.,high,https://whc.unesco.org/en/list/1405/,Human Settlement,Neolithic Site of Çatalhöyük - UNESCO World Heritage Centre,whc.unesco.org,verified
FACT-2026-10-13-S11,13,2026-10-13,Çatalhöyük documents a transition from settled villages to urban agglomeration.,11,October,Çatalhöyük's settlement transition,Ancient Civilizations,UNESCO describes the site as evidence of the transition from settled villages to urban agglomeration.,high,https://whc.unesco.org/en/list/1405/,Urban Development,Neolithic Site of Çatalhöyük - UNESCO World Heritage Centre,whc.unesco.org,verified
FACT-2026-10-13-S12,13,2026-10-13,Half Dome in Yosemite National Park is composed of granodiorite.,12,October,Half Dome composition,Geography,The source states that Half Dome is composed of granodiorite.,high,https://www.usgs.gov/faqs/what-are-igneous-rocks,Landforms,What are igneous rocks? | U.S. Geological Survey,www.usgs.gov,verified
FACT-2026-10-13-S13,13,2026-10-13,Male seahorses carry developing embryos in a pouch.,13,October,Male seahorse pregnancy,Animals,The source states that male rather than female seahorses carry developing embryos in a kangaroo-like pouch.,high,https://ocean.si.edu/ocean-life/fish/10-things-you-never-knew-about-seahorses,Seahorse reproduction,10 Things You Never Knew About Seahorses | Smithsonian Ocean,ocean.si.edu,verified
FACT-2026-10-13-S14,13,2026-10-13,The big-bellied seahorse can reach more than 35 centimeters in length.,14,October,Big-bellied seahorse length,World Records & Extremes,"The source says the species can reach more than a foot long, given as 35 cm.",high,https://ocean.si.edu/ocean-life/fish/10-things-you-never-knew-about-seahorses,Animal size,10 Things You Never Knew About Seahorses | Smithsonian Ocean,ocean.si.edu,verified
FACT-2026-10-13-S15,13,2026-10-13,"Actress Hedy Lamarr co-invented a 'frequency hopping' technology during World War II, which is the foundation for modern wireless communication.",15,October,Hedy Lamarr and Frequency Hopping,Technology,"Hedy Lamarr was also an inventor, patenting a concept known as “frequency jumping.” ... Today it forms the basis of how mobile phones, fax machines, and other wireless communication works.",medium,https://www.energy.gov/articles/five-fast-facts-about-actress-and-inventor-hedy-lamarr,Inventions,Five Fast Facts about Actress and Inventor Hedy Lamarr | Department of Energy,www.energy.gov,verified
FACT-2026-10-13-S16,13,2026-10-13,"Upwelling brings cold, nutrient-rich water from the ocean bottom to the surface.",16,October,Upwelling supplies nutrients,Ocean & Marine,"NOAA defines upwelling currents as bringing cold, nutrient-rich bottom water to the surface.",high,https://www.noaa.gov/education/resource-collections/ocean-coasts/ocean-currents,Upwelling,Ocean currents | National Oceanic and Atmospheric Administration,www.noaa.gov,verified
FACT-2026-10-13-S17,13,2026-10-13,"Approximately 70–80 languages actively use a whistled mode of speech, and most are endangered.",17,October,Many whistled languages are endangered,Language,The article estimates that approximately 70–80 languages actively use whistled speech and states that most are endangered.,medium,https://pmc.ncbi.nlm.nih.gov/articles/PMC10142271/,Endangered languages,Language: Its Origin and Ongoing Evolution - PMC,pmc.ncbi.nlm.nih.gov,verified
FACT-2026-10-13-S18,13,2026-10-13,"The right cerebral hemisphere primarily controls the left side of the body, and the left cerebral hemisphere primarily controls the right side.",18,October,Hemisphere Control,Human Body,"the right cerebral hemisphere primarily controls the left side of the body, and the left hemisphere primarily controls the right side.",medium,https://www.ninds.nih.gov/health-information/public-education/brain-basics/brain-basics-know-your-brain,Brain,Brain Basics: Know Your Brain | National Institute of Neurological Disorders and Stroke,www.ninds.nih.gov,verified
FACT-2026-10-13-S19,13,2026-10-13,Native Americans of the Northern Great Plains recorded their history using pictographic paintings on bison hides known as winter counts.,19,October,Winter Counts as Historical Records,History,Native Americans of the Northern Great Plains region recorded their histories through pictographic paintings on bison hides called winter counts.,medium,https://americanindian.si.edu/nk360/informational/storytelling-and-oral-traditions,Indigenous Cultures,Untitled source,americanindian.si.edu,verified
FACT-2026-10-13-S20,13,2026-10-13,"Added sugars do not include naturally occurring sugars in milk, vegetables, and fruits.",20,October,Naturally occurring sugars,Food,"The CDC explicitly excludes naturally occurring sugars in milk, vegetables, and fruits from added sugars.",high,https://www.cdc.gov/nutrition/php/data-research/added-sugars.html,Added Sugars,Get the Facts: Added Sugars | Nutrition | CDC,www.cdc.gov,verified
FACT-2026-10-14-S01,14,2026-10-14,The solar system formed about 4.6 billion years ago from a dense cloud of interstellar gas and dust.,1,October,Solar-system formation,Space,NASA describes formation from a collapsing dense cloud of interstellar gas and dust about 4.6 billion years ago.,high,https://science.nasa.gov/solar-system/solar-system-facts/,Solar System,Solar System: Facts - NASA Science,science.nasa.gov,verified
FACT-2026-10-14-S02,14,2026-10-14,The Sun accumulated more than 99 percent of the available matter during solar-system formation.,2,October,Sun's share of early solar-system matter,Space,NASA states that the young Sun eventually amassed more than 99% of the available matter.,high,https://science.nasa.gov/solar-system/solar-system-facts/,Solar System,Solar System: Facts - NASA Science,science.nasa.gov,verified
FACT-2026-10-14-S03,14,2026-10-14,"Mercury, Venus, Earth, and Mars are small terrestrial planets with solid, rocky surfaces.",3,October,Terrestrial planets,Space,"NASA identifies the four inner planets as terrestrial and describes them as small with solid, rocky surfaces.",high,https://science.nasa.gov/solar-system/solar-system-facts/,Planet Classification,Solar System: Facts - NASA Science,science.nasa.gov,verified
FACT-2026-10-14-S04,14,2026-10-14,"Diopside crystals are composed of magnesium, calcium, silicon, and oxygen.",4,October,Diopside composition,Science,"The source states that diopside crystals are made up of magnesium, calcium, silicon, and oxygen.",medium,https://www.usgs.gov/faqs/what-difference-between-a-rock-and-a-mineral,Mineralogy,What is the difference between a rock and a mineral? | U.S. Geological Survey,www.usgs.gov,verified
FACT-2026-10-14-S05,14,2026-10-14,The World Development Indicators include GNI per capita measured in current U.S. dollars using the Atlas method.,5,October,GNI per capita indicator,Money & Economics,"The featured-indicator table lists GNI per capita, Atlas method, in current US$.",high,https://datatopics.worldbank.org/world-development-indicators/themes/economy.html,Income,WDI - Economy,datatopics.worldbank.org,verified
FACT-2026-10-14-S06,14,2026-10-14,"Titanium, zirconium, and magnesium alloys produce silvery white fireworks colors.",6,October,"Titanium, zirconium, and magnesium fireworks",Nature,"The source table pairs silvery white with titanium, zirconium, and magnesium alloys.",medium,https://www.usgs.gov/faqs/what-difference-between-a-rock-and-a-mineral,Mineral Uses,What is the difference between a rock and a mineral? | U.S. Geological Survey,www.usgs.gov,verified
FACT-2026-10-14-S07,14,2026-10-14,Diopside crystals are usually found in metamorphic rocks.,7,October,Diopside occurrence,Science,The source states that diopside crystals are usually found in metamorphic rocks.,medium,https://www.usgs.gov/faqs/what-difference-between-a-rock-and-a-mineral,Mineralogy,What is the difference between a rock and a mineral? | U.S. Geological Survey,www.usgs.gov,verified
FACT-2026-10-14-S08,14,2026-10-14,Many World Development Indicators use GDP or GDP per capita as a denominator for cross-country comparisons.,8,October,GDP denominators,Money & Economics,The source states that many WDI indicators use GDP or GDP per capita as a denominator to enable cross-country comparisons.,high,https://datatopics.worldbank.org/world-development-indicators/themes/economy.html,Economic comparisons,WDI - Economy,datatopics.worldbank.org,verified
FACT-2026-10-14-S09,14,2026-10-14,Metamorphic conditions occur deep within Earth or where tectonic plates meet.,9,October,Metamorphism settings,Nature,The source says such conditions are found deep within Earth or where tectonic plates meet.,high,https://www.usgs.gov/faqs/what-are-metamorphic-rocks,Geology,What are metamorphic rocks? | U.S. Geological Survey,www.usgs.gov,verified
FACT-2026-10-14-S10,14,2026-10-14,"Çatalhöyük's settlement remained in the same location for more than 2,000 years.",10,October,Çatalhöyük's longevity,Ancient Civilizations,"UNESCO states that the urban agglomeration was maintained in the same location for over 2,000 years.",high,https://whc.unesco.org/en/list/1405/,Settlement Duration,Neolithic Site of Çatalhöyük - UNESCO World Heritage Centre,whc.unesco.org,verified
FACT-2026-10-14-S11,14,2026-10-14,The comparable sizes of Çatalhöyük's dwellings illustrate an early urban layout based on community and egalitarian ideals.,11,October,Çatalhöyük's egalitarian layout,Ancient Civilizations,UNESCO links the comparable dwelling sizes to community and egalitarian ideals.,high,https://whc.unesco.org/en/list/1405/,Social Organization,Neolithic Site of Çatalhöyük - UNESCO World Heritage Centre,whc.unesco.org,verified
FACT-2026-10-14-S12,14,2026-10-14,Half Dome stands at the head of the valley in Yosemite National Park.,12,October,Half Dome location,Geography,The source places Half Dome at the head of the valley in Yosemite National Park.,high,https://www.usgs.gov/faqs/what-are-metamorphic-rocks,Geology,What are metamorphic rocks? | U.S. Geological Survey,www.usgs.gov,verified
FACT-2026-10-14-S13,14,2026-10-14,"During mating, the female seahorse deposits her eggs into the male's pouch.",13,October,Seahorse egg transfer,Animals,The source says that the female deposits her eggs into the male's pouch during mating season.,high,https://ocean.si.edu/ocean-life/fish/10-things-you-never-knew-about-seahorses,Seahorse reproduction,10 Things You Never Knew About Seahorses | Smithsonian Ocean,ocean.si.edu,verified
FACT-2026-10-14-S14,14,2026-10-14,Satomi's pygmy seahorse is described as the smallest seahorse species in the source.,14,October,Smallest seahorse species,World Records & Extremes,The source identifies Satomi's pygmy seahorse as the smallest seahorse.,high,https://ocean.si.edu/ocean-life/fish/10-things-you-never-knew-about-seahorses,Animal size,10 Things You Never Knew About Seahorses | Smithsonian Ocean,ocean.si.edu,verified
FACT-2026-10-14-S15,14,2026-10-14,"America’s first full-scale atomic electric power plant achieved criticality on December 2, 1957.",15,October,First Atomic Electric Power Plant,Technology,"America’s first full-scale atomic electric power plant went critical on December 2, 1957",medium,https://www.energy.gov/ne/articles/10-intriguing-facts-about-worlds-first-nuclear-chain-reaction,Nuclear Physics,10 Intriguing Facts About the World's First Nuclear Chain Reaction | Department of Energy,www.energy.gov,verified
FACT-2026-10-14-S16,14,2026-10-14,Upwelling supports many important fisheries and marine ecosystems by supplying nutrients for phytoplankton and seaweed.,16,October,Upwelling supports fisheries,Ocean & Marine,NOAA states that upwelling supports major fisheries and ecosystems and promotes the growth of phytoplankton and seaweed.,high,https://www.noaa.gov/education/resource-collections/ocean-coasts/ocean-currents,Upwelling,Ocean currents | National Oceanic and Atmospheric Administration,www.noaa.gov,verified
FACT-2026-10-14-S17,14,2026-10-14,"Light Warlpiri systematically combines elements of Warlpiri, Kriol, and English.",17,October,Light Warlpiri combines three linguistic sources,Language,"The article states that Light Warlpiri systematically combines elements of Warlpiri, Kriol, and English.",medium,https://pmc.ncbi.nlm.nih.gov/articles/PMC10142271/,Emerging languages,Language: Its Origin and Ongoing Evolution - PMC,pmc.ncbi.nlm.nih.gov,verified
FACT-2026-10-14-S18,14,2026-10-14,The cerebral cortex is often called gray matter because the nerves in this area lack the insulation that makes other brain parts appear white.,18,October,Cerebral Cortex Composition,Human Body,The cortex is gray because nerves in this area lack the insulation that makes most other parts of the brain appear to be white.,medium,https://www.ninds.nih.gov/health-information/public-education/brain-basics/brain-basics-know-your-brain,Brain,Brain Basics: Know Your Brain | National Institute of Neurological Disorders and Stroke,www.ninds.nih.gov,verified
FACT-2026-10-14-S19,14,2026-10-14,"Oral traditions in Native American cultures serve as a medium for communicating creation stories, moral lessons, and tribal or family histories.",19,October,Role of Oral Traditions,History,"These oral traditions can provide moral lessons for children on how to behave; they can communicate creation stories, cultural beliefs, and personal, family, or tribal history and experiences.",medium,https://americanindian.si.edu/nk360/informational/storytelling-and-oral-traditions,Indigenous Cultures,Untitled source,americanindian.si.edu,verified
FACT-2026-10-14-S20,14,2026-10-14,"Excessive added-sugar consumption can contribute to weight gain, obesity, type 2 diabetes, and heart disease.",20,October,Health risks of excess added sugar,Food,"The CDC states that consuming too much added sugar can contribute to weight gain and obesity, type 2 diabetes, and heart disease.",high,https://www.cdc.gov/nutrition/php/data-research/added-sugars.html,Added Sugars,Get the Facts: Added Sugars | Nutrition | CDC,www.cdc.gov,verified
FACT-2026-10-15-S01,15,2026-10-15,"Jupiter and Saturn are gas giants, while Uranus and Neptune are ice giants.",1,October,Outer giant planets,Space,NASA classifies Jupiter and Saturn as gas giants and Uranus and Neptune as ice giants.,high,https://science.nasa.gov/solar-system/solar-system-facts/,Planet Classification,Solar System: Facts - NASA Science,science.nasa.gov,verified
FACT-2026-10-15-S02,15,2026-10-15,The Kuiper Belt is a ring of icy bodies beyond Neptune's orbit.,2,October,Kuiper Belt location,Space,NASA describes the Kuiper Belt as a ring of icy bodies lying past Neptune's orbit.,high,https://science.nasa.gov/solar-system/solar-system-facts/,Kuiper Belt,Solar System: Facts - NASA Science,science.nasa.gov,verified
FACT-2026-10-15-S03,15,2026-10-15,Jewel Cave's underwater formation is linked in the source to its extensive coating of calcite crystals.,3,October,Calcite coating in Jewel Cave,Science,"The source says Jewel Cave formed completely underwater, thus leading to the extensive coating of calcite crystals.",medium,https://www.usgs.gov/faqs/what-difference-between-a-rock-and-a-mineral,Cave Geology,What is the difference between a rock and a mineral? | U.S. Geological Survey,www.usgs.gov,verified
FACT-2026-10-15-S04,15,2026-10-15,Measuring economic activity in a country or region provides insights into the economic well-being of its residents.,4,October,Economic activity and well-being,Money & Economics,The source explicitly links measurement of economic activity with insights into residents' economic well-being.,high,https://datatopics.worldbank.org/world-development-indicators/themes/economy.html,Economic well-being,WDI - Economy,datatopics.worldbank.org,verified
FACT-2026-10-15-S05,15,2026-10-15,The Oort Cloud is a predicted spherical shell surrounding the solar system and may extend to about 1.6 light-years from the Sun.,5,October,Oort Cloud extent,Space,"NASA describes the Oort Cloud as a giant spherical shell predicted from models and comet observations, extending as far as 1.6 light-years.",high,https://science.nasa.gov/solar-system/solar-system-facts/,Oort Cloud,Solar System: Facts - NASA Science,science.nasa.gov,verified
FACT-2026-10-15-S06,15,2026-10-15,Metamorphism transforms rocks without melting them.,6,October,Metamorphism does not melt rock,Nature,"The source states that metamorphism does not melt rocks but transforms them into denser, more compact rocks.",high,https://www.usgs.gov/faqs/what-are-metamorphic-rocks,Geology,What are metamorphic rocks? | U.S. Geological Survey,www.usgs.gov,verified
FACT-2026-10-15-S07,15,2026-10-15,A quartz vein occurs in biotite-rich rock in the Gunsight Formation of the Mesoproterozoic Lemhi Group.,7,October,Quartz vein in the Gunsight Formation,Science,The source describes a quartz vein in biotite-rich rock in the Gunsight Formation of the Mesoproterozoic Lemhi Group.,medium,https://www.usgs.gov/faqs/what-difference-between-a-rock-and-a-mineral,Geology,What is the difference between a rock and a mineral? | U.S. Geological Survey,www.usgs.gov,verified
FACT-2026-10-15-S08,15,2026-10-15,Many World Development Indicators are used to track progress toward Sustainable Development Goal 8 on decent work and economic growth.,8,October,SDG Goal 8,Money & Economics,The source states that many WDI economic indicators track progress toward SDG Goal 8.,high,https://datatopics.worldbank.org/world-development-indicators/themes/economy.html,Sustainable development,WDI - Economy,datatopics.worldbank.org,verified
FACT-2026-10-15-S09,15,2026-10-15,New minerals in metamorphic rocks form through mineral rearrangement or reactions with entering fluids.,9,October,Mineral formation in metamorphism,Nature,The source identifies rearrangement of mineral components and reactions with fluids as ways new minerals are created.,high,https://www.usgs.gov/faqs/what-are-metamorphic-rocks,Geology,What are metamorphic rocks? | U.S. Geological Survey,www.usgs.gov,verified
FACT-2026-10-15-S10,15,2026-10-15,"The excavated remains of Çatalhöyük's 2,000-year settlement are preserved in situ in good condition.",10,October,Çatalhöyük's preservation,Ancient Civilizations,UNESCO states that the prehistoric settlement remains are preserved in situ in good condition.,high,https://whc.unesco.org/en/list/1405/,Archaeological Preservation,Neolithic Site of Çatalhöyük - UNESCO World Heritage Centre,whc.unesco.org,verified
FACT-2026-10-15-S11,15,2026-10-15,Göbekli Tepe is located in the Germuş mountains of southeastern Anatolia.,11,October,Göbekli Tepe's location,Ancient Civilizations,UNESCO locates Göbekli Tepe in the Germuş mountains of southeastern Anatolia.,high,https://whc.unesco.org/en/list/1572/,Neolithic Archaeology,Göbekli Tepe - UNESCO World Heritage Centre,whc.unesco.org,verified
FACT-2026-10-15-S12,15,2026-10-15,Half-meter-thick quartz veins cut across granitic gneiss on Divide Mountain along the Alaska-Yukon border.,12,October,Quartz veins on Divide Mountain,Geography,The source describes half-meter-thick quartz veins crossing granitic gneiss on Divide Mountain along the Alaska-Yukon border.,high,https://www.usgs.gov/faqs/what-are-metamorphic-rocks,Geology,What are metamorphic rocks? | U.S. Geological Survey,www.usgs.gov,verified
FACT-2026-10-15-S13,15,2026-10-15,The male seahorse fertilizes the eggs deposited in his pouch.,13,October,Seahorse fertilization,Animals,The source explicitly states that the male fertilizes the eggs in the pouch.,high,https://ocean.si.edu/ocean-life/fish/10-things-you-never-knew-about-seahorses,Seahorse reproduction,10 Things You Never Knew About Seahorses | Smithsonian Ocean,ocean.si.edu,verified
FACT-2026-10-15-S14,15,2026-10-15,Satomi's pygmy seahorse is about 13 millimeters long.,14,October,Satomi's pygmy seahorse length,World Records & Extremes,"The source states that Hippocampus satomiae is only half an inch long, or 13 mm.",high,https://ocean.si.edu/ocean-life/fish/10-things-you-never-knew-about-seahorses,Animal size,10 Things You Never Knew About Seahorses | Smithsonian Ocean,ocean.si.edu,verified
FACT-2026-10-15-S15,15,2026-10-15,The Match the Money game was redesigned as a touchless experience during the COVID-19 pandemic.,15,October,Match the Money touchless design,Technology,The development team says it pivoted from a planned physical-block interface to a touchless experience after the pandemic began.,high,https://americanhistory.si.edu/explore/stories/making-match-money,Museum Technology,Untitled source,americanhistory.si.edu,verified
FACT-2026-10-15-S16,15,2026-10-15,"Drifters, buoys, and Argo floats help scientists monitor the global ocean, including areas difficult to reach by research ship.",16,October,Instruments for monitoring currents,Ocean & Marine,"NOAA states that drifters, buoys, Argo floats, and other instruments monitor the global ocean and remote areas.",high,https://www.noaa.gov/education/resource-collections/ocean-coasts/ocean-currents,Ocean observation,Ocean currents | National Oceanic and Atmospheric Administration,www.noaa.gov,verified
FACT-2026-10-15-S17,15,2026-10-15,Light Warlpiri emerged in the Warlpiri community of Lajamanu in Australia through the speech patterns of children and young adults.,17,October,Light Warlpiri emerged in Lajamanu,Language,The article states that Light Warlpiri originated in the Lajamanu Warlpiri community and emerged when young children internalized a recurring mixed speech pattern as a distinct system.,medium,https://pmc.ncbi.nlm.nih.gov/articles/PMC10142271/,Emerging languages,Language: Its Origin and Ongoing Evolution - PMC,pmc.ncbi.nlm.nih.gov,verified
FACT-2026-10-15-S18,15,2026-10-15,The cerebellum is responsible for coordinating movement and is involved in learned movements.,18,October,Functions of the Cerebellum,Human Body,The cerebellum coordinates movement and is involved in learned movements.,medium,https://www.ninds.nih.gov/health-information/public-education/brain-basics/brain-basics-know-your-brain,Brain,Brain Basics: Know Your Brain | National Institute of Neurological Disorders and Stroke,www.ninds.nih.gov,verified
FACT-2026-10-15-S19,15,2026-10-15,American tall tales were not invented by a single author but evolved over time through oral storytelling and variations across communities.,19,October,Origins of American Tall Tales,History,"Tall tales and the famous fictional characters associated with them weren't originally invented by a single published author, and their stories have been told for many years, many times, by many people who each made small changes or improvements for their particular version.",medium,https://ask.loc.gov/faq/407624,Folklore,"What are the origins of American Tall Tales (Paul Bunyan, John Henry, Johnny Appleseed, Calamity Jane, Pecos Bill, etc.)? - Ask a Librarian",ask.loc.gov,verified
FACT-2026-10-15-S20,15,2026-10-15,"The leading sources of added sugars in the U.S. diet are sugar-sweetened beverages, desserts, and sweet snacks.",20,October,Leading sources of added sugar,Food,"The CDC identifies sugar-sweetened beverages, desserts, and sweet snacks as leading U.S. dietary sources.",high,https://www.cdc.gov/nutrition/php/data-research/added-sugars.html,Added Sugars,Get the Facts: Added Sugars | Nutrition | CDC,www.cdc.gov,verified
FACT-2026-10-16-S01,16,2026-10-16,Voyager 1 entered interstellar space in 2012 and Voyager 2 entered it in 2018.,1,October,Voyager interstellar entry,Space,NASA states that Voyager 1 went interstellar in 2012 and Voyager 2 followed in 2018.,high,https://science.nasa.gov/solar-system/solar-system-facts/,Spacecraft,Solar System: Facts - NASA Science,science.nasa.gov,verified
FACT-2026-10-16-S02,16,2026-10-16,Bluish green copper-bearing minerals coat the quartz vein described from the Gunsight Formation.,2,October,Minerals coating a quartz vein,Science,The source states that bluish green copper-bearing minerals coat the quartz vein.,medium,https://www.usgs.gov/faqs/what-difference-between-a-rock-and-a-mineral,Mineralogy,What is the difference between a rock and a mineral? | U.S. Geological Survey,www.usgs.gov,verified
FACT-2026-10-16-S03,16,2026-10-16,Many World Development Indicators are used to track progress toward Sustainable Development Goal 2 on sustainable consumption and production.,3,October,SDG Goal 2,Money & Economics,"The source states that many WDI economic indicators track progress toward SDG Goal 2, described as encouraging sustainable consumption and production.",high,https://datatopics.worldbank.org/world-development-indicators/themes/economy.html,Sustainable development,WDI - Economy,datatopics.worldbank.org,verified
FACT-2026-10-16-S04,16,2026-10-16,Mercury and Venus are the only eight planets without moons.,4,October,Moonless planets,Space,NASA identifies Mercury and Venus as the only planets among the eight without moons.,high,https://science.nasa.gov/solar-system/solar-system-facts/,Moons,Solar System: Facts - NASA Science,science.nasa.gov,verified
FACT-2026-10-16-S05,16,2026-10-16,Pressure or temperature can change previously metamorphosed rocks into new types.,5,October,Repeated metamorphism,Nature,The source states that pressure or temperature can change previously metamorphosed rocks into new types.,high,https://www.usgs.gov/faqs/what-are-metamorphic-rocks,Geology,What are metamorphic rocks? | U.S. Geological Survey,www.usgs.gov,verified
FACT-2026-10-16-S06,16,2026-10-16,Pale pinkish cobalt bloom and white caliche coat the adjacent biotite-rich wall rock described from the Gunsight Formation.,6,October,Additional coatings near the quartz vein,Science,The source states that pale pinkish cobalt bloom and white caliche coat adjacent biotite-rich wallrock.,medium,https://www.usgs.gov/faqs/what-difference-between-a-rock-and-a-mineral,Mineralogy,What is the difference between a rock and a mineral? | U.S. Geological Survey,www.usgs.gov,verified
FACT-2026-10-16-S07,16,2026-10-16,"The 2008 System of National Accounts identifies production, expenditure, and income approaches for estimating GDP.",7,October,Three approaches estimate GDP,Money & Economics,"The text states that the 2008 System of National Accounts offers three approaches for estimating GDP: production, expenditure, and income.",high,https://datatopics.worldbank.org/world-development-indicators/themes/economy.html,Economic Measurement,WDI - Economy,datatopics.worldbank.org,verified
FACT-2026-10-16-S08,16,2026-10-16,"Pluto has five moons, including Charon.",8,October,Pluto's moons,Space,"NASA states that Pluto has five moons in its orbit, including Charon.",high,https://science.nasa.gov/solar-system/solar-system-facts/,Moons,Solar System: Facts - NASA Science,science.nasa.gov,verified
FACT-2026-10-16-S09,16,2026-10-16,"Metamorphic rocks are often squished, smeared out, and folded.",9,October,Metamorphic deformation,Nature,"The source explicitly describes metamorphic rocks as often squished, smeared out, and folded.",high,https://www.usgs.gov/faqs/what-are-metamorphic-rocks,Geology,What are metamorphic rocks? | U.S. Geological Survey,www.usgs.gov,verified
FACT-2026-10-16-S10,16,2026-10-16,Göbekli Tepe's monumental structures were erected by hunter-gatherers.,10,October,Göbekli Tepe's builders,Ancient Civilizations,UNESCO states that hunter-gatherer groups erected the site's monumental structures.,high,https://whc.unesco.org/en/list/1572/,Neolithic Archaeology,Göbekli Tepe - UNESCO World Heritage Centre,whc.unesco.org,verified
FACT-2026-10-16-S11,16,2026-10-16,Göbekli Tepe's monumental structures date from approximately 9600 to 8200 BCE.,11,October,Göbekli Tepe's dating,Ancient Civilizations,UNESCO dates the structures to the Pre-Pottery Neolithic period between 9600 and 8200 BCE.,high,https://whc.unesco.org/en/list/1572/,Archaeological Dating,Göbekli Tepe - UNESCO World Heritage Centre,whc.unesco.org,verified
FACT-2026-10-16-S12,16,2026-10-16,"Water, wind, ice, gravity, tectonic activity, and volcanic activity shape Earth's landforms over vast periods of time.",12,October,Geologic processes shape landforms,Geography,"It is the geologic processes that shape Earth’s landforms over vast periods of time through the actions of water, wind, ice, and gravity, as well as internal tectonic and volcanic activity.",medium,https://www.nps.gov/subjects/geology/landforms.htm,Landforms,Park Landforms - Geology (U.S. National Park Service),www.nps.gov,verified
FACT-2026-10-16-S13,16,2026-10-16,Seahorse embryos develop for about two weeks before the fry emerge.,13,October,Seahorse development period,Animals,"The source says that after about two weeks of development, the seahorse fry emerge.",high,https://ocean.si.edu/ocean-life/fish/10-things-you-never-knew-about-seahorses,Seahorse reproduction,10 Things You Never Knew About Seahorses | Smithsonian Ocean,ocean.si.edu,verified
FACT-2026-10-16-S14,16,2026-10-16,The Smithsonian Institution includes 19 museums and galleries and the National Zoological Park.,14,October,Smithsonian institutional scope,World Records & Extremes,The source states that the Smithsonian includes 19 museums and galleries and the National Zoological Park.,high,https://www.si.edu/newsdesk/factsheets/smithsonian-collections,Museums and collections,Untitled source,www.si.edu,verified
FACT-2026-10-16-S15,16,2026-10-16,Match the Money includes a screen reader that can switch between English and Spanish voices.,15,October,Match the Money screen reader languages,Technology,The text states that the game’s screen reader reads the screen with an English or Spanish voice and can switch between them.,high,https://americanhistory.si.edu/explore/stories/making-match-money,Accessibility,Untitled source,americanhistory.si.edu,verified
FACT-2026-10-16-S16,16,2026-10-16,About 25% of the ocean’s fish depend on healthy coral reefs.,16,October,Fish dependence on coral reefs,Ocean & Marine,NOAA states that about 25% of ocean fish depend on healthy coral reefs.,high,https://www.noaa.gov/education/resource-collections/marine-life/coral-reef-ecosystems,Coral reef ecology,Coral reef ecosystems | National Oceanic and Atmospheric Administration,www.noaa.gov,verified
FACT-2026-10-16-S17,16,2026-10-16,"Afrikaans has roots in 17th-century Dutch and was influenced by English, French, German, Malay, Portuguese, and Indigenous Khoi and San speech.",17,October,Afrikaans developed from 17th-century Dutch,Language,"The article states that Afrikaans has roots in 17th-century Dutch and lists influences from English, French, German, Malay, Portuguese, and Indigenous Khoi and San speech.",medium,https://pmc.ncbi.nlm.nih.gov/articles/PMC10142271/,Language history,Language: Its Origin and Ongoing Evolution - PMC,pmc.ncbi.nlm.nih.gov,verified
FACT-2026-10-16-S18,16,2026-10-16,"Neurons are the primary functional unit of the nervous system and consist of a cell body, dendrites, and an axon.",18,October,The Role of Neurons,Human Body,"the primary functional unit is a cell called the neuron... Neurons consist of three parts: the cell body, dendrites, and the axon.",medium,https://www.ninds.nih.gov/health-information/public-education/brain-basics/brain-basics-know-your-brain,Brain,Brain Basics: Know Your Brain | National Institute of Neurological Disorders and Stroke,www.ninds.nih.gov,verified
FACT-2026-10-16-S19,16,2026-10-16,"President Abraham Lincoln issued the preliminary Emancipation Proclamation on September 22, 1862, following the Battle of Antietam.",19,October,Emancipation Proclamation Significance,History,"On September 22, 1862, partly in response to the heavy losses inflicted at the Battle of Antietam, President Abraham Lincoln issued a preliminary Emancipation Proclamation",medium,https://www.loc.gov/item/today-in-history/september-22/,American Civil War,Today in History - September 22,www.loc.gov,verified
FACT-2026-10-16-S20,16,2026-10-16,"In 2017–2018, U.S. adults aged 20 and older consumed an average of 17 teaspoons of added sugar per day.",20,October,Added-sugar intake among U.S. adults,Food,The CDC reports an average daily intake of 17 teaspoons among adults aged 20 or older in 2017–2018.,high,https://www.cdc.gov/nutrition/php/data-research/added-sugars.html,Added Sugars,Get the Facts: Added Sugars | Nutrition | CDC,www.cdc.gov,verified
FACT-2026-10-17-S01,17,2026-10-17,"More than 891 confirmed moons were recorded in the solar system as of March 25, 2025.",1,October,Solar-system moon count,Space,"NASA gives a count of more than 891 confirmed moons as of March 25, 2025.",high,https://science.nasa.gov/solar-system/moons/facts/,Moons,Moons: Facts,science.nasa.gov,verified
FACT-2026-10-17-S02,17,2026-10-17,"Economic geology classifies Earth materials as metallic ores, fuel minerals, gemstones, and industrial minerals.",2,October,Categories of Earth materials,Science,"The source states that, in economic geology, Earth materials are classified as metallic ores, fuel minerals, gemstones, and industrial minerals.",medium,https://www.usgs.gov/faqs/what-difference-between-a-rock-and-a-mineral,Economic Geology,What is the difference between a rock and a mineral? | U.S. Geological Survey,www.usgs.gov,verified
FACT-2026-10-17-S03,17,2026-10-17,"In theory, the production, expenditure, and income approaches should produce the same GDP estimate.",3,October,GDP approaches should theoretically agree,Money & Economics,"The source says that, in theory, all three approaches should give the same estimate.",high,https://datatopics.worldbank.org/world-development-indicators/themes/economy.html,Economic Measurement,WDI - Economy,datatopics.worldbank.org,verified
FACT-2026-10-17-S04,17,2026-10-17,"If metamorphic rocks melt, they become igneous rocks.",4,October,Metamorphic rock melting threshold,Nature,"The source says metamorphic rocks do not get hot enough to melt, or they would become igneous rocks.",high,https://www.usgs.gov/faqs/what-are-metamorphic-rocks,Geology,What are metamorphic rocks? | U.S. Geological Survey,www.usgs.gov,verified
FACT-2026-10-17-S05,17,2026-10-17,Saturn has 274 confirmed moons according to the cited NASA source.,5,October,Saturn's confirmed moons,Space,NASA states that Saturn has 274 confirmed moons.,high,https://science.nasa.gov/solar-system/moons/facts/,Moons,Moons: Facts,science.nasa.gov,verified
FACT-2026-10-17-S06,17,2026-10-17,"Metallic ores yield conductive and ductile elements such as copper, iron, and gold.",6,October,Metallic ore products,Science,"The source describes metallic ores as yielding shiny, conductive, ductile elements such as copper, iron, or gold.",medium,https://www.usgs.gov/faqs/what-difference-between-a-rock-and-a-mineral,Economic Geology,What is the difference between a rock and a mineral? | U.S. Geological Survey,www.usgs.gov,verified
FACT-2026-10-17-S07,17,2026-10-17,"The production approach estimates the gross value of domestic output from agriculture, industry, and services.",7,October,GDP production approach begins with domestic output,Money & Economics,"The production section says it first estimates gross domestic output from agriculture, industry, and services.",high,https://datatopics.worldbank.org/world-development-indicators/themes/economy.html,GDP Production,WDI - Economy,datatopics.worldbank.org,verified
FACT-2026-10-17-S08,17,2026-10-17,"Common metamorphic rocks include phyllite, schist, gneiss, quartzite, and marble.",8,October,Common metamorphic rocks,Nature,"The source lists phyllite, schist, gneiss, quartzite, and marble as common metamorphic rocks.",high,https://www.usgs.gov/faqs/what-are-metamorphic-rocks,Geology,What are metamorphic rocks? | U.S. Geological Survey,www.usgs.gov,verified
FACT-2026-10-17-S09,17,2026-10-17,Göbekli Tepe contains monumental round-oval and rectangular megalithic structures.,9,October,Göbekli Tepe's monumental forms,Ancient Civilizations,UNESCO describes monumental structures of round-oval and rectangular forms.,high,https://whc.unesco.org/en/list/1572/,Architecture,Göbekli Tepe - UNESCO World Heritage Centre,whc.unesco.org,verified
FACT-2026-10-17-S10,17,2026-10-17,"Göbekli Tepe's monuments were probably used for social events and rituals, possibly funerary rituals.",10,October,Göbekli Tepe's probable ritual use,Ancient Civilizations,UNESCO says the monuments were probably connected with social events and rituals and were most likely funerary in nature.,medium,https://whc.unesco.org/en/list/1572/,Rituals,Göbekli Tepe - UNESCO World Heritage Centre,whc.unesco.org,verified
FACT-2026-10-17-S11,17,2026-10-17,"Large landforms can affect regional climate, while smaller features can affect local microclimates and create habitats.",11,October,Landforms influence climate and habitats,Geography,Large scale landforms can effect the climate of an entire region while smaller features can affect the microclimate of a site and create unique local habitats.,medium,https://www.nps.gov/subjects/geology/landforms.htm,Landforms and Climate,Park Landforms - Geology (U.S. National Park Service),www.nps.gov,verified
FACT-2026-10-17-S12,17,2026-10-17,Seahorses produce underwater sounds resembling smacking lips.,12,October,Seahorse sounds,Animals,The source says seahorse noises can be heard underwater and are similar to smacking lips.,high,https://ocean.si.edu/ocean-life/fish/10-things-you-never-knew-about-seahorses,Seahorse communication,10 Things You Never Knew About Seahorses | Smithsonian Ocean,ocean.si.edu,verified
FACT-2026-10-17-S13,17,2026-10-17,"The Smithsonian collections contain approximately 155 million artifacts, works of art, and natural science specimens.",13,October,Smithsonian collection size,World Records & Extremes,The source gives the total Smithsonian collections as approximately 155 million items.,high,https://www.si.edu/newsdesk/factsheets/smithsonian-collections,Museums and collections,Untitled source,www.si.edu,verified
FACT-2026-10-17-S14,17,2026-10-17,The museum applies a practice of testing exhibit screen readers with User Experts who have disabilities.,14,October,User Expert testing of screen readers,Technology,The development team says the screen reader is not considered tested until it has been tested by a User Expert.,high,https://americanhistory.si.edu/explore/stories/making-match-money,Accessibility Testing,Untitled source,americanhistory.si.edu,verified
FACT-2026-10-17-S15,17,2026-10-17,"Coral reef habitats provide places for organisms to shelter, find food, reproduce, and rear young.",15,October,Functions of coral reef habitats,Ocean & Marine,"NOAA states that fishes and other organisms use coral reef crevices for shelter, food, reproduction, and raising young.",high,https://www.noaa.gov/education/resource-collections/marine-life/coral-reef-ecosystems,Coral reef ecology,Coral reef ecosystems | National Oceanic and Atmospheric Administration,www.noaa.gov,verified
FACT-2026-10-17-S16,17,2026-10-17,"In analyzed Polynesian languages, larger populations had higher rates of new-word gain, while smaller populations had higher rates of word loss.",16,October,Population size can affect language change,Language,"The article reports that larger Polynesian populations had higher rates of gaining new cognate words, whereas smaller populations had higher rates of word loss.",medium,https://pmc.ncbi.nlm.nih.gov/articles/PMC10142271/,Language and demography,Language: Its Origin and Ongoing Evolution - PMC,pmc.ncbi.nlm.nih.gov,verified
FACT-2026-10-17-S17,17,2026-10-17,"Myelin is a fatty molecule that provides insulation for axons, helping nerve signals travel faster and farther.",17,October,Myelin Function,Human Body,Myelin is a fatty molecule which provides insulation for the axon and helps nerve signals travel faster and farther.,medium,https://www.ninds.nih.gov/health-information/public-education/brain-basics/brain-basics-know-your-brain,Brain,Brain Basics: Know Your Brain | National Institute of Neurological Disorders and Stroke,www.ninds.nih.gov,verified
FACT-2026-10-17-S18,17,2026-10-17,"American patriot Nathan Hale was hanged for espionage on September 22, 1776, after being captured behind British lines.",18,October,Execution of Nathan Hale,History,"On September 22, 1776, American patriot Nathan Hale was hanged for spying on British troops.",medium,https://www.loc.gov/item/today-in-history/september-22/,American Revolution,Today in History - September 22,www.loc.gov,verified
FACT-2026-10-17-S19,17,2026-10-17,"In 2017–2018, U.S. men consumed an average of 19 teaspoons and women 15 teaspoons of added sugar per day.",19,October,Added-sugar intake by sex,Food,The CDC reports average daily intakes of 19 teaspoons for men and 15 teaspoons for women.,high,https://www.cdc.gov/nutrition/php/data-research/added-sugars.html,Added Sugars,Get the Facts: Added Sugars | Nutrition | CDC,www.cdc.gov,verified
FACT-2026-10-17-S20,17,2026-10-17,"Moving glaciers and rock scour and reshape land into broad U-shaped valleys, sharp peaks, and lake-filled basins.",20,October,Glaciers carve U-shaped valleys,Geography,"Over long periods of time, the moving ice and rock scours and reshapes the land into broad U-shaped valleys, sharp peaks, and lake-filled basins.",medium,https://www.nps.gov/glac/learn/nature/geologicformations.htm,Glacial Landforms,Geologic Formations - Glacier National Park (U.S. National Park Service),www.nps.gov,verified
FACT-2026-10-18-S01,18,2026-10-18,Most solar-system moons are named for mythological characters from various cultures.,1,October,Moon naming traditions,Space,NASA says most moons are named for mythological characters from a wide variety of cultures.,high,https://science.nasa.gov/solar-system/moons/facts/,Moons,Moons: Facts,science.nasa.gov,verified
FACT-2026-10-18-S02,18,2026-10-18,Coal is classified as a fuel mineral because it produces energy.,2,October,Coal as a fuel mineral,Science,The source states that energy-producing coals constitute a fuel mineral.,medium,https://www.usgs.gov/faqs/what-difference-between-a-rock-and-a-mineral,Economic Geology,What is the difference between a rock and a mineral? | U.S. Geological Survey,www.usgs.gov,verified
FACT-2026-10-18-S03,18,2026-10-18,Gross value added equals gross output value minus intermediate consumption.,3,October,Gross value added definition,Money & Economics,The source explicitly defines gross value added as gross value of output minus intermediate consumption.,high,https://datatopics.worldbank.org/world-development-indicators/themes/economy.html,GDP Production,WDI - Economy,datatopics.worldbank.org,verified
FACT-2026-10-18-S04,18,2026-10-18,Foliation is the parallel arrangement of mineral grains that gives a rock a striped appearance.,4,October,Foliation definition,Nature,The source defines foliated structure as parallel mineral-grain arrangement producing a striped appearance.,high,https://www.usgs.gov/faqs/what-are-metamorphic-rocks,Geology,What are metamorphic rocks? | U.S. Geological Survey,www.usgs.gov,verified
FACT-2026-10-18-S05,18,2026-10-18,Uranus's moons are named primarily for characters in Shakespeare's plays and poems by Alexander Pope.,5,October,Uranian moon names,Space,NASA identifies Shakespearean characters and figures from Alexander Pope's poetry as sources for Uranian moon names.,high,https://science.nasa.gov/solar-system/moons/facts/,Moons,Moons: Facts,science.nasa.gov,verified
FACT-2026-10-18-S06,18,2026-10-18,Ore is naturally occurring material from which one or more economically valuable minerals can be extracted.,6,October,Definition of ore,Science,The source defines ore as naturally occurring material from which a mineral or minerals of economic value can be extracted.,medium,https://www.usgs.gov/faqs/what-difference-between-a-rock-and-a-mineral,Mining,What is the difference between a rock and a mineral? | U.S. Geological Survey,www.usgs.gov,verified
FACT-2026-10-18-S07,18,2026-10-18,GDP at production is the sum of gross value added by resident producers plus product taxes less subsidies not included in output valuation.,7,October,GDP from production components,Money & Economics,The production formula in the source gives this definition of GDP at production.,high,https://datatopics.worldbank.org/world-development-indicators/themes/economy.html,GDP Production,WDI - Economy,datatopics.worldbank.org,verified
FACT-2026-10-18-S08,18,2026-10-18,Granite gneiss and biotite schist are examples of strongly foliated metamorphic rocks.,8,October,Foliated rock examples,Nature,The source identifies granite gneiss and biotite schist as strongly banded or foliated examples.,high,https://www.usgs.gov/faqs/what-are-metamorphic-rocks,Geology,What are metamorphic rocks? | U.S. Geological Survey,www.usgs.gov,verified
FACT-2026-10-18-S09,18,2026-10-18,"Göbekli Tepe contains distinctive limestone T-shaped pillars, some up to 5.50 meters tall.",9,October,Göbekli Tepe's T-shaped pillars,Ancient Civilizations,UNESCO identifies limestone T-shaped pillars and reports that some reach 5.50 meters in height.,high,https://whc.unesco.org/en/list/1572/,Architecture,Göbekli Tepe - UNESCO World Heritage Centre,whc.unesco.org,verified
FACT-2026-10-18-S10,18,2026-10-18,Göbekli Tepe's T-shaped pillars are carved with images and reliefs of wild animals.,10,October,Göbekli Tepe's animal reliefs,Ancient Civilizations,UNESCO states that the pillars feature images and reliefs of wild animals.,high,https://whc.unesco.org/en/list/1572/,Art,Göbekli Tepe - UNESCO World Heritage Centre,whc.unesco.org,verified
FACT-2026-10-18-S11,18,2026-10-18,Seahorses make sounds during feeding and courtship.,11,October,Contexts for seahorse sounds,Animals,The source explicitly associates seahorse sounds with feeding and courtship.,high,https://ocean.si.edu/ocean-life/fish/10-things-you-never-knew-about-seahorses,Seahorse communication,10 Things You Never Knew About Seahorses | Smithsonian Ocean,ocean.si.edu,verified
FACT-2026-10-18-S12,18,2026-10-18,More than 145.8 million specimens and objects in the Smithsonian collections belong to the National Museum of Natural History.,12,October,National Museum of Natural History collection size,World Records & Extremes,The source states that more than 145.8 million specimens and objects are part of the National Museum of Natural History.,high,https://www.si.edu/newsdesk/factsheets/smithsonian-collections,Museums and collections,Untitled source,www.si.edu,verified
FACT-2026-10-18-S13,18,2026-10-18,NOAA’s Coral Reef Watch outlook predicts the likelihood of coral bleaching heat stress up to four months ahead.,13,October,Coral bleaching outlooks,Technology,NOAA states that its CFS-based Coral Reef Watch outlook predicts bleaching heat-stress likelihood up to four months in advance.,high,https://oceanservice.noaa.gov/ocean/corals/,Environmental monitoring,Coral Reefs,oceanservice.noaa.gov,verified
FACT-2026-10-18-S14,18,2026-10-18,"Northwest Hawaiian Island coral reefs support more than 7,000 species of fishes, invertebrates, plants, sea turtles, birds, and marine mammals.",14,October,Northwest Hawaiian reef diversity,Ocean & Marine,"NOAA reports that the Northwest Hawaiian Island coral reefs support more than 7,000 species across those groups.",high,https://www.noaa.gov/education/resource-collections/marine-life/coral-reef-ecosystems,Coral reef ecology,Coral reef ecosystems | National Oceanic and Atmospheric Administration,www.noaa.gov,verified
FACT-2026-10-18-S15,18,2026-10-18,"Internet use, smartphones, and instant messaging are identified as technological factors affecting language change.",15,October,Internet communication influences language,Language,"The article identifies the Internet, smartphones, and instant messaging as technological advances influencing language evolution.",medium,https://pmc.ncbi.nlm.nih.gov/articles/PMC10142271/,Language and technology,Language: Its Origin and Ongoing Evolution - PMC,pmc.ncbi.nlm.nih.gov,verified
FACT-2026-10-18-S16,18,2026-10-18,Thomas Edison used a carbon-filament bulb in the first public demonstration of his practical electric incandescent lamp at Menlo Park on New Year's Eve in 1879.,16,October,Edison demonstrated a practical incandescent lamp in 1879,Inventions,"The source states that Edison used the carbon-filament bulb in the first public demonstration of his most famous invention at his Menlo Park laboratory on New Year's Eve, 1879.",high,https://americanhistory.si.edu/explore/topics/invention-and-innovation,Electric lighting,Invention and Innovation | National Museum of American History,americanhistory.si.edu,verified
FACT-2026-10-18-S17,18,2026-10-18,Neurotransmitters are chemicals used by brain cells to communicate; some are excitatory (increasing cell activity) while others are inhibitory (dampening cell activity).,17,October,Neurotransmitter Function,Human Body,Neurotransmitters are chemicals that brain cells use to talk to each other. Some neurotransmitters make cells more active (called excitatory) while others block or dampen a cell's activity (called inhibitory).,medium,https://www.ninds.nih.gov/health-information/public-education/brain-basics/brain-basics-know-your-brain,Brain,Brain Basics: Know Your Brain | National Institute of Neurological Disorders and Stroke,www.ninds.nih.gov,verified
FACT-2026-10-18-S18,18,2026-10-18,"About 500 of the approximately 1,350 potentially active volcanoes worldwide have erupted in historical time.",18,October,Historically eruptive volcanoes,History,"The USGS states that about 500 of the 1,350 potentially active volcanoes have erupted in historical time.",high,https://www.usgs.gov/faqs/how-much-earth-volcanic,Volcanic eruptions,How much of the Earth is volcanic? | U.S. Geological Survey,www.usgs.gov,verified
FACT-2026-10-18-S19,18,2026-10-18,A glacier is a mass of ice large enough to flow under its own weight.,19,October,Glaciers flow under their own weight,Geography,A glacier is a mass of ice so big that it flows under its own weight.,medium,https://www.nps.gov/glac/learn/nature/geologicformations.htm,Glaciers,Geologic Formations - Glacier National Park (U.S. National Park Service),www.nps.gov,verified
FACT-2026-10-18-S20,18,2026-10-18,"In 2017–2018, U.S. children and young adults aged 2–19 consumed an average of 17 teaspoons of added sugar per day.",20,October,Added-sugar intake among U.S. youth,Food,The CDC reports an average daily intake of 17 teaspoons among people aged 2 to 19 years.,high,https://www.cdc.gov/nutrition/php/data-research/added-sugars.html,Added Sugars,Get the Facts: Added Sugars | Nutrition | CDC,www.cdc.gov,verified
FACT-2026-10-19-S01,19,2026-10-19,Earth's Moon probably formed from debris ejected when a Mars-sized body collided with Earth.,1,October,Moon formation hypothesis,Space,NASA says the Moon probably formed after a body about the size of Mars collided with Earth and ejected material into orbit.,high,https://science.nasa.gov/solar-system/moons/facts/,Moons,Moons: Facts,science.nasa.gov,verified
FACT-2026-10-19-S02,19,2026-10-19,Intrusive igneous rocks form when magma is trapped deep inside Earth and cools slowly until solidifying.,2,October,Intrusive rock formation,Science,The source describes intrusive rock as magma trapped deep inside Earth that cools very slowly over thousands or millions of years before solidifying.,high,https://www.usgs.gov/faqs/what-are-igneous-rocks,Geology,What are igneous rocks? | U.S. Geological Survey,www.usgs.gov,verified
FACT-2026-10-19-S03,19,2026-10-19,"The expenditure approach includes household, government, and nonprofit final consumption, gross capital formation, and net exports.",3,October,GDP expenditure approach components,Money & Economics,"The source states that GDP from the expenditure side sums final consumption expenditures, gross capital formation, and exports minus imports.",high,https://datatopics.worldbank.org/world-development-indicators/themes/economy.html,GDP Expenditure,WDI - Economy,datatopics.worldbank.org,verified
FACT-2026-10-19-S04,19,2026-10-19,Foliation forms when pressure aligns flat or elongate minerals within a rock.,4,October,Foliation formation,Nature,The source says pressure squeezes flat or elongate minerals until they become aligned.,high,https://www.usgs.gov/faqs/what-are-metamorphic-rocks,Geology,What are metamorphic rocks? | U.S. Geological Survey,www.usgs.gov,verified
FACT-2026-10-19-S05,19,2026-10-19,"Mars has two moons, Phobos and Deimos.",5,October,Martian moons,Space,NASA identifies the two moons of Mars as Phobos and Deimos.,high,https://science.nasa.gov/solar-system/moons/facts/,Mars,Moons: Facts,science.nasa.gov,verified
FACT-2026-10-19-S06,19,2026-10-19,Intrusive igneous rocks generally have a coarse-grained texture because slow cooling allows mineral grains to grow relatively large.,6,October,Intrusive rock texture,Science,The source links slow cooling with large mineral grains and identifies intrusive rocks as coarse grained.,high,https://www.usgs.gov/faqs/what-are-igneous-rocks,Geology,What are igneous rocks? | U.S. Geological Survey,www.usgs.gov,verified
FACT-2026-10-19-S07,19,2026-10-19,"Investment in the expenditure approach includes new non-financial assets or equipment such as housing, machinery, and software.",7,October,Investment in the expenditure approach,Money & Economics,"The expenditure section lists new housing, machinery, and software as examples of investment in new non-financial assets or equipment.",high,https://datatopics.worldbank.org/world-development-indicators/themes/economy.html,GDP Expenditure,WDI - Economy,datatopics.worldbank.org,verified
FACT-2026-10-19-S08,19,2026-10-19,The sheet-like structure of foliated rocks reflects the direction in which pressure was applied.,8,October,Foliation and pressure direction,Nature,The source states that foliated rocks develop a platy or sheet-like structure reflecting pressure direction.,high,https://www.usgs.gov/faqs/what-are-metamorphic-rocks,Geology,What are metamorphic rocks? | U.S. Geological Survey,www.usgs.gov,verified
FACT-2026-10-19-S09,19,2026-10-19,Göbekli Tepe is one of the first manifestations of human-made monumental architecture.,9,October,Göbekli Tepe's early monumental architecture,Ancient Civilizations,UNESCO's Criterion (ii) describes Göbekli Tepe as one of the first manifestations of human-made monumental architecture.,high,https://whc.unesco.org/en/list/1572/,Architecture,Göbekli Tepe - UNESCO World Heritage Centre,whc.unesco.org,verified
FACT-2026-10-19-S10,19,2026-10-19,Seahorses use their tails to hold onto objects such as corals and seagrass.,10,October,Seahorse prehensile tails,Animals,"The source says seahorses use monkey-like tails to hold onto objects in their environment, including corals and seagrass.",high,https://ocean.si.edu/ocean-life/fish/10-things-you-never-knew-about-seahorses,Seahorse anatomy,10 Things You Never Knew About Seahorses | Smithsonian Ocean,ocean.si.edu,verified
FACT-2026-10-19-S11,19,2026-10-19,Göbekli Tepe demonstrates innovative building techniques involving decorated T-shaped limestone pillars.,11,October,Göbekli Tepe's building technology,Ancient Civilizations,"UNESCO cites innovative building techniques, including the integration of decorated T-shaped limestone pillars that also served architectural functions.",high,https://whc.unesco.org/en/list/1572/,Engineering,Göbekli Tepe - UNESCO World Heritage Centre,whc.unesco.org,verified
FACT-2026-10-19-S12,19,2026-10-19,"Smithsonian collections include 162,000 cubic feet of archival material.",12,October,Smithsonian archival holdings,World Records & Extremes,"The source reports 162,000 cubic feet of archival material in Smithsonian collections.",high,https://www.si.edu/newsdesk/factsheets/smithsonian-collections,Museums and collections,Untitled source,www.si.edu,verified
FACT-2026-10-19-S13,19,2026-10-19,Internal heat associated with young volcanic systems has been harnessed to produce geothermal energy.,13,October,Volcanic heat as energy,Technology,The USGS identifies geothermal energy as a use of internal heat associated with young volcanic systems.,high,https://www.usgs.gov/faqs/how-much-earth-volcanic,Geothermal energy,How much of the Earth is volcanic? | U.S. Geological Survey,www.usgs.gov,verified
FACT-2026-10-19-S14,19,2026-10-19,"Some corals live in warm, shallow tropical seas, while others live in cold, dark deep-ocean environments.",14,October,Corals inhabit warm and cold waters,Ocean & Marine,"NOAA states that corals occur in warm, shallow tropical seas and in cold, dark ocean depths.",high,https://www.noaa.gov/education/resource-collections/marine-life/coral-reef-ecosystems,Coral distribution,Coral reef ecosystems | National Oceanic and Atmospheric Administration,www.noaa.gov,verified
FACT-2026-10-19-S15,19,2026-10-19,Experimental language systems gradually developed to encode information relevant to the communicative task and situational context.,15,October,Language systems adapt to communicative contexts,Language,The article reports experimental findings that different linguistic systems emerged depending on which feature was relevant to the communication task.,medium,https://pmc.ncbi.nlm.nih.gov/articles/PMC10142271/,Language and communication,Language: Its Origin and Ongoing Evolution - PMC,pmc.ncbi.nlm.nih.gov,verified
FACT-2026-10-19-S16,19,2026-10-19,"In 1967, Ralph Baer and colleagues at Sanders Associates developed the Brown Box prototype for the first multiplayer, multiprogram video-game system.",16,October,The Brown Box was an early multiplayer video-game prototype,Inventions,"The source identifies the 1967 Brown Box as a prototype for the first multiplayer, multiprogram video-game system.",high,https://americanhistory.si.edu/explore/topics/invention-and-innovation,Video games,Invention and Innovation | National Museum of American History,americanhistory.si.edu,verified
FACT-2026-10-19-S17,19,2026-10-19,"The heart pumps blood through a network of arteries, veins, and capillaries to deliver oxygen and nutrients to the body's organs.",17,October,Heart Function,Human Body,Your heart is at the center of your circulatory system. This system is a network of blood vessels... that carries blood to and from all areas of your body. Your blood carries the oxygen and nutrients that your organs need to work properly.,medium,https://www.nhlbi.nih.gov/health/heart,Internal Organs,"How the Heart Works - The Heart | NHLBI, NIH",www.nhlbi.nih.gov,verified
FACT-2026-10-19-S18,19,2026-10-19,"More than 80 people, and possibly several hundred, were killed by Kilauea’s 1790 eruption.",18,October,Deaths in the 1790 Kilauea eruption,History,"The USGS states that more than 80, and possibly several hundred, people were killed soon after the footprints were made during the eruption.",high,https://www.usgs.gov/faqs/how-much-earth-volcanic,Volcanic disasters,How much of the Earth is volcanic? | U.S. Geological Survey,www.usgs.gov,verified
FACT-2026-10-19-S19,19,2026-10-19,A glacier forms when more snow falls each winter than melts during the following summer.,19,October,Glaciers form from accumulated snow,Geography,A glacier forms when more snow falls each winter than melts the next summer.,medium,https://www.nps.gov/glac/learn/nature/geologicformations.htm,Glaciers,Geologic Formations - Glacier National Park (U.S. National Park Service),www.nps.gov,verified
FACT-2026-10-19-S20,19,2026-10-19,"From 2021 to 2023, 55.9% of U.S. children aged 1–5 consumed at least one sugar-sweetened beverage during the previous seven days.",20,October,Young children's beverage consumption,Food,The CDC cites National Survey of Children’s Health data showing that 55.9% consumed at least one sugar-sweetened beverage in the past seven days.,high,https://www.cdc.gov/nutrition/php/data-research/added-sugars.html,Sugar-Sweetened Beverages,Get the Facts: Added Sugars | Nutrition | CDC,www.cdc.gov,verified
FACT-2026-10-20-S01,20,2026-10-20,Ganymede is the largest moon in the solar system.,1,October,Ganymede's size,Space,NASA describes Ganymede as the largest moon in the solar system.,high,https://science.nasa.gov/solar-system/moons/facts/,Moons,Moons: Facts,science.nasa.gov,verified
FACT-2026-10-20-S02,20,2026-10-20,"Granite, diorite, gabbro, and peridotite are common intrusive igneous rocks.",2,October,Examples of intrusive rocks,Science,"The source lists granite, diorite, gabbro, and peridotite as common intrusive igneous rocks.",high,https://www.usgs.gov/faqs/what-are-igneous-rocks,Geology,What are igneous rocks? | U.S. Geological Survey,www.usgs.gov,verified
FACT-2026-10-20-S03,20,2026-10-20,Gross national income measures domestic and foreign value added claimed by residents.,3,October,Gross national income definition,Money & Economics,The source defines GNI as total domestic and foreign value added claimed by residents.,high,https://datatopics.worldbank.org/world-development-indicators/themes/economy.html,Gross National Income,WDI - Economy,datatopics.worldbank.org,verified
FACT-2026-10-20-S04,20,2026-10-20,Non-foliated metamorphic rocks lack a platy or sheet-like structure.,4,October,Non-foliated rocks,Nature,The source directly states that non-foliated metamorphic rocks do not have a platy or sheet-like structure.,high,https://www.usgs.gov/faqs/what-are-metamorphic-rocks,Geology,What are metamorphic rocks? | U.S. Geological Survey,www.usgs.gov,verified
FACT-2026-10-20-S05,20,2026-10-20,Titan is the only moon in the solar system with a thick atmosphere.,5,October,Titan's atmosphere,Space,NASA states that Titan is the only moon with a thick atmosphere.,high,https://science.nasa.gov/solar-system/moons/facts/,Moons,Moons: Facts,science.nasa.gov,verified
FACT-2026-10-20-S06,20,2026-10-20,Extrusive igneous rocks form when magma exits and cools above or very near Earth's surface.,6,October,Extrusive rock formation,Science,The source defines extrusive rock as magma that exits and cools above or very near Earth's surface.,high,https://www.usgs.gov/faqs/what-are-igneous-rocks,Geology,What are igneous rocks? | U.S. Geological Survey,www.usgs.gov,verified
FACT-2026-10-20-S07,20,2026-10-20,Gross national income equals GDP plus net receipts of primary income from nonresident sources.,7,October,GNI relationship to GDP,Money & Economics,The source states that GNI comprises GDP plus net receipts of compensation of employees and property income from nonresident sources.,high,https://datatopics.worldbank.org/world-development-indicators/themes/economy.html,Gross National Income,WDI - Economy,datatopics.worldbank.org,verified
FACT-2026-10-20-S08,20,2026-10-20,Limestone may remain non-foliated because its minerals are not flat or elongate and do not align under pressure.,8,October,Limestone and foliation,Nature,The source uses limestone as an example whose non-flat or non-elongate grains will not align under pressure.,high,https://www.usgs.gov/faqs/what-are-metamorphic-rocks,Geology,What are metamorphic rocks? | U.S. Geological Survey,www.usgs.gov,verified
FACT-2026-10-20-S09,20,2026-10-20,Seahorses can travel across the ocean by attaching themselves to floating seaweed and debris.,9,October,Seahorse hitchhiking,Animals,The source describes seahorses attaching to floating seaweed and debris to travel long distances.,high,https://ocean.si.edu/ocean-life/fish/10-things-you-never-knew-about-seahorses,Seahorse movement,10 Things You Never Knew About Seahorses | Smithsonian Ocean,ocean.si.edu,verified
FACT-2026-10-20-S10,20,2026-10-20,Imagery from Göbekli Tepe also appears at contemporaneous sites in Upper Mesopotamia.,10,October,Göbekli Tepe's regional connections,Ancient Civilizations,UNESCO states that imagery on the pillars and small finds is also found at contemporaneous Upper Mesopotamian sites.,high,https://whc.unesco.org/en/list/1572/,Social Networks,Göbekli Tepe - UNESCO World Heritage Centre,whc.unesco.org,verified
FACT-2026-10-20-S11,20,2026-10-20,Smithsonian collections include 2.1 million library volumes.,11,October,Smithsonian library holdings,World Records & Extremes,The source states that Smithsonian collections include 2.1 million library volumes.,high,https://www.si.edu/newsdesk/factsheets/smithsonian-collections,Museums and collections,Untitled source,www.si.edu,verified
FACT-2026-10-20-S12,20,2026-10-20,"Graphite is used in brake linings, foundry operations, heat-resistant lubricants, refractory applications, and steelmaking.",12,October,Graphite applications,Technology,The source lists these uses for graphite in pegmatite rock.,medium,https://www.usgs.gov/faqs/what-difference-between-a-rock-and-a-mineral,Materials,What is the difference between a rock and a mineral? | U.S. Geological Survey,www.usgs.gov,verified
FACT-2026-10-20-S13,20,2026-10-20,Deep-sea corals lack zooxanthellae and obtain much of their energy by consuming plankton and organic matter.,13,October,Deep-sea corals lack zooxanthellae,Ocean & Marine,NOAA states that deep-sea corals lack zooxanthellae and take in plankton and organic matter for much of their energy.,high,https://www.noaa.gov/education/resource-collections/marine-life/coral-reef-ecosystems,Deep-sea corals,Coral reef ecosystems | National Oceanic and Atmospheric Administration,www.noaa.gov,verified
FACT-2026-10-20-S14,20,2026-10-20,"Online communication uses conventions such as acronyms, modified typographic marks, emojis, abbreviations, initialisms, and logograms.",14,October,Digital communication has developed distinctive language conventions,Language,"The text identifies novel online conventions including acronyms, modified typographic marks, emojis, abbreviations, initialisms, and logograms.",high,https://pmc.ncbi.nlm.nih.gov/articles/PMC10142271/,Digital communication,Language: Its Origin and Ongoing Evolution - PMC,pmc.ncbi.nlm.nih.gov,verified
FACT-2026-10-20-S15,20,2026-10-20,Para athlete Arielle Rausin invented a 3D-printed wheelchair-racing glove based on a hand-molded prototype.,15,October,Arielle Rausin invented a 3D-printed wheelchair-racing glove,Inventions,The source identifies the glove as invented by para athlete Arielle Rausin and says it replicated one she had molded by hand.,high,https://americanhistory.si.edu/explore/topics/invention-and-innovation,Assistive technology,Invention and Innovation | National Museum of American History,americanhistory.si.edu,verified
FACT-2026-10-20-S16,20,2026-10-20,The heart contains valves that ensure blood flows in the correct direction.,16,October,Heart Anatomy and Valves,Human Body,"Inside your heart, valves keep blood flowing in the right direction.",medium,https://www.nhlbi.nih.gov/health/heart,Internal Organs,"How the Heart Works - The Heart | NHLBI, NIH",www.nhlbi.nih.gov,verified
FACT-2026-10-20-S17,20,2026-10-20,A dome-building eruption of Mount Hood in 1781 rapidly deposited sediment that buried forest trees near Oregon’s Sandy River.,17,October,Mount Hood eruption and buried trees,History,The source states that tree trunks near the Sandy River were buried by rapid sediment deposition following Mount Hood’s 1781 dome-building eruption.,high,https://www.usgs.gov/faqs/how-much-earth-volcanic,Volcanic eruptions,How much of the Earth is volcanic? | U.S. Geological Survey,www.usgs.gov,verified
FACT-2026-10-20-S18,20,2026-10-20,The most recent major geological event shaping Glacier National Park began during a global cooling period approximately 2 million years ago.,18,October,The Ice Age shaped Glacier National Park,Geography,"The most recent defining geological event that shaped this landscape began with a global cooling trend, or Ice Age, approximately 2 million years ago during the Pleistocene Epoch.",medium,https://www.nps.gov/glac/learn/nature/geologicformations.htm,Glacial History,Geologic Formations - Glacier National Park (U.S. National Park Service),www.nps.gov,verified
FACT-2026-10-20-S19,20,2026-10-20,"Americans consume more than 3,300 milligrams of sodium per day on average.",19,October,Average U.S. sodium intake,Food,"The CDC reports average U.S. sodium consumption above 3,300 milligrams per day.",high,https://www.cdc.gov/salt/about/index.html,Sodium,About Sodium and Health | Salt | CDC,www.cdc.gov,verified
FACT-2026-10-20-S20,20,2026-10-20,Handwashing with soap removes germs from hands and helps prevent infections.,20,October,Soap removes germs,Everyday Life,The CDC states that handwashing with soap removes germs and helps prevent infections.,high,https://www.cdc.gov/clean-hands/data-research/facts-stats/index.html,Hand Hygiene,Handwashing Facts | Clean Hands | CDC,www.cdc.gov,verified
FACT-2026-10-21-S01,21,2026-10-21,Neptune's moon Triton orbits backward relative to Neptune's direction of rotation.,1,October,Triton's orbital direction,Space,NASA states that Triton orbits backward compared with Neptune's rotational direction.,high,https://science.nasa.gov/solar-system/moons/facts/,Moons,Moons: Facts,science.nasa.gov,verified
FACT-2026-10-21-S02,21,2026-10-21,Molten rock is called lava when it erupts onto Earth's surface.,2,October,Lava definition,Science,The source states that magma is called lava when molten rock erupts on the surface.,high,https://www.usgs.gov/faqs/what-are-igneous-rocks,Volcanology,What are igneous rocks? | U.S. Geological Survey,www.usgs.gov,verified
FACT-2026-10-21-S03,21,2026-10-21,The World Bank uses the Atlas method to calculate internationally comparable GNI in U.S. dollars.,3,October,Atlas method for GNI,Money & Economics,The source says the World Bank uses the Atlas method when calculating GNI in U.S. dollars for internationally comparable data.,high,https://datatopics.worldbank.org/world-development-indicators/themes/economy.html,National Accounting,WDI - Economy,datatopics.worldbank.org,verified
FACT-2026-10-21-S04,21,2026-10-21,Contact metamorphism occurs when hot igneous rock intrudes into pre-existing rock.,4,October,Contact metamorphism,Nature,The source defines contact metamorphism as occurring when hot igneous rock intrudes into pre-existing rock.,high,https://www.usgs.gov/faqs/what-are-metamorphic-rocks,Geology,What are metamorphic rocks? | U.S. Geological Survey,www.usgs.gov,verified
FACT-2026-10-21-S05,21,2026-10-21,The Galileo spacecraft's 1993 images of asteroid Ida revealed its small moon Dactyl.,5,October,Dactyl discovery,Space,NASA says Galileo images taken during its 1993 Ida flyby revealed a tiny moon later named Dactyl.,high,https://science.nasa.gov/solar-system/moons/facts/,Asteroid Moons,Moons: Facts,science.nasa.gov,verified
FACT-2026-10-21-S06,21,2026-10-21,Extrusive igneous rocks generally have a very fine-grained or glassy texture because rapid cooling limits crystal growth.,6,October,Extrusive rock texture,Science,"The source says quick cooling gives mineral crystals little time to grow, producing very fine-grained or glassy rocks.",high,https://www.usgs.gov/faqs/what-are-igneous-rocks,Geology,What are igneous rocks? | U.S. Geological Survey,www.usgs.gov,verified
FACT-2026-10-21-S07,21,2026-10-21,The Atlas method applies a three-year average of exchange rates to smooth transitory exchange-rate fluctuations.,7,October,Atlas method exchange-rate averaging,Money & Economics,The source describes the Atlas method as applying a three-year average of exchange rates to smooth temporary fluctuations.,high,https://datatopics.worldbank.org/world-development-indicators/themes/economy.html,National Accounting,WDI - Economy,datatopics.worldbank.org,verified
FACT-2026-10-21-S08,21,2026-10-21,"In contact metamorphism, heat from intruding igneous rock can change the mineral structure of pre-existing rock without added pressure.",8,October,Contact metamorphism heat,Nature,"The source says the pre-existing rock is baked by heat, changing its mineral structure without addition of pressure.",high,https://www.usgs.gov/faqs/what-are-metamorphic-rocks,Geology,What are metamorphic rocks? | U.S. Geological Survey,www.usgs.gov,verified
FACT-2026-10-21-S09,21,2026-10-21,The eyes of the longspine seahorse move independently of each other.,9,October,Independent seahorse eye movement,Animals,The source states that the longspine seahorse has eyes that move independently.,high,https://ocean.si.edu/ocean-life/fish/10-things-you-never-knew-about-seahorses,Seahorse anatomy,10 Things You Never Knew About Seahorses | Smithsonian Ocean,ocean.si.edu,verified
FACT-2026-10-21-S10,21,2026-10-21,Göbekli Tepe's monolithic pillars may indicate the presence of specialized craftsmen.,10,October,Göbekli Tepe's possible specialists,Ancient Civilizations,UNESCO says the pillars are believed to bear witness to specialized craftsmen.,medium,https://whc.unesco.org/en/list/1572/,Craft Specialization,Göbekli Tepe - UNESCO World Heritage Centre,whc.unesco.org,verified
FACT-2026-10-21-S11,21,2026-10-21,Less than 1 percent of Smithsonian collections is estimated to be on display at any given time.,11,October,Smithsonian collection display rate,World Records & Extremes,The source estimates that less than 1 percent of the collections is on display at any given time.,high,https://www.si.edu/newsdesk/factsheets/smithsonian-collections,Museums and collections,Untitled source,www.si.edu,verified
FACT-2026-10-21-S12,21,2026-10-21,The vast majority of titanium is used in whiteners in the form of titanium oxide.,12,October,Titanium oxide use,Technology,The source states that the vast majority of titanium is used in whiteners as titanium oxide.,medium,https://www.usgs.gov/faqs/what-difference-between-a-rock-and-a-mineral,Materials,What is the difference between a rock and a mineral? | U.S. Geological Survey,www.usgs.gov,verified
FACT-2026-10-21-S13,21,2026-10-21,Coral reefs support more species than any other marine environment and rival rainforests in biodiversity.,13,October,Coral reefs support more species than other marine environments,Ocean & Marine,NOAA’s National Ocean Service states that coral reefs support more species than any other marine environment and rival rainforests in biodiversity.,high,https://oceanservice.noaa.gov/ocean/corals/,Coral reef biodiversity,Coral Reefs,oceanservice.noaa.gov,verified
FACT-2026-10-21-S14,21,2026-10-21,"Emojis are graphic symbols that can represent facial expressions, concepts, and ideas, and they augment online messages with nonverbal elements.",14,October,Emojis add nonverbal elements to digital messages,Language,"The document defines emojis as graphic symbols representing varied expressions, concepts, and ideas and states that they augment messages with nonverbal elements.",high,https://pmc.ncbi.nlm.nih.gov/articles/PMC10142271/,Emojis,Language: Its Origin and Ongoing Evolution - PMC,pmc.ncbi.nlm.nih.gov,verified
FACT-2026-10-21-S15,21,2026-10-21,"After testing hundreds of materials, Edison selected a thin strip of carbon as the filament for his practical incandescent lamp.",15,October,Edison selected carbon for his lamp filament,Inventions,The source states that Edison tested hundreds of materials before settling on a thin strip of carbon.,high,https://americanhistory.si.edu/explore/stories/edisons-light-bulb-turns-135,Electric lighting,Untitled source,americanhistory.si.edu,verified
FACT-2026-10-21-S16,21,2026-10-21,Antibodies are transferred from a mother to her fetus through the placenta and can be passed to an infant through breastfeeding.,16,October,Maternal Antibody Transfer,Human Body,"Germ-fighting molecules made by the immune system, called antibodies, are transferred to the fetus through the placenta. They can also be passed to the baby after birth through breastfeeding.",medium,https://newsinhealth.nih.gov/2023/01/your-bodys-disease-defenses,Immune System,Your Body’s Disease Defenses,newsinhealth.nih.gov,verified
FACT-2026-10-21-S17,21,2026-10-21,A historic Mauna Loa lava flow visible near Kīholo Bay erupted in 1859.,17,October,Historic Mauna Loa lava flow,History,The source identifies the lava flow flanking Kīholo Bay as the 1859 Mauna Loa flow.,high,https://www.usgs.gov/faqs/how-much-earth-volcanic,Volcanic eruptions,How much of the Earth is volcanic? | U.S. Geological Survey,www.usgs.gov,verified
FACT-2026-10-21-S18,21,2026-10-21,"Glacially carved landforms include U-shaped valleys, cirque lakes, horns, moraines, and arêtes.",18,October,"Glaciers create cirques, moraines, and arêtes",Geography,"Massive U-shaped valleys, cirque lakes or tarns, horns, moraines, and arêtes are just a few of the glacially carved landforms.",medium,https://www.nps.gov/glac/learn/nature/geologicformations.htm,Glacial Landforms,Geologic Formations - Glacier National Park (U.S. National Park Service),www.nps.gov,verified
FACT-2026-10-21-S19,21,2026-10-21,"The federal recommendation is less than 2,300 milligrams of sodium daily for teens and adults as part of a healthy eating pattern.",19,October,Federal sodium recommendation,Food,"The CDC identifies less than 2,300 milligrams per day as the federal recommendation for teens and adults.",high,https://www.cdc.gov/salt/about/index.html,Sodium,About Sodium and Health | Salt | CDC,www.cdc.gov,verified
FACT-2026-10-21-S20,21,2026-10-21,Handwashing education reduces the number of people who become ill with diarrhea by 23%–40%.,20,October,Handwashing and diarrheal illness,Everyday Life,The CDC lists a 23%–40% reduction in diarrheal illness from handwashing education.,high,https://www.cdc.gov/clean-hands/data-research/facts-stats/index.html,Hand Hygiene,Handwashing Facts | Clean Hands | CDC,www.cdc.gov,verified
FACT-2026-10-22-S01,22,2026-10-22,Earth's orbital period is approximately 365.2 days.,1,October,Earth's orbital period,Space,The NASA Planetary Fact Sheet lists Earth's orbital period as 365.2 days.,high,https://nssdc.gsfc.nasa.gov/planetary/factsheet/,Planetary Data,Planetary Fact Sheet,nssdc.gsfc.nasa.gov,verified
FACT-2026-10-22-S02,22,2026-10-22,"Hot gas bubbles can become trapped in rapidly cooled lava, forming a bubbly vesicular texture.",2,October,Vesicular texture,Science,"The source states that hot gas bubbles are often trapped in quenched lava, forming a bubbly, vesicular texture.",high,https://www.usgs.gov/faqs/what-are-igneous-rocks,Volcanology,What are igneous rocks? | U.S. Geological Survey,www.usgs.gov,verified
FACT-2026-10-22-S03,22,2026-10-22,"Market-exchange-rate-converted GNI and GDP do not accurately measure relative economic size, wealth, or material well-being when price levels differ substantially.",3,October,Market exchange rates and economic comparisons,Money & Economics,The source says large differences in price levels make market exchange rate-converted GNI and GDP inaccurate measures of these comparisons.,high,https://datatopics.worldbank.org/world-development-indicators/themes/economy.html,Purchasing Power Parity,WDI - Economy,datatopics.worldbank.org,verified
FACT-2026-10-22-S04,22,2026-10-22,Igneous-rock melt originates deep within Earth near active plate boundaries or hot spots.,4,October,Igneous melt origin,Nature,The source says the melt originates deep within Earth near active plate boundaries or hot spots.,high,https://www.usgs.gov/faqs/what-are-metamorphic-rocks,Geology,What are metamorphic rocks? | U.S. Geological Survey,www.usgs.gov,verified
FACT-2026-10-22-S05,22,2026-10-22,Jupiter's rotation period is approximately 9.9 hours.,5,October,Jupiter's rotation,Space,The NASA table lists Jupiter's rotation period as 9.9 hours.,high,https://nssdc.gsfc.nasa.gov/planetary/factsheet/,Planetary Data,Planetary Fact Sheet,nssdc.gsfc.nasa.gov,verified
FACT-2026-10-22-S06,22,2026-10-22,"Rhyolite, andesite, basalt, and obsidian are common extrusive igneous rocks.",6,October,Examples of extrusive rocks,Science,"The source lists rhyolite, andesite, basalt, and obsidian as common extrusive igneous rocks.",high,https://www.usgs.gov/faqs/what-are-igneous-rocks,Geology,What are igneous rocks? | U.S. Geological Survey,www.usgs.gov,verified
FACT-2026-10-22-S07,22,2026-10-22,Purchasing power parity converts estimates into international dollars to address differences in price levels across economies.,7,October,PPP conversion purpose,Money & Economics,The source says estimates are converted into international dollars using PPP rates to overcome cross-economy price-level differences.,high,https://datatopics.worldbank.org/world-development-indicators/themes/economy.html,Purchasing Power Parity,WDI - Economy,datatopics.worldbank.org,verified
FACT-2026-10-22-S08,22,2026-10-22,Hornfels rocks are metamorphic rocks.,8,October,Hornfels classification,Nature,The source explicitly identifies hornfels rocks as metamorphic rocks.,high,https://www.usgs.gov/faqs/what-are-metamorphic-rocks,Geology,What are metamorphic rocks? | U.S. Geological Survey,www.usgs.gov,verified
FACT-2026-10-22-S09,22,2026-10-22,Animals are multicellular eukaryotes whose cells are bound together by collagen.,9,October,Animal cellular organization,Animals,Britannica defines animals as multicellular eukaryotes with cells bound together by collagen.,high,https://www.britannica.com/animal/animal,Animal biology,"Animal | Definition, Types, & Facts | Britannica",www.britannica.com,verified
FACT-2026-10-22-S10,22,2026-10-22,Recent excavations at Göbekli Tepe identified non-monumental remains that appear to derive from domestic buildings.,10,October,Göbekli Tepe's domestic structures,Ancient Civilizations,UNESCO reports remains of non-monumental structures that appear to stem from domestic buildings.,medium,https://whc.unesco.org/en/list/1572/,Archaeology,Göbekli Tepe - UNESCO World Heritage Centre,whc.unesco.org,verified
FACT-2026-10-22-S11,22,2026-10-22,"The Smithsonian's largest single collection is its invertebrate zoology collection, with more than 49.8 million specimens.",11,October,Smithsonian invertebrate zoology collection,World Records & Extremes,The source identifies the invertebrate zoology collection as the largest single collection and gives its size as more than 49.8 million specimens.,high,https://www.si.edu/newsdesk/factsheets/smithsonian-collections,Museums and collections,Untitled source,www.si.edu,verified
FACT-2026-10-22-S12,22,2026-10-22,Titanium metal is used in metal coatings and medical implants.,12,October,Titanium metal applications,Technology,The source states that titanium metal is used in metal coatings and medical implants.,medium,https://www.usgs.gov/faqs/what-difference-between-a-rock-and-a-mineral,Materials,What is the difference between a rock and a mineral? | U.S. Geological Survey,www.usgs.gov,verified
FACT-2026-10-22-S13,22,2026-10-22,Oceanic crust forms through eruptions along the Juan de Fuca Ridge.,13,October,The Juan de Fuca Ridge forms oceanic crust,Ocean & Marine,The source states that oceanic crust forms by eruptions along the Juan de Fuca Ridge.,high,https://www.usgs.gov/faqs/how-fast-do-tectonic-plates-move,Oceanic crust,How fast do tectonic plates move? | U.S. Geological Survey,www.usgs.gov,verified
FACT-2026-10-22-S14,22,2026-10-22,"The document states that emojis are thought to have developed from emoticons, which commonly represent facial expressions using keyboard characters.",14,October,Emojis developed from emoticons,Language,"The text describes emoticons such as "":)"" as keyboard-character representations of facial expressions and says emojis are thought to have developed from them.",high,https://pmc.ncbi.nlm.nih.gov/articles/PMC10142271/,Emoticons,Language: Its Origin and Ongoing Evolution - PMC,pmc.ncbi.nlm.nih.gov,verified
FACT-2026-10-22-S15,22,2026-10-22,"By 1881, Edison had developed a light bulb that could be screwed into a socket and turned on.",15,October,Edison had a screw-in light bulb by 1881,Inventions,The source states that by 1881 Edison had a bulb that could be screwed into a socket and switched on.,high,https://americanhistory.si.edu/explore/stories/edisons-light-bulb-turns-135,Electric lighting,Untitled source,americanhistory.si.edu,verified
FACT-2026-10-22-S16,22,2026-10-22,The adaptive immune system develops a long-term memory of germs it has fought and is responsible for producing antibodies.,16,October,Adaptive Immune Memory,Human Body,The cells of this system keep a long-term memory of the germs they fight. They also respond to vaccinations and make all your antibodies.,medium,https://newsinhealth.nih.gov/2023/01/your-bodys-disease-defenses,Immune System,Your Body’s Disease Defenses,newsinhealth.nih.gov,verified
FACT-2026-10-22-S17,22,2026-10-22,A Hualālai lava flow near Kīholo Bay erupted around 1800 or earlier.,17,October,Hualālai lava flow,History,The source describes the Hualālai flow visible near Kīholo Bay as having erupted around 1800 or earlier.,high,https://www.usgs.gov/faqs/how-much-earth-volcanic,Volcanic eruptions,How much of the Earth is volcanic? | U.S. Geological Survey,www.usgs.gov,verified
FACT-2026-10-22-S18,22,2026-10-22,"Glacier National Park's mountains and valleys formed through erosion, sediment deposition, uplift, faulting, and glaciation over approximately 1.4 billion years.",18,October,Glacier National Park's mountains formed through multiple processes,Geography,"Glacier's mountains are the result of approximately 1.4 billion years of geological events... formed over 1.4 billion years by a number of geologic processes including erosion, sediment deposition, uplift, faulting, and glaciation.",medium,https://www.nps.gov/glac/learn/nature/geologicformations.htm,Geology,Geologic Formations - Glacier National Park (U.S. National Park Service),www.nps.gov,verified
FACT-2026-10-22-S19,22,2026-10-22,Most dietary sodium comes from processed and restaurant foods.,19,October,Main sources of dietary sodium,Food,The CDC states that most sodium consumed comes from processed and restaurant foods.,high,https://www.cdc.gov/salt/about/index.html,Sodium,About Sodium and Health | Salt | CDC,www.cdc.gov,verified
FACT-2026-10-22-S20,22,2026-10-22,The estimated global rate of handwashing after using the toilet is 19%.,20,October,Global handwashing after toilet use,Everyday Life,The CDC states that estimated global handwashing rates after toilet use are only 19%.,high,https://www.cdc.gov/clean-hands/data-research/facts-stats/index.html,Hand Hygiene,Handwashing Facts | Clean Hands | CDC,www.cdc.gov,verified
FACT-2026-10-23-S01,23,2026-10-23,"Venus has a retrograde rotation period of approximately 5,832.5 hours.",1,October,Venus rotation,Space,"The fact sheet lists Venus's rotation period as -5832.5 hours, with the negative sign indicating the tabulated retrograde direction.",high,https://nssdc.gsfc.nasa.gov/planetary/factsheet/,Planetary Data,Planetary Fact Sheet,nssdc.gsfc.nasa.gov,verified
FACT-2026-10-23-S02,23,2026-10-23,"Metamorphic rocks form when rocks are subjected to high heat, high pressure, hot mineral-rich fluids, or combinations of these factors.",2,October,Metamorphism conditions,Science,"The source identifies high heat, high pressure, hot mineral-rich fluids, and combinations of these as metamorphic-forming conditions.",high,https://www.usgs.gov/faqs/what-are-igneous-rocks,Geology,What are igneous rocks? | U.S. Geological Survey,www.usgs.gov,verified
FACT-2026-10-23-S03,23,2026-10-23,Purchasing power parity measures the amount of goods and services that one unit of a country's currency can buy in another country.,3,October,PPP definition,Money & Economics,The source explicitly defines PPPs in terms of the goods and services purchasable by one currency unit in another country.,high,https://datatopics.worldbank.org/world-development-indicators/themes/economy.html,Purchasing Power Parity,WDI - Economy,datatopics.worldbank.org,verified
FACT-2026-10-23-S04,23,2026-10-23,Hornfels usually begins as sedimentary rock such as sandstone or shale.,4,October,Hornfels precursor rocks,Nature,The source says hornfels usually starts as sedimentary rocks such as sandstone or shale.,high,https://www.usgs.gov/faqs/what-are-metamorphic-rocks,Geology,What are metamorphic rocks? | U.S. Geological Survey,www.usgs.gov,verified
FACT-2026-10-23-S05,23,2026-10-23,"Jupiter, Saturn, Uranus, and Neptune have ring systems.",5,October,Planetary ring systems,Space,"The Ring System row marks Jupiter, Saturn, Uranus, and Neptune as having ring systems.",high,https://nssdc.gsfc.nasa.gov/planetary/factsheet/,Planetary Data,Planetary Fact Sheet,nssdc.gsfc.nasa.gov,verified
FACT-2026-10-23-S06,23,2026-10-23,Sedimentary rocks form from deposits that accumulate on Earth's surface.,6,October,Sedimentary rock deposition,Science,The source says sedimentary rocks form from deposits accumulating on Earth's surface.,high,https://www.usgs.gov/faqs/what-are-igneous-rocks,Geology,What are igneous rocks? | U.S. Geological Survey,www.usgs.gov,verified
FACT-2026-10-23-S07,23,2026-10-23,Purchasing power parities allow comparisons of real expenditure levels between countries by equalizing currency purchasing power.,7,October,PPP equalizes purchasing power,Money & Economics,The source says PPPs equalize purchasing power and allow comparison of real expenditure levels between countries.,high,https://datatopics.worldbank.org/world-development-indicators/themes/economy.html,Purchasing Power Parity,WDI - Economy,datatopics.worldbank.org,verified
FACT-2026-10-23-S08,23,2026-10-23,Hornfels forms when volcanic material rises from below and bakes sedimentary rock into metamorphic rock.,8,October,Hornfels formation,Nature,The source describes volcanic material pushing upward and baking sedimentary rock into hornfels.,high,https://www.usgs.gov/faqs/what-are-metamorphic-rocks,Geology,What are metamorphic rocks? | U.S. Geological Survey,www.usgs.gov,verified
FACT-2026-10-23-S09,23,2026-10-23,The two major animal groups are vertebrates and invertebrates.,9,October,Major animal groups,Animals,Britannica states that the two major groups are vertebrates and invertebrates.,high,https://www.britannica.com/animal/animal,Animal classification,"Animal | Definition, Types, & Facts | Britannica",www.britannica.com,verified
FACT-2026-10-23-S10,23,2026-10-23,Göbekli Tepe's megalithic structures have largely retained the original form and design of their architectural elements.,10,October,Göbekli Tepe's authenticity,Ancient Civilizations,UNESCO states that the structures largely retain the original form and design of their architectural elements.,high,https://whc.unesco.org/en/list/1572/,Archaeological Preservation,Göbekli Tepe - UNESCO World Heritage Centre,whc.unesco.org,verified
FACT-2026-10-23-S11,23,2026-10-23,The National Postal Museum has more than 6 million objects.,11,October,National Postal Museum collection,World Records & Extremes,The source lists more than 6 million objects for the National Postal Museum.,high,https://www.si.edu/newsdesk/factsheets/smithsonian-collections,Museums and collections,Untitled source,www.si.edu,verified
FACT-2026-10-23-S12,23,2026-10-23,"Pyrite is an important source of sulfur dioxide, which is primarily used to create sulfuric acid.",12,October,Pyrite and sulfuric acid production,Technology,The source states that pyrite is an important source of sulfur dioxide and that sulfur dioxide is primarily used to create sulfuric acid.,medium,https://www.usgs.gov/faqs/what-difference-between-a-rock-and-a-mineral,Industrial Chemistry,What is the difference between a rock and a mineral? | U.S. Geological Survey,www.usgs.gov,verified
FACT-2026-10-23-S13,23,2026-10-23,"Emotional memories can be implicit, meaning nonconscious, or explicit, meaning conscious.",13,October,Emotional memories can be implicit or explicit,Psychology,Emotional memories can be either implicit (nonconscious) or explicit (conscious).,medium,https://dictionary.apa.org/emotional-memory,Memory,APA Dictionary of Psychology,dictionary.apa.org,verified
FACT-2026-10-23-S14,23,2026-10-23,"In 1997, hydrophones more than 3,219 kilometers apart recorded the exceptionally loud underwater sound later called the Bloop.",14,October,The Bloop was detected across the Pacific,Ocean & Marine,"NOAA reports that hydrophones placed more than 3,219 kilometers apart across the Pacific recorded numerous instances of the sound.",high,https://oceanservice.noaa.gov/facts/bloop.html,Ocean acoustics,What is the bloop?,oceanservice.noaa.gov,verified
FACT-2026-10-23-S15,23,2026-10-23,Folktales are stories told orally and passed by word of mouth among communities and across generations.,15,October,Folktales are orally transmitted community stories,Mythology & Legends,The Library of Congress guide defines folktales as stories told orally and transmitted by word of mouth among communities and across generations.,high,https://guides.loc.gov/folktales-oral-storytelling,Folklore,Introduction - Folktales and Oral Storytelling: Resources in the American Folklife Center Collections - Research Guides at Library of Congress,guides.loc.gov,verified
FACT-2026-10-23-S16,23,2026-10-23,The document presents language as adapting to the environments and communicative needs in which it is used.,16,October,Languages adapt to their communicative environments,Language,The text states that languages or language registers adapt to the environments in which they are used and that language contents change according to human needs.,high,https://pmc.ncbi.nlm.nih.gov/articles/PMC10142271/,Language change,Language: Its Origin and Ongoing Evolution - PMC,pmc.ncbi.nlm.nih.gov,verified
FACT-2026-10-23-S17,23,2026-10-23,Modern light bulbs resulted from a series of improvements based on earlier inventors' ideas rather than from one inventor alone.,17,October,The light bulb resulted from cumulative improvements,Inventions,The Department of Energy says the light bulb cannot be credited to one inventor and developed through small improvements on previous ideas.,high,https://www.energy.gov/articles/history-light-bulb,Electric lighting,The History of the Light Bulb | Department of Energy,www.energy.gov,verified
FACT-2026-10-23-S18,23,2026-10-23,"Germinal centers form in lymph nodes during infection or vaccination, where they help immune cells develop and produce varied, effective antibodies.",18,October,Germinal Center Function,Human Body,These are areas in the lymph nodes... where immune cells go to develop and learn to produce more effective antibodies. Germinal centers form temporarily in response to infection or vaccination.,medium,https://newsinhealth.nih.gov/2023/01/your-bodys-disease-defenses,Immune System,Your Body’s Disease Defenses,newsinhealth.nih.gov,verified
FACT-2026-10-23-S19,23,2026-10-23,"Mount St. Helens had eruptions or lava-dome growth in the late 1700s, 1800–1857, 1980–1986, and 2004–2008.",19,October,Mount St. Helens historical activity,History,The USGS lists these periods of Mount St. Helens eruptions and/or lava-dome growth.,high,https://www.usgs.gov/faqs/how-much-earth-volcanic,U.S. volcanic activity,How much of the Earth is volcanic? | U.S. Geological Survey,www.usgs.gov,verified
FACT-2026-10-23-S20,23,2026-10-23,Iron exposed to oxygen can oxidize and produce reddish or orange colors in rock.,20,October,Iron oxidation produces red and purple rock colors,Geography,Iron will oxidize (or rust) and turn reddish/orange when exposed to oxygen. The red and purple colors in our rocks formed the same way.,medium,https://www.nps.gov/glac/learn/nature/geologicformations.htm,Geology,Geologic Formations - Glacier National Park (U.S. National Park Service),www.nps.gov,verified
FACT-2026-10-24-S01,24,2026-10-24,"WASP-39b is a hot, bloated Saturn-like exoplanet approximately 700 light-years away.",1,October,WASP-39b distance,Space,"NASA describes WASP-39b as a hot, bloated, Saturn-like exoplanet about 700 light-years away.",high,https://science.nasa.gov/solar-system/10-things-planetary-atmospheres/,Exoplanets,10 Things: Planetary Atmospheres - NASA Science,science.nasa.gov,verified
FACT-2026-10-24-S02,24,2026-10-24,Glacier ice is a monomineralic rock composed of the mineral ice.,2,October,Glacier ice as rock,Science,The source calls glacier ice a mono-mineralic rock and identifies ice as its mineral.,high,https://www.usgs.gov/faqs/what-are-igneous-rocks,Mineralogy,What are igneous rocks? | U.S. Geological Survey,www.usgs.gov,verified
FACT-2026-10-24-S03,24,2026-10-24,The International Comparison Program is the mechanism through which PPP rates are derived.,3,October,International Comparison Program,Money & Economics,The source directly states that the ICP is the mechanism used to derive PPP rates.,high,https://datatopics.worldbank.org/world-development-indicators/themes/economy.html,International Comparisons,WDI - Economy,datatopics.worldbank.org,verified
FACT-2026-10-24-S04,24,2026-10-24,Hornfels are known for being exceptionally tough and durable.,4,October,Hornfels durability,Nature,The source explicitly characterizes hornfels as exceptionally tough and durable.,high,https://www.usgs.gov/faqs/what-are-metamorphic-rocks,Geology,What are metamorphic rocks? | U.S. Geological Survey,www.usgs.gov,verified
FACT-2026-10-24-S05,24,2026-10-24,The Sun is a 4.5-billion-year-old yellow dwarf star made primarily of hydrogen and helium.,5,October,The Sun is a star,Space,NASA describes the Sun as a 4.5-billion-year-old yellow dwarf star and a hot glowing ball of hydrogen and helium.,high,https://science.nasa.gov/sun/facts/,Sun,Sun: Facts - NASA Science,science.nasa.gov,verified
FACT-2026-10-24-S06,24,2026-10-24,"The mineral ice is the crystalline form of water, H2O.",6,October,Chemical identity of ice,Science,The source states that the mineral ice is the crystalline form of water (H2O).,high,https://www.usgs.gov/faqs/what-are-igneous-rocks,Mineralogy,What are igneous rocks? | U.S. Geological Survey,www.usgs.gov,verified
FACT-2026-10-24-S07,24,2026-10-24,The International Comparison Program coordinates collection of common-basket price data in around 200 countries.,7,October,ICP price-data coverage,Money & Economics,The source says the ICP collects price data for a common basket of goods and services in around 200 countries.,high,https://datatopics.worldbank.org/world-development-indicators/themes/economy.html,International Comparisons,WDI - Economy,datatopics.worldbank.org,verified
FACT-2026-10-24-S08,24,2026-10-24,Marble is a metamorphic rock used in sculpture and architecture.,8,October,Marble uses,Nature,The source calls marble a famous metamorphic rock known for use in sculpture and architecture.,high,https://www.usgs.gov/faqs/what-are-metamorphic-rocks,Geology,What are metamorphic rocks? | U.S. Geological Survey,www.usgs.gov,verified
FACT-2026-10-24-S09,24,2026-10-24,"Table salt is sodium chloride, consisting of 40% sodium and 60% chloride.",9,October,Composition of table salt,Food,The CDC identifies salt as sodium chloride and states that sodium chloride is 40% sodium and 60% chloride.,high,https://www.cdc.gov/salt/about/index.html,Salt Chemistry,About Sodium and Health | Salt | CDC,www.cdc.gov,verified
FACT-2026-10-24-S10,24,2026-10-24,Preventing infections through handwashing can reduce antibiotic use and the likelihood that antibiotic resistance will develop.,10,October,Handwashing and antibiotic resistance,Everyday Life,The CDC says preventing sickness reduces antibiotic use and the likelihood that antibiotic resistance will develop.,high,https://www.cdc.gov/clean-hands/data-research/facts-stats/index.html,Hand Hygiene,Handwashing Facts | Clean Hands | CDC,www.cdc.gov,verified
FACT-2026-10-24-S11,24,2026-10-24,Vertebrates are animals with backbones.,11,October,Vertebrate definition,Animals,Britannica defines vertebrates as animals that have backbones.,high,https://www.britannica.com/animal/animal,Animal classification,"Animal | Definition, Types, & Facts | Britannica",www.britannica.com,verified
FACT-2026-10-24-S12,24,2026-10-24,Göbekli Tepe was inscribed on the UNESCO World Heritage List in 2018.,12,October,Göbekli Tepe's inscription,Ancient Civilizations,The UNESCO page lists the Date of Inscription as 2018.,high,https://whc.unesco.org/en/list/1572/,World Heritage,Göbekli Tepe - UNESCO World Heritage Centre,whc.unesco.org,verified
FACT-2026-10-24-S13,24,2026-10-24,Corals build the largest structures of biological origin on Earth.,13,October,Coral reefs as biological structures,World Records & Extremes,"NOAA states that coral, with help from plant-like algae, builds the largest structures of biological origin on Earth.",high,https://oceanservice.noaa.gov/ocean/corals/,Biological structures,Coral Reefs,oceanservice.noaa.gov,verified
FACT-2026-10-24-S14,24,2026-10-24,More than half of the components in a mobile device are made from mined and semiprocessed materials called mineral commodities.,14,October,Minerals in mobile devices,Technology,"The source says more than one-half of all components in a mobile device, including electronics, display, battery, and speakers, are made from mined and semiprocessed materials.",medium,https://www.usgs.gov/faqs/what-difference-between-a-rock-and-a-mineral,Consumer Electronics,What is the difference between a rock and a mineral? | U.S. Geological Survey,www.usgs.gov,verified
FACT-2026-10-24-S15,24,2026-10-24,Functional neuroanatomy suggests that encoding implicit emotional memories centers around the amygdala.,15,October,The amygdala is involved in implicit emotional memory,Psychology,Functional neuroanatomy suggests that the encoding process for implicit emotional memories centers around the amygdala in the subcortical portions of the limbic system.,medium,https://dictionary.apa.org/emotional-memory,Memory and Neuroscience,APA Dictionary of Psychology,dictionary.apa.org,verified
FACT-2026-10-24-S16,24,2026-10-24,St. Elmo's Fire is a colorful discharge of atmospheric electricity that can occur when a sharp object encounters an extraordinarily high electrical field.,16,October,St. Elmo's Fire is atmospheric electricity,Ocean & Marine,NOAA describes St. Elmo's Fire as atmospheric electrical discharge in which electrons can glow in various colors.,high,https://oceanservice.noaa.gov/ocean/weird-ocean-weather.html,Ocean phenomena,Weird Ocean Phenomena,oceanservice.noaa.gov,verified
FACT-2026-10-24-S17,24,2026-10-24,"Folktales may be spoken or sung, including within bardic traditions and other storytelling traditions.",17,October,Folktales can be spoken or sung,Mythology & Legends,"The guide explicitly states that folktales can be spoken or sung and gives Gaelic, Celtic, and Bengali storytelling examples.",high,https://guides.loc.gov/folktales-oral-storytelling,Oral traditions,Introduction - Folktales and Oral Storytelling: Resources in the American Folklife Center Collections - Research Guides at Library of Congress,guides.loc.gov,verified
FACT-2026-10-24-S18,24,2026-10-24,"Text-speak uses shorthand, abbreviations, and symbols in text-based communication and is described as an additional form of communication rather than a replacement for spoken or written language.",18,October,Text-speak is an additional communication form,Language,"The document defines text-speak by its shorthand, abbreviations, and symbols and explicitly says digital communication is not a replacement for spoken or written language.",high,https://pmc.ncbi.nlm.nih.gov/articles/PMC10142271/,Online language,Language: Its Origin and Ongoing Evolution - PMC,pmc.ncbi.nlm.nih.gov,verified
FACT-2026-10-24-S19,24,2026-10-24,Thomas Edison patented his incandescent light bulb first in 1879 and again in 1880.,19,October,Edison patented his incandescent bulb in 1879 and 1880,Inventions,The source states that Edison patented his incandescent light bulb first in 1879 and then a year later in 1880.,high,https://www.energy.gov/articles/history-light-bulb,Incandescent lighting,The History of the Light Bulb | Department of Energy,www.energy.gov,verified
FACT-2026-10-24-S20,24,2026-10-24,"Across the languages studied, language-related brain responses were stronger and more spatially extensive in left-hemisphere language regions than in corresponding right-hemisphere regions.",20,October,Language processing is generally left-lateralized,Human Body,"The study reports stronger Native-language>Degraded-language effects in left-hemisphere regions than right-hemisphere regions, with 2.13 versus 1.47 percent BOLD signal change and 318.2 versus 203.5 activated voxels.",high,https://doi.org/10.1038/s41593-022-01114-5,Brain,An investigation across 45 languages and 12 language families reveals a universal language network,doi.org,verified
FACT-2026-10-25-S01,25,2026-10-25,The Sun is the only star in our solar system.,1,October,The Sun is the solar system’s only star,Space,NASA explicitly states that the Sun is the only star in our solar system.,high,https://science.nasa.gov/sun/facts/,Solar System,Sun: Facts - NASA Science,science.nasa.gov,verified
FACT-2026-10-25-S02,25,2026-10-25,Most glacier ice forms through metamorphism of tens of thousands of snowflakes into ice crystals.,2,October,Formation of glacier ice,Science,The source says most glacier ice forms through metamorphism of tens of thousands of individual snowflakes into glacier-ice crystals.,high,https://www.usgs.gov/faqs/what-are-igneous-rocks,Glaciology,What are igneous rocks? | U.S. Geological Survey,www.usgs.gov,verified
FACT-2026-10-25-S03,25,2026-10-25,Adjusted net savings approximates changes in wealth over time.,3,October,Adjusted net savings purpose,Money & Economics,The source says ANS was developed as an indicator to approximate change in wealth.,high,https://datatopics.worldbank.org/world-development-indicators/themes/economy.html,Adjusted Net Savings,WDI - Economy,datatopics.worldbank.org,verified
FACT-2026-10-25-S04,25,2026-10-25,Metasedimentary rocks occur in the Apple Creek Formation in east-central Idaho.,4,October,Metamorphic rock example in Idaho,Nature,The source describes metasedimentary rocks of the Apple Creek Formation in east-central Idaho.,high,https://www.usgs.gov/faqs/what-are-metamorphic-rocks,Geology,What are metamorphic rocks? | U.S. Geological Survey,www.usgs.gov,verified
FACT-2026-10-25-S05,25,2026-10-25,"The Sun is at the center of the solar system, and its gravity holds the system together.",5,October,The Sun is at the center of the solar system,Space,NASA states that the Sun is the center of the solar system and that its gravity holds the solar system together.,high,https://science.nasa.gov/sun/facts/,Solar System,Sun: Facts - NASA Science,science.nasa.gov,verified
FACT-2026-10-25-S06,25,2026-10-25,Obsidian is a dark volcanic glass.,6,October,Obsidian composition,Science,"The source describes the Yellowstone flow as consisting of obsidian, a dark volcanic glass.",high,https://www.usgs.gov/faqs/what-are-igneous-rocks,Volcanology,What are igneous rocks? | U.S. Geological Survey,www.usgs.gov,verified
FACT-2026-10-25-S07,25,2026-10-25,"Adjusted net savings starts with gross national savings and adjusts for education spending, fixed-capital consumption, depletion of subsoil assets and forests, and pollution damages.",7,October,Adjusted net savings calculation,Money & Economics,The source lists these gains and losses as components of ANS adjustments.,high,https://datatopics.worldbank.org/world-development-indicators/themes/economy.html,Adjusted Net Savings,WDI - Economy,datatopics.worldbank.org,verified
FACT-2026-10-25-S08,25,2026-10-25,"Garnet is mostly used for abrasives, water filtration, and some electronics.",8,October,Garnet uses,Nature,"The Garnet Schist entry lists abrasives, water filtration, and some electronics as primary garnet uses.",high,https://www.usgs.gov/faqs/what-are-metamorphic-rocks,Geology,What are metamorphic rocks? | U.S. Geological Survey,www.usgs.gov,verified
FACT-2026-10-25-S09,25,2026-10-25,"Lassen Peak erupted on May 21, 1915, after steam blasts began on May 30, 1914.",9,October,Lassen Peak 1915 eruption,History,The source gives the dates of the steam blasts and subsequent Lassen Peak eruption.,high,https://www.usgs.gov/faqs/how-much-earth-volcanic,U.S. volcanic activity,How much of the Earth is volcanic? | U.S. Geological Survey,www.usgs.gov,verified
FACT-2026-10-25-S10,25,2026-10-25,The western United States is much more rugged than the eastern United States.,10,October,The western United States is more rugged than the East,Geography,The National Park Service identifies greater ruggedness in the western United States as one of two apparent patterns on its shaded relief map.,high,https://www.nps.gov/subjects/geology/plate-tectonics.htm,United States landscapes,Plate Tectonics & Our National Parks - Geology (U.S. National Park Service),www.nps.gov,verified
FACT-2026-10-25-S11,25,2026-10-25,"One teaspoon of table salt contains about 2,400 milligrams of sodium.",11,October,Sodium in a teaspoon of salt,Food,"The CDC states that one teaspoon of table salt contains about 2,400 milligrams of sodium.",high,https://www.cdc.gov/salt/about/index.html,Salt Chemistry,About Sodium and Health | Salt | CDC,www.cdc.gov,verified
FACT-2026-10-25-S12,25,2026-10-25,Water temperature does not appear to affect germ removal during handwashing.,12,October,Water temperature and germ removal,Everyday Life,The CDC states that water temperature does not appear to affect germ removal.,high,https://www.cdc.gov/clean-hands/data-research/facts-stats/index.html,Hand Hygiene,Handwashing Facts | Clean Hands | CDC,www.cdc.gov,verified
FACT-2026-10-25-S13,25,2026-10-25,Invertebrates are animals without backbones.,13,October,Invertebrate definition,Animals,Britannica defines invertebrates as animals that do not have backbones.,high,https://www.britannica.com/animal/animal,Animal classification,"Animal | Definition, Types, & Facts | Britannica",www.britannica.com,verified
FACT-2026-10-25-S14,25,2026-10-25,"The formation of cities in southern Mesopotamia, including Uruk, was a defining development of the third millennium B.C.",14,October,Urban civilization in southern Mesopotamia,Ancient Civilizations,The text calls the formation of cities in southern Mesopotamia an urban revolution and identifies it as a defining moment in human history.,high,https://www.metmuseum.org/essays/art-of-the-first-cities-in-the-third-millennium-b-c,Mesopotamia,Art of the First Cities in the Third Millennium B.C. - The Metropolitan Museum of Art,www.metmuseum.org,verified
FACT-2026-10-25-S15,25,2026-10-25,Mauna Loa is the largest active volcano on Earth.,15,October,Largest active volcano,World Records & Extremes,The USGS caption identifies Mauna Loa as the largest active volcano on Earth.,high,https://www.usgs.gov/faqs/how-much-earth-volcanic,Volcanoes,How much of the Earth is volcanic? | U.S. Geological Survey,www.usgs.gov,verified
FACT-2026-10-25-S16,25,2026-10-25,Detailed geologic mapping has not been completed for the entire United States.,16,October,Incomplete U.S. geologic mapping,Technology,The source explicitly states that detailed geologic mapping has not been completed for the entire United States.,high,https://www.usgs.gov/faqs/what-are-igneous-rocks,Geological Mapping,What are igneous rocks? | U.S. Geological Survey,www.usgs.gov,verified
FACT-2026-10-25-S17,25,2026-10-25,"Encoding explicit emotional memories involves cortical regions of the limbic system, including the hippocampus.",17,October,The hippocampus is involved in explicit emotional memory,Psychology,"Encoding of explicit emotional memories involves the cortical regions of the limbic system, such as the hippocampus.",medium,https://dictionary.apa.org/emotional-memory,Memory and Neuroscience,APA Dictionary of Psychology,dictionary.apa.org,verified
FACT-2026-10-25-S18,25,2026-10-25,A phenomenon that resembles a tsunami can actually be a massive amount of fog formed when warm air condenses over cool ocean water.,18,October,A fog tsunami is a massive fog bank,Ocean & Marine,NOAA explains that a fog tsunami appearance is created by condensation from warm air merging with cool ocean water.,high,https://oceanservice.noaa.gov/ocean/weird-ocean-weather.html,Weather phenomena,Weird Ocean Phenomena,oceanservice.noaa.gov,verified
FACT-2026-10-25-S19,25,2026-10-25,"The Library of Congress identifies stories, myths, legends, jokes, fan literature, memes, proverbs, folk poetry, and cowboy poetry as genres within narrative and verbal arts.",19,October,Folklore includes multiple narrative genres,Mythology & Legends,The guide quotes the American Folklife Center collection policy listing these genres.,high,https://guides.loc.gov/folktales-oral-storytelling,Folklore genres,Introduction - Folktales and Oral Storytelling: Resources in the American Folklife Center Collections - Research Guides at Library of Congress,guides.loc.gov,verified
FACT-2026-10-25-S20,25,2026-10-25,"Common online shortcuts include abbreviations such as “prof,” initialisms and acronyms such as “LOL” and “ASAP,” and alphanumeronyms such as “CUL8R.”",20,October,Online communication includes specialized shortcuts,Language,The document lists these examples as prevalent features of netspeak.,high,https://pmc.ncbi.nlm.nih.gov/articles/PMC10142271/,Netspeak,Language: Its Origin and Ongoing Evolution - PMC,pmc.ncbi.nlm.nih.gov,verified
FACT-2026-10-26-S01,26,2026-10-26,"The Sun is about 93 million miles, or 150 million kilometers, from Earth.",1,October,Earth–Sun distance,Space,NASA gives the Sun’s distance from Earth as about 93 million miles (150 million kilometers).,high,https://science.nasa.gov/sun/facts/,Sun,Sun: Facts - NASA Science,science.nasa.gov,verified
FACT-2026-10-26-S02,26,2026-10-26,"Yellowstone's Obsidian Cliff exposes the interior of a thick rhyolite lava flow that erupted about 180,000 years ago.",2,October,Obsidian Cliff lava flow,Science,"The source states that Obsidian Cliff exposes the interior of a thick rhyolite lava flow erupted about 180,000 years ago.",high,https://www.usgs.gov/faqs/what-are-igneous-rocks,Volcanology,What are igneous rocks? | U.S. Geological Survey,www.usgs.gov,verified
FACT-2026-10-26-S03,26,2026-10-26,Negative adjusted net savings may indicate that wealth is being run down.,3,October,Meaning of negative adjusted net savings,Money & Economics,The source states that negative ANS may indicate wealth is being run down.,high,https://datatopics.worldbank.org/world-development-indicators/themes/economy.html,Adjusted Net Savings,WDI - Economy,datatopics.worldbank.org,verified
FACT-2026-10-26-S04,26,2026-10-26,Yosemite’s landscape was shaped largely by glacial erosion of underlying granite.,4,October,Glacial erosion shaped Yosemite’s landscape,Nature,The document says Yosemite’s landscape is a product of glacial erosion of the underlying granite.,high,https://www.nps.gov/yose/learn/nature/geology.htm,Glaciation,Geology - Yosemite National Park (U.S. National Park Service),www.nps.gov,verified
FACT-2026-10-26-S05,26,2026-10-26,The Sun is about 100 times wider than Earth.,5,October,The Sun is wider than Earth,Space,NASA states that the Sun is about 100 times wider than Earth.,high,https://science.nasa.gov/sun/facts/,Sun,Sun: Facts - NASA Science,science.nasa.gov,verified
FACT-2026-10-26-S06,26,2026-10-26,The vertical columns at Obsidian Cliff are cooling fractures formed as the thick lava flow cooled and crystallized.,6,October,Cooling fractures,Science,The source identifies the vertical columns as cooling fractures formed during cooling and crystallization of the lava flow.,high,https://www.usgs.gov/faqs/what-are-igneous-rocks,Volcanology,What are igneous rocks? | U.S. Geological Survey,www.usgs.gov,verified
FACT-2026-10-26-S07,26,2026-10-26,Positive adjusted net savings may indicate that wealth is growing.,7,October,Meaning of positive adjusted net savings,Money & Economics,The source states that positive ANS may indicate wealth is growing.,high,https://datatopics.worldbank.org/world-development-indicators/themes/economy.html,Adjusted Net Savings,WDI - Economy,datatopics.worldbank.org,verified
FACT-2026-10-26-S08,26,2026-10-26,"Glaciers can transform narrow, V-shaped river valleys into broader U-shaped valleys with steep walls and relatively flat floors.",8,October,Glaciers create U-shaped valleys,Nature,"The document describes glaciers converting narrow, V-shaped, river-carved canyons into broader U-shaped valleys.",high,https://www.nps.gov/yose/learn/nature/geology.htm,Glacial Landforms,Geology - Yosemite National Park (U.S. National Park Service),www.nps.gov,verified
FACT-2026-10-26-S09,26,2026-10-26,Edison developed the screw fitting now used as a standard socket fitting for light bulbs.,9,October,Edison developed the Edison screw socket,Inventions,The source identifies Edison's screw as the standard socket fitting for light bulbs.,high,https://www.energy.gov/articles/history-light-bulb,Electrical systems,The History of the Light Bulb | Department of Energy,www.energy.gov,verified
FACT-2026-10-26-S10,26,2026-10-26,The language regions showed significantly greater responses to intact native-language passages than to acoustically degraded native-language passages or passages in an unfamiliar language.,10,October,Language regions respond more strongly to meaningful language than degraded or unfamiliar speech,Human Body,"Across languages, the native-language condition elicited a greater response than both degraded-language and unfamiliar-language conditions, with reported t(44)=21.0 and p<0.001 for both comparisons.",high,https://doi.org/10.1038/s41593-022-01114-5,Brain,An investigation across 45 languages and 12 language families reveals a universal language network,doi.org,verified
FACT-2026-10-26-S11,26,2026-10-26,Minor activity at Lassen Peak continued through the middle of 1917.,11,October,Lassen Peak activity after 1915,History,The USGS states that minor activity continued through the middle of 1917.,high,https://www.usgs.gov/faqs/how-much-earth-volcanic,U.S. volcanic activity,How much of the Earth is volcanic? | U.S. Geological Survey,www.usgs.gov,verified
FACT-2026-10-26-S12,26,2026-10-26,The Sierra Nevada is the largest fault-block mountain range in the United States.,12,October,The Sierra Nevada is a fault-block mountain range,Geography,"Yosemite is located within the heart of the Sierra Nevada, described as the largest fault-block mountain range in the United States.",high,https://www.nps.gov/yose/learn/nature/geology.htm,Mountain Ranges,Geology - Yosemite National Park (U.S. National Park Service),www.nps.gov,verified
FACT-2026-10-26-S13,26,2026-10-26,"Common sodium-containing food ingredients include monosodium glutamate, sodium bicarbonate, and sodium nitrate.",13,October,Common sodium-containing ingredients,Food,"The CDC lists monosodium glutamate, sodium bicarbonate, and sodium nitrate as sodium-containing ingredients.",high,https://www.cdc.gov/salt/about/index.html,Sodium Compounds,About Sodium and Health | Salt | CDC,www.cdc.gov,verified
FACT-2026-10-26-S14,26,2026-10-26,Soap is more effective than water alone for handwashing because its surfactants lift soil and microbes from skin.,14,October,Soap versus water alone,Everyday Life,The CDC explains that soap surfactants lift soil and microbes and that soap is more effective than water alone.,high,https://www.cdc.gov/clean-hands/data-research/facts-stats/index.html,Hand Hygiene,Handwashing Facts | Clean Hands | CDC,www.cdc.gov,verified
FACT-2026-10-26-S15,26,2026-10-26,"Nikola Tesla was born on July 10, 1856, in the Austrian Empire, in territory that is now Croatia.",15,October,Nikola Tesla was born in the Austrian Empire in 1856,Country Facts,"The source gives Tesla's birth date and identifies his birthplace as the Austrian Empire, now Croatia.",high,https://www.energy.gov/articles/top-11-things-you-didnt-know-about-nikola-tesla,Nikola Tesla,Top 11 Things You Didn't Know About Nikola Tesla | Department of Energy,www.energy.gov,verified
FACT-2026-10-26-S16,26,2026-10-26,The National Zoological Park's living collection represents nearly 400 species.,16,October,National Zoological Park living collection,Animals,The source states that the Zoo's living collection represents nearly 400 species.,high,https://www.si.edu/newsdesk/factsheets/smithsonian-collections,Zoos and conservation,Untitled source,www.si.edu,verified
FACT-2026-10-26-S17,26,2026-10-26,The growth of Mesopotamian cities stimulated major inventions such as writing.,17,October,Writing in early Mesopotamia,Ancient Civilizations,"The source states that cities such as Uruk stimulated great inventions, including writing.",high,https://www.metmuseum.org/essays/art-of-the-first-cities-in-the-third-millennium-b-c,Writing,Art of the First Cities in the Third Millennium B.C. - The Metropolitan Museum of Art,www.metmuseum.org,verified
FACT-2026-10-26-S18,26,2026-10-26,About 90% of the world's earthquakes occur in the Ring of Fire.,18,October,Most earthquakes occur in the Ring of Fire,World Records & Extremes,The source states that about 90% of the world's earthquakes occur in the Ring of Fire.,high,https://www.usgs.gov/faqs/how-much-earth-volcanic,Earthquakes,How much of the Earth is volcanic? | U.S. Geological Survey,www.usgs.gov,verified
FACT-2026-10-26-S19,26,2026-10-26,Geologic maps are available for most locations in the United States.,19,October,Availability of U.S. geologic maps,Technology,The source states that maps are available for most U.S. locations.,high,https://www.usgs.gov/faqs/what-are-igneous-rocks,Geological Mapping,What are igneous rocks? | U.S. Geological Survey,www.usgs.gov,verified
FACT-2026-10-26-S20,26,2026-10-26,Research described by the American Psychological Association indicates that emotions can strengthen and shape memory and recall.,20,October,Emotions can influence memory recall,Psychology,New research suggests that emotions can strengthen and shape memory. More than two decades of experimental evidence has led many psychologists to posit that emotions can enhance memory and recall.,medium,https://www.apa.org/monitor/sep05/feelings,Memory,Feelings' sway over memory,www.apa.org,verified
FACT-2026-10-27-S01,27,2026-10-27,The Sun is about 10 times wider than Jupiter.,1,October,The Sun is wider than Jupiter,Space,NASA states that the Sun is about 10 times wider than Jupiter.,high,https://science.nasa.gov/sun/facts/,Sun,Sun: Facts - NASA Science,science.nasa.gov,verified
FACT-2026-10-27-S02,27,2026-10-27,The Huckleberry Ridge Tuff deposit at Yellowstone was created by ash falling from an eruption plume 2.08 million years ago.,2,October,Huckleberry Ridge Tuff age,Science,The source says the deposit was created by ash falling from the plume early in an eruption sequence 2.08 million years ago.,high,https://www.usgs.gov/faqs/what-are-igneous-rocks,Volcanology,What are igneous rocks? | U.S. Geological Survey,www.usgs.gov,verified
FACT-2026-10-27-S03,27,2026-10-27,The balance of payments summarizes transactions between residents and nonresidents.,3,October,Balance of payments definition,Money & Economics,The source directly defines the balance of payments this way.,high,https://datatopics.worldbank.org/world-development-indicators/themes/economy.html,Balance of Payments,WDI - Economy,datatopics.worldbank.org,verified
FACT-2026-10-27-S04,27,2026-10-27,"The most recent major glaciation in Yosemite, known locally as the Tioga Glaciation, began about 26,000 years ago and reached its maximum extent about 18,000 years ago.",4,October,"The Tioga Glaciation began about 26,000 years ago",Nature,The document provides the approximate beginning and maximum extent dates for the Tioga Glaciation.,high,https://www.nps.gov/yose/learn/nature/geology.htm,Glaciation,Geology - Yosemite National Park (U.S. National Park Service),www.nps.gov,verified
FACT-2026-10-27-S05,27,2026-10-27,The Sun is the largest object in the solar system.,5,October,The Sun is the solar system’s largest object,Space,NASA explicitly identifies the Sun as the largest object in the solar system.,high,https://science.nasa.gov/sun/facts/,Sun,Sun: Facts - NASA Science,science.nasa.gov,verified
FACT-2026-10-27-S06,27,2026-10-27,Recently crusted pāhoehoe lava can have a ropey surface texture.,6,October,Pāhoehoe texture,Science,The source describes and depicts the ropey texture of a recently crusted pāhoehoe flow.,high,https://www.usgs.gov/faqs/what-are-igneous-rocks,Volcanology,What are igneous rocks? | U.S. Geological Survey,www.usgs.gov,verified
FACT-2026-10-27-S07,27,2026-10-27,"The balance of payments consists of goods and services, primary income, secondary income, capital, and financial accounts.",7,October,Balance of payments accounts,Money & Economics,The source lists these five accounts as components of the balance of payments.,high,https://datatopics.worldbank.org/world-development-indicators/themes/economy.html,Balance of Payments,WDI - Economy,datatopics.worldbank.org,verified
FACT-2026-10-27-S08,27,2026-10-27,Glaciers transport and deposit features such as moraines and erratic boulders.,8,October,Glaciers produce moraines and erratics,Nature,The document describes moraines and erratics as glacial deposits and defines erratics as boulders transported by glaciers and left behind as ice melted.,high,https://www.nps.gov/yose/learn/nature/geology.htm,Glacial Features,Geology - Yosemite National Park (U.S. National Park Service),www.nps.gov,verified
FACT-2026-10-27-S09,27,2026-10-27,Meteotsunamis are tsunami-like waves caused by air-pressure disturbances often associated with fast-moving weather systems.,9,October,Meteotsunamis are caused by atmospheric disturbances,Ocean & Marine,NOAA states that meteotsunamis result from air-pressure disturbances and can become dangerous in shallow water.,high,https://oceanservice.noaa.gov/ocean/weird-ocean-weather.html,Weather phenomena,Weird Ocean Phenomena,oceanservice.noaa.gov,verified
FACT-2026-10-27-S10,27,2026-10-27,"The Library of Congress guide states that oral storytelling can take forms including folktales, tall tales, and myths.",10,October,Oral storytelling takes many forms,Mythology & Legends,"The guide refers readers to National Geographic Education material discussing the universality of storytelling and its forms, including folk tales, tall tales, and myths.",high,https://guides.loc.gov/american-tall-tales-and-folk-heroes/definitions,Storytelling traditions,"Defining Tall Tales, Folktales, and Other Terms - American Tall Tales and Folk Heroes : A Guide for Middle School Students - Research Guides at Library of Congress",guides.loc.gov,verified
FACT-2026-10-27-S11,27,2026-10-27,The source of the Sun’s coronal heating remains a major unsolved problem.,11,October,Coronal heating is an unsolved puzzle,Mystery & Unexplained,NASA calls the corona’s greater heat than the layers below it one of the Sun’s biggest mysteries and says its source is unsolved.,high,https://science.nasa.gov/sun/facts/,Solar Physics,Sun: Facts - NASA Science,science.nasa.gov,verified
FACT-2026-10-27-S12,27,2026-10-27,The document describes Zipf’s law of brevity as the tendency for more frequent words to be shorter and rarer words to be longer.,12,October,More frequent words tend to be shorter,Language,The text explicitly states that frequent words tend to be shorter while rare words tend to be longer.,high,https://pmc.ncbi.nlm.nih.gov/articles/PMC10142271/,Zipf's law,Language: Its Origin and Ongoing Evolution - PMC,pmc.ncbi.nlm.nih.gov,verified
FACT-2026-10-27-S13,27,2026-10-27,"In 1962, Nick Holonyak Jr. invented the first visible-spectrum LED in the form of red diodes.",13,October,Nick Holonyak invented the first visible-spectrum LED,Inventions,The source states that Holonyak invented the first visible-spectrum LED in 1962 and that it used red diodes.,high,https://www.energy.gov/articles/history-light-bulb,LED lighting,The History of the Light Bulb | Department of Energy,www.energy.gov,verified
FACT-2026-10-27-S14,27,2026-10-27,"During naturalistic story comprehension, regions within the left-hemisphere language network showed strong positive functional correlations.",14,October,Language-network regions show correlated activity during story comprehension,Human Body,"The study reports an average left-hemisphere within-network correlation of r=0.52 during story comprehension, reliably greater than zero.",high,https://doi.org/10.1038/s41593-022-01114-5,Brain Connectivity,An investigation across 45 languages and 12 language families reveals a universal language network,doi.org,verified
FACT-2026-10-27-S15,27,2026-10-27,Pangea was a single continent that existed from about 300 to 200 million years ago.,15,October,Pangea existed roughly 300 to 200 million years ago,History,The source places Pangea from about 300–200 million years ago and calls it a single continent.,high,https://www.usgs.gov/faqs/how-fast-do-tectonic-plates-move,Supercontinents,How fast do tectonic plates move? | U.S. Geological Survey,www.usgs.gov,verified
FACT-2026-10-27-S16,27,2026-10-27,"Mount Whitney is 14,505 feet tall and is the highest peak in the Sierra Nevada and the continental United States.",16,October,Mount Whitney is the highest peak in the contiguous United States,Geography,"The document identifies 14,505-foot Mount Whitney in Sequoia National Park as the highest peak in the Sierra Nevada and the continental United States.",high,https://www.nps.gov/yose/learn/nature/geology.htm,Mountains,Geology - Yosemite National Park (U.S. National Park Service),www.nps.gov,verified
FACT-2026-10-27-S17,27,2026-10-27,"Frequent consumption of sugar-sweetened beverages is associated with weight gain, obesity, type 2 diabetes, heart disease, non-alcoholic liver disease, tooth decay, and gout.",17,October,Health Risks of Sugar-Sweetened Beverages,Food,"Frequently drinking SSBs is associated with weight gain, obesity, type 2 diabetes, heart disease, non-alcoholic liver disease, tooth decay and cavities, and gout, a type of arthritis.",medium,https://www.cdc.gov/nutrition/php/data-research/sugar-sweetened-beverages.html,Nutrition,Fast Facts: Sugar-Sweetened Beverage Consumption | Nutrition | CDC,www.cdc.gov,verified
FACT-2026-10-27-S18,27,2026-10-27,Washing hands for about 15–30 seconds removes more germs than washing for shorter periods.,18,October,Recommended handwashing duration,Everyday Life,The CDC says evidence suggests washing for about 15–30 seconds removes more germs than shorter washing.,high,https://www.cdc.gov/clean-hands/data-research/facts-stats/index.html,Hand Hygiene,Handwashing Facts | Clean Hands | CDC,www.cdc.gov,verified
FACT-2026-10-27-S19,27,2026-10-27,"Air conditioning is installed in nearly 100 million U.S. homes, representing 87 percent of American households according to the cited Energy Information Administration figure.",19,October,Air conditioning is installed in nearly 100 million American homes,Country Facts,The source gives the figure of nearly 100 million American homes and identifies that as 87 percent of households.,high,https://www.energy.gov/articles/history-air-conditioning,Air conditioning,History of Air Conditioning | Department of Energy,www.energy.gov,verified
FACT-2026-10-27-S20,27,2026-10-27,About one quarter of the National Zoological Park's represented species are endangered or threatened.,20,October,Threatened species at the National Zoological Park,Animals,The source says that about a quarter of the Zoo's nearly 400 represented species are endangered or threatened.,high,https://www.si.edu/newsdesk/factsheets/smithsonian-collections,Zoos and conservation,Untitled source,www.si.edu,verified
FACT-2026-10-28-S01,28,2026-10-28,"The Sun’s diameter is about 865,000 miles, or 1.4 million kilometers.",1,October,The Sun’s diameter,Space,"NASA gives the Sun’s diameter as about 865,000 miles (1.4 million kilometers).",high,https://science.nasa.gov/sun/facts/,Sun,Sun: Facts - NASA Science,science.nasa.gov,verified
FACT-2026-10-28-S02,28,2026-10-28,The crust of a pāhoehoe lava flow can act as a natural insulator while lava continues moving beneath it.,2,October,Pāhoehoe lava insulation,Science,The source describes the recently crusted flow's strength as a natural insulator and says lava was no longer moving under the crust in the photographed example.,medium,https://www.usgs.gov/faqs/what-are-igneous-rocks,Volcanology,What are igneous rocks? | U.S. Geological Survey,www.usgs.gov,verified
FACT-2026-10-28-S03,28,2026-10-28,"The current account balance is the sum of net exports of goods and services, net primary income, and net secondary income.",3,October,Current account balance components,Money & Economics,The source provides this formula for the current account balance.,high,https://datatopics.worldbank.org/world-development-indicators/themes/economy.html,Current Account,WDI - Economy,datatopics.worldbank.org,verified
FACT-2026-10-28-S04,28,2026-10-28,Sediment embedded in moving glacial ice can polish granite and leave linear scratches called glacial striations.,4,October,Glacial striations are scratches on bedrock,Nature,The document states that sediment embedded in ice polishes granite and leaves linear scratches called glacial striations.,high,https://www.nps.gov/yose/learn/nature/geology.htm,Glacial Features,Geology - Yosemite National Park (U.S. National Park Service),www.nps.gov,verified
FACT-2026-10-28-S05,28,2026-10-28,"The Sun’s radius is about 435,000 miles, or 700,000 kilometers.",5,October,The Sun’s radius,Space,"NASA gives the Sun’s radius as about 435,000 miles (700,000 kilometers).",high,https://science.nasa.gov/sun/facts/,Sun,Sun: Facts - NASA Science,science.nasa.gov,verified
FACT-2026-10-28-S06,28,2026-10-28,"Distributed volcanic fields occur on every continent, on seafloors, and in every tectonic setting on Earth.",6,October,Volcanic fields distribution,Science,"The source states that distributed volcanic fields are found on every continent, on the seafloors, and in every tectonic setting on Earth.",high,https://www.usgs.gov/faqs/what-are-igneous-rocks,Volcanology,What are igneous rocks? | U.S. Geological Survey,www.usgs.gov,verified
FACT-2026-10-28-S07,28,2026-10-28,The current account balance is a useful indicator of an external imbalance.,7,October,Current account as imbalance indicator,Money & Economics,The source explicitly characterizes the current account balance as a useful external-imbalance indicator.,high,https://datatopics.worldbank.org/world-development-indicators/themes/economy.html,Current Account,WDI - Economy,datatopics.worldbank.org,verified
FACT-2026-10-28-S08,28,2026-10-28,"When glaciers retreat, tributary valleys may remain elevated above main valleys, causing their streams to descend as waterfalls.",8,October,Hanging valleys can produce waterfalls,Nature,The document explains that glacially formed hanging tributary valleys cause streams to pitch into main valleys as waterfalls.,high,https://www.nps.gov/yose/learn/nature/geology.htm,Waterfalls,Geology - Yosemite National Park (U.S. National Park Service),www.nps.gov,verified
FACT-2026-10-28-S09,28,2026-10-28,The Akkadian kings created what the source describes as the world's first empire.,9,October,Akkadian Empire,Ancient Civilizations,The source says Sargon's Akkadian dynasty established a political center in southern Mesopotamia and that the Akkadian kings created the world's first empire.,high,https://www.metmuseum.org/essays/art-of-the-first-cities-in-the-third-millennium-b-c,Empires,Art of the First Cities in the Third Millennium B.C. - The Metropolitan Museum of Art,www.metmuseum.org,verified
FACT-2026-10-28-S10,28,2026-10-28,"Neptune is the windiest planet in the solar system, with winds exceeding 1,200 miles per hour.",10,October,Neptune's winds,World Records & Extremes,"NASA calls Neptune the windiest planet and reports wind speeds surpassing 1,200 mph.",high,https://science.nasa.gov/solar-system/10-things-planetary-atmospheres/,Planetary Weather,10 Things: Planetary Atmospheres - NASA Science,science.nasa.gov,verified
FACT-2026-10-28-S11,28,2026-10-28,The National Geologic Map Database lists geologic maps at many scales and from many sources.,11,October,National Geologic Map Database,Technology,The source says geologic maps at many scales and from many sources are listed in the National Geologic Map Database.,high,https://www.usgs.gov/faqs/what-are-igneous-rocks,Geological Mapping,What are igneous rocks? | U.S. Geological Survey,www.usgs.gov,verified
FACT-2026-10-28-S12,28,2026-10-28,Negative emotion can narrow attention and memory toward particular details.,12,October,Negative emotion can narrow attention,Psychology,"People who witness an armed robbery often demonstrate how negative emotion can narrow attention and memory. Negative emotions tended to act like a narrow highlighter, accentuating particular details at the expense of others.",medium,https://www.apa.org/monitor/sep05/feelings,Attention and Memory,Feelings' sway over memory,www.apa.org,verified
FACT-2026-10-28-S13,28,2026-10-28,"A waterspout is a spinning column of air and mist that forms on lakes, rivers, or at sea.",13,October,Waterspouts are rotating columns over water,Ocean & Marine,NOAA defines a waterspout as a spinning column of air and mist and distinguishes fair-weather and tornadic types.,high,https://oceanservice.noaa.gov/ocean/weird-ocean-weather.html,Weather phenomena,Weird Ocean Phenomena,oceanservice.noaa.gov,verified
FACT-2026-10-28-S14,28,2026-10-28,"Folk and fairy tales exist in all cultures and include themes, motifs, characters, genres, and national traditions.",14,October,Folktales exist across cultures,Mythology & Legends,The Library of Congress guide states that folk and fairy tales exist in all cultures and describes their cross-cultural themes and traditions.,high,https://guides.loc.gov/folktales-oral-storytelling/cultural-community,Folklore,Cultural Community - Folktales and Oral Storytelling: Resources in the American Folklife Center Collections - Research Guides at Library of Congress,guides.loc.gov,verified
FACT-2026-10-28-S15,28,2026-10-28,The mysterious underwater sound known as the Bloop was identified as the sound of an iceberg cracking and breaking away from an Antarctic glacier.,15,October,The Bloop was caused by an icequake,Mystery & Unexplained,NOAA states that the Bloop originated from an icequake caused by an iceberg cracking and breaking away from an Antarctic glacier.,high,https://oceanservice.noaa.gov/facts/bloop.html,Ocean mysteries,What is the bloop?,oceanservice.noaa.gov,verified
FACT-2026-10-28-S16,28,2026-10-28,The Menzerath–Altmann law is described as stating that constituent size decreases as the size of the construction increases.,16,October,Larger constructions tend to have smaller constituents,Language,The document gives the example that phoneme size decreases with increasing morpheme size.,high,https://pmc.ncbi.nlm.nih.gov/articles/PMC10142271/,Menzerath–Altmann law,Language: Its Origin and Ongoing Evolution - PMC,pmc.ncbi.nlm.nih.gov,verified
FACT-2026-10-28-S17,28,2026-10-28,Nikola Tesla invented the Tesla coil in 1891.,17,October,Tesla invented the Tesla coil in 1891,Inventions,"The source states that Tesla received U.S. citizenship in 1891, the same year he invented the Tesla coil.",high,https://www.energy.gov/articles/top-11-things-you-didnt-know-about-nikola-tesla,Electrical circuits,Top 11 Things You Didn't Know About Nikola Tesla | Department of Energy,www.energy.gov,verified
FACT-2026-10-28-S18,28,2026-10-28,Functional correlations among left-hemisphere language regions were stronger during story comprehension than during resting state.,18,October,Language-network activity is more correlated during story comprehension than rest,Human Body,"The document reports an average within-network correlation of r=0.52 during story comprehension versus r=0.41 during rest, with a significant difference.",high,https://doi.org/10.1038/s41593-022-01114-5,Brain Connectivity,An investigation across 45 languages and 12 language families reveals a universal language network,doi.org,verified
FACT-2026-10-28-S19,28,2026-10-28,"During Pangea's existence, present-day North America was contiguous with Africa, South America, and Europe.",19,October,"North America was once joined to Africa, South America, and Europe",History,"The source explicitly lists North America, Africa, South America, and Europe as contiguous parts of Pangea.",high,https://www.usgs.gov/faqs/how-fast-do-tectonic-plates-move,Continental drift,How fast do tectonic plates move? | U.S. Geological Survey,www.usgs.gov,verified
FACT-2026-10-28-S20,28,2026-10-28,"Mount Lyell rises 13,114 feet above sea level and is the highest peak in Yosemite National Park.",20,October,Mount Lyell is Yosemite’s highest peak,Geography,"The document states that Mount Lyell, the highest peak in Yosemite National Park, rises 13,114 feet above sea level.",high,https://www.nps.gov/yose/learn/nature/geology.htm,Mountains,Geology - Yosemite National Park (U.S. National Park Service),www.nps.gov,verified
FACT-2026-10-29-S01,29,2026-10-29,"The Sun has more than 330,000 times Earth’s mass.",1,October,The Sun’s mass compared with Earth,Space,"NASA states that more than 330,000 Earths would be needed to match the Sun’s mass.",high,https://science.nasa.gov/sun/facts/,Sun,Sun: Facts - NASA Science,science.nasa.gov,verified
FACT-2026-10-29-S02,29,2026-10-29,Most volcanic products of the Arabia Plate are alkali basalts.,2,October,Arabia Plate volcanic composition,Science,The source states that the majority of volcanic products are alkali basalts.,high,https://www.usgs.gov/faqs/what-are-igneous-rocks,Volcanology,What are igneous rocks? | U.S. Geological Survey,www.usgs.gov,verified
FACT-2026-10-29-S03,29,2026-10-29,The trade balance is the difference between exports and imports of goods.,3,October,Trade balance definition,Money & Economics,The source directly defines the trade balance as the difference between goods exports and imports.,high,https://datatopics.worldbank.org/world-development-indicators/themes/economy.html,Trade,WDI - Economy,datatopics.worldbank.org,verified
FACT-2026-10-29-S04,29,2026-10-29,Virtually all natural lakes in Yosemite National Park are attributed to glacial scouring.,4,October,Many Yosemite lakes formed through glacial scouring,Nature,The document states that virtually all natural lakes in the park are the result of glacial scouring.,high,https://www.nps.gov/yose/learn/nature/geology.htm,Lakes,Geology - Yosemite National Park (U.S. National Park Service),www.nps.gov,verified
FACT-2026-10-29-S05,29,2026-10-29,About 1.3 million Earths would fit inside the Sun by volume.,5,October,The Sun’s volume compared with Earth,Space,NASA states that it would take 1.3 million Earths to fill the Sun’s volume.,high,https://science.nasa.gov/sun/facts/,Sun,Sun: Facts - NASA Science,science.nasa.gov,verified
FACT-2026-10-29-S06,29,2026-10-29,Half Dome is the remnant of a magma chamber that cooled slowly and crystallized thousands of feet beneath Earth's surface.,6,October,Half Dome geological origin,Science,The source identifies Half Dome as the remains of a magma chamber that cooled slowly and crystallized thousands of feet underground.,high,https://www.usgs.gov/faqs/what-are-igneous-rocks,Geology,What are igneous rocks? | U.S. Geological Survey,www.usgs.gov,verified
FACT-2026-10-29-S07,29,2026-10-29,The trade balance is often the most timely indicator of trends in the current account balance.,7,October,Trade balance timing,Money & Economics,The source says the trade balance is often the most timely current-account trend indicator.,high,https://datatopics.worldbank.org/world-development-indicators/themes/economy.html,Trade,WDI - Economy,datatopics.worldbank.org,verified
FACT-2026-10-29-S08,29,2026-10-29,The Lyell and Maclure glaciers remain in Yosemite National Park’s highest peaks.,8,October,Yosemite has two directly adjacent modern glaciers,Nature,The document identifies the Lyell and Maclure glaciers as two directly adjacent glaciers remaining in the highest peaks of the park.,high,https://www.nps.gov/yose/learn/nature/geology.htm,Glaciers,Geology - Yosemite National Park (U.S. National Park Service),www.nps.gov,verified
FACT-2026-10-29-S09,29,2026-10-29,"Sugar-sweetened beverages include drinks sweetened with added sugars such as table sugar, syrups, honey, and concentrated fruit or vegetable juices.",9,October,Sugar-Sweetened Beverage Definitions,Food,"SSBs are any drinks that are sweetened with various forms of added sugars. Examples of added sugars include sweeteners, such as table sugar, sugars from syrups and honey, and sugars from concentrated fruit or vegetable juices.",medium,https://www.cdc.gov/nutrition/php/data-research/sugar-sweetened-beverages.html,Nutrition,Fast Facts: Sugar-Sweetened Beverage Consumption | Nutrition | CDC,www.cdc.gov,verified
FACT-2026-10-29-S10,29,2026-10-29,"Germs can be transferred more easily to and from wet hands, so hands should be dried after washing.",10,October,Wet hands transfer germs more easily,Everyday Life,The CDC states that germs transfer more easily to and from wet hands and recommends drying hands after washing.,high,https://www.cdc.gov/clean-hands/data-research/facts-stats/index.html,Hand Hygiene,Handwashing Facts | Clean Hands | CDC,www.cdc.gov,verified
FACT-2026-10-29-S11,29,2026-10-29,The United States ranks third behind Indonesia and Japan in the number of historically active volcanoes.,11,October,U.S. rank in historically active volcanoes,Country Facts,"The USGS explicitly ranks the United States third, behind Indonesia and Japan, for historically active volcanoes.",high,https://www.usgs.gov/faqs/how-much-earth-volcanic,Volcanism,How much of the Earth is volcanic? | U.S. Geological Survey,www.usgs.gov,verified
FACT-2026-10-29-S12,29,2026-10-29,"Corals are living animals, and coral polyps are the animals primarily responsible for building reefs.",12,October,Corals are animals,Animals,"NOAA identifies coral polyps as animals primarily responsible for building reefs and states that corals eat, grow, and reproduce.",high,https://www.noaa.gov/education/resource-collections/marine-life/coral-reef-ecosystems,Coral biology,Coral reef ecosystems | National Oceanic and Atmospheric Administration,www.noaa.gov,verified
FACT-2026-10-29-S13,29,2026-10-29,The Harappan or Indus script remains undeciphered.,13,October,Indus script,Ancient Civilizations,The text identifies Harappan as an undeciphered language and describes its script as signs found on Harappan stone seals.,high,https://www.metmuseum.org/essays/art-of-the-first-cities-in-the-third-millennium-b-c,Indus Valley,Art of the First Cities in the Third Millennium B.C. - The Metropolitan Museum of Art,www.metmuseum.org,verified
FACT-2026-10-29-S14,29,2026-10-29,The Carrington Event is the strongest geomagnetic storm on record.,14,October,The Carrington Event,World Records & Extremes,NASA explicitly identifies the Carrington Event as the strongest geomagnetic storm on record.,high,https://science.nasa.gov/sun/facts/,Geomagnetic Storms,Sun: Facts - NASA Science,science.nasa.gov,verified
FACT-2026-10-29-S15,29,2026-10-29,"A USGS digital geologic model of the conterminous United States maps the land surface, top of bedrock, and top of basement.",15,October,Three-layer U.S. geologic model,Technology,The source describes a digital three-layer model mapping those three surfaces.,high,https://www.usgs.gov/faqs/what-are-igneous-rocks,Geological Modeling,What are igneous rocks? | U.S. Geological Survey,www.usgs.gov,verified
FACT-2026-10-29-S16,29,2026-10-29,"In the study described, happy participants tended to recall an entire scene better than sad, angry, or neutral participants, while also making more errors of commission.",16,October,Happy moods can broaden remembered scenes,Psychology,"The happy students tended to recall the entire scene better than the sad, angry or neutral students. However, the happy students also tended to make more errors of commission.",medium,https://www.apa.org/monitor/sep05/feelings,Attention and Memory,Feelings' sway over memory,www.apa.org,verified
FACT-2026-10-29-S17,29,2026-10-29,A maelstrom is a strong whirlpool formed when opposing currents meet and create swirling water.,17,October,Maelstroms form when opposing currents meet,Ocean & Marine,NOAA defines a maelstrom as a strong whirlpool produced by opposing currents.,high,https://oceanservice.noaa.gov/ocean/weird-ocean-weather.html,Ocean currents,Weird Ocean Phenomena,oceanservice.noaa.gov,verified
FACT-2026-10-29-S18,29,2026-10-29,Asian American folklore and folklife include older traditions transmitted and transformed in America as well as newer expressions tied to Asian American experiences.,18,October,Folklore can be transmitted and transformed,Mythology & Legends,The Library of Congress guide describes the transmission and transformation of Asian folklore and folktales in America.,high,https://guides.loc.gov/folktales-oral-storytelling/cultural-community,Folklore traditions,Cultural Community - Folktales and Oral Storytelling: Resources in the American Folklife Center Collections - Research Guides at Library of Congress,guides.loc.gov,verified
FACT-2026-10-29-S19,29,2026-10-29,"Scientists observed sublinear sets of holes in deep-seafloor sediment, but their ultimate origin has not been determined.",19,October,The origin of deep-seafloor holes remains uncertain,Mystery & Unexplained,NOAA states that scientists were not certain of the holes' origin and that their ultimate origin remains a mystery.,high,https://oceanexplorer.noaa.gov/news/mysterious-holes-seafloor/,Deep-sea discoveries,The Case of the Mysterious Holes on the Seafloor - NOAA Ocean Exploration,oceanexplorer.noaa.gov,verified
FACT-2026-10-29-S20,29,2026-10-29,The document states that maximizing coding efficiency and minimizing code length act as selective pressures on elements that support information.,20,October,Communication is shaped by efficiency pressures,Language,The text links the law of brevity and Menzerath–Altmann law to pressures favoring efficient coding and shorter codes.,high,https://pmc.ncbi.nlm.nih.gov/articles/PMC10142271/,Language efficiency,Language: Its Origin and Ongoing Evolution - PMC,pmc.ncbi.nlm.nih.gov,verified
FACT-2026-10-30-S01,30,2026-10-30,The Sun contains 99.8% of the mass of the solar system.,1,October,The Sun’s solar-system mass share,Space,NASA states that the Sun accounts for 99.8% of the solar system’s mass.,high,https://science.nasa.gov/sun/facts/,Sun,Sun: Facts - NASA Science,science.nasa.gov,verified
FACT-2026-10-30-S02,30,2026-10-30,"Humans live in Earth's troposphere, the atmospheric layer closest to the surface.",2,October,Troposphere location,Science,"NASA states that people live in the troposphere, the atmospheric layer nearest Earth's surface.",high,https://science.nasa.gov/solar-system/10-things-planetary-atmospheres/,Earth Atmosphere,10 Things: Planetary Atmospheres - NASA Science,science.nasa.gov,verified
FACT-2026-10-30-S03,30,2026-10-30,Export and import values are current values converted to U.S. dollars and expressed as percentages of a base-period average.,3,October,Export and import value basis,Money & Economics,"The source describes export values as FOB and import values as CIF, converted to U.S. dollars and expressed relative to the base-period average.",high,https://datatopics.worldbank.org/world-development-indicators/themes/economy.html,Trade Statistics,WDI - Economy,datatopics.worldbank.org,verified
FACT-2026-10-30-S04,30,2026-10-30,"Since 1872, Yosemite’s modern glaciers have lost more than 90% of their volume.",4,October,Yosemite’s modern glaciers have lost most of their volume,Nature,The document states that the glaciers have lost more than 90% of their volume since John Muir’s 1872 measurements.,high,https://www.nps.gov/yose/learn/nature/geology.htm,Climate Change,Geology - Yosemite National Park (U.S. National Park Service),www.nps.gov,verified
FACT-2026-10-30-S05,30,2026-10-30,The Sun has no solid surface because it is a ball of plasma.,5,October,The Sun has no solid surface,Space,NASA says the Sun does not have a solid surface and is made of plasma.,high,https://science.nasa.gov/sun/facts/,Sun,Sun: Facts - NASA Science,science.nasa.gov,verified
FACT-2026-10-30-S06,30,2026-10-30,"Earth's air is approximately 78 percent nitrogen, 21 percent oxygen, and 1 percent argon, water vapor, and carbon dioxide.",6,October,Air composition,Science,NASA gives this approximate composition for the air mixture humans breathe.,high,https://science.nasa.gov/solar-system/10-things-planetary-atmospheres/,Earth Atmosphere,10 Things: Planetary Atmospheres - NASA Science,science.nasa.gov,verified
FACT-2026-10-30-S07,30,2026-10-30,Price inflation is the average rise in the prices of goods and services within an economy.,7,October,Price inflation definition,Money & Economics,The source defines price inflation as the average rise in prices of goods and services within an economy.,high,https://datatopics.worldbank.org/world-development-indicators/themes/economy.html,Inflation,WDI - Economy,datatopics.worldbank.org,verified
FACT-2026-10-30-S08,30,2026-10-30,"In 1902, Willis Carrier designed a system to control humidity with cooling coils, leading to the first modern electrical air-conditioning unit.",8,October,Willis Carrier developed a modern electrical air-conditioning unit,Inventions,The source says Carrier's 1902 work on humidity control produced the first modern electrical air-conditioning unit.,high,https://www.energy.gov/articles/history-air-conditioning,Air conditioning,History of Air Conditioning | Department of Energy,www.energy.gov,verified
FACT-2026-10-30-S09,30,2026-10-30,The language regions responded more strongly to native-language processing than to spatial working-memory and arithmetic tasks.,9,October,Language regions are selective for linguistic processing,Human Body,"Native-language responses were significantly higher than responses during spatial working memory and mathematics, with t(44)=20.7 and t(40)=21.5 respectively, both p<0.001.",high,https://doi.org/10.1038/s41593-022-01114-5,Brain Function,An investigation across 45 languages and 12 language families reveals a universal language network,doi.org,verified
FACT-2026-10-30-S10,30,2026-10-30,Dholavira was occupied approximately between 3000 and 1500 BCE.,10,October,Dholavira's occupation period,History,The UNESCO description dates Dholavira's occupation to approximately 3000–1500 BCE.,high,https://whc.unesco.org/en/list/1645/,Archaeological Dating,Dholavira: a Harappan City - UNESCO World Heritage Centre,whc.unesco.org,verified
FACT-2026-10-30-S11,30,2026-10-30,Yosemite Valley is an example of a U-shaped valley formed by glacial erosion.,11,October,Yosemite Valley is a U-shaped valley,Geography,The document identifies Yosemite Valley as a U-shaped valley and attributes its form to glacial activity.,high,https://www.nps.gov/yose/learn/nature/geology.htm,Landforms,Geology - Yosemite National Park (U.S. National Park Service),www.nps.gov,verified
FACT-2026-10-30-S12,30,2026-10-30,Dietary Guidelines for Americans recommend that children younger than 11 years old consume no added sugar.,12,October,Dietary Guidelines for Children,Food,The Dietary Guidelines for Americans recommends that children younger than 11 do not have any added sugar.,medium,https://www.cdc.gov/nutrition/php/data-research/sugar-sweetened-beverages.html,Nutrition,Fast Facts: Sugar-Sweetened Beverage Consumption | Nutrition | CDC,www.cdc.gov,verified
FACT-2026-10-30-S13,30,2026-10-30,Consequences of eruptions from U.S. volcanoes can extend far beyond the immediate area of the volcano.,13,October,Volcanic effects beyond eruption sites,Everyday Life,The USGS states that consequences of U.S. volcanic eruptions can extend far beyond the volcano’s immediate area.,high,https://www.usgs.gov/faqs/how-much-earth-volcanic,Volcanic hazards,How much of the Earth is volcanic? | U.S. Geological Survey,www.usgs.gov,verified
FACT-2026-10-30-S14,30,2026-10-30,"About 10 percent of more than 1,500 volcanoes that erupted during the past 10,000 years are located in the United States.",14,October,U.S. share of recently eruptive volcanoes,Country Facts,"The source states that about 10 percent of the more than 1,500 volcanoes that erupted in the past 10,000 years are in the United States.",high,https://www.usgs.gov/faqs/how-much-earth-volcanic,Volcanism,How much of the Earth is volcanic? | U.S. Geological Survey,www.usgs.gov,verified
FACT-2026-10-30-S15,30,2026-10-30,"Coral polyps can form large reef-building colonies, flowing fans, or small solitary organisms.",15,October,Corals have varied forms,Animals,"NOAA lists large colonies, flowing fans, and small solitary organisms as forms of coral polyps.",high,https://www.noaa.gov/education/resource-collections/marine-life/coral-reef-ecosystems,Coral biology,Coral reef ecosystems | National Oceanic and Atmospheric Administration,www.noaa.gov,verified
FACT-2026-10-30-S16,30,2026-10-30,"The Harappan world emphasized private housing, public works, urban infrastructure, and sanitary water supplies.",16,October,Harappan urban infrastructure,Ancient Civilizations,"The source contrasts Harappan cities with Mesopotamia and says their focus appears to have been private housing, public works, urban infrastructure, and abundant sanitary water.",high,https://www.metmuseum.org/essays/art-of-the-first-cities-in-the-third-millennium-b-c,Indus Valley,Art of the First Cities in the Third Millennium B.C. - The Metropolitan Museum of Art,www.metmuseum.org,verified
FACT-2026-10-30-S17,30,2026-10-30,Rockfalls are currently the most active geological process in Yosemite National Park.,17,October,Rockfalls are Yosemite’s most active geological process,Nature,The document states that rockfalls are the most active geological process in the park.,high,https://www.nps.gov/yose/learn/nature/geology.htm,Geological Hazards,Geology - Yosemite National Park (U.S. National Park Service),www.nps.gov,verified
FACT-2026-10-30-S18,30,2026-10-30,La Gomera in Spain’s Canary Islands is reported to have whistled conversations spanning approximately 1 kilometer.,18,October,La Gomera has recorded kilometer-scale whistled conversations,World Records & Extremes,The article states that La Gomera holds the record for the longest distance of whistled conversations at approximately 1 km.,medium,https://pmc.ncbi.nlm.nih.gov/articles/PMC10142271/,Communication distance,Language: Its Origin and Ongoing Evolution - PMC,pmc.ncbi.nlm.nih.gov,verified
FACT-2026-10-30-S19,30,2026-10-30,The National Library of Medicine's Visible Human Project released anatomically detailed 3D datasets of a male cadaver in 1994 and a female cadaver in 1995.,19,October,Visible Human Project Dataset,Technology,"The NLM Visible Human Project has created publicly-available complete, anatomically detailed, three-dimensional representations of a human male body and a human female body... The Visible Man data set was publicly released in 1994 and the Visible Woman in 1995.",medium,https://www.nlm.nih.gov/research/visible/visible_human.html,Medical Imaging,The National Library of Medicine's Visible Human Project,www.nlm.nih.gov,verified
FACT-2026-10-30-S20,30,2026-10-30,Strong emotional memories may be vivid but can include details that did not occur.,20,October,Emotional memories can feel accurate while containing errors,Psychology,"The detailed nature of such memories could be illusory. As people fill in missing details, it can lead to a false sense of accuracy about a memory.",medium,https://www.apa.org/monitor/sep05/feelings,Memory Accuracy,Feelings' sway over memory,www.apa.org,verified
FACT-2026-10-31-S01,31,2026-10-31,The photosphere is the part of the Sun commonly seen from Earth and called its surface.,1,October,The photosphere is the visible solar surface,Space,NASA identifies the photosphere as the visible layer commonly called the Sun’s surface.,high,https://science.nasa.gov/sun/facts/,Solar Structure,Sun: Facts - NASA Science,science.nasa.gov,verified
FACT-2026-10-31-S02,31,2026-10-31,Mars has a very thin atmosphere composed nearly entirely of carbon dioxide.,2,October,Martian atmosphere,Science,NASA describes Mars's atmosphere as very thin and nearly all carbon dioxide.,high,https://science.nasa.gov/solar-system/10-things-planetary-atmospheres/,Mars Atmosphere,10 Things: Planetary Atmospheres - NASA Science,science.nasa.gov,verified
FACT-2026-10-31-S03,31,2026-10-31,The consumer price index measures prices of a representative basket of goods and services purchased by a typical household.,3,October,Consumer price index definition,Money & Economics,The source gives this definition of the CPI.,high,https://datatopics.worldbank.org/world-development-indicators/themes/economy.html,Consumer Price Index,WDI - Economy,datatopics.worldbank.org,verified
FACT-2026-10-31-S04,31,2026-10-31,"The golden orb was discovered in the Gulf of Alaska at a depth of approximately 3,250 meters, or more than two miles.",4,October,The golden orb was found more than two miles deep,Ocean & Marine,"NOAA reports that the object was discovered at approximately 3,250 meters depth in the Gulf of Alaska.",high,https://www.noaa.gov/news/scientists-reveal-identity-of-mysterious-golden-orb-collected-during-noaa-expedition,Deep-sea exploration,Scientists reveal identity of mysterious ‘golden orb’ collected during NOAA expedition | National Oceanic and Atmospheric Administration,www.noaa.gov,verified
FACT-2026-10-31-S05,31,2026-10-31,"Rockfalls in Yosemite can be triggered by rain, earthquakes, and solar heating.",5,October,"Rain, earthquakes, and solar heating can trigger rockfalls",Nature,"The document lists rain, earthquakes, and solar heating as rockfall triggers.",high,https://www.nps.gov/yose/learn/nature/geology.htm,Geological Hazards,Geology - Yosemite National Park (U.S. National Park Service),www.nps.gov,verified
FACT-2026-10-31-S06,31,2026-10-31,"African American culture draws on traditions from Africa, Latin America, and the American South.",6,October,African American folklore draws from multiple regions,Mythology & Legends,"The Library of Congress guide explicitly identifies Africa, Latin America, and the South as sources of African American cultural traditions.",high,https://guides.loc.gov/folktales-oral-storytelling/cultural-community,Folklore traditions,Cultural Community - Folktales and Oral Storytelling: Resources in the American Folklife Center Collections - Research Guides at Library of Congress,guides.loc.gov,verified
FACT-2026-10-31-S07,31,2026-10-31,The mysterious golden orb collected in the Gulf of Alaska was identified as remnants of the base of the giant deep-sea anemone Relicanthus daphneae.,7,October,The golden orb was part of a deep-sea anemone,Mystery & Unexplained,NOAA states that physical and genetic analyses identified the orb as a remnant of the dead cells forming the base of Relicanthus daphneae.,high,https://www.noaa.gov/news/scientists-reveal-identity-of-mysterious-golden-orb-collected-during-noaa-expedition,Deep-sea discoveries,Scientists reveal identity of mysterious ‘golden orb’ collected during NOAA expedition | National Oceanic and Atmospheric Administration,www.noaa.gov,verified
FACT-2026-10-31-S08,31,2026-10-31,The document states that linguistic diversification reflects environmental influences and adaptation rather than only random changes over time.,8,October,Language diversification is not simply random accumulation,Language,The conclusion says examples of languages adapting to and reflecting different environments show that diversification is not simply an accumulation of random changes.,high,https://pmc.ncbi.nlm.nih.gov/articles/PMC10142271/,Language diversity,Language: Its Origin and Ongoing Evolution - PMC,pmc.ncbi.nlm.nih.gov,verified
FACT-2026-10-31-S09,31,2026-10-31,Scientists are testing coral restoration methods that grow corals in nurseries and transplant them to damaged areas.,9,October,Coral nursery restoration,Inventions,NOAA describes growing coral in nurseries and transplanting it to damaged areas as a restoration approach under testing.,high,https://www.noaa.gov/education/resource-collections/marine-life/coral-reef-ecosystems,Coral restoration,Coral reef ecosystems | National Oceanic and Atmospheric Administration,www.noaa.gov,verified
FACT-2026-10-31-S10,31,2026-10-31,Researchers used functional magnetic resonance imaging to examine language-related brain activity in 86 participants.,10,October,The study used functional MRI to investigate language processing,Human Body,"The methods state that 91 participants were recruited, 5 were excluded, and the final sample included 86 participants; functional BOLD data were acquired using a 3 Tesla MRI scanner.",high,https://doi.org/10.1038/s41593-022-01114-5,Brain Imaging,An investigation across 45 languages and 12 language families reveals a universal language network,doi.org,verified
FACT-2026-10-31-S11,31,2026-10-31,"Yellowstone was established as the first national park in 1872, before the National Park Service was created in 1916.",11,October,Yellowstone was established as the first national park,History,The National Park Service states that Yellowstone became the first national park in 1872 and that the agency was not created until 1916.,high,https://www.nps.gov/subjects/geology/plate-tectonics.htm,National parks,Plate Tectonics & Our National Parks - Geology (U.S. National Park Service),www.nps.gov,verified
FACT-2026-10-31-S12,31,2026-10-31,Bridalveil Fall is identified as a hanging waterfall formed by glacial valley erosion.,12,October,Bridalveil Fall is a hanging waterfall,Geography,The document lists Bridalveil Fall among Yosemite’s hanging waterfalls.,high,https://www.nps.gov/yose/learn/nature/geology.htm,Waterfalls,Geology - Yosemite National Park (U.S. National Park Service),www.nps.gov,verified
FACT-2026-10-31-S13,31,2026-10-31,"Geographically, the prevalence of U.S. adults drinking sugary drinks daily is highest in the Northeast (68%) and lowest in the Midwest (59%).",13,October,SSB Consumption Geography,Food,68% in the Northeast. ... 59% in the Midwest.,medium,https://www.cdc.gov/nutrition/php/data-research/sugar-sweetened-beverages.html,Nutrition,Fast Facts: Sugar-Sweetened Beverage Consumption | Nutrition | CDC,www.cdc.gov,verified
FACT-2026-10-31-S14,31,2026-10-31,Air travel and regional power-generation and transmission infrastructure are vulnerable to U.S. volcanic hazards.,14,October,Volcanic vulnerability of daily life,Everyday Life,The source lists air travel and regional power generation and transmission infrastructure among vulnerable aspects of daily life.,high,https://www.usgs.gov/faqs/how-much-earth-volcanic,Infrastructure hazards,How much of the Earth is volcanic? | U.S. Geological Survey,www.usgs.gov,verified
FACT-2026-10-31-S15,31,2026-10-31,Most U.S. volcanoes are found in the Aleutian Islands and the Alaska Peninsula.,15,October,U.S. volcano locations,Country Facts,The USGS states that most of these U.S. volcanoes are found in the Aleutian Islands and the Alaska Peninsula.,high,https://www.usgs.gov/faqs/how-much-earth-volcanic,Volcanism,How much of the Earth is volcanic? | U.S. Geological Survey,www.usgs.gov,verified
FACT-2026-10-31-S16,31,2026-10-31,Coral is a sessile animal that relies on plant-like algae to build large biological structures.,16,October,Corals are sessile animals,Animals,NOAA describes coral as a sessile animal that relies on plant-like algae to build the largest structures of biological origin on Earth.,high,https://oceanservice.noaa.gov/ocean/corals/,Coral biology,Coral Reefs,oceanservice.noaa.gov,verified
FACT-2026-10-31-S17,31,2026-10-31,Much Mesopotamian art expressed devotion to gods and celebrated royal power.,17,October,Royal themes in Mesopotamian art,Ancient Civilizations,The source states that much of the art demonstrated devotion to the gods and celebrated the power of kings.,high,https://www.metmuseum.org/essays/art-of-the-first-cities-in-the-third-millennium-b-c,Art,Art of the First Cities in the Third Millennium B.C. - The Metropolitan Museum of Art,www.metmuseum.org,verified
FACT-2026-10-31-S18,31,2026-10-31,The Sun rotates once at its equator in about 25 Earth days.,18,October,The Sun’s equatorial rotation,Space,NASA states that the Sun completes one rotation at its equator in 25 Earth days.,high,https://science.nasa.gov/sun/facts/,Sun,Sun: Facts - NASA Science,science.nasa.gov,verified
FACT-2026-10-31-S19,31,2026-10-31,Venus's carbon-dioxide-rich atmosphere produces a runaway greenhouse effect and a surface temperature hot enough to melt lead.,19,October,Venusian greenhouse effect,Science,NASA attributes Venus's extreme surface temperature to its nearly all-carbon-dioxide atmosphere and runaway greenhouse effect.,high,https://science.nasa.gov/solar-system/10-things-planetary-atmospheres/,Venus Atmosphere,10 Things: Planetary Atmospheres - NASA Science,science.nasa.gov,verified
FACT-2026-10-31-S20,31,2026-10-31,"Consumer price data are collected periodically, with weights derived from household expenditure surveys.",20,October,CPI data collection,Money & Economics,The source states that prices are collected at periodic intervals and appropriate weights come from household expenditure surveys.,high,https://datatopics.worldbank.org/world-development-indicators/themes/economy.html,Consumer Price Index,WDI - Economy,datatopics.worldbank.org,verified