ID,Day,Date,Fact,Slot,Month,Title,Category,Evidence,Confidence,Source URL,Subcategory,Source title,Source domain,Verification status
FACT-2026-09-01-S01,1,2026-09-01,"The solar system includes the Sun, eight planets, five officially named dwarf planets, hundreds of moons, and thousands of asteroids and comets.",1,September,Solar-system composition,Science,"The introduction explicitly lists the Sun, eight planets, five dwarf planets, hundreds of moons, and thousands of asteroids and comets.",high,https://science.nasa.gov/solar-system/solar-system-facts/,Astronomy,Solar System: Facts - NASA Science,science.nasa.gov,verified
FACT-2026-09-01-S02,1,2026-09-01,Our solar system has eight planets.,2,September,The solar system has eight planets,Space,"The source states, “Our solar system has eight planets, and five dwarf planets.”",high,https://science.nasa.gov/solar-system/,Solar-system composition,Solar System Exploration,science.nasa.gov,verified
FACT-2026-09-01-S03,1,2026-09-01,"The bony skeleton provides mobility, support, and protection for the body.",3,September,Skeleton provides structural functions,Human Body,"The source describes the skeleton’s structural function as providing mobility, support, and protection.",high,https://www.ncbi.nlm.nih.gov/books/NBK45504/,Skeletal system,2 The Basics of Bone in Health and Disease,www.ncbi.nlm.nih.gov,verified
FACT-2026-09-01-S04,1,2026-09-01,Sleep is necessary for forming or maintaining brain pathways involved in learning and creating new memories.,4,September,Sleep supports memory pathways,Psychology,"The introduction states that without sleep, people cannot form or maintain pathways in the brain that enable learning and new memories.",high,https://www.ninds.nih.gov/sites/default/files/2025-05/understanding-sleep.pdf,Sleep and cognition,Understanding Sleep (Brain Basics),www.ninds.nih.gov,verified
FACT-2026-09-01-S05,1,2026-09-01,Feline representations remained abundant well beyond the height of the dynastic Egyptian kingdoms.,5,September,Feline representations remained abundant after the Naqada III Period,Animals,The passage says feline representations remained abundant well beyond the height of the dynastic Egyptian kingdoms.,high,https://www.si.edu/stories/eons-viral-kitten-videos-ancient-egyptians-adored-cats,Ancient Egyptian cats,"Eons before Viral Kitten Videos, Ancient Egyptians Adored Cats | Smithsonian Institution",www.si.edu,verified
FACT-2026-09-01-S06,1,2026-09-01,Place is one of the five main themes of geography.,6,September,Place as a geography theme,Geography,The passage identifies place as one of geography’s five main themes.,high,https://education.nationalgeographic.org/resource/place/,Geographic concepts,Place,education.nationalgeographic.org,verified
FACT-2026-09-01-S07,1,2026-09-01,"A Maya vase from the Guatemalan Highlands dates from AD 600–900, the Late Classic Maya period.",7,September,Maya vase date,History,The Vase with Eleven Figures is identified as dating to AD 600–900 and the Late Classic period.,high,https://www.loc.gov/exhibits/exploring-the-early-americas/language-and-context.html,Maya history,Language and Context - Exploring the Early Americas | Exhibitions - Library of Congress,www.loc.gov,verified
FACT-2026-09-01-S08,1,2026-09-01,"The solar system includes eight planets: Mercury, Venus, Earth, Mars, Jupiter, Saturn, Uranus, and Neptune.",8,September,The solar system has eight planets,Technology,The source states that the solar system has eight named planets.,high,https://science.nasa.gov/solar-system/planets/,Solar system composition,About the Planets,science.nasa.gov,verified
FACT-2026-09-01-S09,1,2026-09-01,The Oort Cloud has never been directly observed.,9,September,The Oort Cloud has not been directly observed,Mystery & Unexplained,NASA states that the Oort Cloud has never been directly observed.,high,https://science.nasa.gov/solar-system/solar-system-facts/,Unobserved Solar-System Structures,Solar System: Facts - NASA Science,science.nasa.gov,verified
FACT-2026-09-01-S10,1,2026-09-01,"Writing was independently invented in five areas of the ancient world: Mesopotamia, Egypt, China, the Indus Valley, and Mesoamerica.",10,September,Independent invention of writing,Ancient Civilizations,"“Writing was independently invented in five areas of the ancient world: Mesopotamia, Egypt, China, the Indus Valley, and Mesoamerica.”",high,https://www.loc.gov/exhibits/exploring-the-early-americas/language-and-context.html,Maya writing,Language and Context - Exploring the Early Americas | Exhibitions - Library of Congress,www.loc.gov,verified
FACT-2026-09-01-S11,1,2026-09-01,"The official highest recorded temperature is 56.7°C (134°F), measured on 10 July 1913 at Greenland Ranch in Death Valley, California.",11,September,Highest recorded temperature on Earth,World Records & Extremes,The passage identifies 56.7°C at Greenland Ranch in Death Valley on 10 July 1913 as the official highest recorded temperature.,high,https://www.guinnessworldrecords.com/world-records/highest-recorded-temperature,Weather extremes,Highest recorded temperature on Earth | Guinness World Records,www.guinnessworldrecords.com,verified
FACT-2026-09-01-S12,1,2026-09-01,The ocean influences climate by storing solar radiation.,12,September,The ocean stores solar radiation,Nature,NOAA states that the ocean influences weather and climate by storing solar radiation.,high,https://oceanexplorer.noaa.gov/ocean-fact/climate/,Ocean climate,How does the ocean affect climate and weather on land? - NOAA Ocean Exploration,oceanexplorer.noaa.gov,verified
FACT-2026-09-01-S13,1,2026-09-01,The FDA updated requirements for the Nutrition Facts label on packaged foods and drinks in 2016.,13,September,FDA updated the Nutrition Facts label in 2016,Food,The source states that FDA updated Nutrition Facts label requirements in 2016.,high,https://www.fda.gov/food/nutrition-education-resources-materials/nutrition-facts-label,Food labeling,The Nutrition Facts Label | FDA,www.fda.gov,verified
FACT-2026-09-01-S14,1,2026-09-01,The Maya glyphic system created syllabic and pictorial writing.,14,September,Maya syllabic and pictorial script,Inventions,The passage describes the Maya glyphic system as creating syllabic and pictorial writing.,high,https://www.loc.gov/exhibits/exploring-the-early-americas/language-and-context.html,Maya writing,Language and Context - Exploring the Early Americas | Exhibitions - Library of Congress,www.loc.gov,verified
FACT-2026-09-01-S15,1,2026-09-01,The Linguistic Diversity Index measures the diversity of languages spoken in a country on a scale from 0 to 1.,15,September,Countries have measurable linguistic diversity,Country Facts,The text defines the Linguistic Diversity Index as a country-level measure and states that its scale ranges from 0 to 1.,high,https://education.nationalgeographic.org/resource/language-diversity-index-map/,Linguistic diversity,Language Diversity Index,education.nationalgeographic.org,verified
FACT-2026-09-01-S16,1,2026-09-01,"The Popol Vuh, also called Popol Wuj in K’iche’, is the Maya story of creation.",16,September,Popol Vuh as Maya creation story,Mythology & Legends,The source explicitly identifies the Popol Vuh as the story of creation of the Maya.,high,https://maya.nmai.si.edu/the-maya/creation-story-maya,Maya creation mythology,Creation Story of the Maya | Living Maya Time,maya.nmai.si.edu,verified
FACT-2026-09-01-S17,1,2026-09-01,"The ocean influences weather and climate by storing solar radiation, distributing heat and moisture globally, and driving weather systems.",17,September,Ocean influence on weather and climate,Ocean & Marine,"The opening passage directly states that the ocean stores solar radiation, distributes heat and moisture, and drives weather systems.",high,https://oceanexplorer.noaa.gov/ocean-fact/climate/,Ocean-climate interactions,How does the ocean affect climate and weather on land? - NOAA Ocean Exploration,oceanexplorer.noaa.gov,verified
FACT-2026-09-01-S18,1,2026-09-01,"Language is a system of conventional spoken, manual, or written symbols.",18,September,Language uses conventional symbols,Language,"Britannica defines language as a system of conventional spoken, manual, or written symbols.",high,https://www.britannica.com/topic/language,Language definition,"Language | Definition, Types, Characteristics, Development, & Facts | Britannica",www.britannica.com,verified
FACT-2026-09-01-S19,1,2026-09-01,Financial habits and norms support people’s ability to effectively manage money and respond quickly to financial decisions or challenges.,19,September,Financial habits support day-to-day money management,Money & Economics,The opening definition states that financial habits and norms support effective money management and quick responses to financial decisions or challenges.,high,https://www.consumerfinance.gov/consumer-tools/educator-tools/youth-financial-education/learn/financial-habits-norms/,Financial habits,Financial habits and norms | Consumer Financial Protection Bureau,www.consumerfinance.gov,verified
FACT-2026-09-01-S20,1,2026-09-01,"FDA identifies four basic steps for food safety: clean, separate, cook, and chill.",20,September,Four-step food safety framework,Everyday Life,"The page states: “follow these four simple steps: clean, separate, cook, and chill.”",high,https://www.fda.gov/food/buy-store-serve-safe-food/safe-food-handling,Food safety,Safe Food Handling | FDA,www.fda.gov,verified
FACT-2026-09-02-S01,2,2026-09-02,"Venus is the hottest planet in the solar system, even though Mercury is closer to the Sun.",1,September,Hottest planet,Science,The numbered facts identify Venus as the hottest planet and contrast its position with Mercury's proximity to the Sun.,high,https://science.nasa.gov/solar-system/solar-system-facts/,Planetary science,Solar System: Facts - NASA Science,science.nasa.gov,verified
FACT-2026-09-02-S02,2,2026-09-02,The solar system includes the Sun.,2,September,The solar system includes the Sun,Space,"The introduction states that the solar system includes the Sun, eight planets, dwarf planets, moons, asteroids, and comets.",high,https://science.nasa.gov/solar-system/solar-system-facts/,Solar-system composition,Solar System: Facts - NASA Science,science.nasa.gov,verified
FACT-2026-09-02-S03,2,2026-09-02,"The skeleton serves as a storehouse for essential minerals, including calcium and phosphorus.",3,September,Skeleton stores essential minerals,Human Body,The source identifies the skeleton as a reservoir for calcium and phosphorus.,high,https://www.ncbi.nlm.nih.gov/books/NBK45504/,Skeletal system,2 The Basics of Bone in Health and Disease,www.ncbi.nlm.nih.gov,verified
FACT-2026-09-02-S04,2,2026-09-02,Lack of sleep makes it harder to concentrate.,4,September,Sleep loss impairs concentration,Psychology,The introduction directly states that lack of sleep makes concentration more difficult.,high,https://www.ninds.nih.gov/sites/default/files/2025-05/understanding-sleep.pdf,Sleep and cognition,Understanding Sleep (Brain Basics),www.ninds.nih.gov,verified
FACT-2026-09-02-S05,2,2026-09-02,"Ancient Egyptians regarded and revered cats for approximately 2,600 years.",5,September,"Ancient Egyptians revered cats for about 2,600 years",Animals,"The exhibition description says Egyptians regarded and revered cats for some 2,600 years.",high,https://www.si.edu/stories/eons-viral-kitten-videos-ancient-egyptians-adored-cats,Ancient Egyptian cats,"Eons before Viral Kitten Videos, Ancient Egyptians Adored Cats | Smithsonian Institution",www.si.edu,verified
FACT-2026-09-02-S06,2,2026-09-02,Place describes the physical and human characteristics of a location on Earth.,6,September,Place characteristics,Geography,The definition states that place describes physical and human characteristics of locations.,high,https://education.nationalgeographic.org/resource/place/,Geographic concepts,Place,education.nationalgeographic.org,verified
FACT-2026-09-02-S07,2,2026-09-02,The glyphs on the Vase with Eleven Figures are not legible and convey the idea of writing rather than readable text.,7,September,Pseudoglyphic writing on a vase,History,The passage says none of the glyphs are legible and describes them as pseudoglyphs conveying the idea of writing.,high,https://www.loc.gov/exhibits/exploring-the-early-americas/language-and-context.html,Maya writing,Language and Context - Exploring the Early Americas | Exhibitions - Library of Congress,www.loc.gov,verified
FACT-2026-09-02-S08,2,2026-09-02,"The five officially recognized dwarf planets are Ceres, Pluto, Haumea, Makemake, and Eris.",8,September,The solar system has five officially recognized dwarf planets,Technology,The source lists five officially recognized dwarf planets and names them.,high,https://science.nasa.gov/solar-system/planets/,Dwarf planets,About the Planets,science.nasa.gov,verified
FACT-2026-09-02-S09,2,2026-09-02,The existence of the Oort Cloud is predicted from mathematical models and observations of comets that likely originate there.,9,September,The Oort Cloud is predicted from models and comet observations,Mystery & Unexplained,NASA directly attributes the prediction of the Oort Cloud to mathematical models and comet observations.,high,https://science.nasa.gov/solar-system/solar-system-facts/,Unobserved Solar-System Structures,Solar System: Facts - NASA Science,science.nasa.gov,verified
FACT-2026-09-02-S10,2,2026-09-02,The Maya glyphic system is described as a syllabic and pictorial writing system and one of the most visually diverse scripts ever conceived.,10,September,Distinctive Maya glyphic system,Ancient Civilizations,"“The Maya glyphic system stands out ... for its creation of syllabic and pictorial writing, in one of the most visually diverse scripts ever conceived.”",high,https://www.loc.gov/exhibits/exploring-the-early-americas/language-and-context.html,Maya writing,Language and Context - Exploring the Early Americas | Exhibitions - Library of Congress,www.loc.gov,verified
FACT-2026-09-02-S11,2,2026-09-02,The World Meteorological Organisation disqualified the former 58°C El Azizia temperature record in 2012.,11,September,Disqualified former temperature record,World Records & Extremes,The passage states that the WMO disqualified the El Azizia record on 13 September 2012.,high,https://www.guinnessworldrecords.com/world-records/highest-recorded-temperature,Weather extremes,Highest recorded temperature on Earth | Guinness World Records,www.guinnessworldrecords.com,verified
FACT-2026-09-02-S12,2,2026-09-02,The ocean distributes heat and moisture around the globe.,12,September,The ocean distributes heat and moisture,Nature,The opening passage identifies global distribution of heat and moisture as an ocean function.,high,https://oceanexplorer.noaa.gov/ocean-fact/climate/,Ocean climate,How does the ocean affect climate and weather on land? - NOAA Ocean Exploration,oceanexplorer.noaa.gov,verified
FACT-2026-09-02-S13,2,2026-09-02,The 2016 Nutrition Facts label update was the first major update in more than 20 years.,13,September,The 2016 update was the first major label update in over 20 years,Food,The source explicitly calls the 2016 change the first major update in over 20 years.,high,https://www.fda.gov/food/nutrition-education-resources-materials/nutrition-facts-label,Food labeling,The Nutrition Facts Label | FDA,www.fda.gov,verified
FACT-2026-09-02-S14,2,2026-09-02,Maya writing was recorded on ceramics.,14,September,Maya writing on ceramics,Inventions,Ceramics are listed among the media on which Maya writing was recorded.,high,https://www.loc.gov/exhibits/exploring-the-early-americas/language-and-context.html,Writing media,Language and Context - Exploring the Early Americas | Exhibitions - Library of Congress,www.loc.gov,verified
FACT-2026-09-02-S15,2,2026-09-02,No country has a Linguistic Diversity Index value of exactly 0 or exactly 1.,15,September,No country has completely uniform or completely total linguistic diversity,Country Facts,The passage states that no country has an index value of exactly 0 or 1.,high,https://education.nationalgeographic.org/resource/language-diversity-index-map/,Linguistic diversity,Language Diversity Index,education.nationalgeographic.org,verified
FACT-2026-09-02-S16,2,2026-09-02,The Popol Vuh was recorded to preserve its contents under Spanish colonial rule.,16,September,Purpose of recording the Popol Vuh,Mythology & Legends,The source says the story was recorded to preserve it under Spanish colonial rule.,high,https://maya.nmai.si.edu/the-maya/creation-story-maya,Maya textual tradition,Creation Story of the Maya | Living Maya Time,maya.nmai.si.edu,verified
FACT-2026-09-02-S17,2,2026-09-02,The ocean covers 70% of Earth's surface.,17,September,Ocean coverage of Earth,Ocean & Marine,"The transcript states, “Covering 70% of the Earth’s surface, the ocean plays a major role” in climate, weather, and living conditions.",high,https://oceantoday.noaa.gov/adoptadrifter/welcome.html,Ocean-climate interactions,Adopt a Drifter | Ocean Today,oceantoday.noaa.gov,verified
FACT-2026-09-02-S18,2,2026-09-02,Communication is one function of language.,18,September,Language communicates,Language,The passage lists communication among the functions of language.,high,https://www.britannica.com/topic/language,Language functions,"Language | Definition, Types, Characteristics, Development, & Facts | Britannica",www.britannica.com,verified
FACT-2026-09-02-S19,2,2026-09-02,"Financial habits skills allow people to make financial decisions based on attitudes, values, emotions, social norms, and contextual cues.",19,September,Financial decisions reflect attitudes and values,Money & Economics,"The importance section directly lists attitudes, values, emotions, social norms, and contextual cues as bases for financial decisions.",high,https://www.consumerfinance.gov/consumer-tools/educator-tools/youth-financial-education/learn/financial-habits-norms/,Financial decision-making,Financial habits and norms | Consumer Financial Protection Bureau,www.consumerfinance.gov,verified
FACT-2026-09-02-S20,2,2026-09-02,FDA says to wash hands with warm water and soap for at least 20 seconds before and after handling food.,20,September,Handwashing duration,Everyday Life,The CLEAN section specifies washing hands with warm water and soap for at least 20 seconds before and after handling food.,high,https://www.fda.gov/food/buy-store-serve-safe-food/safe-food-handling,Food safety,Safe Food Handling | FDA,www.fda.gov,verified
FACT-2026-09-03-S01,3,2026-09-03,"Jupiter and Saturn are gas giants, while Uranus and Neptune are ice giants.",1,September,Outer-planet categories,Science,The outer-planets section explicitly classifies Jupiter and Saturn as gas giants and Uranus and Neptune as ice giants.,high,https://science.nasa.gov/solar-system/planets/,Planetary science,About the Planets,science.nasa.gov,verified
FACT-2026-09-03-S02,3,2026-09-03,The giant planets in the outer solar system do not have hard surfaces.,2,September,The outer planets lack hard surfaces,Space,The source states that the outer giant planets do not have hard surfaces and instead have gases above a core.,high,https://science.nasa.gov/solar-system/planets/,Planet classification,About the Planets,science.nasa.gov,verified
FACT-2026-09-03-S03,3,2026-09-03,"During childhood and adolescence, bone modeling forms new bone at one site and removes old bone at another site within the same bone.",3,September,Modeling shapes growing bones,Human Body,The childhood and adolescence discussion defines modeling as site-specific formation and removal.,high,https://www.ncbi.nlm.nih.gov/books/NBK45504/,Bone development,2 The Basics of Bone in Health and Disease,www.ncbi.nlm.nih.gov,verified
FACT-2026-09-03-S04,3,2026-09-03,Lack of sleep makes it harder for people to respond quickly.,4,September,Sleep loss slows responses,Psychology,The introduction directly links lack of sleep with difficulty responding quickly.,high,https://www.ninds.nih.gov/sites/default/files/2025-05/understanding-sleep.pdf,Sleep and cognition,Understanding Sleep (Brain Basics),www.ninds.nih.gov,verified
FACT-2026-09-03-S05,3,2026-09-03,Ancient Egyptians associated cats with gods and kings.,5,September,Egyptians associated cats with gods and kings,Animals,Catanzariti states that Egyptians associated cats with gods and kings.,high,https://www.si.edu/stories/eons-viral-kitten-videos-ancient-egyptians-adored-cats,Ancient Egyptian cats,"Eons before Viral Kitten Videos, Ancient Egyptians Adored Cats | Smithsonian Institution",www.si.edu,verified
FACT-2026-09-03-S06,3,2026-09-03,"Location focuses on where something is, while place focuses on what it is like there.",6,September,Place and location distinction,Geography,The passage explicitly contrasts location’s where with place’s what it is like there.,high,https://education.nationalgeographic.org/resource/place/,Geographic concepts,Place,education.nationalgeographic.org,verified
FACT-2026-09-03-S07,3,2026-09-03,"A Maya vessel depicts a ruler seated on a throne, wearing an elaborately woven garment, a jade bracelet, and a jade bead.",7,September,Ruler depicted on a Maya vessel,History,The description of the Vase with Six Figures and Glyphs gives these details about the principal figure.,high,https://www.loc.gov/exhibits/exploring-the-early-americas/language-and-context.html,Maya art,Language and Context - Exploring the Early Americas | Exhibitions - Library of Congress,www.loc.gov,verified
FACT-2026-09-03-S08,3,2026-09-03,The International Astronomical Union reclassified Pluto as a dwarf planet in 2006.,8,September,Pluto was reclassified in 2006,Technology,The source says Pluto was reclassified as a dwarf planet by the IAU in 2006.,high,https://science.nasa.gov/solar-system/planets/,Planetary classification,About the Planets,science.nasa.gov,verified
FACT-2026-09-03-S09,3,2026-09-03,The Oort Cloud is described as a giant spherical shell surrounding the solar system.,9,September,The Oort Cloud is a spherical shell,Mystery & Unexplained,NASA describes the Oort Cloud as a giant spherical shell surrounding the solar system.,high,https://science.nasa.gov/solar-system/solar-system-facts/,Unobserved Solar-System Structures,Solar System: Facts - NASA Science,science.nasa.gov,verified
FACT-2026-09-03-S10,3,2026-09-03,"Maya writing was recorded on ceramics, stone, wood, shell, textiles, animal hides, and screen-fold codex books.",10,September,Maya writing media,Ancient Civilizations,"“Maya writing was recorded on a wide variety of media that include ceramics, stone, wood, shell, textiles, animal hides, and screen-fold codex books.”",high,https://www.loc.gov/exhibits/exploring-the-early-americas/language-and-context.html,Maya writing,Language and Context - Exploring the Early Americas | Exhibitions - Library of Congress,www.loc.gov,verified
FACT-2026-09-03-S11,3,2026-09-03,"Death Valley recorded an average daily temperature of 108.1°F (42.3°C) during July 2018, the record for the hottest month in a single location.",11,September,Hottest month at one location,World Records & Extremes,The passage says Death Valley held the record based on Furnace Creek readings from 1 through 31 July 2018.,high,https://www.guinnessworldrecords.com/world-records/highest-recorded-temperature,Weather extremes,Highest recorded temperature on Earth | Guinness World Records,www.guinnessworldrecords.com,verified
FACT-2026-09-03-S12,3,2026-09-03,Surface ocean currents are generated by forces such as wind and steered by Earth’s rotation.,12,September,Winds generate surface currents,Nature,The transcript describes surface currents as generated by wind and directed by Earth’s rotation.,high,https://oceantoday.noaa.gov/adoptadrifter/welcome.html,Ocean currents,Adopt a Drifter | Ocean Today,oceantoday.noaa.gov,verified
FACT-2026-09-03-S13,3,2026-09-03,Nutrition Facts serving sizes are standardized to facilitate comparison of similar foods.,13,September,Serving sizes are standardized,Food,The serving-information section says serving sizes are standardized to make comparison easier.,high,https://www.fda.gov/food/nutrition-facts-label/how-understand-and-use-nutrition-facts-label,Food labeling,How to Understand and Use the Nutrition Facts Label | FDA,www.fda.gov,verified
FACT-2026-09-03-S14,3,2026-09-03,Maya writing was recorded on animal hides.,14,September,Maya writing on animal hides,Inventions,Animal hides are listed among the media on which Maya writing was recorded.,high,https://www.loc.gov/exhibits/exploring-the-early-americas/language-and-context.html,Writing media,Language and Context - Exploring the Early Americas | Exhibitions - Library of Congress,www.loc.gov,verified
FACT-2026-09-03-S15,3,2026-09-03,Kazakhstan is described as having relatively high linguistic diversity.,15,September,Kazakhstan has relatively high linguistic diversity,Country Facts,The text identifies relatively high linguistic diversity in Kazakhstan.,high,https://education.nationalgeographic.org/resource/language-diversity-index-map/,Linguistic diversity,Language Diversity Index,education.nationalgeographic.org,verified
FACT-2026-09-03-S16,3,2026-09-03,The Creators wanted to create human beings with hearts and minds who could “keep the days.”,16,September,Creators’ goal,Mythology & Legends,The passage states this objective of the Creators and associated deities.,high,https://maya.nmai.si.edu/the-maya/creation-story-maya,Maya cosmology,Creation Story of the Maya | Living Maya Time,maya.nmai.si.edu,verified
FACT-2026-09-03-S17,3,2026-09-03,The majority of radiation from the Sun is absorbed by the ocean.,17,September,Ocean absorption of solar radiation,Ocean & Marine,"The source says the majority of solar radiation is absorbed by the ocean, particularly in tropical waters around the equator.",high,https://oceanexplorer.noaa.gov/ocean-fact/climate/,Solar energy,How does the ocean affect climate and weather on land? - NOAA Ocean Exploration,oceanexplorer.noaa.gov,verified
FACT-2026-09-03-S18,3,2026-09-03,Language can express identity.,18,September,Language expresses identity,Language,The passage lists expression of identity as a function of language.,high,https://www.britannica.com/topic/language,Language functions,"Language | Definition, Types, Characteristics, Development, & Facts | Britannica",www.britannica.com,verified
FACT-2026-09-03-S19,3,2026-09-03,Financial habits and norms skills help guide a person’s day-to-day financial behaviors.,19,September,Financial skills guide day-to-day behavior,Money & Economics,The importance section says these skills help people decide what is financially desirable and possible and guide daily behaviors.,high,https://www.consumerfinance.gov/consumer-tools/educator-tools/youth-financial-education/learn/financial-habits-norms/,Financial behavior,Financial habits and norms | Consumer Financial Protection Bureau,www.consumerfinance.gov,verified
FACT-2026-09-03-S20,3,2026-09-03,"FDA says fresh fruits and vegetables should be rinsed under running tap water, including produce with inedible skins or rinds.",20,September,Produce rinsing,Everyday Life,"The CLEAN section directs consumers to rinse fresh fruits and vegetables under running tap water, including those with skins and rinds that are not eaten.",high,https://www.fda.gov/food/buy-store-serve-safe-food/safe-food-handling,Food safety,Safe Food Handling | FDA,www.fda.gov,verified
FACT-2026-09-04-S01,4,2026-09-04,The solar system has eight planets and five officially recognized dwarf planets.,1,September,Planetary census,Science,The opening states that the solar system has eight planets and names five officially recognized dwarf planets.,high,https://science.nasa.gov/solar-system/planets/,Planetary science,About the Planets,science.nasa.gov,verified
FACT-2026-09-04-S02,4,2026-09-04,Mercury is the smallest planet in the solar system.,2,September,Mercury is the smallest planet,Space,The Mercury facts section states that Mercury is the smallest planet in the solar system.,high,https://science.nasa.gov/solar-system/planets/,Planet size,About the Planets,science.nasa.gov,verified
FACT-2026-09-04-S03,4,2026-09-04,Bone modeling allows individual bones to grow in size and shift in space.,3,September,Modeling changes bone size and position,Human Body,The source directly states that modeling changes bone size and spatial position.,high,https://www.ncbi.nlm.nih.gov/books/NBK45504/,Bone development,2 The Basics of Bone in Health and Disease,www.ncbi.nlm.nih.gov,verified
FACT-2026-09-04-S04,4,2026-09-04,Dreaming may help people process their emotions.,4,September,Dreaming may process emotions,Psychology,The dreaming section says that the exact purpose of dreaming is unknown but that dreaming may help process emotions.,high,https://www.ninds.nih.gov/sites/default/files/2025-05/understanding-sleep.pdf,Sleep and dreaming,Understanding Sleep (Brain Basics),www.ninds.nih.gov,verified
FACT-2026-09-04-S05,4,2026-09-04,Feline motifs appear on many objects of daily Egyptian life.,5,September,Feline motifs appeared on everyday Egyptian objects,Animals,The passage directly says feline motifs appear on many objects of daily Egyptian life.,high,https://www.si.edu/stories/eons-viral-kitten-videos-ancient-egyptians-adored-cats,Ancient Egyptian cats,"Eons before Viral Kitten Videos, Ancient Egyptians Adored Cats | Smithsonian Institution",www.si.edu,verified
FACT-2026-09-04-S06,4,2026-09-04,"Physical characteristics of place include landforms, elevation, water features, climate, soil, natural vegetation, and animal life.",6,September,Physical characteristics of place,Geography,The passage lists these elements as physical characteristics.,high,https://education.nationalgeographic.org/resource/place/,Physical geography,Place,education.nationalgeographic.org,verified
FACT-2026-09-04-S07,4,2026-09-04,"A Maya vessel depicts a ruler addressing Itzam, identified as the creator god and patron of scribes.",7,September,Ruler addressing Itzam,History,The Vase Depicting Seated Ruler and Dwarf passage states that the king addresses Itzam and identifies his role.,high,https://www.loc.gov/exhibits/exploring-the-early-americas/language-and-context.html,Maya religion,Language and Context - Exploring the Early Americas | Exhibitions - Library of Congress,www.loc.gov,verified
FACT-2026-09-04-S08,4,2026-09-04,"Mercury, Venus, Earth, and Mars are terrestrial planets with solid surfaces.",8,September,The inner planets are terrestrial planets,Technology,The source identifies the first four planets as terrestrial planets because they have solid surfaces.,high,https://science.nasa.gov/solar-system/planets/,Planetary geology,About the Planets,science.nasa.gov,verified
FACT-2026-09-04-S09,4,2026-09-04,Icy pieces of debris in the Oort Cloud orbit the Sun as far as 1.6 light-years away.,9,September,The Oort Cloud extends up to 1.6 light-years,Mystery & Unexplained,NASA gives 1.6 light-years as the maximum stated distance for Oort Cloud debris from the Sun.,high,https://science.nasa.gov/solar-system/solar-system-facts/,Unobserved Solar-System Structures,Solar System: Facts - NASA Science,science.nasa.gov,verified
FACT-2026-09-04-S10,4,2026-09-04,"Maya writing was used for recording history, accounting for tributes, and writing prayers and auguries.",10,September,Maya writing purposes,Ancient Civilizations,"“Writing was often used for solemn and sacred tasks, such as recording history, accounting for tributes, and writing of prayers and auguries.”",high,https://www.loc.gov/exhibits/exploring-the-early-americas/language-and-context.html,Maya history,Language and Context - Exploring the Early Americas | Exhibitions - Library of Congress,www.loc.gov,verified
FACT-2026-09-04-S11,4,2026-09-04,"The highest recorded temperature in continental Europe is 48.8°C (119.8°F), registered in Sicily on 11 August 2021.",11,September,Highest recorded temperature in continental Europe,World Records & Extremes,The passage identifies Sicily's 48.8°C reading and says the WMO confirmed it on 30 January 2024.,high,https://www.guinnessworldrecords.com/world-records/highest-recorded-temperature,Weather extremes,Highest recorded temperature on Earth | Guinness World Records,www.guinnessworldrecords.com,verified
FACT-2026-09-04-S12,4,2026-09-04,Ocean currents regulate global climate by counteracting uneven solar heating.,12,September,Currents regulate global climate,Nature,The passage says currents regulate global climate and counteract uneven solar-radiation distribution.,high,https://oceanexplorer.noaa.gov/ocean-fact/climate/,Ocean currents,How does the ocean affect climate and weather on land? - NOAA Ocean Exploration,oceanexplorer.noaa.gov,verified
FACT-2026-09-04-S13,4,2026-09-04,A labeled serving size reflects the amount people typically eat or drink.,13,September,Serving sizes reflect typical consumption,Food,The source directly defines serving size as reflecting typical consumption.,high,https://www.fda.gov/food/nutrition-facts-label/how-understand-and-use-nutrition-facts-label,Food labeling,How to Understand and Use the Nutrition Facts Label | FDA,www.fda.gov,verified
FACT-2026-09-04-S14,4,2026-09-04,Maya writing was recorded in screen-fold codex books.,14,September,Maya screen-fold codex books,Inventions,Screen-fold codex books are listed among the media on which Maya writing was recorded.,high,https://www.loc.gov/exhibits/exploring-the-early-americas/language-and-context.html,Writing media,Language and Context - Exploring the Early Americas | Exhibitions - Library of Congress,www.loc.gov,verified
FACT-2026-09-04-S15,4,2026-09-04,The source associates Kazakhstan’s relatively high linguistic diversity with its historical position along the Silk Road.,15,September,Kazakhstan’s linguistic diversity is associated with the Silk Road,Country Facts,The passage says Kazakhstan’s high linguistic diversity is seen in relation to its having been part of the Silk Road.,high,https://education.nationalgeographic.org/resource/language-diversity-index-map/,Historical geography,Language Diversity Index,education.nationalgeographic.org,verified
FACT-2026-09-04-S16,4,2026-09-04,Heart of Sky is named among the Creators in the Maya creation account.,16,September,Heart of Sky,Mythology & Legends,The source names Heart of Sky as one of the Creators.,high,https://maya.nmai.si.edu/the-maya/creation-story-maya,Maya mythology,Creation Story of the Maya | Living Maya Time,maya.nmai.si.edu,verified
FACT-2026-09-04-S17,4,2026-09-04,"In tropical waters around the equator, the ocean acts as a heat-retaining solar panel.",17,September,Tropical ocean heat retention,Ocean & Marine,"The source compares the tropical ocean to “a massive, heat-retaining solar panel.”",high,https://oceanexplorer.noaa.gov/ocean-fact/climate/,Solar energy,How does the ocean affect climate and weather on land? - NOAA Ocean Exploration,oceanexplorer.noaa.gov,verified
FACT-2026-09-04-S18,4,2026-09-04,Language can be used for play.,18,September,Language supports play,Language,The passage lists play among the functions of language.,high,https://www.britannica.com/topic/language,Language functions,"Language | Definition, Types, Characteristics, Development, & Facts | Britannica",www.britannica.com,verified
FACT-2026-09-04-S19,4,2026-09-04,"People typically begin building money habits, norms, and values during middle childhood through financial socialization.",19,September,Money habits usually begin in middle childhood,Money & Economics,The development section directly identifies middle childhood and financial socialization as the usual starting point.,high,https://www.consumerfinance.gov/consumer-tools/educator-tools/youth-financial-education/learn/financial-habits-norms/,Financial socialization,Financial habits and norms | Consumer Financial Protection Bureau,www.consumerfinance.gov,verified
FACT-2026-09-04-S20,4,2026-09-04,"FDA says raw meat, poultry, seafood, and eggs should be separated from other foods in shopping carts, grocery bags, and refrigerators.",20,September,Raw-food separation,Everyday Life,"The SEPARATE section lists separating raw meat, poultry, seafood, and eggs from other foods in those locations.",high,https://www.fda.gov/food/buy-store-serve-safe-food/safe-food-handling,Food safety,Safe Food Handling | FDA,www.fda.gov,verified
FACT-2026-09-05-S01,5,2026-09-05,Ceres is the only dwarf planet in the inner solar system.,1,September,Ceres location,Science,The dwarf-planets section identifies Ceres as the only dwarf planet in the inner solar system.,high,https://science.nasa.gov/solar-system/planets/,Planetary science,About the Planets,science.nasa.gov,verified
FACT-2026-09-05-S02,5,2026-09-05,Venus is the second planet from the Sun.,2,September,Venus is second from the Sun,Space,The Venus facts section states that Venus is the second planet from the Sun.,high,https://science.nasa.gov/solar-system/planets/,Planet order,About the Planets,science.nasa.gov,verified
FACT-2026-09-05-S03,5,2026-09-05,Bone remodeling removes and replaces bone at the same site.,3,September,Remodeling replaces bone at one site,Human Body,The source defines remodeling as removal and replacement at the same site.,high,https://www.ncbi.nlm.nih.gov/books/NBK45504/,Bone maintenance,2 The Basics of Bone in Health and Disease,www.ncbi.nlm.nih.gov,verified
FACT-2026-09-05-S04,5,2026-09-05,People experiencing stress or anxiety are more likely to have frightening dreams.,4,September,Stress is associated with frightening dreams,Psychology,The dreaming section directly states that people suffering from stress or anxiety are more likely to have frightening dreams.,high,https://www.ninds.nih.gov/sites/default/files/2025-05/understanding-sleep.pdf,Sleep and stress,Understanding Sleep (Brain Basics),www.ninds.nih.gov,verified
FACT-2026-09-05-S05,5,2026-09-05,Ancient Egyptians observed animal behavior and associated particular behaviors with specific deities.,5,September,Egyptians associated animal behavior with deities,Animals,Catanzariti says Egyptians watched how animals behaved and associated those behaviors with specific deities.,high,https://www.si.edu/stories/eons-viral-kitten-videos-ancient-egyptians-adored-cats,Ancient Egyptian cats,"Eons before Viral Kitten Videos, Ancient Egyptians Adored Cats | Smithsonian Institution",www.si.edu,verified
FACT-2026-09-05-S06,5,2026-09-05,"Human characteristics of place include population size and density, ethnic and religious composition, language patterns, and culture.",6,September,Human characteristics of place,Geography,The passage lists these population and cultural attributes as human characteristics.,high,https://education.nationalgeographic.org/resource/place/,Human geography,Place,education.nationalgeographic.org,verified
FACT-2026-09-05-S07,5,2026-09-05,The ballgame was prevalent throughout the cultures of Mesoamerica.,7,September,Prevalence of the ballgame,History,The Ballgame Yoke passage explicitly states its prevalence across Mesoamerican cultures.,high,https://www.loc.gov/exhibits/exploring-the-early-americas/language-and-context.html,Maya history,Language and Context - Exploring the Early Americas | Exhibitions - Library of Congress,www.loc.gov,verified
FACT-2026-09-05-S08,5,2026-09-05,Jupiter and Saturn are gas giants.,8,September,Jupiter and Saturn are gas giants,Technology,The source states that Jupiter and Saturn are gas giants.,high,https://science.nasa.gov/solar-system/planets/,Planetary classification,About the Planets,science.nasa.gov,verified
FACT-2026-09-05-S09,5,2026-09-05,"The Oort Cloud's shell of material extends from 5,000 astronomical units to 100,000 astronomical units.",9,September,"The Oort Cloud spans 5,000 to 100,000 astronomical units",Mystery & Unexplained,NASA states the Oort Cloud's material extends across that astronomical-unit range.,high,https://science.nasa.gov/solar-system/solar-system-facts/,Unobserved Solar-System Structures,Solar System: Facts - NASA Science,science.nasa.gov,verified
FACT-2026-09-05-S10,5,2026-09-05,A Maya shell cup dating to AD 200–400 bears six incised hieroglyphs.,10,September,Maya shell cup,Ancient Civilizations,"“Shell cup with six incised hieroglyphs. Maya, AD 200–400.”",high,https://www.loc.gov/exhibits/exploring-the-early-americas/language-and-context.html,Maya artifacts,Language and Context - Exploring the Early Americas | Exhibitions - Library of Congress,www.loc.gov,verified
FACT-2026-09-05-S11,5,2026-09-05,"The lowest temperature on record is -89.2°C (-128.6°F), logged at Russia's Vostok research station in Antarctica on 21 July 1983.",11,September,Lowest temperature on record,World Records & Extremes,"The passage gives the temperature, location, date, and Antarctic winter context for the lowest record.",high,https://www.guinnessworldrecords.com/world-records/highest-recorded-temperature,Weather extremes,Highest recorded temperature on Earth | Guinness World Records,www.guinnessworldrecords.com,verified
FACT-2026-09-05-S12,5,2026-09-05,"Without ocean currents, regional temperatures would be more extreme and less land would be habitable.",12,September,Currents affect habitability,Nature,"NOAA contrasts current-driven conditions with a hotter equator, colder poles, and less habitable land without currents.",high,https://oceanexplorer.noaa.gov/ocean-fact/climate/,Ocean currents,How does the ocean affect climate and weather on land? - NOAA Ocean Exploration,oceanexplorer.noaa.gov,verified
FACT-2026-09-05-S13,5,2026-09-05,The serving size on a Nutrition Facts label is not a recommendation of how much a person should consume.,13,September,Serving size is not an eating recommendation,Food,The source explicitly states that serving size is not a recommendation.,high,https://www.fda.gov/food/nutrition-facts-label/how-understand-and-use-nutrition-facts-label,Food labeling,How to Understand and Use the Nutrition Facts Label | FDA,www.fda.gov,verified
FACT-2026-09-05-S14,5,2026-09-05,Maya writing was used for recording history.,14,September,Writing for historical records,Inventions,The passage states that writing was used for solemn and sacred tasks such as recording history.,high,https://www.loc.gov/exhibits/exploring-the-early-americas/language-and-context.html,Writing uses,Language and Context - Exploring the Early Americas | Exhibitions - Library of Congress,www.loc.gov,verified
FACT-2026-09-05-S15,5,2026-09-05,Bolivia is identified as a country with high linguistic diversity.,15,September,Bolivia has high linguistic diversity,Country Facts,The text lists Bolivia among countries with high linguistic diversity.,high,https://education.nationalgeographic.org/resource/language-diversity-index-map/,Linguistic diversity,Language Diversity Index,education.nationalgeographic.org,verified
FACT-2026-09-05-S16,5,2026-09-05,The Feathered Serpent is named as one of the deities involved in the Maya creation account.,16,September,Feathered Serpent,Mythology & Legends,The passage includes the Feathered Serpent among Heart of Sky and six other deities.,high,https://maya.nmai.si.edu/the-maya/creation-story-maya,Maya mythology,Creation Story of the Maya | Living Maya Time,maya.nmai.si.edu,verified
FACT-2026-09-05-S17,5,2026-09-05,Ocean water is constantly evaporating.,17,September,Ocean evaporation,Ocean & Marine,The source explicitly states that ocean water is constantly evaporating.,high,https://oceanexplorer.noaa.gov/ocean-fact/climate/,Evaporation,How does the ocean affect climate and weather on land? - NOAA Ocean Exploration,oceanexplorer.noaa.gov,verified
FACT-2026-09-05-S18,5,2026-09-05,Language can provide imaginative expression.,18,September,Language enables imaginative expression,Language,The passage lists imaginative expression as a function of language.,high,https://www.britannica.com/topic/language,Language functions,"Language | Definition, Types, Characteristics, Development, & Facts | Britannica",www.britannica.com,verified
FACT-2026-09-05-S19,5,2026-09-05,"Money habits, norms, and values continue to develop through adolescence.",19,September,Money habits continue developing through adolescence,Money & Economics,The development section states that these habits and norms continue developing through adolescence.,high,https://www.consumerfinance.gov/consumer-tools/educator-tools/youth-financial-education/learn/financial-habits-norms/,Financial development,Financial habits and norms | Consumer Financial Protection Bureau,www.consumerfinance.gov,verified
FACT-2026-09-05-S20,5,2026-09-05,"FDA recommends using one cutting board for fresh produce and a separate board for raw meat, poultry, and seafood.",20,September,Separate cutting boards,Everyday Life,The SEPARATE section explicitly distinguishes cutting boards for produce and raw animal foods.,high,https://www.fda.gov/food/buy-store-serve-safe-food/safe-food-handling,Food safety,Safe Food Handling | FDA,www.fda.gov,verified
FACT-2026-09-06-S01,6,2026-09-06,Ceres is in the main asteroid belt between Mars and Jupiter.,1,September,Ceres asteroid-belt position,Science,The Ceres paragraph places it in the main asteroid belt between Mars and Jupiter.,high,https://science.nasa.gov/solar-system/planets/,Planetary science,About the Planets,science.nasa.gov,verified
FACT-2026-09-06-S02,6,2026-09-06,Earth is the third planet from the Sun.,2,September,Earth is third from the Sun,Space,The Earth facts section states that Earth is the third planet from the Sun.,high,https://science.nasa.gov/solar-system/planets/,Planet order,About the Planets,science.nasa.gov,verified
FACT-2026-09-06-S03,6,2026-09-06,Bone remodeling occurs throughout life and becomes the dominant process by the time bone reaches peak mass.,3,September,Remodeling continues throughout life,Human Body,"The source states that remodeling is lifelong and dominant by peak bone mass, typically in the early 20s.",high,https://www.ncbi.nlm.nih.gov/books/NBK45504/,Bone maintenance,2 The Basics of Bone in Health and Disease,www.ncbi.nlm.nih.gov,verified
FACT-2026-09-06-S04,6,2026-09-06,People cycle through non-REM and REM sleep several times during a typical night.,4,September,Sleep cycles include non-REM and REM sleep,Psychology,The sleep-stages section states that people cycle through non-REM and REM sleep several times during a typical night.,high,https://www.ninds.nih.gov/sites/default/files/2025-05/understanding-sleep.pdf,Sleep stages,Understanding Sleep (Brain Basics),www.ninds.nih.gov,verified
FACT-2026-09-06-S05,6,2026-09-06,"Sakhmet, described as a goddess of warfare and healing, was depicted with a lioness head.",5,September,Sakhmet was depicted with a lioness head,Animals,The text explains that lions’ aggression and peacefulness were reflected in Sakhmet’s lioness-headed depiction.,high,https://www.si.edu/stories/eons-viral-kitten-videos-ancient-egyptians-adored-cats,Ancient Egyptian lions,"Eons before Viral Kitten Videos, Ancient Egyptians Adored Cats | Smithsonian Institution",www.si.edu,verified
FACT-2026-09-06-S06,6,2026-09-06,"Houses, roads, and other infrastructure are part of a place’s human characteristics.",6,September,Built characteristics of place,Geography,"The passage identifies the built environment, including houses, roads, and infrastructure, as human characteristics.",high,https://education.nationalgeographic.org/resource/place/,Built environment,Place,education.nationalgeographic.org,verified
FACT-2026-09-06-S07,6,2026-09-06,A Maya deer-hunting scene shows hunters wearing hats and carrying long blowguns.,7,September,Deer-hunting procession,History,The Vase with Deer Hunting Procession passage directly describes the hunters’ clothing and weapons.,high,https://www.loc.gov/exhibits/exploring-the-early-americas/language-and-context.html,Maya culture,Language and Context - Exploring the Early Americas | Exhibitions - Library of Congress,www.loc.gov,verified
FACT-2026-09-06-S08,6,2026-09-06,Uranus and Neptune are ice giants.,8,September,Uranus and Neptune are ice giants,Technology,The source states that Uranus and Neptune are ice giants.,high,https://science.nasa.gov/solar-system/planets/,Planetary classification,About the Planets,science.nasa.gov,verified
FACT-2026-09-06-S09,6,2026-09-06,The Oort Cloud is described as the boundary of the Sun's gravitational influence.,9,September,The Oort Cloud marks the Sun's gravitational boundary,Mystery & Unexplained,NASA explicitly identifies the Oort Cloud as the boundary of the Sun's gravitational influence.,high,https://science.nasa.gov/solar-system/solar-system-facts/,Unobserved Solar-System Structures,Solar System: Facts - NASA Science,science.nasa.gov,verified
FACT-2026-09-06-S10,6,2026-09-06,The Mesoamerican ballgame was played by two opposing sides using a solid rubber ball.,10,September,Maya ballgame equipment,Ancient Civilizations,"“The ballgame, played by two opposing sides with a solid rubber ball, was prevalent throughout the cultures of Mesoamerica.”",high,https://www.loc.gov/exhibits/exploring-the-early-americas/language-and-context.html,Maya artifacts,Language and Context - Exploring the Early Americas | Exhibitions - Library of Congress,www.loc.gov,verified
FACT-2026-09-06-S11,6,2026-09-06,"About 1,000 Earths could fit inside Jupiter if Jupiter were a hollow shell.",11,September,Earth capacity inside Jupiter,World Records & Extremes,NASA's fifth numbered fact gives the comparison between Jupiter's hollow-shell volume and Earth.,high,https://science.nasa.gov/solar-system/solar-system-facts/,Astronomical extremes,Solar System: Facts - NASA Science,science.nasa.gov,verified
FACT-2026-09-06-S12,6,2026-09-06,Drifting buoys measure and transmit sea-surface temperature and position coordinates by satellite for about 400 days.,12,September,Drifting buoys transmit ocean data,Nature,"The transcript specifies the measurements, satellite transmission, and approximately 400-day duration.",high,https://oceantoday.noaa.gov/adoptadrifter/welcome.html,Ocean observation,Adopt a Drifter | Ocean Today,oceantoday.noaa.gov,verified
FACT-2026-09-06-S13,6,2026-09-06,The nutrient amounts and calories shown on a Nutrition Facts label refer to the labeled serving size.,13,September,Listed nutrient amounts correspond to the serving size,Food,"The source states that all nutrient amounts, including calories, refer to serving size.",high,https://www.fda.gov/food/nutrition-facts-label/how-understand-and-use-nutrition-facts-label,Food labeling,How to Understand and Use the Nutrition Facts Label | FDA,www.fda.gov,verified
FACT-2026-09-06-S14,6,2026-09-06,Maya writing was used for accounting for tributes.,14,September,Writing for tribute accounting,Inventions,The passage explicitly lists accounting for tributes as a use of writing.,high,https://www.loc.gov/exhibits/exploring-the-early-americas/language-and-context.html,Writing uses,Language and Context - Exploring the Early Americas | Exhibitions - Library of Congress,www.loc.gov,verified
FACT-2026-09-06-S15,6,2026-09-06,Japan is identified as a nation with low linguistic diversity.,15,September,Japan has low linguistic diversity,Country Facts,The passage gives Japan as an example of a nation with low linguistic diversity.,high,https://education.nationalgeographic.org/resource/language-diversity-index-map/,Linguistic diversity,Language Diversity Index,education.nationalgeographic.org,verified
FACT-2026-09-06-S16,6,2026-09-06,The Creators’ first attempts to make human beings failed.,16,September,Failed first attempts,Mythology & Legends,The source directly states that their first attempts failed.,high,https://maya.nmai.si.edu/the-maya/creation-story-maya,Maya creation mythology,Creation Story of the Maya | Living Maya Time,maya.nmai.si.edu,verified
FACT-2026-09-06-S17,6,2026-09-06,Ocean evaporation increases the temperature and humidity of surrounding air.,17,September,Evaporation and humidity,Ocean & Marine,The passage states that evaporation increases the temperature and humidity of surrounding air.,high,https://oceanexplorer.noaa.gov/ocean-fact/climate/,Evaporation,How does the ocean affect climate and weather on land? - NOAA Ocean Exploration,oceanexplorer.noaa.gov,verified
FACT-2026-09-06-S18,6,2026-09-06,Language can provide emotional release.,18,September,Language enables emotional release,Language,The passage lists emotional release among the functions of language.,high,https://www.britannica.com/topic/language,Language functions,"Language | Definition, Types, Characteristics, Development, & Facts | Britannica",www.britannica.com,verified
FACT-2026-09-06-S19,6,2026-09-06,Youth financial habits and norms influence many financial behaviors and habits in adulthood.,19,September,Youth financial habits influence adult behavior,Money & Economics,The development section explicitly says adolescent habits and norms influence many adult financial behaviors and habits.,high,https://www.consumerfinance.gov/consumer-tools/educator-tools/youth-financial-education/learn/financial-habits-norms/,Financial development,Financial habits and norms | Consumer Financial Protection Bureau,www.consumerfinance.gov,verified
FACT-2026-09-06-S20,6,2026-09-06,"FDA says cooked food should not be placed on a plate that previously held raw animal foods unless the plate has been washed in hot, soapy water.",20,September,Cooked-food plate reuse,Everyday Life,"The SEPARATE section prohibits reuse of such plates unless washed in hot, soapy water.",high,https://www.fda.gov/food/buy-store-serve-safe-food/safe-food-handling,Food safety,Safe Food Handling | FDA,www.fda.gov,verified
FACT-2026-09-07-S01,7,2026-09-07,Haumea is one of the fastest-rotating large objects in the solar system.,1,September,Haumea rotation,Science,The Haumea facts section describes it as one of the fastest rotating large solar-system objects.,high,https://science.nasa.gov/solar-system/planets/,Planetary science,About the Planets,science.nasa.gov,verified
FACT-2026-09-07-S02,7,2026-09-07,Mars is the fourth planet from the Sun.,2,September,Mars is fourth from the Sun,Space,The Mars facts section states that Mars is the fourth planet from the Sun.,high,https://science.nasa.gov/solar-system/planets/,Planet order,About the Planets,science.nasa.gov,verified
FACT-2026-09-07-S03,7,2026-09-07,Most of the adult skeleton is replaced about every 10 years through modeling and remodeling.,3,September,Adult skeleton replacement interval,Human Body,The source states that modeling and remodeling replace most of the adult skeleton about every 10 years.,high,https://www.ncbi.nlm.nih.gov/books/NBK45504/,Bone maintenance,2 The Basics of Bone in Health and Disease,www.ncbi.nlm.nih.gov,verified
FACT-2026-09-07-S04,7,2026-09-07,Stage 3 non-REM sleep is a period of deep sleep.,4,September,Stage 3 is deep sleep,Psychology,The sleep-stage table identifies stage 3 non-REM sleep as the period of deep sleep.,high,https://www.ninds.nih.gov/sites/default/files/2025-05/understanding-sleep.pdf,Sleep stages,Understanding Sleep (Brain Basics),www.ninds.nih.gov,verified
FACT-2026-09-07-S05,7,2026-09-07,Bastet was associated with aggressiveness and protection.,5,September,Bastet was associated with aggression and protection,Animals,The text explicitly links Bastet with aggressiveness and protection.,high,https://www.si.edu/stories/eons-viral-kitten-videos-ancient-egyptians-adored-cats,Ancient Egyptian cats,"Eons before Viral Kitten Videos, Ancient Egyptians Adored Cats | Smithsonian Institution",www.si.edu,verified
FACT-2026-09-07-S06,7,2026-09-07,The Sonoran Desert extends across the southwestern United States and northwestern Mexico.,6,September,Sonoran Desert location,Geography,The Sonoran Desert description gives this geographic extent.,high,https://education.nationalgeographic.org/resource/place/,Desert geography,Place,education.nationalgeographic.org,verified
FACT-2026-09-07-S07,7,2026-09-07,The text on the Maya deer-hunting vessel is entirely pseudoglyphic and is not meant to be read.,7,September,Pseudoglyphs on hunting vessel,History,The passage defines the vessel’s glyphs as pseudoglyphic and says they represent the idea of writing.,high,https://www.loc.gov/exhibits/exploring-the-early-americas/language-and-context.html,Maya writing,Language and Context - Exploring the Early Americas | Exhibitions - Library of Congress,www.loc.gov,verified
FACT-2026-09-07-S08,7,2026-09-07,Mercury is the planet nearest to the Sun.,8,September,Mercury is nearest to the Sun,Technology,The Mercury facts section identifies Mercury as the nearest planet to the Sun.,high,https://science.nasa.gov/solar-system/planets/,Planetary order,About the Planets,science.nasa.gov,verified
FACT-2026-09-07-S09,7,2026-09-07,The heliosphere is a bubble created by the solar wind.,9,September,The heliosphere is created by solar wind,Mystery & Unexplained,NASA defines the heliosphere as the bubble created by the outward-flowing solar wind.,high,https://science.nasa.gov/solar-system/solar-system-facts/,Unobserved Solar-System Structures,Solar System: Facts - NASA Science,science.nasa.gov,verified
FACT-2026-09-07-S10,7,2026-09-07,Carved stone ballgame yokes were probably replicas of leather or wood versions worn by players.,10,September,Maya ballgame yokes,Ancient Civilizations,"“Carved stone yokes, like this one, are probably replicas of the leather or wood versions worn by players.”",high,https://www.loc.gov/exhibits/exploring-the-early-americas/language-and-context.html,Maya artifacts,Language and Context - Exploring the Early Americas | Exhibitions - Library of Congress,www.loc.gov,verified
FACT-2026-09-07-S11,7,2026-09-07,Charon is about half the size of Pluto.,11,September,Largest moon relative to its dwarf planet,World Records & Extremes,The Pluto moons section states that Pluto's large moon Charon is about half Pluto's size.,high,https://science.nasa.gov/solar-system/moons/facts/,Astronomical extremes,Moons: Facts,science.nasa.gov,verified
FACT-2026-09-07-S12,7,2026-09-07,Oil spills can harm sea creatures.,12,September,Oil spills harm marine life,Nature,NOAA states that accidental ocean oil spills can harm sea creatures.,high,https://www.noaa.gov/ocean-and-coasts-education,Ocean pollution,Ocean and Coasts Education | National Oceanic and Atmospheric Administration,www.noaa.gov,verified
FACT-2026-09-07-S13,7,2026-09-07,Calories provide a measure of the energy obtained from a serving of food.,13,September,Calories measure energy from a serving,Food,The calories section defines calories as a measure of energy from a serving.,high,https://www.fda.gov/food/nutrition-facts-label/how-understand-and-use-nutrition-facts-label,Nutrition,How to Understand and Use the Nutrition Facts Label | FDA,www.fda.gov,verified
FACT-2026-09-07-S14,7,2026-09-07,Maya writing was used for writing prayers.,14,September,Writing prayers,Inventions,The passage explicitly lists writing prayers as a use of writing.,high,https://www.loc.gov/exhibits/exploring-the-early-americas/language-and-context.html,Writing uses,Language and Context - Exploring the Early Americas | Exhibitions - Library of Congress,www.loc.gov,verified
FACT-2026-09-07-S15,7,2026-09-07,The United States is described as having relatively low linguistic diversity.,15,September,The United States has relatively low linguistic diversity,Country Facts,Question 4 explicitly states that the United States has relatively low linguistic diversity.,high,https://education.nationalgeographic.org/resource/language-diversity-index-map/,Language distribution,Language Diversity Index,education.nationalgeographic.org,verified
FACT-2026-09-07-S16,7,2026-09-07,The Creators eventually made humans from yellow and white corn.,16,September,Corn people,Mythology & Legends,The passage states that humans were finally created out of yellow and white corn.,high,https://maya.nmai.si.edu/the-maya/creation-story-maya,Maya creation mythology,Creation Story of the Maya | Living Maya Time,maya.nmai.si.edu,verified
FACT-2026-09-07-S17,7,2026-09-07,Almost all rain that falls on land starts in the ocean.,17,September,Ocean origin of land rainfall,Ocean & Marine,"The source directly says, “almost all rain that falls on land starts off in the ocean.”",high,https://oceanexplorer.noaa.gov/ocean-fact/climate/,Rainfall,How does the ocean affect climate and weather on land? - NOAA Ocean Exploration,oceanexplorer.noaa.gov,verified
FACT-2026-09-07-S18,7,2026-09-07,"The remaining 6,550 languages have a much more limited scope than the globally spoken languages.",18,September,Most languages have limited scope,Language,"The passage contrasts 359 global languages with 6,550 languages of limited scope.",high,https://education.nationalgeographic.org/resource/language-diversity-index-map/,Language distribution,Language Diversity Index,education.nationalgeographic.org,verified
FACT-2026-09-07-S19,7,2026-09-07,Developing values around saving and using resources may correspond in adulthood to thinking twice before buying and saving for a later desired item.,19,September,Saving values can support delayed purchases,Money & Economics,The early-childhood table links saving and resource-use values with thinking twice before buying and saving for a later item.,high,https://www.consumerfinance.gov/consumer-tools/educator-tools/youth-financial-education/learn/financial-habits-norms/,Saving behavior,Financial habits and norms | Consumer Financial Protection Bureau,www.consumerfinance.gov,verified
FACT-2026-09-07-S20,7,2026-09-07,"FDA states that color and texture are unreliable indicators of food safety, while a food thermometer is the only way to ensure safety for meat, poultry, seafood, and egg products across cooking methods.",20,September,Food thermometer reliability,Everyday Life,The COOK section directly contrasts unreliable color and texture with thermometer measurement.,high,https://www.fda.gov/food/buy-store-serve-safe-food/safe-food-handling,Food safety,Safe Food Handling | FDA,www.fda.gov,verified
FACT-2026-09-08-S01,8,2026-09-08,"Makemake is the second-brightest object in the Kuiper Belt, while Pluto is the brightest.",1,September,Makemake brightness,Science,The Makemake facts section directly compares its Kuiper Belt brightness with Pluto's.,high,https://science.nasa.gov/solar-system/planets/,Planetary science,About the Planets,science.nasa.gov,verified
FACT-2026-09-08-S02,8,2026-09-08,Jupiter is the fifth planet from the Sun.,2,September,Jupiter is fifth from the Sun,Space,The Jupiter facts section states that Jupiter is the fifth planet from the Sun.,high,https://science.nasa.gov/solar-system/planets/,Planet order,About the Planets,science.nasa.gov,verified
FACT-2026-09-08-S03,8,2026-09-08,"Bone consists of mineral crystals bound to protein, providing strength and resilience.",3,September,Bone is a composite material,Human Body,The source describes bone as mineral crystals bound to protein and links this composition to strength and resilience.,high,https://www.ncbi.nlm.nih.gov/books/NBK45504/,Bone composition,2 The Basics of Bone in Health and Disease,www.ncbi.nlm.nih.gov,verified
FACT-2026-09-08-S04,8,2026-09-08,REM sleep first occurs about 90 minutes after falling asleep.,4,September,REM sleep begins about 90 minutes after sleep onset,Psychology,The REM sleep description states that REM sleep first occurs about 90 minutes after falling asleep.,high,https://www.ninds.nih.gov/sites/default/files/2025-05/understanding-sleep.pdf,Sleep stages,Understanding Sleep (Brain Basics),www.ninds.nih.gov,verified
FACT-2026-09-08-S05,8,2026-09-08,Bastet was often represented as a cat protecting her kittens.,5,September,Bastet was represented protecting kittens,Animals,The passage states that Bastet was often represented as a cat protecting her kittens.,high,https://www.si.edu/stories/eons-viral-kitten-videos-ancient-egyptians-adored-cats,Ancient Egyptian cats,"Eons before Viral Kitten Videos, Ancient Egyptians Adored Cats | Smithsonian Institution",www.si.edu,verified
FACT-2026-09-08-S06,8,2026-09-08,"The Sonoran Desert stretches over more than 260,000 square kilometers.",6,September,Sonoran Desert area,Geography,"The passage states that the desert stretches over 260,000 square kilometers.",high,https://education.nationalgeographic.org/resource/place/,Desert geography,Place,education.nationalgeographic.org,verified
FACT-2026-09-08-S07,8,2026-09-08,"Several Maya miniature flasks are inscribed with “homes for may,” referring to native tobacco and lime mixtures used for medicinal and ritual purposes.",7,September,Medicinal and ritual flasks,History,The Miniature Flasks passage gives the inscription and explains the mixtures’ uses.,high,https://www.loc.gov/exhibits/exploring-the-early-americas/language-and-context.html,Maya medicine,Language and Context - Exploring the Early Americas | Exhibitions - Library of Congress,www.loc.gov,verified
FACT-2026-09-08-S08,8,2026-09-08,Jupiter is the largest planet in the solar system.,8,September,Jupiter is the largest planet,Technology,The Jupiter facts section identifies Jupiter as the largest planet.,high,https://science.nasa.gov/solar-system/planets/,Planetary size,About the Planets,science.nasa.gov,verified
FACT-2026-09-08-S09,8,2026-09-08,The termination shock is the boundary where solar wind is abruptly slowed by pressure from interstellar gases.,9,September,The termination shock is where solar wind slows,Mystery & Unexplained,NASA directly defines the termination shock by this interaction between solar wind and interstellar gases.,high,https://science.nasa.gov/solar-system/solar-system-facts/,Unobserved Solar-System Structures,Solar System: Facts - NASA Science,science.nasa.gov,verified
FACT-2026-09-08-S10,8,2026-09-08,"Maya hunting scenes depict hunters wearing hats, carrying long blowguns, and returning with a deer while villagers sound conch-shell trumpets.",10,September,Maya deer-hunting scenes,Ancient Civilizations,"“The hunters in this scene wear hats ... and carry long blowguns”; after a hunt, villagers return “while blowing on conch shell trumpets.”",high,https://www.loc.gov/exhibits/exploring-the-early-americas/language-and-context.html,Maya hunting,Language and Context - Exploring the Early Americas | Exhibitions - Library of Congress,www.loc.gov,verified
FACT-2026-09-08-S11,8,2026-09-08,Charon is large enough to make Pluto wobble.,11,September,Largest moon relative to its planet,World Records & Extremes,The moons passage says Charon is so large that it makes Pluto wobble.,high,https://solarsystem.nasa.gov/solar-system/our-solar-system/in-depth.amp,Astronomical extremes,In Depth | Our Solar System – NASA Solar System Exploration,solarsystem.nasa.gov,verified
FACT-2026-09-08-S12,8,2026-09-08,Oil spills can make seafood unsafe to eat.,12,September,Oil spills affect seafood safety,Nature,The passage explicitly says oil spills can make seafood unsafe to eat.,high,https://www.noaa.gov/ocean-and-coasts-education,Ocean pollution,Ocean and Coasts Education | National Oceanic and Atmospheric Administration,www.noaa.gov,verified
FACT-2026-09-08-S13,8,2026-09-08,"The FDA identifies 2,000 calories per day as a general guide for nutrition advice.",13,September,"The 2,000-calorie figure is a general guide",Food,"The source states that 2,000 calories a day is used as a general guide.",high,https://www.fda.gov/food/nutrition-facts-label/how-understand-and-use-nutrition-facts-label,Nutrition,How to Understand and Use the Nutrition Facts Label | FDA,www.fda.gov,verified
FACT-2026-09-08-S14,8,2026-09-08,Only twelve all-glyphic Maya vases were known to exist according to the passage.,14,September,All-glyphic vase rarity,Inventions,The passage calls the featured vase one of only twelve all-glyphic vases known to exist.,high,https://www.loc.gov/exhibits/exploring-the-early-americas/language-and-context.html,Maya vessels,Language and Context - Exploring the Early Americas | Exhibitions - Library of Congress,www.loc.gov,verified
FACT-2026-09-08-S15,8,2026-09-08,"According to Ethnologue.com, 364 languages are spoken in the United States.",15,September,The United States has 364 spoken languages,Country Facts,Question 4 states that Ethnologue.com reports 364 languages spoken in the United States.,high,https://education.nationalgeographic.org/resource/language-diversity-index-map/,Language distribution,Language Diversity Index,education.nationalgeographic.org,verified
FACT-2026-09-08-S16,8,2026-09-08,The humans made from yellow and white corn could talk.,16,September,Speech of created humans,Mythology & Legends,The source explicitly says the corn-created humans could talk.,high,https://maya.nmai.si.edu/the-maya/creation-story-maya,Maya creation mythology,Creation Story of the Maya | Living Maya Time,maya.nmai.si.edu,verified
FACT-2026-09-08-S17,8,2026-09-08,The tropics are particularly rainy because ocean heat absorption and evaporation are highest there.,17,September,Tropical rainfall,Ocean & Marine,The source attributes the tropics’ high rainfall to the area’s highest heat absorption and ocean evaporation.,high,https://oceanexplorer.noaa.gov/ocean-fact/climate/,Rainfall,How does the ocean affect climate and weather on land? - NOAA Ocean Exploration,oceanexplorer.noaa.gov,verified
FACT-2026-09-08-S18,8,2026-09-08,"An index of 0 represents no linguistic diversity, meaning everyone speaks the same language.",18,September,Meaning of index zero,Language,The passage defines an index of 0 as everyone speaking the same language.,high,https://education.nationalgeographic.org/resource/language-diversity-index-map/,Language diversity measurement,Language Diversity Index,education.nationalgeographic.org,verified
FACT-2026-09-08-S19,8,2026-09-08,"A positive attitude toward planning, saving, frugality, and self-control may correspond to planning and saving for big purchases.",19,September,Planning and frugality relate to big-purchase saving,Money & Economics,The middle-childhood table gives planning and saving for big purchases as an adult correlate.,high,https://www.consumerfinance.gov/consumer-tools/educator-tools/youth-financial-education/learn/financial-habits-norms/,Planning and frugality,Financial habits and norms | Consumer Financial Protection Bureau,www.consumerfinance.gov,verified
FACT-2026-09-08-S20,8,2026-09-08,"FDA lists 165°F as the safe minimum internal temperature for poultry, including ground, parts, whole poultry, and stuffing.",20,September,Poultry minimum temperature,Everyday Life,The safe-temperature table gives poultry an internal temperature of 165°F.,high,https://www.fda.gov/food/buy-store-serve-safe-food/safe-food-handling,Food safety,Safe Food Handling | FDA,www.fda.gov,verified
FACT-2026-09-09-S01,9,2026-09-09,Saturn has an enormous spinning hexagon in the clouds at its north pole.,1,September,Saturn's polar hexagon,Science,The Saturn's Hexagon section describes an enormous spinning hexagon in Saturn's northern polar clouds.,high,https://science.nasa.gov/solar-system/planets/,Planetary science,About the Planets,science.nasa.gov,verified
FACT-2026-09-09-S02,9,2026-09-09,Saturn is the sixth planet from the Sun.,2,September,Saturn is sixth from the Sun,Space,The Saturn facts section states that Saturn is the sixth planet from the Sun.,high,https://science.nasa.gov/solar-system/planets/,Planet order,About the Planets,science.nasa.gov,verified
FACT-2026-09-09-S03,9,2026-09-09,The mineral phase of bone consists of calcium- and phosphate-containing crystals called hydroxyapatite.,3,September,Hydroxyapatite is bone mineral,Human Body,The bone composition passage identifies hydroxyapatite as the calcium-phosphate mineral phase.,high,https://www.ncbi.nlm.nih.gov/books/NBK45504/,Bone composition,2 The Basics of Bone in Health and Disease,www.ncbi.nlm.nih.gov,verified
FACT-2026-09-09-S04,9,2026-09-09,"Most dreaming occurs during REM sleep, although some dreaming also occurs during non-REM sleep.",4,September,Dreaming is most common during REM sleep,Psychology,The REM sleep description states that most dreaming occurs during REM sleep and that some also occurs during non-REM sleep.,high,https://www.ninds.nih.gov/sites/default/files/2025-05/understanding-sleep.pdf,Sleep stages,Understanding Sleep (Brain Basics),www.ninds.nih.gov,verified
FACT-2026-09-09-S05,9,2026-09-09,Egyptian art commonly expressed the duality of paired opposing elements.,5,September,Egyptian art expressed animal duality,Animals,"The text identifies duality as a common concept in Egyptian art, involving paired elements in opposition.",high,https://www.si.edu/stories/eons-viral-kitten-videos-ancient-egyptians-adored-cats,Ancient Egyptian cats,"Eons before Viral Kitten Videos, Ancient Egyptians Adored Cats | Smithsonian Institution",www.si.edu,verified
FACT-2026-09-09-S06,9,2026-09-09,"The Sahara and Antarctica are both intense deserts, but the Sahara is hot and Antarctica is cold.",6,September,Sahara and Antarctica comparison,Geography,The passage directly compares the two deserts’ climates.,high,https://education.nationalgeographic.org/resource/place/,Regional geography,Place,education.nationalgeographic.org,verified
FACT-2026-09-09-S07,9,2026-09-09,The Vase with Sixty Hieroglyphs records twelve separate coronations.,7,September,Coronations on a Maya vase,History,The passage identifies this vessel as the second-longest sequence and says it records twelve coronations.,high,https://www.loc.gov/exhibits/exploring-the-early-americas/language-and-context.html,Maya political history,Language and Context - Exploring the Early Americas | Exhibitions - Library of Congress,www.loc.gov,verified
FACT-2026-09-09-S08,9,2026-09-09,Neptune is the eighth and most distant planet in the solar system.,8,September,Neptune is the most distant planet,Technology,The Neptune facts section identifies Neptune as the eighth and most distant planet.,high,https://science.nasa.gov/solar-system/planets/,Planetary distance,About the Planets,science.nasa.gov,verified
FACT-2026-09-09-S09,9,2026-09-09,"A giant, evolving, 10-sided atmospheric wave encircles Saturn's south pole.",9,September,Saturn has a giant atmospheric decagon,Mystery & Unexplained,NASA reports Hubble observations of a giant evolving 10-sided wave around Saturn's south pole.,high,https://science.nasa.gov/solar-system/planets/,Unexplained Planetary Features,About the Planets,science.nasa.gov,verified
FACT-2026-09-09-S10,9,2026-09-09,"A Maya vessel from Northern Guatemala depicts a human scribe and Itzam, the god and patron of writing.",10,September,Maya scribal imagery,Ancient Civilizations,"“The figures on the vessel are a human scribe and Itzam, the god and patron of writing.”",high,https://www.loc.gov/exhibits/exploring-the-early-americas/language-and-context.html,Maya scribes,Language and Context - Exploring the Early Americas | Exhibitions - Library of Congress,www.loc.gov,verified
FACT-2026-09-09-S11,9,2026-09-09,The solar-wind termination shock occurs between 80 and 100 astronomical units from the Sun.,11,September,Termination shock distance,World Records & Extremes,NASA identifies the termination shock boundary and places it between 80 and 100 AU.,high,https://science.nasa.gov/solar-system/solar-system-facts/,Astronomical distances,Solar System: Facts - NASA Science,science.nasa.gov,verified
FACT-2026-09-09-S12,9,2026-09-09,Some ocean debris is washed onto beaches by waves and tides.,12,September,Marine debris reaches beaches,Nature,"The text says some debris ends up on beaches, washed in by waves and tides.",high,https://www.noaa.gov/ocean-and-coasts-education,Marine debris,Ocean and Coasts Education | National Oceanic and Atmospheric Administration,www.noaa.gov,verified
FACT-2026-09-09-S13,9,2026-09-09,"Calorie needs vary according to age, sex, height, weight, and physical activity level.",13,September,Calorie needs vary among people,Food,"The source lists age, sex, height, weight, and physical activity as factors affecting calorie needs.",high,https://www.fda.gov/food/nutrition-facts-label/how-understand-and-use-nutrition-facts-label,Nutrition,How to Understand and Use the Nutrition Facts Label | FDA,www.fda.gov,verified
FACT-2026-09-09-S14,9,2026-09-09,The featured vase provides a sequence of twelve separate coronations.,14,September,Twelve-coronation vase,Inventions,The passage states that this vessel provides the second-longest sequence: twelve separate coronations.,high,https://www.loc.gov/exhibits/exploring-the-early-americas/language-and-context.html,Maya vessels,Language and Context - Exploring the Early Americas | Exhibitions - Library of Congress,www.loc.gov,verified
FACT-2026-09-09-S15,9,2026-09-09,"The majority of people in the United States, stated as 82 percent, speak English.",15,September,English is spoken by most people in the United States,Country Facts,Question 4 states that 82 percent of people in the United States speak English.,high,https://education.nationalgeographic.org/resource/language-diversity-index-map/,Language distribution,Language Diversity Index,education.nationalgeographic.org,verified
FACT-2026-09-09-S16,9,2026-09-09,The Creators were satisfied after creating humans who could talk from yellow and white corn.,16,September,Creators’ satisfaction,Mythology & Legends,The passage says the deities were satisfied after this creation.,high,https://maya.nmai.si.edu/the-maya/creation-story-maya,Maya creation mythology,Creation Story of the Maya | Living Maya Time,maya.nmai.si.edu,verified
FACT-2026-09-09-S17,9,2026-09-09,"Ocean currents are created largely by surface winds and partly by temperature and salinity gradients, Earth's rotation, and tides.",17,September,Drivers of ocean currents,Ocean & Marine,"The source lists surface winds, temperature and salinity gradients, Earth’s rotation, and tides as current drivers.",high,https://oceanexplorer.noaa.gov/ocean-fact/climate/,Ocean currents,How does the ocean affect climate and weather on land? - NOAA Ocean Exploration,oceanexplorer.noaa.gov,verified
FACT-2026-09-09-S18,9,2026-09-09,"An index of 1 represents total linguistic diversity, meaning no two people speak the same language.",18,September,Meaning of index one,Language,The passage defines an index of 1 as no two people speaking the same language.,high,https://education.nationalgeographic.org/resource/language-diversity-index-map/,Language diversity measurement,Language Diversity Index,education.nationalgeographic.org,verified
FACT-2026-09-09-S19,9,2026-09-09,"The source associates positive attitudes toward planning, saving, frugality, and self-control with spending money on needs before wants.",19,September,Needs may be prioritized before wants,Money & Economics,The middle-childhood table explicitly lists spending on needs before wants as an adult behavior.,high,https://www.consumerfinance.gov/consumer-tools/educator-tools/youth-financial-education/learn/financial-habits-norms/,Spending priorities,Financial habits and norms | Consumer Financial Protection Bureau,www.consumerfinance.gov,verified
FACT-2026-09-09-S20,9,2026-09-09,FDA lists 160°F as the safe minimum internal temperature for ground meat.,20,September,Ground-meat minimum temperature,Everyday Life,The safe-temperature table gives ground meat an internal temperature of 160°F.,high,https://www.fda.gov/food/buy-store-serve-safe-food/safe-food-handling,Food safety,Safe Food Handling | FDA,www.fda.gov,verified
FACT-2026-09-10-S01,10,2026-09-10,Moons are also called planetary satellites.,1,September,Moon definition,Science,The introduction explicitly states that moons are also called planetary satellites.,high,https://science.nasa.gov/solar-system/moons/facts/,Planetary science,Moons: Facts,science.nasa.gov,verified
FACT-2026-09-10-S02,10,2026-09-10,Uranus is the seventh planet from the Sun.,2,September,Uranus is seventh from the Sun,Space,The Uranus facts section states that Uranus is the seventh planet from the Sun.,high,https://science.nasa.gov/solar-system/planets/,Planet order,About the Planets,science.nasa.gov,verified
FACT-2026-09-10-S03,10,2026-09-10,Bone mineral is bound to a matrix made largely of collagen.,3,September,Collagen forms bone matrix,Human Body,The source states that hydroxyapatite is bound to a matrix made largely of collagen.,high,https://www.ncbi.nlm.nih.gov/books/NBK45504/,Bone composition,2 The Basics of Bone in Health and Disease,www.ncbi.nlm.nih.gov,verified
FACT-2026-09-10-S04,10,2026-09-10,"During REM sleep, arm and leg muscles become temporarily paralyzed.",4,September,REM sleep temporarily paralyzes limb muscles,Psychology,The REM sleep description directly states that arm and leg muscles become temporarily paralyzed.,high,https://www.ninds.nih.gov/sites/default/files/2025-05/understanding-sleep.pdf,Sleep stages,Understanding Sleep (Brain Basics),www.ninds.nih.gov,verified
FACT-2026-09-10-S05,10,2026-09-10,Cats were useful to ancient Egyptians because they chased mice out of houses.,5,September,Cats chased mice from houses,Animals,The passage gives chasing mice out of the house as an example of cats’ usefulness.,high,https://www.si.edu/stories/eons-viral-kitten-videos-ancient-egyptians-adored-cats,Ancient Egyptian cats,"Eons before Viral Kitten Videos, Ancient Egyptians Adored Cats | Smithsonian Institution",www.si.edu,verified
FACT-2026-09-10-S06,10,2026-09-10,Nomadic groups have inhabited the Sahara for thousands of years.,6,September,Sahara habitation,Geography,The passage states that nomadic groups have called the Sahara home for thousands of years.,high,https://education.nationalgeographic.org/resource/place/,Settlement geography,Place,education.nationalgeographic.org,verified
FACT-2026-09-10-S07,10,2026-09-10,A Maya-Toltec-style shell pectoral from AD 900–1200 depicts figures carrying bowls with offerings and a warrior with a rattlesnake leading a procession.,7,September,Maya processional scene,History,"The Large Shell Pectoral description states the date, style, and depicted procession.",high,https://www.loc.gov/exhibits/exploring-the-early-americas/language-and-context.html,Maya history,Language and Context - Exploring the Early Americas | Exhibitions - Library of Congress,www.loc.gov,verified
FACT-2026-09-10-S08,10,2026-09-10,The solar system is located in the Milky Way galaxy.,8,September,The solar system is in the Milky Way,Technology,The introduction states that the solar system is located in the Milky Way.,high,https://science.nasa.gov/solar-system/solar-system-facts/,Galactic location,Solar System: Facts - NASA Science,science.nasa.gov,verified
FACT-2026-09-10-S09,10,2026-09-10,"The Saturnian southern decagon was reported as the first large, regular-sided jet pattern observed in the planet's southern hemisphere.",9,September,Saturn's southern decagon was the first observed southern regular-sided jet pattern,Mystery & Unexplained,NASA states that the discovery marked the first observation of such a southern-hemisphere jet pattern.,high,https://science.nasa.gov/solar-system/planets/,Unexplained Planetary Features,About the Planets,science.nasa.gov,verified
FACT-2026-09-10-S10,10,2026-09-10,The Madrid Codex is one of the few surviving books of the ancient Maya and details the Maya worldview.,10,September,Madrid Codex worldview,Ancient Civilizations,"“This plate depicts pages of the Madrid Codex, one of the few surviving books of the ancient Maya, which details the Maya worldview.”",high,https://www.loc.gov/exhibits/exploring-the-early-americas/language-and-context.html,Maya cosmology,Language and Context - Exploring the Early Americas | Exhibitions - Library of Congress,www.loc.gov,verified
FACT-2026-09-10-S11,10,2026-09-10,Voyager 1 entered interstellar space in 2012.,11,September,Voyager 1 interstellar milestone,World Records & Extremes,The passage states Voyager 1 went interstellar in 2012.,high,https://science.nasa.gov/solar-system/solar-system-facts/,Astronomical distances,Solar System: Facts - NASA Science,science.nasa.gov,verified
FACT-2026-09-10-S12,10,2026-09-10,Some marine debris is eaten by animals that mistake it for food.,12,September,Marine animals ingest mistaken debris,Nature,NOAA directly describes marine animals eating debris mistaken for food.,high,https://www.noaa.gov/ocean-and-coasts-education,Marine debris,Ocean and Coasts Education | National Oceanic and Atmospheric Administration,www.noaa.gov,verified
FACT-2026-09-10-S13,10,2026-09-10,The Nutrition Facts label distinguishes added sugars from total sugars.,13,September,Added sugars are listed separately from total sugars,Food,The source has separate sections defining Total Sugars and Added Sugars.,high,https://www.fda.gov/food/nutrition-facts-label/how-understand-and-use-nutrition-facts-label,Nutrition,How to Understand and Use the Nutrition Facts Label | FDA,www.fda.gov,verified
FACT-2026-09-10-S14,10,2026-09-10,"The Maya vessel with stylized flowers was a drinking cup, indicated by its shape and a glyph naming it as such.",14,September,Vessel as drinking cup,Inventions,The passage identifies the vessel as a drinking cup based on its shape and a naming glyph.,high,https://www.loc.gov/exhibits/exploring-the-early-americas/language-and-context.html,Maya vessels,Language and Context - Exploring the Early Americas | Exhibitions - Library of Congress,www.loc.gov,verified
FACT-2026-09-10-S15,10,2026-09-10,The source states that 10 percent of people in the United States speak Spanish.,15,September,Spanish is spoken by 10 percent of the United States population,Country Facts,"Question 4 states that, of the remaining 18 percent, 10 percent speak Spanish.",high,https://education.nationalgeographic.org/resource/language-diversity-index-map/,Language distribution,Language Diversity Index,education.nationalgeographic.org,verified
FACT-2026-09-10-S16,10,2026-09-10,The Death Lords of the Underworld summoned the Hero Twins to play a momentous ball game.,16,September,Hero Twins’ summons,Mythology & Legends,The source directly describes the Death Lords’ summons and the ball game.,high,https://maya.nmai.si.edu/the-maya/creation-story-maya,Maya mythology,Creation Story of the Maya | Living Maya Time,maya.nmai.si.edu,verified
FACT-2026-09-10-S17,10,2026-09-10,Major ocean current systems typically flow clockwise in the Northern Hemisphere.,17,September,Northern Hemisphere current direction,Ocean & Marine,The source states that major current systems typically flow clockwise in the Northern Hemisphere.,high,https://oceanexplorer.noaa.gov/ocean-fact/climate/,Ocean currents,How does the ocean affect climate and weather on land? - NOAA Ocean Exploration,oceanexplorer.noaa.gov,verified
FACT-2026-09-10-S18,10,2026-09-10,An endangered language is one that could vanish from use.,18,September,Endangered-language definition,Language,The source defines endangered languages as languages that could vanish from use.,high,https://education.nationalgeographic.org/resource/language-diversity-index-map/,Endangered languages,Language Diversity Index,education.nationalgeographic.org,verified
FACT-2026-09-10-S19,10,2026-09-10,"The source associates positive attitudes toward planning, saving, frugality, and self-control with limiting splurge purchases.",19,September,Self-control relates to limiting splurges,Money & Economics,The middle-childhood table identifies limiting splurge purchases as an adult correlate.,high,https://www.consumerfinance.gov/consumer-tools/educator-tools/youth-financial-education/learn/financial-habits-norms/,Spending restraint,Financial habits and norms | Consumer Financial Protection Bureau,www.consumerfinance.gov,verified
FACT-2026-09-10-S20,10,2026-09-10,FDA says a refrigerator should be consistently maintained at 40°F or below.,20,September,Refrigerator temperature,Everyday Life,The CHILL section specifies using an appliance thermometer to ensure a temperature of 40°F or below.,high,https://www.fda.gov/food/buy-store-serve-safe-food/safe-food-handling,Food safety,Safe Food Handling | FDA,www.fda.gov,verified
FACT-2026-09-11-S01,11,2026-09-11,"Moons are generally solid bodies, and few have atmospheres.",1,September,Moon composition,Science,The source describes moons as generally solid and says that few have atmospheres.,high,https://science.nasa.gov/solar-system/moons/facts/,Planetary science,Moons: Facts,science.nasa.gov,verified
FACT-2026-09-11-S02,11,2026-09-11,Mercury and Venus are the only planets in the solar system with no moons.,2,September,Mercury and Venus have no moons,Space,The moons section states that Mercury and Venus are the only planets with no moons.,high,https://science.nasa.gov/solar-system/solar-system-facts/,Moons,Solar System: Facts - NASA Science,science.nasa.gov,verified
FACT-2026-09-11-S03,11,2026-09-11,The outer dense shell of bone is called cortical bone.,3,September,Cortical bone forms the outer shell,Human Body,The source identifies the outer dense shell as cortical bone.,high,https://www.ncbi.nlm.nih.gov/books/NBK45504/,Bone structure,2 The Basics of Bone in Health and Disease,www.ncbi.nlm.nih.gov,verified
FACT-2026-09-11-S04,11,2026-09-11,Memory consolidation most likely requires both non-REM and REM sleep.,4,September,Memory consolidation involves both sleep types,Psychology,The REM sleep description states that memory consolidation most likely requires both non-REM and REM sleep.,high,https://www.ninds.nih.gov/sites/default/files/2025-05/understanding-sleep.pdf,Sleep and memory,Understanding Sleep (Brain Basics),www.ninds.nih.gov,verified
FACT-2026-09-11-S05,11,2026-09-11,"Over time, cats became companions and pets in ancient Egypt.",5,September,Cats became companions and pets,Animals,The text states that cats eventually became companions and pets.,high,https://www.si.edu/stories/eons-viral-kitten-videos-ancient-egyptians-adored-cats,Ancient Egyptian cats,"Eons before Viral Kitten Videos, Ancient Egyptians Adored Cats | Smithsonian Institution",www.si.edu,verified
FACT-2026-09-11-S06,11,2026-09-11,"People, mainly researchers, have only begun exploring and living in Antarctica in recent times.",6,September,Antarctic habitation,Geography,The Sahara–Antarctica comparison describes recent human exploration and habitation in Antarctica.,high,https://education.nationalgeographic.org/resource/place/,Settlement geography,Place,education.nationalgeographic.org,verified
FACT-2026-09-11-S07,11,2026-09-11,A Maya vessel depicts a dead lord arriving in the Underworld through a great serpent’s open mouth.,7,September,Serpent and Underworld imagery,History,The Vase with Lords in the Mouths of Serpents passage explains the imagery and its meaning.,high,https://www.loc.gov/exhibits/exploring-the-early-americas/language-and-context.html,Maya mythology,Language and Context - Exploring the Early Americas | Exhibitions - Library of Congress,www.loc.gov,verified
FACT-2026-09-11-S08,11,2026-09-11,The Milky Way is a barred spiral galaxy.,8,September,The Milky Way is a barred spiral galaxy,Technology,The source explicitly describes the Milky Way as a barred spiral galaxy.,high,https://science.nasa.gov/solar-system/,Galactic structure,Solar System Exploration,science.nasa.gov,verified
FACT-2026-09-11-S09,11,2026-09-11,Saturn's northern polar hexagon was first spotted in the 1980s.,9,September,Saturn's hexagon was first spotted in the 1980s,Mystery & Unexplained,NASA states that the northern-hemisphere hexagon was first spotted in the 1980s.,high,https://science.nasa.gov/solar-system/planets/,Unexplained Planetary Features,About the Planets,science.nasa.gov,verified
FACT-2026-09-11-S10,11,2026-09-11,Midwives may have used miniature flasks for healing and birthing rituals.,10,September,Maya healing flasks,Ancient Civilizations,“Midwives may have used flasks like these for healing and birthing rituals.”,high,https://www.loc.gov/exhibits/exploring-the-early-americas/language-and-context.html,Maya medicine,Language and Context - Exploring the Early Americas | Exhibitions - Library of Congress,www.loc.gov,verified
FACT-2026-09-11-S11,11,2026-09-11,More than 300 robotic spacecraft from many nations have explored destinations beyond Earth's orbit.,11,September,Robotic spacecraft beyond Earth's orbit,World Records & Extremes,NASA's numbered facts state that more than 300 robotic spacecraft have explored beyond Earth's orbit.,high,https://science.nasa.gov/solar-system/solar-system-facts/,Space exploration records,Solar System: Facts - NASA Science,science.nasa.gov,verified
FACT-2026-09-11-S12,11,2026-09-11,"Since the Industrial Revolution began, surface-ocean pH has fallen by 0.1 pH units.",12,September,Surface-ocean pH has fallen,Nature,The page gives the 0.1-unit decline over the period since industrialization began.,high,https://www.noaa.gov/ocean-and-coasts-education,Ocean chemistry,Ocean and Coasts Education | National Oceanic and Atmospheric Administration,www.noaa.gov,verified
FACT-2026-09-11-S13,11,2026-09-11,Total Sugars includes sugars naturally present in foods such as milk and fruit.,13,September,Total sugars include naturally occurring sugars,Food,The source gives milk and fruit as examples of foods containing naturally present sugars included in Total Sugars.,high,https://www.fda.gov/food/nutrition-facts-label/how-understand-and-use-nutrition-facts-label,Nutrition,How to Understand and Use the Nutrition Facts Label | FDA,www.fda.gov,verified
FACT-2026-09-11-S14,11,2026-09-11,The Maya drinking vessel with stylized flowers has a nine-glyph dedicatory formula around its outer rim.,14,September,Dedication formula,Inventions,The passage states that a nine-glyph dedicatory formula runs along the outer rim.,high,https://www.loc.gov/exhibits/exploring-the-early-americas/language-and-context.html,Maya vessels,Language and Context - Exploring the Early Americas | Exhibitions - Library of Congress,www.loc.gov,verified
FACT-2026-09-11-S15,11,2026-09-11,Languages other than English and Spanish are spoken by the remaining 8 percent of people in the United States.,15,September,Other languages account for 8 percent of the United States population,Country Facts,Question 4 states that all other languages are spoken by the remaining 8 percent of people.,high,https://education.nationalgeographic.org/resource/language-diversity-index-map/,Language distribution,Language Diversity Index,education.nationalgeographic.org,verified
FACT-2026-09-11-S16,11,2026-09-11,The Death Lords are presented as rulers or figures of the Underworld in the Hero Twins’ epic cycle.,16,September,Underworld rulers,Mythology & Legends,The passage calls them the Death Lords of the Underworld.,high,https://maya.nmai.si.edu/the-maya/creation-story-maya,Maya mythology,Creation Story of the Maya | Living Maya Time,maya.nmai.si.edu,verified
FACT-2026-09-11-S17,11,2026-09-11,Major ocean current systems often form circular patterns that trace coastlines.,17,September,Current patterns and coastlines,Ocean & Marine,The passage describes major current systems as circular patterns that often trace coastlines.,high,https://oceanexplorer.noaa.gov/ocean-fact/climate/,Ocean currents,How does the ocean affect climate and weather on land? - NOAA Ocean Exploration,oceanexplorer.noaa.gov,verified
FACT-2026-09-11-S18,11,2026-09-11,"Ethnologue identifies 473 languages as nearly extinct, with only a few living speakers.",18,September,Nearly extinct languages,Language,The passage gives the count of 473 nearly extinct languages and describes their few speakers.,high,https://education.nationalgeographic.org/resource/language-diversity-index-map/,Endangered languages,Language Diversity Index,education.nationalgeographic.org,verified
FACT-2026-09-11-S19,11,2026-09-11,Positive financial habits such as planning and saving may correspond to making a formal or informal financial plan.,19,September,Planning habits can produce financial plans,Money & Economics,The table links positive planning and saving habits with making a formal or informal financial plan.,high,https://www.consumerfinance.gov/consumer-tools/educator-tools/youth-financial-education/learn/financial-habits-norms/,Financial planning,Financial habits and norms | Consumer Financial Protection Bureau,www.consumerfinance.gov,verified
FACT-2026-09-11-S20,11,2026-09-11,"FDA says meat, poultry, eggs, seafood, and other perishables should be refrigerated or frozen within two hours of cooking or purchasing.",20,September,Perishable-food refrigeration window,Everyday Life,The CHILL section gives a two-hour refrigeration or freezing window after cooking or purchasing.,high,https://www.fda.gov/food/buy-store-serve-safe-food/safe-food-handling,Food safety,Safe Food Handling | FDA,www.fda.gov,verified
FACT-2026-09-12-S01,12,2026-09-12,"Moons orbit planets, dwarf planets, and asteroids.",1,September,Moon orbital bodies,Science,The introduction states that moons orbit planets and dwarf planets and also orbit asteroids.,high,https://science.nasa.gov/solar-system/moons/facts/,Planetary science,Moons: Facts,science.nasa.gov,verified
FACT-2026-09-12-S02,12,2026-09-12,Cortical bone makes up roughly three-quarters of total skeletal mass.,2,September,Cortical bone comprises most skeletal mass,Human Body,The source gives cortical bone’s proportion as roughly three-quarters of skeletal mass.,high,https://www.ncbi.nlm.nih.gov/books/NBK45504/,Bone structure,2 The Basics of Bone in Health and Disease,www.ncbi.nlm.nih.gov,verified
FACT-2026-09-12-S03,12,2026-09-12,Circadian rhythms direct daily changes in wakefulness.,3,September,Circadian rhythms influence wakefulness,Psychology,"The sleep-mechanisms section states that circadian rhythms direct a wide variety of functions, including daily changes in wakefulness.",high,https://www.ninds.nih.gov/sites/default/files/2025-05/understanding-sleep.pdf,Circadian rhythms,Understanding Sleep (Brain Basics),www.ninds.nih.gov,verified
FACT-2026-09-12-S04,12,2026-09-12,Modern technology allows researchers to see inside animal mummies and examine what lies beneath their wrappings.,4,September,Modern technology permits examination inside mummies,Animals,The passage says modern technology allows researchers to see inside mummies and examine what is under the wrappings.,high,https://www.si.edu/stories/eons-viral-kitten-videos-ancient-egyptians-adored-cats,Animal mummies,"Eons before Viral Kitten Videos, Ancient Egyptians Adored Cats | Smithsonian Institution",www.si.edu,verified
FACT-2026-09-12-S05,12,2026-09-12,Places have distinctive features that give them meaning and distinguish them from other locations.,5,September,Places have distinctive features,Geography,The standard defines places as locations with distinctive characteristics that provide meaning and distinction.,high,https://education.nationalgeographic.org/resource/geography-standard-4/,Geographic concepts,Geography Standard 4,education.nationalgeographic.org,verified
FACT-2026-09-12-S06,12,2026-09-12,"During ancient Egypt’s Late Period, people produced many cat mummies, including some that contained real cat bones and some that were empty.",6,September,Late Period cat mummies,History,The passage dates the practice to 664–332 B.C. and distinguishes bone-filled and empty mummies.,high,https://www.si.edu/stories/eons-viral-kitten-videos-ancient-egyptians-adored-cats,Ancient Egyptian funerary practices,"Eons before Viral Kitten Videos, Ancient Egyptians Adored Cats | Smithsonian Institution",www.si.edu,verified
FACT-2026-09-12-S07,12,2026-09-12,"The solar system is in the Milky Way's Orion Spur, also called the Orion Arm.",7,September,The solar system is in the Orion Spur,Technology,The source identifies the solar system's location as the Orion Spur or Orion Arm.,high,https://science.nasa.gov/solar-system/,Galactic location,Solar System Exploration,science.nasa.gov,verified
FACT-2026-09-12-S08,12,2026-09-12,The eye of Saturn's hurricane-like polar vortex is about 50 times larger than a typical Earth hurricane's eye.,8,September,Saturn's hexagon has an eye 50 times larger than a typical Earth hurricane,Mystery & Unexplained,NASA gives this comparison for the eye of Saturn's northern polar vortex.,high,https://science.nasa.gov/solar-system/planets/,Unexplained Planetary Features,About the Planets,science.nasa.gov,verified
FACT-2026-09-12-S09,12,2026-09-12,"An incised Maya vessel contains glyphic references to the mixing of copal and cacao liquids, probably for ritual uses.",9,September,Copal and cacao vessel,Ancient Civilizations,"“Carefully formed elements refer to the mixing of copal and cacao liquids, probably for ritualistic uses.”",high,https://www.loc.gov/exhibits/exploring-the-early-americas/language-and-context.html,Maya ritual,Language and Context - Exploring the Early Americas | Exhibitions - Library of Congress,www.loc.gov,verified
FACT-2026-09-12-S10,12,2026-09-12,Twenty-four U.S. astronauts have traveled to the Moon.,10,September,Human lunar travelers,World Records & Extremes,The page's 'Getting Out There' section states that 24 U.S. astronauts traveled to the Moon.,high,https://science.nasa.gov/solar-system/,Space exploration records,Solar System Exploration,science.nasa.gov,verified
FACT-2026-09-12-S11,12,2026-09-12,The reported surface-ocean pH decline represents approximately a 30% increase in acidity.,11,September,Ocean acidity increased approximately 30 percent,Nature,NOAA explains that the logarithmic pH change corresponds to approximately a 30% increase in acidity.,high,https://www.noaa.gov/ocean-and-coasts-education,Ocean chemistry,Ocean and Coasts Education | National Oceanic and Atmospheric Administration,www.noaa.gov,verified
FACT-2026-09-12-S12,12,2026-09-12,"Added Sugars include sugars added during food processing, including sucrose and dextrose.",12,September,Added sugars include sugars introduced during processing,Food,The source defines added sugars as sugars added during processing and names sucrose and dextrose.,high,https://www.fda.gov/food/nutrition-facts-label/how-understand-and-use-nutrition-facts-label,Nutrition,How to Understand and Use the Nutrition Facts Label | FDA,www.fda.gov,verified
FACT-2026-09-12-S13,12,2026-09-12,"A Maya craftsman cut, polished, and engraved a shell to make a shell cup with intricate hieroglyphs.",13,September,Shell cup engraving,Inventions,"The passage describes cutting the shell’s internal structure, polishing its edges, and engraving hieroglyphs.",high,https://www.loc.gov/exhibits/exploring-the-early-americas/language-and-context.html,Maya vessels,Language and Context - Exploring the Early Americas | Exhibitions - Library of Congress,www.loc.gov,verified
FACT-2026-09-12-S14,12,2026-09-12,The source states that American Indians in the United States speak endangered languages.,14,September,The United States has endangered Indigenous languages,Country Facts,Question 4 includes American Indians who speak endangered languages among speakers of other languages in the United States.,high,https://education.nationalgeographic.org/resource/language-diversity-index-map/,Endangered languages,Language Diversity Index,education.nationalgeographic.org,verified
FACT-2026-09-12-S15,12,2026-09-12,The Hero Twins defeated their opponents in the Underworld ball game.,15,September,Hero Twins’ victory,Mythology & Legends,The source explicitly states that the Twins defeated their opponents.,high,https://maya.nmai.si.edu/the-maya/creation-story-maya,Maya mythology,Creation Story of the Maya | Living Maya Time,maya.nmai.si.edu,verified
FACT-2026-09-12-S16,12,2026-09-12,Ocean currents transport warm water and precipitation from the equator toward the poles.,16,September,Currents as heat conveyors,Ocean & Marine,The source compares currents to a conveyor belt carrying warm water and precipitation toward the poles.,high,https://oceanexplorer.noaa.gov/ocean-fact/climate/,Ocean currents,How does the ocean affect climate and weather on land? - NOAA Ocean Exploration,oceanexplorer.noaa.gov,verified
FACT-2026-09-12-S17,12,2026-09-12,The Americas are identified as the region with the most endangered languages.,17,September,Region with most endangered languages,Language,The source explicitly identifies the Americas as having the most endangered languages.,high,https://education.nationalgeographic.org/resource/language-diversity-index-map/,Endangered languages,Language Diversity Index,education.nationalgeographic.org,verified
FACT-2026-09-12-S18,12,2026-09-12,Positive financial habits such as planning and saving may correspond to setting aside regular savings.,18,September,Planning habits can include regular savings,Money & Economics,The middle-childhood table explicitly lists setting aside regular savings as an adult behavior.,high,https://www.consumerfinance.gov/consumer-tools/educator-tools/youth-financial-education/learn/financial-habits-norms/,Regular saving,Financial habits and norms | Consumer Financial Protection Bureau,www.consumerfinance.gov,verified
FACT-2026-09-12-S19,12,2026-09-12,FDA says perishables should be refrigerated within one hour when the outside temperature is above 90°F.,19,September,Hot-weather refrigeration window,Everyday Life,The CHILL section shortens the window to one hour above 90°F.,high,https://www.fda.gov/food/buy-store-serve-safe-food/safe-food-handling,Food safety,Safe Food Handling | FDA,www.fda.gov,verified
FACT-2026-09-13-S01,13,2026-09-13,"Saturn has 274 confirmed moons, more than any other planet in the solar system.",1,September,Saturn's moon count,Science,The source states that Saturn has 274 confirmed moons and more than any other planet.,high,https://science.nasa.gov/solar-system/moons/facts/,Planetary science,Moons: Facts,science.nasa.gov,verified
FACT-2026-09-13-S02,13,2026-09-13,Trabecular bone is an inner network of connecting plates and rods.,2,September,Trabecular bone forms an inner network,Human Body,The source describes trabecular bone as a fine inner network of plates and rods.,high,https://www.ncbi.nlm.nih.gov/books/NBK45504/,Bone structure,2 The Basics of Bone in Health and Disease,www.ncbi.nlm.nih.gov,verified
FACT-2026-09-13-S03,13,2026-09-13,The homeostatic sleep drive gets stronger every hour a person is awake.,3,September,Sleep drive increases during wakefulness,Psychology,The sleep-mechanisms section states that the sleep drive gets stronger every hour a person is awake.,high,https://www.ninds.nih.gov/sites/default/files/2025-05/understanding-sleep.pdf,Sleep homeostasis,Understanding Sleep (Brain Basics),www.ninds.nih.gov,verified
FACT-2026-09-13-S04,13,2026-09-13,Cat mummies usually contained real cat bones.,4,September,Cat mummies usually contained real bones,Animals,The passage states that mummies usually contained real cat bones.,high,https://www.si.edu/stories/eons-viral-kitten-videos-ancient-egyptians-adored-cats,Animal mummies,"Eons before Viral Kitten Videos, Ancient Egyptians Adored Cats | Smithsonian Institution",www.si.edu,verified
FACT-2026-09-13-S05,13,2026-09-13,Places usually have names and boundaries.,5,September,Places and boundaries,Geography,The passage states that places usually have names and boundaries.,high,https://education.nationalgeographic.org/resource/geography-standard-4/,Political geography,Geography Standard 4,education.nationalgeographic.org,verified
FACT-2026-09-13-S06,13,2026-09-13,Members of royal K’iche’ lineages recorded the Popol Vuh in the 16th century to preserve it under Spanish colonial rule.,6,September,Recording the Popol Vuh,History,"The source directly states who recorded the story, when, and why.",high,https://maya.nmai.si.edu/the-maya/creation-story-maya,Maya history,Creation Story of the Maya | Living Maya Time,maya.nmai.si.edu,verified
FACT-2026-09-13-S07,13,2026-09-13,"The solar system orbits the center of the Milky Way at about 515,000 mph.",7,September,The solar system orbits the galactic center,Technology,"The source gives the solar system's galactic orbital speed as about 515,000 mph.",high,https://science.nasa.gov/solar-system/solar-system-facts/,Galactic motion,Solar System: Facts - NASA Science,science.nasa.gov,verified
FACT-2026-09-13-S08,13,2026-09-13,The maximum wind speed in Saturn's northern polar hexagon is about double that of Earth's strongest cyclones.,8,September,Saturn's hexagon has winds twice as fast as Earth's strongest cyclones,Mystery & Unexplained,NASA directly compares the hexagon's maximum wind speed with Earth's strongest cyclones.,high,https://science.nasa.gov/solar-system/planets/,Unexplained Planetary Features,About the Planets,science.nasa.gov,verified
FACT-2026-09-13-S09,13,2026-09-13,Maya dynastic vases recount and date coronations of rulers of the Snake Dynasty.,9,September,Dynastic vases,Ancient Civilizations,"“Called ‘Dynastic Vases,’ the vessels recount and date a series of coronations of rulers of the Snake Dynasty.”",high,https://www.loc.gov/exhibits/exploring-the-early-americas/language-and-context.html,Maya dynasties,Language and Context - Exploring the Early Americas | Exhibitions - Library of Congress,www.loc.gov,verified
FACT-2026-09-13-S10,13,2026-09-13,Voyager 1 took its solar-system portrait from more than 4 billion miles from Earth.,10,September,Farthest Voyager solar-system portrait,World Records & Extremes,The passage describes the first solar-system portrait as taken by Voyager 1 more than 4 billion miles from Earth.,high,https://solarsystem.nasa.gov/solar-system/our-solar-system/in-depth.amp,Space exploration records,In Depth | Our Solar System – NASA Solar System Exploration,solarsystem.nasa.gov,verified
FACT-2026-09-13-S11,13,2026-09-13,Migrating species range from zooplankton to blue whales.,11,September,Migration spans diverse animal sizes,Nature,The passage gives zooplankton and blue whales as the small and large examples.,high,https://sos.noaa.gov/education/phenomenon-based-learning/from-pole-to-shining-pole/,Animal migration,From Pole to Shining Pole: Animal Migrations and Changing Climate - Science On a Sphere,sos.noaa.gov,verified
FACT-2026-09-13-S12,13,2026-09-13,The FDA definition of Added Sugars includes sugars from syrups and honey.,12,September,Added sugars include syrups and honey,Food,The source explicitly includes syrups and honey in Added Sugars.,high,https://www.fda.gov/food/nutrition-facts-label/how-understand-and-use-nutrition-facts-label,Nutrition,How to Understand and Use the Nutrition Facts Label | FDA,www.fda.gov,verified
FACT-2026-09-13-S13,13,2026-09-13,Several Maya miniature flasks are inscribed with words referring to traditional tobacco-and-lime mixtures used medicinally and ritually.,13,September,Tobacco-and-lime mixture flasks,Inventions,The passage identifies the inscription and the medicinal and ritual use of the mixtures.,high,https://www.loc.gov/exhibits/exploring-the-early-americas/language-and-context.html,Maya containers,Language and Context - Exploring the Early Americas | Exhibitions - Library of Congress,www.loc.gov,verified
FACT-2026-09-13-S14,13,2026-09-13,The Falkland Islands are described as coming close to an index value of 0.,14,September,The Falkland Islands have low linguistic diversity,Country Facts,The passage says that places such as the Falkland Islands come close to an index value of 0.,high,https://education.nationalgeographic.org/resource/language-diversity-index-map/,Linguistic homogeneity,Language Diversity Index,education.nationalgeographic.org,verified
FACT-2026-09-13-S15,13,2026-09-13,"After the ball game, the Hero Twins rose into the heavens.",15,September,Hero Twins’ ascent,Mythology & Legends,The passage states that the Twins rose into the heavens after defeating their opponents.,high,https://maya.nmai.si.edu/the-maya/creation-story-maya,Maya mythology,Creation Story of the Maya | Living Maya Time,maya.nmai.si.edu,verified
FACT-2026-09-13-S16,13,2026-09-13,Ocean currents transport cold water from the poles back toward the tropics.,16,September,Pole-to-tropics transport,Ocean & Marine,The source states that currents carry cold water from the poles back to the tropics.,high,https://oceanexplorer.noaa.gov/ocean-fact/climate/,Ocean currents,How does the ocean affect climate and weather on land? - NOAA Ocean Exploration,oceanexplorer.noaa.gov,verified
FACT-2026-09-13-S17,13,2026-09-13,Many American Indian languages are vanishing as ethnic populations blend into mainstream society and speak English.,17,September,American Indian language loss,Language,The passage links the disappearance of many American Indian languages to population blending and English use.,high,https://education.nationalgeographic.org/resource/language-diversity-index-map/,Language shift,Language Diversity Index,education.nationalgeographic.org,verified
FACT-2026-09-13-S18,13,2026-09-13,Spending and saving decisions may match a person’s personal goals and values.,18,September,Spending decisions can reflect personal goals,Money & Economics,The development table states that people begin making spending and saving decisions matching personal goals and values.,high,https://www.consumerfinance.gov/consumer-tools/educator-tools/youth-financial-education/learn/financial-habits-norms/,Goal-oriented spending,Financial habits and norms | Consumer Financial Protection Bureau,www.consumerfinance.gov,verified
FACT-2026-09-13-S19,13,2026-09-13,"FDA identifies the refrigerator, cold water, and microwave as the three safe ways to defrost food.",19,September,Safe thawing methods,Everyday Life,The CHILL section names these three safe defrosting methods and rejects room-temperature thawing.,high,https://www.fda.gov/food/buy-store-serve-safe-food/safe-food-handling,Food safety,Safe Food Handling | FDA,www.fda.gov,verified
FACT-2026-09-14-S01,14,2026-09-14,Most Yellowstone seismicity is caused by water coming from crystallizing magma.,1,September,Yellowstone earthquake trigger,Science,The article states that most Yellowstone seismicity is caused by water from crystallizing magma rather than by magma itself.,high,https://www.usgs.gov/observatories/yvo/news/water-released-crystallizing-magma-can-trigger-earthquakes-yellowstone,Volcanology,Water Released from Crystallizing Magma can Trigger Earthquakes in Yellowstone | U.S. Geological Survey,www.usgs.gov,verified
FACT-2026-09-14-S02,14,2026-09-14,Trabecular bone makes up about 25 percent of skeletal mass.,2,September,Trabecular bone comprises the remainder of skeletal mass,Human Body,The source states that trabecular bone accounts for the remaining 25 percent.,high,https://www.ncbi.nlm.nih.gov/books/NBK45504/,Bone structure,2 The Basics of Bone in Health and Disease,www.ncbi.nlm.nih.gov,verified
FACT-2026-09-14-S03,14,2026-09-14,"After a period without sleep, people sleep longer and more deeply.",3,September,Sleep deprivation increases later sleep intensity,Psychology,The sleep-mechanisms section states that the sleep drive causes longer and deeper sleep after a period without sleep.,high,https://www.ninds.nih.gov/sites/default/files/2025-05/understanding-sleep.pdf,Sleep homeostasis,Understanding Sleep (Brain Basics),www.ninds.nih.gov,verified
FACT-2026-09-14-S04,14,2026-09-14,Some cat mummies were produced without animal remains.,4,September,Some cat mummies were empty,Animals,The text explicitly notes that empty mummies were also produced.,high,https://www.si.edu/stories/eons-viral-kitten-videos-ancient-egyptians-adored-cats,Animal mummies,"Eons before Viral Kitten Videos, Ancient Egyptians Adored Cats | Smithsonian Institution",www.si.edu,verified
FACT-2026-09-14-S05,14,2026-09-14,"Continents, islands, countries, regions, states, cities, neighborhoods, villages, and uninhabited areas can be places.",5,September,Examples of places,Geography,The standard lists these geographic units as examples of places.,high,https://education.nationalgeographic.org/resource/geography-standard-4/,Political geography,Geography Standard 4,education.nationalgeographic.org,verified
FACT-2026-09-14-S06,14,2026-09-14,"Popol Vuh, or Popol Wuj in K’iche’, means “Book of the Community.”",6,September,Meaning of Popol Vuh,History,The source explicitly provides the K’iche’ name and translation.,high,https://maya.nmai.si.edu/the-maya/creation-story-maya,Maya literature,Creation Story of the Maya | Living Maya Time,maya.nmai.si.edu,verified
FACT-2026-09-14-S07,14,2026-09-14,The solar system takes about 230 million years to complete one orbit around the galactic center.,7,September,A galactic orbit takes about 230 million years,Technology,The source states the duration of one solar-system orbit around the galactic center.,high,https://science.nasa.gov/solar-system/solar-system-facts/,Galactic motion,Solar System: Facts - NASA Science,science.nasa.gov,verified
FACT-2026-09-14-S08,14,2026-09-14,Pluto wobbles because its moon Charon is so large.,8,September,Pluto wobbles because of Charon,Mystery & Unexplained,NASA states that Charon is large enough to make Pluto wobble.,high,https://science.nasa.gov/solar-system/solar-system-facts/,Unexplained Planetary Motion,Solar System: Facts - NASA Science,science.nasa.gov,verified
FACT-2026-09-14-S09,14,2026-09-14,The attested number of coronations recorded on Maya dynastic vases ranges from five to nineteen.,9,September,Maya coronation records,Ancient Civilizations,“The attested range is between five and nineteen.”,high,https://www.loc.gov/exhibits/exploring-the-early-americas/language-and-context.html,Maya dynasties,Language and Context - Exploring the Early Americas | Exhibitions - Library of Congress,www.loc.gov,verified
FACT-2026-09-14-S10,14,2026-09-14,Neptune's moon Triton is as big as Pluto.,10,September,Largest moon in the Neptune system,World Records & Extremes,The passage explicitly compares Triton's size with Pluto's.,high,https://science.nasa.gov/solar-system/moons/facts/,Astronomical extremes,Moons: Facts,science.nasa.gov,verified
FACT-2026-09-14-S11,14,2026-09-14,Large regional earthquakes can be related to subsequent eruptions or unrest at nearby volcanoes when the volcano is already poised to erupt.,11,September,Earthquakes can trigger eruptions conditionally,Nature,"USGS says some earthquakes over magnitude 6 are related to later eruption or unrest, but only if the volcano is already poised.",high,https://www.usgs.gov/faqs/can-earthquakes-trigger-volcanic-eruptions,Volcanology,Can earthquakes trigger volcanic eruptions? | U.S. Geological Survey,www.usgs.gov,verified
FACT-2026-09-14-S12,14,2026-09-14,No Daily Reference Value has been established for total sugars.,12,September,Total sugars have no Daily Reference Value,Food,The source states that Total Sugars has no Daily Reference Value because no total-sugar recommendation has been made.,high,https://www.fda.gov/food/nutrition-facts-label/how-understand-and-use-nutrition-facts-label,Nutrition,How to Understand and Use the Nutrition Facts Label | FDA,www.fda.gov,verified
FACT-2026-09-14-S13,14,2026-09-14,Some Maya vessels used repetitious pseudoglyphs to convey the idea of writing rather than readable text.,13,September,Pseudoglyphic decoration,Inventions,The passage explains that certain glyphs were not meant to be read but represented the idea of writing.,high,https://www.loc.gov/exhibits/exploring-the-early-americas/language-and-context.html,Maya ceramics,Language and Context - Exploring the Early Americas | Exhibitions - Library of Congress,www.loc.gov,verified
FACT-2026-09-14-S14,14,2026-09-14,Nearly everyone in the Falkland Islands speaks English.,14,September,English is spoken by nearly everyone in the Falkland Islands,Country Facts,The passage states that nearly everyone in the Falklands speaks English.,high,https://education.nationalgeographic.org/resource/language-diversity-index-map/,Language distribution,Language Diversity Index,education.nationalgeographic.org,verified
FACT-2026-09-14-S15,14,2026-09-14,The Hero Twins became the Sun and the Moon.,15,September,Hero Twins as celestial bodies,Mythology & Legends,The source directly identifies the Twins’ transformation into the Sun and Moon.,high,https://maya.nmai.si.edu/the-maya/creation-story-maya,Maya mythology,Creation Story of the Maya | Living Maya Time,maya.nmai.si.edu,verified
FACT-2026-09-14-S16,14,2026-09-14,Ocean currents regulate global climate by counteracting the uneven distribution of solar radiation reaching Earth's surface.,16,September,Current regulation of global climate,Ocean & Marine,The source directly connects current-driven heat transport with regulation of global climate.,high,https://oceanexplorer.noaa.gov/ocean-fact/climate/,Climate regulation,How does the ocean affect climate and weather on land? - NOAA Ocean Exploration,oceanexplorer.noaa.gov,verified
FACT-2026-09-14-S17,14,2026-09-14,The source identifies aging and death of native speakers as factors in American Indian language loss.,17,September,Older native speakers,Language,The passage states that native speakers grow older and die as the languages vanish.,high,https://education.nationalgeographic.org/resource/language-diversity-index-map/,Language shift,Language Diversity Index,education.nationalgeographic.org,verified
FACT-2026-09-14-S18,14,2026-09-14,A financial behavior associated with goal-aligned decisions is considering the positive and negative effects of today’s purchases on future financial goals.,18,September,Purchases can be evaluated against future goals,Money & Economics,The middle-childhood table directly describes evaluating current purchases against future financial goals.,high,https://www.consumerfinance.gov/consumer-tools/educator-tools/youth-financial-education/learn/financial-habits-norms/,Financial consequences,Financial habits and norms | Consumer Financial Protection Bureau,www.consumerfinance.gov,verified
FACT-2026-09-14-S19,14,2026-09-14,Nutrition Facts serving sizes are standardized to make comparisons among similar foods easier.,19,September,Serving-size standardization,Everyday Life,The Serving Information section says serving sizes are standardized to make it easier to compare similar foods.,high,https://www.fda.gov/food/nutrition-facts-label/how-understand-and-use-nutrition-facts-label,Nutrition labels,How to Understand and Use the Nutrition Facts Label | FDA,www.fda.gov,verified
FACT-2026-09-15-S01,15,2026-09-15,"Pressurized fluids in a fault zone can partially counter the force holding rock blocks together, making fault slip easier.",1,September,Fault-fluid mechanism,Science,The article explains that pressurized fluids partially counter the clamping force on fault blocks and promote slip.,high,https://www.usgs.gov/observatories/yvo/news/water-released-crystallizing-magma-can-trigger-earthquakes-yellowstone,Seismology,Water Released from Crystallizing Magma can Trigger Earthquakes in Yellowstone | U.S. Geological Survey,www.usgs.gov,verified
FACT-2026-09-15-S02,15,2026-09-15,Trabecular bone provides a large surface for mineral exchange.,2,September,Trabecular bone provides mineral exchange surface,Human Body,The source lists a large mineral-exchange surface as a function of trabecular bone.,high,https://www.ncbi.nlm.nih.gov/books/NBK45504/,Bone structure,2 The Basics of Bone in Health and Disease,www.ncbi.nlm.nih.gov,verified
FACT-2026-09-15-S03,15,2026-09-15,Exposure to light is perhaps the greatest influence on sleep-wake needs.,3,September,Light influences sleep-wake needs,Psychology,The sleep-regulation section identifies exposure to light as perhaps the greatest influence on sleep-wake needs.,high,https://www.ninds.nih.gov/sites/default/files/2025-05/understanding-sleep.pdf,Sleep regulation,Understanding Sleep (Brain Basics),www.ninds.nih.gov,verified
FACT-2026-09-15-S04,15,2026-09-15,"As interest in acquiring mummies for burials and offerings increased, production of animal mummies also increased.",4,September,Demand for mummies increased their production,Animals,The passage directly connects increased interest in burial and offering mummies with increased production.,high,https://www.si.edu/stories/eons-viral-kitten-videos-ancient-egyptians-adored-cats,Animal mummies,"Eons before Viral Kitten Videos, Ancient Egyptians Adored Cats | Smithsonian Institution",www.si.edu,verified
FACT-2026-09-15-S05,15,2026-09-15,"The physical properties of places include landforms, climate, soils, and hydrology.",5,September,Physical properties of places,Geography,The passage explicitly lists these physical characteristics.,high,https://education.nationalgeographic.org/resource/geography-standard-4/,Physical geography,Geography Standard 4,education.nationalgeographic.org,verified
FACT-2026-09-15-S06,15,2026-09-15,"In the Popol Vuh creation account, humans were finally created from yellow and white corn after earlier attempts failed.",6,September,Maya corn creation account,History,The passage describes failed first attempts and the eventual creation of humans from yellow and white corn.,high,https://maya.nmai.si.edu/the-maya/creation-story-maya,Maya mythology,Creation Story of the Maya | Living Maya Time,maya.nmai.si.edu,verified
FACT-2026-09-15-S07,15,2026-09-15,About 1.4 million asteroids are in the solar system.,7,September,The solar system contains about 1.4 million asteroids,Technology,The source states that about 1.4 million asteroids are in the solar system.,high,https://science.nasa.gov/solar-system/,Small solar-system bodies,Solar System Exploration,science.nasa.gov,verified
FACT-2026-09-15-S08,15,2026-09-15,Neptune's moon Triton orbits backward compared with Neptune's direction of rotation.,8,September,Triton orbits Neptune backward,Mystery & Unexplained,NASA explicitly describes Triton's orbit as backward relative to Neptune's rotation.,high,https://science.nasa.gov/solar-system/moons/facts/,Unexplained Planetary Motion,Moons: Facts,science.nasa.gov,verified
FACT-2026-09-15-S09,15,2026-09-15,The Maya kept dynastic lists in various forms.,9,September,Maya dynastic lists,Ancient Civilizations,"“As in all societies where lineage served political purposes, the Maya kept dynastic lists of various forms.”",high,https://www.loc.gov/exhibits/exploring-the-early-americas/language-and-context.html,Maya dynasties,Language and Context - Exploring the Early Americas | Exhibitions - Library of Congress,www.loc.gov,verified
FACT-2026-09-15-S10,15,2026-09-15,A volcano needs enough eruptible magma within its system for an earthquake to trigger an eruption.,10,September,Eruption requires eruptible magma,Nature,USGS lists sufficient eruptible magma as one of two required conditions.,high,https://www.usgs.gov/faqs/can-earthquakes-trigger-volcanic-eruptions,Volcanology,Can earthquakes trigger volcanic eruptions? | U.S. Geological Survey,www.usgs.gov,verified
FACT-2026-09-15-S11,15,2026-09-15,Dietary fiber is among the nutrients identified on the label as nutrients to get more of.,11,September,Dietary fiber is identified as a nutrient to get more of,Food,The source lists dietary fiber under nutrients to get more of.,high,https://www.fda.gov/food/nutrition-facts-label/how-understand-and-use-nutrition-facts-label,Nutrition,How to Understand and Use the Nutrition Facts Label | FDA,www.fda.gov,verified
FACT-2026-09-15-S12,15,2026-09-15,The glyphs on the Maya vase with eleven figures are not legible.,12,September,Unreadable vase glyphs,Inventions,The passage states that none of the rim or imagery glyphs on the vessel are legible.,high,https://www.loc.gov/exhibits/exploring-the-early-americas/language-and-context.html,Maya ceramics,Language and Context - Exploring the Early Americas | Exhibitions - Library of Congress,www.loc.gov,verified
FACT-2026-09-15-S13,15,2026-09-15,English is identified as the language of the British settlers who arrived in the Falkland Islands in the early 1800s.,13,September,English in the Falkland Islands is linked to British settlers,Country Facts,The passage describes English in the Falklands as the language of British settlers who arrived in the early 1800s.,high,https://education.nationalgeographic.org/resource/language-diversity-index-map/,Language history,Language Diversity Index,education.nationalgeographic.org,verified
FACT-2026-09-15-S14,15,2026-09-15,The Hero Twins’ actions prepared the way for the planting of corn.,14,September,Preparation for corn planting,Mythology & Legends,The passage says their actions prepared the way for planting corn.,high,https://maya.nmai.si.edu/the-maya/creation-story-maya,Maya cosmology,Creation Story of the Maya | Living Maya Time,maya.nmai.si.edu,verified
FACT-2026-09-15-S15,15,2026-09-15,"Without ocean currents, regional temperatures would be more extreme, with hotter equatorial regions and colder polar regions.",15,September,Climate without ocean currents,Ocean & Marine,The source describes conditions without currents as “super hot at the equator and frigid toward the poles.”,high,https://oceanexplorer.noaa.gov/ocean-fact/climate/,Climate regulation,How does the ocean affect climate and weather on land? - NOAA Ocean Exploration,oceanexplorer.noaa.gov,verified
FACT-2026-09-15-S16,15,2026-09-15,"English, Spanish, and Portuguese are languages from the Indo-European family.",16,September,Indo-European examples,Language,"The source names English, Spanish, and Portuguese as Indo-European languages.",high,https://education.nationalgeographic.org/resource/language-diversity-index-map/,Language families,Language Diversity Index,education.nationalgeographic.org,verified
FACT-2026-09-15-S17,15,2026-09-15,Financial confidence can involve completing age-appropriate tasks such as deciding how to spend an allowance and depositing money in a savings account.,17,September,Financial confidence includes completing age-appropriate tasks,Money & Economics,The middle-childhood milestones list these tasks as examples of financial confidence.,high,https://www.consumerfinance.gov/consumer-tools/educator-tools/youth-financial-education/learn/financial-habits-norms/,Financial confidence,Financial habits and norms | Consumer Financial Protection Bureau,www.consumerfinance.gov,verified
FACT-2026-09-15-S18,15,2026-09-15,The serving size on a Nutrition Facts label reflects the amount people typically eat or drink and is not a recommendation of how much to consume.,18,September,Serving size is not a recommendation,Everyday Life,The Serving Information section explicitly distinguishes serving size from a consumption recommendation.,high,https://www.fda.gov/food/nutrition-facts-label/how-understand-and-use-nutrition-facts-label,Nutrition labels,How to Understand and Use the Nutrition Facts Label | FDA,www.fda.gov,verified
FACT-2026-09-16-S01,16,2026-09-16,An earthquake swarm is a sequence of many earthquakes occurring at above-normal rates without an obvious mainshock.,1,September,Earthquake-swarm definition,Science,The Mount Rainier article defines a swarm as many earthquakes at above-normal rates without an earthquake much larger than the others.,high,https://www.usgs.gov/news/earthquakes-occur-mount-rainiers-hydrothermal-system,Seismology,Earthquakes occur in Mount Rainier's hydrothermal system. | U.S. Geological Survey,www.usgs.gov,verified
FACT-2026-09-16-S02,16,2026-09-16,The shape and size of cortical and trabecular bone can respond to stresses produced by physical activity.,2,September,Bone structure responds to mechanical stress,Human Body,The source states that both bone components respond to different physical stresses.,high,https://www.ncbi.nlm.nih.gov/books/NBK45504/,Bone mechanics,2 The Basics of Bone in Health and Disease,www.ncbi.nlm.nih.gov,verified
FACT-2026-09-16-S03,16,2026-09-16,Jet lag interferes with circadian rhythms by creating a mismatch between the internal clock and the actual clock.,3,September,Jet lag disrupts circadian rhythms,Psychology,The sleep-regulation section directly describes jet lag as a mismatch between the internal and actual clocks.,high,https://www.ninds.nih.gov/sites/default/files/2025-05/understanding-sleep.pdf,Sleep regulation,Understanding Sleep (Brain Basics),www.ninds.nih.gov,verified
FACT-2026-09-16-S04,16,2026-09-16,The Smithsonian cat mummy discussed in the article underwent CT scanning.,4,September,A Smithsonian cat mummy was CT scanned,Animals,Catanzariti states that the mummy was CT scanned.,high,https://www.si.edu/stories/eons-viral-kitten-videos-ancient-egyptians-adored-cats,Cat mummy research,"Eons before Viral Kitten Videos, Ancient Egyptians Adored Cats | Smithsonian Institution",www.si.edu,verified
FACT-2026-09-16-S05,16,2026-09-16,"Language, religion, political systems, economic systems, and population distribution are human characteristics of places.",5,September,Human properties of places,Geography,The standard identifies these as examples of human characteristics.,high,https://education.nationalgeographic.org/resource/geography-standard-4/,Human geography,Geography Standard 4,education.nationalgeographic.org,verified
FACT-2026-09-16-S06,16,2026-09-16,"In the Popol Vuh, the Hero Twins defeated their Underworld opponents in a ball game, rose into the heavens, and became the Sun and Moon.",6,September,Hero Twins’ transformation,History,"The source narrates the Twins’ summons, victory, ascent, and transformation.",high,https://maya.nmai.si.edu/the-maya/creation-story-maya,Maya mythology,Creation Story of the Maya | Living Maya Time,maya.nmai.si.edu,verified
FACT-2026-09-16-S07,16,2026-09-16,"About 4,000 comets are in the solar system.",7,September,"The solar system contains about 4,000 comets",Technology,"The source states that about 4,000 comets are in the solar system.",high,https://science.nasa.gov/solar-system/,Small solar-system bodies,Solar System Exploration,science.nasa.gov,verified
FACT-2026-09-16-S08,16,2026-09-16,Many of Jupiter's outer moons have highly elliptical orbits and orbit backward relative to the planet's spin.,8,September,Many outer moons orbit backward,Mystery & Unexplained,"NASA states that many outer Jovian moons have highly elliptical, retrograde orbits.",high,https://science.nasa.gov/solar-system/moons/facts/,Unexplained Planetary Motion,Moons: Facts,science.nasa.gov,verified
FACT-2026-09-16-S09,16,2026-09-16,One Maya depiction of the Underworld shows a great serpent with an open mouth.,9,September,Maya Underworld imagery,Ancient Civilizations,“One Maya depiction of the Underworld is of a great serpent with an open mouth.”,high,https://www.loc.gov/exhibits/exploring-the-early-americas/language-and-context.html,Maya cosmology,Language and Context - Exploring the Early Americas | Exhibitions - Library of Congress,www.loc.gov,verified
FACT-2026-09-16-S10,16,2026-09-16,Significant pressure in a volcano’s magma-storage region is required for earthquake-triggered eruption.,10,September,Eruption requires magma pressure,Nature,USGS lists significant pressure within the magma-storage region as the second condition.,high,https://www.usgs.gov/faqs/can-earthquakes-trigger-volcanic-eruptions,Volcanology,Can earthquakes trigger volcanic eruptions? | U.S. Geological Survey,www.usgs.gov,verified
FACT-2026-09-16-S11,16,2026-09-16,Five percent or less of a nutrient's Daily Value per serving is considered low.,11,September,Five percent DV is considered low,Food,The source's general guide defines 5% DV or less as low.,high,https://www.fda.gov/food/nutrition-facts-label/daily-value-nutrition-and-supplement-facts-labels,Nutrition,Daily Value on the Nutrition and Supplement Facts Labels | FDA,www.fda.gov,verified
FACT-2026-09-16-S12,16,2026-09-16,The Madrid Codex details the Maya worldview.,12,September,Madrid Codex subject,Inventions,The passage directly states that the codex details the Maya worldview.,high,https://www.loc.gov/exhibits/exploring-the-early-americas/language-and-context.html,Maya codices,Language and Context - Exploring the Early Americas | Exhibitions - Library of Congress,www.loc.gov,verified
FACT-2026-09-16-S13,16,2026-09-16,Vatican City is described as a linguistically homogeneous place.,13,September,Vatican City is linguistically homogeneous,Country Facts,The passage calls Vatican City another linguistically homogenous place.,high,https://education.nationalgeographic.org/resource/language-diversity-index-map/,Linguistic homogeneity,Language Diversity Index,education.nationalgeographic.org,verified
FACT-2026-09-16-S14,16,2026-09-16,The Hero Twins’ actions prepared the way for human beings to live on Earth.,14,September,Preparation for human life,Mythology & Legends,The source explicitly links their actions to human life on Earth.,high,https://maya.nmai.si.edu/the-maya/creation-story-maya,Maya creation mythology,Creation Story of the Maya | Living Maya Time,maya.nmai.si.edu,verified
FACT-2026-09-16-S15,16,2026-09-16,"Without ocean currents, much less of Earth's land would be habitable.",15,September,Ocean currents and land habitability,Ocean & Marine,The source states that much less of Earth’s land would be habitable without ocean currents.,high,https://oceanexplorer.noaa.gov/ocean-fact/climate/,Climate and habitability,How does the ocean affect climate and weather on land? - NOAA Ocean Exploration,oceanexplorer.noaa.gov,verified
FACT-2026-09-16-S16,16,2026-09-16,"English, Spanish, and Portuguese spread around the globe during the age of colonialism.",16,September,Colonial spread of Indo-European languages,Language,The passage attributes their global spread to European colonial expansion.,high,https://education.nationalgeographic.org/resource/language-diversity-index-map/,Language spread,Language Diversity Index,education.nationalgeographic.org,verified
FACT-2026-09-16-S17,16,2026-09-16,The source associates confidently completing age-appropriate financial tasks with limiting credit-card use in adulthood.,17,September,Financial confidence is associated with credit-card limits,Money & Economics,The adolescence and early-adulthood table lists limiting credit-card use as an adult correlate.,high,https://www.consumerfinance.gov/consumer-tools/educator-tools/youth-financial-education/learn/financial-habits-norms/,Credit management,Financial habits and norms | Consumer Financial Protection Bureau,www.consumerfinance.gov,verified
FACT-2026-09-16-S18,16,2026-09-16,A nutrient providing 5% DV or less per serving is considered low.,18,September,Low Percent Daily Value,Everyday Life,FDA’s general guide defines 5% DV or less per serving as low.,high,https://www.fda.gov/food/nutrition-facts-label/daily-value-nutrition-and-supplement-facts-labels,Nutrition labels,Daily Value on the Nutrition and Supplement Facts Labels | FDA,www.fda.gov,verified
FACT-2026-09-17-S01,17,2026-09-17,Nearby tectonic earthquakes can trigger a volcanic eruption only when the volcano is already poised to erupt.,1,September,Earthquake-triggered eruptions,Science,The USGS says nearby tectonic earthquakes can trigger eruptions only if the volcano has sufficient eruptible magma and significant pressure.,high,https://www.usgs.gov/faqs/can-earthquakes-trigger-volcanic-eruptions,Volcanology,Can earthquakes trigger volcanic eruptions? | U.S. Geological Survey,www.usgs.gov,verified
FACT-2026-09-17-S02,17,2026-09-17,"In most people, the cortex of the dominant arm is larger than that of the nondominant arm.",2,September,Dominant arms can have larger cortices,Human Body,The source gives dominant-versus-nondominant arm cortex size as an example of mechanical adaptation.,high,https://www.ncbi.nlm.nih.gov/books/NBK45504/,Bone mechanics,2 The Basics of Bone in Health and Disease,www.ncbi.nlm.nih.gov,verified
FACT-2026-09-17-S03,17,2026-09-17,Sleep need and sleep patterns change with age but vary significantly among people of the same age.,3,September,Sleep needs vary among individuals,Psychology,The section on sleep duration states that sleep needs change with age and vary significantly among individuals of the same age.,high,https://www.ninds.nih.gov/sites/default/files/2025-05/understanding-sleep.pdf,Sleep and development,Understanding Sleep (Brain Basics),www.ninds.nih.gov,verified
FACT-2026-09-17-S04,17,2026-09-17,CT results identified the mummy as a kitten between six and nine months old.,4,September,The scanned mummy was a kitten,Animals,The passage says the CT scan showed the animal was a kitten between 6 and 9 months old.,high,https://www.si.edu/stories/eons-viral-kitten-videos-ancient-egyptians-adored-cats,Cat mummy research,"Eons before Viral Kitten Videos, Ancient Egyptians Adored Cats | Smithsonian Institution",www.si.edu,verified
FACT-2026-09-17-S05,17,2026-09-17,Places change over time as physical and human processes modify their characteristics.,5,September,Places change over time,Geography,The passage directly states that places change as physical and human processes change.,high,https://education.nationalgeographic.org/resource/geography-standard-4/,Geographic change,Geography Standard 4,education.nationalgeographic.org,verified
FACT-2026-09-17-S06,17,2026-09-17,"As of March 25, 2025, the solar system had more than 891 confirmed moons.",6,September,The solar system has more than 891 confirmed moons,Technology,"The source gives a total of more than 891 confirmed moons as of March 25, 2025.",high,https://science.nasa.gov/solar-system/moons/facts/,Natural satellites,Moons: Facts,science.nasa.gov,verified
FACT-2026-09-17-S07,17,2026-09-17,Mars's moon Phobos is slowly drawing closer to Mars.,7,September,Phobos is moving closer to Mars,Mystery & Unexplained,NASA directly states that Phobos is slowly approaching Mars.,high,https://science.nasa.gov/solar-system/moons/facts/,Unexplained Planetary Motion,Moons: Facts,science.nasa.gov,verified
FACT-2026-09-17-S08,17,2026-09-17,"A Maya vessel depicts a lord sitting in a serpent’s jaws, indicating that the lord is dead and has arrived in the Underworld.",8,September,Maya funerary symbolism,Ancient Civilizations,“This indicates that the lord is dead and has arrived in the Underworld.”,high,https://www.loc.gov/exhibits/exploring-the-early-americas/language-and-context.html,Maya cosmology,Language and Context - Exploring the Early Americas | Exhibitions - Library of Congress,www.loc.gov,verified
FACT-2026-09-17-S09,17,2026-09-17,Magma that reaches and erupts at Earth’s surface is called lava.,9,September,Volcanic eruptions produce lava,Nature,The linked USGS explanatory passage states that erupted magma is called lava.,high,https://www.usgs.gov/faqs/can-earthquakes-trigger-volcanic-eruptions,Volcanology,Can earthquakes trigger volcanic eruptions? | U.S. Geological Survey,www.usgs.gov,verified
FACT-2026-09-17-S10,17,2026-09-17,Percent Daily Value indicates how much a nutrient in one serving contributes to the daily diet.,10,September,Percent Daily Value is based on one serving,Food,The source defines %DV as the contribution of a nutrient in a single serving to the daily diet.,high,https://www.fda.gov/food/nutrition-facts-label/daily-value-nutrition-and-supplement-facts-labels,Nutrition labeling,Daily Value on the Nutrition and Supplement Facts Labels | FDA,www.fda.gov,verified
FACT-2026-09-17-S11,17,2026-09-17,Itzam is identified in the passage as the god and patron of writing.,11,September,Maya writing deity,Inventions,The passage identifies Itzam as the god and patron of writing on the vessel with Maya scribes.,high,https://www.loc.gov/exhibits/exploring-the-early-americas/language-and-context.html,Maya art,Language and Context - Exploring the Early Americas | Exhibitions - Library of Congress,www.loc.gov,verified
FACT-2026-09-17-S12,17,2026-09-17,Nearly everyone in Vatican City speaks Italian.,12,September,Italian is spoken by nearly everyone in Vatican City,Country Facts,The passage states that nearly everyone in Vatican City speaks Italian.,high,https://education.nationalgeographic.org/resource/language-diversity-index-map/,Language distribution,Language Diversity Index,education.nationalgeographic.org,verified
FACT-2026-09-17-S13,17,2026-09-17,The Hero Twins’ actions prepared the way for the Fourth Creation of the Maya.,13,September,Fourth Creation,Mythology & Legends,The passage names the Fourth Creation as one result of the Twins’ actions.,high,https://maya.nmai.si.edu/the-maya/creation-story-maya,Maya cosmology,Creation Story of the Maya | Living Maya Time,maya.nmai.si.edu,verified
FACT-2026-09-17-S14,17,2026-09-17,Drifting buoys are deployed from ships at sea.,14,September,Drifter deployment,Ocean & Marine,The transcript states that drifting buoys are first deployed from ships at sea.,high,https://oceantoday.noaa.gov/adoptadrifter/welcome.html,Ocean observation,Adopt a Drifter | Ocean Today,oceantoday.noaa.gov,verified
FACT-2026-09-17-S15,17,2026-09-17,Language patterns are among the human characteristics of a place.,15,September,Language as a human characteristic,Language,The source lists language patterns among human characteristics of places.,high,https://education.nationalgeographic.org/resource/place/,Language and place,Place,education.nationalgeographic.org,verified
FACT-2026-09-17-S16,17,2026-09-17,The source associates confident completion of financial tasks with avoiding and managing debt in adulthood.,16,September,Financial planning skills relate to debt management,Money & Economics,The adolescence and early-adulthood table explicitly lists avoiding and managing debt.,high,https://www.consumerfinance.gov/consumer-tools/educator-tools/youth-financial-education/learn/financial-habits-norms/,Debt management,Financial habits and norms | Consumer Financial Protection Bureau,www.consumerfinance.gov,verified
FACT-2026-09-17-S17,17,2026-09-17,"Nutrition Facts labels must list total fat, saturated fat, trans fat, cholesterol, sodium, total carbohydrate, dietary fiber, total sugars, added sugars, protein, and certain vitamins and minerals.",17,September,Required label nutrients,Everyday Life,The page lists the nutrients required on Nutrition Facts labels.,high,https://www.fda.gov/food/nutrition-facts-label/daily-value-nutrition-and-supplement-facts-labels,Nutrition labels,Daily Value on the Nutrition and Supplement Facts Labels | FDA,www.fda.gov,verified
FACT-2026-09-18-S01,18,2026-09-18,Muscle activity is important for the normal function of bone.,1,September,Muscle activity supports bone function,Human Body,The source states that bones act as levers for muscles and that muscle activity is important for normal bone function.,high,https://www.ncbi.nlm.nih.gov/books/NBK45504/,Bone mechanics,2 The Basics of Bone in Health and Disease,www.ncbi.nlm.nih.gov,verified
FACT-2026-09-18-S02,18,2026-09-18,School-age children and teens need about 9.5 hours of sleep per night on average.,2,September,School-age children and teens need substantial sleep,Psychology,The sleep-duration section gives an average need of about 9.5 hours per night for school-age children and teens.,high,https://www.ninds.nih.gov/sites/default/files/2025-05/understanding-sleep.pdf,Sleep and development,Understanding Sleep (Brain Basics),www.ninds.nih.gov,verified
FACT-2026-09-18-S03,18,2026-09-18,The cat mummy’s scans showed that its neck was broken.,3,September,The scanned kitten’s neck was broken,Animals,Catanzariti explicitly states that the kitten’s neck was broken.,high,https://www.si.edu/stories/eons-viral-kitten-videos-ancient-egyptians-adored-cats,Cat mummy research,"Eons before Viral Kitten Videos, Ancient Egyptians Adored Cats | Smithsonian Institution",www.si.edu,verified
FACT-2026-09-18-S04,18,2026-09-18,"New knowledge, ideas, human migrations, climatic changes, and political conflicts can change the size and complexity of places.",4,September,Drivers of place change,Geography,The standard names these processes as causes of changes in places.,high,https://education.nationalgeographic.org/resource/geography-standard-4/,Geographic change,Geography Standard 4,education.nationalgeographic.org,verified
FACT-2026-09-18-S05,18,2026-09-18,Mercury and Venus are the only eight planets without moons.,5,September,Mercury and Venus have no moons,Technology,The source states that Mercury and Venus are the only planets with no moons.,high,https://science.nasa.gov/solar-system/moons/facts/,Natural satellites,Moons: Facts,science.nasa.gov,verified
FACT-2026-09-18-S06,18,2026-09-18,Phobos could crash into Mars in 40 or 50 million years.,6,September,Phobos could crash into Mars,Mystery & Unexplained,NASA gives a possible collision timescale of 40 or 50 million years.,high,https://science.nasa.gov/solar-system/moons/facts/,Unexplained Planetary Motion,Moons: Facts,science.nasa.gov,verified
FACT-2026-09-18-S07,18,2026-09-18,A Maya vessel depicts a ruler being dressed for a ceremony by three attendants in his throne room.,7,September,Maya palace scene,Ancient Civilizations,“Central to the scene is a standing ruler in his throne room being dressed for a ceremony by three attendants.”,high,https://www.loc.gov/exhibits/exploring-the-early-americas/language-and-context.html,Maya court life,Language and Context - Exploring the Early Americas | Exhibitions - Library of Congress,www.loc.gov,verified
FACT-2026-09-18-S08,18,2026-09-18,"Most often, volcanic earthquake swarms are caused by fluids, predominantly water, interacting with faults.",8,September,Fluids can cause volcanic earthquake swarms,Nature,"The passage identifies fluid–fault interaction, dominantly involving water, as the usual cause.",high,https://www.usgs.gov/news/earthquakes-occur-mount-rainiers-hydrothermal-system,Seismology,Earthquakes occur in Mount Rainier's hydrothermal system. | U.S. Geological Survey,www.usgs.gov,verified
FACT-2026-09-18-S09,18,2026-09-18,Daily Values are recommended amounts of nutrients to consume or not exceed each day.,9,September,Daily Values are daily nutrient reference amounts,Food,The source directly defines DVs as daily recommended or maximum amounts.,high,https://www.fda.gov/food/nutrition-facts-label/daily-value-nutrition-and-supplement-facts-labels,Nutrition labeling,Daily Value on the Nutrition and Supplement Facts Labels | FDA,www.fda.gov,verified
FACT-2026-09-18-S10,18,2026-09-18,Decipherable glyphs on the vessel with Maya scribes confirm the identities and stature of its figures.,10,September,Maya ruler vessel identification,Inventions,The passage states that decipherable glyphs confirm who the figures are and their stature.,high,https://www.loc.gov/exhibits/exploring-the-early-americas/language-and-context.html,Maya art,Language and Context - Exploring the Early Americas | Exhibitions - Library of Congress,www.loc.gov,verified
FACT-2026-09-18-S11,18,2026-09-18,Vatican City is described as the seat of Catholicism.,11,September,Vatican City is the seat of Catholicism,Country Facts,The passage identifies Vatican City as the seat of Catholicism.,high,https://education.nationalgeographic.org/resource/language-diversity-index-map/,Political geography,Language Diversity Index,education.nationalgeographic.org,verified
FACT-2026-09-18-S12,18,2026-09-18,Maya tradition teaches that the first Grandparents of the people were made from white and yellow corn.,12,September,First Grandparents,Mythology & Legends,The quoted K’iche’ Maya speaker states that the first Grandparents were made from white and yellow corn.,high,https://maya.nmai.si.edu/the-maya/creation-story-maya,Maya religious belief,Creation Story of the Maya | Living Maya Time,maya.nmai.si.edu,verified
FACT-2026-09-18-S13,18,2026-09-18,Drifters measure sea-surface temperature and positioning coordinates.,13,September,Drifter measurements,Ocean & Marine,The transcript says drifters measure sea-surface temperature data and positioning coordinates.,high,https://oceantoday.noaa.gov/adoptadrifter/welcome.html,Ocean observation,Adopt a Drifter | Ocean Today,oceantoday.noaa.gov,verified
FACT-2026-09-18-S14,18,2026-09-18,"Places can be compared by their human characteristics, including language.",14,September,Language differs by place,Language,The passage describes language patterns as characteristics used to distinguish and compare places.,high,https://education.nationalgeographic.org/resource/place/,Language and place,Place,education.nationalgeographic.org,verified
FACT-2026-09-18-S15,18,2026-09-18,Positive money-management habits and decision-making strategies may correspond to comparing features and costs before an informed purchase.,15,September,Money-management habits include comparing costs,Money & Economics,The adolescence and early-adulthood table states that adult behavior includes comparing features and costs to make an informed purchase.,high,https://www.consumerfinance.gov/consumer-tools/educator-tools/youth-financial-education/learn/financial-habits-norms/,Informed purchasing,Financial habits and norms | Consumer Financial Protection Bureau,www.consumerfinance.gov,verified
FACT-2026-09-18-S16,18,2026-09-18,Total Sugars includes naturally occurring sugars and any added sugars present in the product.,16,September,Total-sugars composition,Everyday Life,The page states that Total Sugars includes sugars naturally present in foods and beverages plus added sugars.,high,https://www.fda.gov/food/nutrition-facts-label/how-understand-and-use-nutrition-facts-label,Nutrition labels,How to Understand and Use the Nutrition Facts Label | FDA,www.fda.gov,verified
FACT-2026-09-19-S01,19,2026-09-19,Osteoporosis is described as the most common bone disease.,1,September,Osteoporosis is the most common bone disease,Human Body,The key messages identify osteoporosis as the most common bone disease.,high,https://www.ncbi.nlm.nih.gov/books/NBK45504/,Bone disease,2 The Basics of Bone in Health and Disease,www.ncbi.nlm.nih.gov,verified
FACT-2026-09-19-S02,19,2026-09-19,Most adults need 7–9 hours of sleep per night.,2,September,Most adults need seven to nine hours of sleep,Psychology,The sleep-duration section states that most adults need 7–9 hours of sleep a night.,high,https://www.ninds.nih.gov/sites/default/files/2025-05/understanding-sleep.pdf,Sleep and adulthood,Understanding Sleep (Brain Basics),www.ninds.nih.gov,verified
FACT-2026-09-19-S03,19,2026-09-19,"The mummy appeared to be an adult cat to the naked eye, while X-rays and scans showed kitten bones.",3,September,The mummy’s apparent age differed from its skeletal age,Animals,The text contrasts the mummy’s apparent adult appearance with imaging evidence of kitten bones.,high,https://www.si.edu/stories/eons-viral-kitten-videos-ancient-egyptians-adored-cats,Cat mummy research,"Eons before Viral Kitten Videos, Ancient Egyptians Adored Cats | Smithsonian Institution",www.si.edu,verified
FACT-2026-09-19-S04,19,2026-09-19,Czechoslovakia became the Czech Republic and Slovakia.,4,September,Czechoslovakia renaming,Geography,The passage gives this as an example of places disappearing and being renamed.,high,https://education.nationalgeographic.org/resource/geography-standard-4/,Historical geography,Geography Standard 4,education.nationalgeographic.org,verified
FACT-2026-09-19-S05,19,2026-09-19,Saturn has 274 confirmed moons.,5,September,Saturn has 274 confirmed moons,Technology,The source states that Saturn has 274 confirmed moons.,high,https://science.nasa.gov/solar-system/moons/facts/,Natural satellites,Moons: Facts,science.nasa.gov,verified
FACT-2026-09-19-S06,19,2026-09-19,Mars's gravity might break Phobos apart and create a thin ring around Mars.,6,September,Phobos could be torn apart into a ring,Mystery & Unexplained,NASA presents gravitational breakup and ring formation as an alternative possible fate for Phobos.,high,https://science.nasa.gov/solar-system/moons/facts/,Unexplained Planetary Motion,Moons: Facts,science.nasa.gov,verified
FACT-2026-09-19-S07,19,2026-09-19,Members of the royal K’iche’ lineages that had ruled the highlands of Guatemala recorded the Popol Vuh in the 16th century.,7,September,Popol Vuh authorship,Ancient Civilizations,“Members of the royal K’iche’ lineages that had once ruled the highlands of Guatemala recorded the story in the 16th century.”,high,https://maya.nmai.si.edu/the-maya/creation-story-maya,Maya creation,Creation Story of the Maya | Living Maya Time,maya.nmai.si.edu,verified
FACT-2026-09-19-S08,19,2026-09-19,Seismic waves can cause groundwater levels in wells to oscillate up and down.,8,September,Earthquakes alter groundwater levels,Nature,USGS states that well levels can oscillate as seismic waves pass.,high,https://www.usgs.gov/faqs/how-does-earthquake-affect-groundwater-levels-and-water-quality-wells,Hydrogeology,How does an earthquake affect groundwater levels and water quality in wells? | U.S. Geological Survey,www.usgs.gov,verified
FACT-2026-09-19-S09,19,2026-09-19,Nutrition Facts labels must list total fat.,9,September,Nutrition Facts labels must list total fat,Food,Total fat appears in the source's list of nutrients required on Nutrition Facts labels.,high,https://www.fda.gov/food/nutrition-facts-label/daily-value-nutrition-and-supplement-facts-labels,Food labeling,Daily Value on the Nutrition and Supplement Facts Labels | FDA,www.fda.gov,verified
FACT-2026-09-19-S10,19,2026-09-19,The Maya earspool in the collection is made of jade and has hieroglyphs highlighted with cinnabar.,10,September,Jade earspool glyphs,Inventions,The passage directly describes the earspool’s jade material and cinnabar-highlighted hieroglyphs.,high,https://www.loc.gov/exhibits/exploring-the-early-americas/language-and-context.html,Maya decorative arts,Language and Context - Exploring the Early Americas | Exhibitions - Library of Congress,www.loc.gov,verified
FACT-2026-09-19-S11,19,2026-09-19,Vatican City is described as being ruled by the Pope.,11,September,Vatican City is ruled by the Pope,Country Facts,The passage states that Vatican City is ruled by the Pope.,high,https://education.nationalgeographic.org/resource/language-diversity-index-map/,Political geography,Language Diversity Index,education.nationalgeographic.org,verified
FACT-2026-09-19-S12,19,2026-09-19,Maize is sacred to the Maya speaker quoted in the source.,12,September,Sacred maize,Mythology & Legends,"The source explicitly says, “Maize is sacred to us.”",high,https://maya.nmai.si.edu/the-maya/creation-story-maya,Maya religious belief,Creation Story of the Maya | Living Maya Time,maya.nmai.si.edu,verified
FACT-2026-09-19-S13,19,2026-09-19,Drifters transmit their measurements via satellite.,13,September,Satellite transmission by drifters,Ocean & Marine,The transcript states that drifters transmit temperature data and positioning coordinates via satellite.,high,https://oceantoday.noaa.gov/adoptadrifter/welcome.html,Ocean observation,Adopt a Drifter | Ocean Today,oceantoday.noaa.gov,verified
FACT-2026-09-19-S14,19,2026-09-19,Language is listed as an example of a human characteristic of places.,14,September,Language in geographic standards,Language,"The standard names language alongside religion, political systems, and economic systems as human characteristics.",high,https://education.nationalgeographic.org/resource/geography-standard-4/,Language and geography,Geography Standard 4,education.nationalgeographic.org,verified
FACT-2026-09-19-S15,19,2026-09-19,Positive money-management habits and decision-making strategies may correspond to living within one’s means.,15,September,Money-management habits relate to living within one’s means,Money & Economics,The adolescence and early-adulthood table directly lists living within one’s means.,high,https://www.consumerfinance.gov/consumer-tools/educator-tools/youth-financial-education/learn/financial-habits-norms/,Financial independence,Financial habits and norms | Consumer Financial Protection Bureau,www.consumerfinance.gov,verified
FACT-2026-09-19-S16,19,2026-09-19,"Added Sugars includes sugars added during processing, packaged sweeteners, syrups, honey, and concentrated fruit or vegetable juices.",16,September,Added-sugars sources,Everyday Life,The Added Sugars section enumerates these sources.,high,https://www.fda.gov/food/nutrition-facts-label/how-understand-and-use-nutrition-facts-label,Nutrition labels,How to Understand and Use the Nutrition Facts Label | FDA,www.fda.gov,verified
FACT-2026-09-20-S01,20,2026-09-20,Loss of bone mass produces structural abnormalities that make the skeleton more fragile.,1,September,Bone loss increases skeletal fragility,Human Body,The osteoporosis passage directly connects bone-mass loss with structural fragility.,high,https://www.ncbi.nlm.nih.gov/books/NBK45504/,Bone disease,2 The Basics of Bone in Health and Disease,www.ncbi.nlm.nih.gov,verified
FACT-2026-09-20-S02,20,2026-09-20,Chronic lack of sleep or poor-quality sleep increases the risk of depression.,2,September,Chronic poor sleep raises depression risk,Psychology,The introduction lists depression among health problems associated with chronic lack of sleep or poor-quality sleep.,high,https://www.ninds.nih.gov/sites/default/files/2025-05/understanding-sleep.pdf,Sleep and health,Understanding Sleep (Brain Basics),www.ninds.nih.gov,verified
FACT-2026-09-20-S03,20,2026-09-20,The article states that dogs were loved just as much as cats in ancient Egypt.,3,September,Dogs were loved as much as cats,Animals,Catanzariti describes dogs as cats’ counterparts and says they were loved just as much.,high,https://www.si.edu/stories/eons-viral-kitten-videos-ancient-egyptians-adored-cats,Ancient Egyptian dogs,"Eons before Viral Kitten Videos, Ancient Egyptians Adored Cats | Smithsonian Institution",www.si.edu,verified
FACT-2026-09-20-S04,20,2026-09-20,The Spanish rebuilt Tenochtitlan and renamed it Mexico City.,4,September,Tenochtitlan renaming,Geography,The standard explicitly provides this historical example.,high,https://education.nationalgeographic.org/resource/geography-standard-4/,Historical geography,Geography Standard 4,education.nationalgeographic.org,verified
FACT-2026-09-20-S05,20,2026-09-20,Ganymede is the largest moon in the solar system.,5,September,Ganymede is the largest moon,Technology,The source identifies Ganymede as the solar system's largest moon.,high,https://science.nasa.gov/solar-system/moons/facts/,Natural satellites,Moons: Facts,science.nasa.gov,verified
FACT-2026-09-20-S06,20,2026-09-20,Scientists found two tiny moons orbiting asteroid 3122 Florence in 2017.,6,September,Asteroid 3122 Florence has two moons,Mystery & Unexplained,NASA's in-depth page reports the 2017 discovery of two moons around asteroid 3122 Florence.,high,https://solarsystem.nasa.gov/solar-system/our-solar-system/in-depth.amp,Unexplained Planetary Motion,In Depth | Our Solar System – NASA Solar System Exploration,solarsystem.nasa.gov,verified
FACT-2026-09-20-S07,20,2026-09-20,Popol Vuh means “Book of the Community” in the source’s account.,7,September,Meaning of Popol Vuh,Ancient Civilizations,"“The Popol Vuh, meaning ‘Book of the Community,’ narrates the Maya creation account.”",high,https://maya.nmai.si.edu/the-maya/creation-story-maya,Maya creation,Creation Story of the Maya | Living Maya Time,maya.nmai.si.edu,verified
FACT-2026-09-20-S08,20,2026-09-20,"Groundwater levels can remain higher or lower after seismic waves end, and earthquakes can produce long-term offsets.",8,September,Earthquakes can produce lasting well-level changes,Nature,The passage describes post-wave persistence and possible long-term groundwater-level offsets.,high,https://www.usgs.gov/faqs/how-does-earthquake-affect-groundwater-levels-and-water-quality-wells,Hydrogeology,How does an earthquake affect groundwater levels and water quality in wells? | U.S. Geological Survey,www.usgs.gov,verified
FACT-2026-09-20-S09,20,2026-09-20,Nutrition Facts labels must list dietary fiber.,9,September,Nutrition Facts labels must list dietary fiber,Food,Dietary fiber appears in the source's required nutrient list.,high,https://www.fda.gov/food/nutrition-facts-label/daily-value-nutrition-and-supplement-facts-labels,Food labeling,Daily Value on the Nutrition and Supplement Facts Labels | FDA,www.fda.gov,verified
FACT-2026-09-20-S10,20,2026-09-20,Maya earspools are typically associated with themes of centrality and opposition.,10,September,Maya earspool symbolism,Inventions,The passage explicitly associates Maya earspools with centrality and opposition.,high,https://www.loc.gov/exhibits/exploring-the-early-americas/language-and-context.html,Maya decorative arts,Language and Context - Exploring the Early Americas | Exhibitions - Library of Congress,www.loc.gov,verified
FACT-2026-09-20-S11,20,2026-09-20,Many plants and animals in the Sonoran Desert are found only there.,11,September,The Sonoran Desert contains species found nowhere else,Country Facts,The text states that many plants and animals are only found in the Sonoran Desert.,high,https://education.nationalgeographic.org/resource/place/,Geographic regions,Place,education.nationalgeographic.org,verified
FACT-2026-09-20-S12,20,2026-09-20,Maize is described as connecting the Maya people with their ancestors.,12,September,Maize and ancestry,Mythology & Legends,The quoted teaching states that maize connects the people with their ancestors.,high,https://maya.nmai.si.edu/the-maya/creation-story-maya,Maya religious belief,Creation Story of the Maya | Living Maya Time,maya.nmai.si.edu,verified
FACT-2026-09-20-S13,20,2026-09-20,Drifters transmit data for about 400 days.,13,September,Drifter operating period,Ocean & Marine,The transcript specifies that drifters transmit data via satellite for about 400 days.,high,https://oceantoday.noaa.gov/adoptadrifter/welcome.html,Ocean observation,Adopt a Drifter | Ocean Today,oceantoday.noaa.gov,verified
FACT-2026-09-20-S14,20,2026-09-20,Place-based identities can involve language and culture.,14,September,Place-based identity and language,Language,The standard explains identity through place characteristics and gives cultural examples involving place-based identities.,medium,https://education.nationalgeographic.org/resource/geography-standard-4/,Language and identity,Geography Standard 4,education.nationalgeographic.org,verified
FACT-2026-09-20-S15,20,2026-09-20,Financial simulations can help students develop budgeting skills through mock decisions with realistic consequences.,15,September,Simulation activities can teach budgeting,Money & Economics,The learning-activities section describes simulations as replicating real-world management situations and developing budgeting skills.,high,https://www.consumerfinance.gov/consumer-tools/educator-tools/youth-financial-education/learn/financial-habits-norms/,Financial education,Financial habits and norms | Consumer Financial Protection Bureau,www.consumerfinance.gov,verified
FACT-2026-09-20-S16,20,2026-09-20,The NINDS sleep booklet states that people spend about one-third of their time sleeping.,16,September,Sleep occupies daily time,Everyday Life,The introduction says sleep is part of the daily routine and occupies about one-third of a person’s time.,high,https://www.ninds.nih.gov/sites/default/files/2025-05/understanding-sleep.pdf,Sleep,Understanding Sleep (Brain Basics),www.ninds.nih.gov,verified
FACT-2026-09-21-S01,21,2026-09-21,The mature human brain is composed of more than 100 billion information-processing cells called neurons.,1,September,The mature brain contains over 100 billion neurons,Human Body,The introduction gives the mature brain’s neuron count as more than 100 billion.,high,https://www.ncbi.nlm.nih.gov/books/NBK551718/,Brain anatomy,"Physiology, Brain - StatPearls - NCBI Bookshelf",www.ncbi.nlm.nih.gov,verified
FACT-2026-09-21-S02,21,2026-09-21,"Genes expressed in the brain influence how people move, think, feel, and behave.",2,September,Brain-expressed genes influence behavior,Psychology,"The source states that brain-expressed genes influence brain development and function and ultimately control movement, thought, feeling, and behavior.",high,https://www.ninds.nih.gov/health-information/public-education/brain-basics/brain-basics-genes-and-brain,Genes and behavior,Brain Basics: Genes and the Brain | National Institute of Neurological Disorders and Stroke,www.ninds.nih.gov,verified
FACT-2026-09-21-S03,21,2026-09-21,"Ancient Egyptian dogs were associated with specific deities, including Anubis.",3,September,Dogs were associated with specific deities,Animals,"The passage says dogs were associated with specific deities, for example Anubis.",high,https://www.si.edu/stories/eons-viral-kitten-videos-ancient-egyptians-adored-cats,Ancient Egyptian dogs,"Eons before Viral Kitten Videos, Ancient Egyptians Adored Cats | Smithsonian Institution",www.si.edu,verified
FACT-2026-09-21-S04,21,2026-09-21,St. Petersburg changed to Leningrad and later reverted to St. Petersburg.,4,September,St. Petersburg renaming,Geography,The passage states the sequence of names.,high,https://education.nationalgeographic.org/resource/geography-standard-4/,Historical geography,Geography Standard 4,education.nationalgeographic.org,verified
FACT-2026-09-21-S05,21,2026-09-21,Titan is the only moon with a thick atmosphere.,5,September,Titan has a thick atmosphere,Technology,The source states that Titan is the only moon with a thick atmosphere.,high,https://science.nasa.gov/solar-system/moons/facts/,Natural satellites,Moons: Facts,science.nasa.gov,verified
FACT-2026-09-21-S06,21,2026-09-21,Debris from early Earth and the impacting body accumulated in orbit to form the Moon.,6,September,The Moon formed from impact debris,Mystery & Unexplained,NASA describes orbital accumulation of debris from Earth and the impactor as the Moon's formation process.,high,https://science.nasa.gov/solar-system/moons/facts/,Unexplained Lunar Origins,Moons: Facts,science.nasa.gov,verified
FACT-2026-09-21-S07,21,2026-09-21,"The Popol Vuh narrates the Maya creation account, the tales of the Hero Twins, and K’iche’ genealogies and land rights.",7,September,Popol Vuh contents,Ancient Civilizations,"“The Popol Vuh ... narrates the Maya creation account, the tales of the Hero Twins, and the K’iche’ genealogies and land rights.”",high,https://maya.nmai.si.edu/the-maya/creation-story-maya,Maya creation,Creation Story of the Maya | Living Maya Time,maya.nmai.si.edu,verified
FACT-2026-09-21-S08,21,2026-09-21,Earthquake shaking can temporarily make well water turbid by dislodging loose sediment from pores and rock cracks.,8,September,Earthquake shaking can make well water turbid,Nature,USGS links turbidity to shaken loose sediment and says it often lasts hours or days.,high,https://www.usgs.gov/faqs/how-does-earthquake-affect-groundwater-levels-and-water-quality-wells,Hydrogeology,How does an earthquake affect groundwater levels and water quality in wells? | U.S. Geological Survey,www.usgs.gov,verified
FACT-2026-09-21-S09,21,2026-09-21,The actual amount and Percent Daily Value of vitamin D must be listed on the Nutrition Facts label.,9,September,Vitamin D must be listed,Food,The source explicitly requires the amount and %DV of vitamin D to be listed.,high,https://www.fda.gov/food/nutrition-facts-label/daily-value-nutrition-and-supplement-facts-labels,Food labeling,Daily Value on the Nutrition and Supplement Facts Labels | FDA,www.fda.gov,verified
FACT-2026-09-21-S10,21,2026-09-21,Hunters depicted on a Maya vase wear hats probably woven from plant fibers.,10,September,Plant-fiber hunting hats,Inventions,The passage says the hunters’ hats were probably woven from plant fibers.,medium,https://www.loc.gov/exhibits/exploring-the-early-americas/language-and-context.html,Maya textiles,Language and Context - Exploring the Early Americas | Exhibitions - Library of Congress,www.loc.gov,verified
FACT-2026-09-21-S11,21,2026-09-21,Countries are included among the places that usually have names and boundaries.,11,September,Countries are types of places,Country Facts,The text lists countries among places that usually have names and boundaries.,high,https://education.nationalgeographic.org/resource/geography-standard-4/,Political geography,Geography Standard 4,education.nationalgeographic.org,verified
FACT-2026-09-21-S12,21,2026-09-21,Maize is described as feeding the spirit as well as the body.,12,September,Spiritual nourishment of maize,Mythology & Legends,The quoted speaker says maize feeds both spirit and body.,high,https://maya.nmai.si.edu/the-maya/creation-story-maya,Maya religious belief,Creation Story of the Maya | Living Maya Time,maya.nmai.si.edu,verified
FACT-2026-09-21-S13,21,2026-09-21,"Surface ocean currents are continuous, directed movements of ocean water.",13,September,Surface current definition,Ocean & Marine,"The transcript defines surface currents as continuous, directed movement of ocean water.",high,https://oceantoday.noaa.gov/adoptadrifter/welcome.html,Ocean observation,Adopt a Drifter | Ocean Today,oceantoday.noaa.gov,verified
FACT-2026-09-21-S14,21,2026-09-21,The Popol Vuh is also called Popol Wuj in the K’iche’ language.,14,September,Popol Vuh language,Language,The source directly gives Popol Wuj as the K’iche’ name for the Popol Vuh.,high,https://maya.nmai.si.edu/the-maya/creation-story-maya,Maya language,Creation Story of the Maya | Living Maya Time,maya.nmai.si.edu,verified
FACT-2026-09-21-S15,21,2026-09-21,Consumers typically receive about seven to 10 bills a month for regular expenses.,15,September,Consumers often receive seven to ten regular bills monthly,Money & Economics,The PDF states the typical monthly number of regular-expense bills.,high,https://files.consumerfinance.gov/f/documents/cfpb_adult-fin-ed_managing-cash-flow-and-bill-payments.pdf,Bill payments,Managing cash flow and bill payments,files.consumerfinance.gov,verified
FACT-2026-09-21-S16,21,2026-09-21,"Without sleep, people cannot form or maintain the brain pathways that enable learning and creation of new memories.",16,September,Sleep and memory pathways,Everyday Life,The introduction directly links sleep deprivation with inability to form or maintain these pathways.,high,https://www.ninds.nih.gov/sites/default/files/2025-05/understanding-sleep.pdf,Sleep,Understanding Sleep (Brain Basics),www.ninds.nih.gov,verified
FACT-2026-09-22-S01,22,2026-09-22,"The three main parts of the human brain are the cerebrum, cerebellum, and brainstem.",1,September,The brain has three main parts,Human Body,The introduction explicitly lists these three main brain parts.,high,https://www.ncbi.nlm.nih.gov/books/NBK551718/,Brain anatomy,"Physiology, Brain - StatPearls - NCBI Bookshelf",www.ncbi.nlm.nih.gov,verified
FACT-2026-09-22-S02,22,2026-09-22,The effects of genes combine with environmental effects in influencing disease risk and disease course.,2,September,Environment interacts with genes,Psychology,The source states that gene effects combined with environmental effects can determine risk for a disease and the course it follows.,high,https://www.ninds.nih.gov/health-information/public-education/brain-basics/brain-basics-genes-and-brain,Genes and environment,Brain Basics: Genes and the Brain | National Institute of Neurological Disorders and Stroke,www.ninds.nih.gov,verified
FACT-2026-09-22-S03,22,2026-09-22,Dogs became associated with deities that guarded the dead and guided spirits through the netherworld.,3,September,Dogs were linked to deities guarding the dead,Animals,The article directly describes this association beginning in the Early Dynastic period.,high,https://www.si.edu/stories/eons-viral-kitten-videos-ancient-egyptians-adored-cats,Ancient Egyptian dogs,"Eons before Viral Kitten Videos, Ancient Egyptians Adored Cats | Smithsonian Institution",www.si.edu,verified
FACT-2026-09-22-S04,22,2026-09-22,Maps are graphic representations of selected aspects of Earth’s surface.,4,September,Maps as representations,Geography,The standard defines maps as graphic representations of selected aspects of Earth’s surface.,high,https://education.nationalgeographic.org/resource/geography-standard-1/,Map geography,Geography Standard 1,education.nationalgeographic.org,verified
FACT-2026-09-22-S05,22,2026-09-22,Pluto has five moons in its orbit.,5,September,Pluto has five moons,Technology,The source states that Pluto has five moons.,high,https://science.nasa.gov/solar-system/moons/facts/,Natural satellites,Moons: Facts,science.nasa.gov,verified
FACT-2026-09-22-S06,22,2026-09-22,Charon may have formed from debris produced by an early collision involving Pluto.,6,September,Charon may have formed from an impact,Mystery & Unexplained,NASA states that Charon may have formed from debris resulting from an early impact with Pluto.,medium,https://science.nasa.gov/solar-system/moons/facts/,Unexplained Lunar Origins,Moons: Facts,science.nasa.gov,verified
FACT-2026-09-22-S07,22,2026-09-22,"In the Maya creation story, humans were finally created from yellow and white corn.",7,September,Corn-made humans,Ancient Civilizations,"“When these deities finally created humans out of yellow and white corn who could talk, they were satisfied.”",high,https://maya.nmai.si.edu/the-maya/creation-story-maya,Maya creation,Creation Story of the Maya | Living Maya Time,maya.nmai.si.edu,verified
FACT-2026-09-22-S08,22,2026-09-22,"Liquefaction occurs when loosely packed, waterlogged sediment near the ground surface loses strength during strong shaking.",8,September,Liquefaction weakens waterlogged sediment,Nature,"The USGS definition directly describes the sediment, waterlogging, shaking, and loss of strength.",high,https://www.usgs.gov/faqs/how-does-earthquake-affect-groundwater-levels-and-water-quality-wells,Earthquake geology,How does an earthquake affect groundwater levels and water quality in wells? | U.S. Geological Survey,www.usgs.gov,verified
FACT-2026-09-22-S09,22,2026-09-22,Disease-causing bacteria or pathogens contaminating food can cause foodborne illness.,9,September,Foodborne illness can be caused by contaminated food,Food,The source directly links food contamination by pathogens with foodborne illness.,high,https://www.fda.gov/food/buy-store-serve-safe-food/safe-food-handling,Food safety,Safe Food Handling | FDA,www.fda.gov,verified
FACT-2026-09-22-S10,22,2026-09-22,Louis-Jacques-Mandé Daguerre invented the daguerreotype.,10,September,Daguerreotype invention,Inventions,The invention of the daguerreotype by Louis-Jacques-Mandé Daguerre is formally announced in Paris in 1839.,high,https://www.loc.gov/collections/daguerreotypes/articles-and-essays/timeline-of-the-daguerreotype-era/,Photography,"Collection 
            
             Daguerreotypes",www.loc.gov,verified
FACT-2026-09-22-S11,22,2026-09-22,Catalonians are presented as an example of regional identities that can contribute to nationalistic movements within a country.,11,September,Catalonian identity is an example of regional identity in Spain,Country Facts,The text lists Catalonians in Spain as an example of regional identity contributing to nationalistic movements.,high,https://education.nationalgeographic.org/resource/geography-standard-4/,Regional identity,Geography Standard 4,education.nationalgeographic.org,verified
FACT-2026-09-22-S12,22,2026-09-22,A Maya plate depicts the Earth from above as a four-sided temple.,12,September,Maya worldview plate,Mythology & Legends,The Library of Congress description states that the plate depicts Earth as a four-sided temple when viewed from above.,high,https://www.loc.gov/exhibits/exploring-the-early-americas/language-and-context.html,Maya visual mythology,Language and Context - Exploring the Early Americas | Exhibitions - Library of Congress,www.loc.gov,verified
FACT-2026-09-22-S13,22,2026-09-22,Earth's rotation helps steer surface ocean currents.,13,September,Earth's rotation and surface currents,Ocean & Marine,The transcript says surface currents are generated by forces such as wind and steered by Earth’s rotation.,high,https://oceantoday.noaa.gov/adoptadrifter/welcome.html,Ocean observation,Adopt a Drifter | Ocean Today,oceantoday.noaa.gov,verified
FACT-2026-09-22-S14,22,2026-09-22,Regular-expense bills arrive on different days and in amounts that change from month to month.,14,September,Regular bills arrive on different dates,Money & Economics,The bill-management passage directly describes varying arrival dates and amounts.,high,https://files.consumerfinance.gov/f/documents/cfpb_adult-fin-ed_managing-cash-flow-and-bill-payments.pdf,Bill payments,Managing cash flow and bill payments,files.consumerfinance.gov,verified
FACT-2026-09-22-S15,22,2026-09-22,The body’s biological clock is based on a 24-hour day and controls most circadian rhythms.,15,September,Circadian rhythm basis,Everyday Life,The Sleep Mechanisms section states that the biological clock is based on a 24-hour day and controls most circadian rhythms.,high,https://www.ninds.nih.gov/sites/default/files/2025-05/understanding-sleep.pdf,Sleep,Understanding Sleep (Brain Basics),www.ninds.nih.gov,verified
FACT-2026-09-23-S01,23,2026-09-23,The cerebrum is the largest part of the brain.,1,September,The cerebrum is the largest brain part,Human Body,The source directly describes the cerebrum as the largest brain part.,high,https://www.ncbi.nlm.nih.gov/books/NBK551718/,Brain anatomy,"Physiology, Brain - StatPearls - NCBI Bookshelf",www.ncbi.nlm.nih.gov,verified
FACT-2026-09-23-S02,23,2026-09-23,Each cell turns on only a fraction of its genes and silences the rest.,2,September,Cells express only some genes,Psychology,The gene-expression section directly states that each cell turns on only a fraction of its genes while silencing the rest.,high,https://www.ninds.nih.gov/health-information/public-education/brain-basics/brain-basics-genes-and-brain,Gene expression,Brain Basics: Genes and the Brain | National Institute of Neurological Disorders and Stroke,www.ninds.nih.gov,verified
FACT-2026-09-23-S03,23,2026-09-23,The association of dogs with funerary deities arose because dogs were observed roaming near cemeteries.,3,September,Dogs’ cemetery behavior influenced religious associations,Animals,The passage explains that these beliefs developed because dogs were seen near cemeteries.,high,https://www.si.edu/stories/eons-viral-kitten-videos-ancient-egyptians-adored-cats,Ancient Egyptian dogs,"Eons before Viral Kitten Videos, Ancient Egyptians Adored Cats | Smithsonian Institution",www.si.edu,verified
FACT-2026-09-23-S04,23,2026-09-23,The features shown on a geographic representation are selected to fit a particular purpose.,4,September,Representation selection,Geography,The passage states that no single representation shows everything and that features are selected for purpose.,high,https://education.nationalgeographic.org/resource/geography-standard-1/,Map geography,Geography Standard 1,education.nationalgeographic.org,verified
FACT-2026-09-23-S05,23,2026-09-23,Earth's Moon probably formed after a Mars-sized body collided with Earth and debris accumulated in orbit.,5,September,Earth's Moon likely formed after a major collision,Technology,The source describes the proposed large-impact origin of Earth's Moon.,high,https://science.nasa.gov/solar-system/moons/facts/,Moon formation,Moons: Facts,science.nasa.gov,verified
FACT-2026-09-23-S06,23,2026-09-23,The cloud from which the solar system formed may have collapsed because of a nearby supernova shockwave.,6,September,The solar system may have formed after a nearby supernova,Mystery & Unexplained,NASA says the collapse of the interstellar cloud possibly resulted from a nearby exploding star's shockwave.,medium,https://solarsystem.nasa.gov/solar-system/our-solar-system/in-depth.amp,Unexplained Planetary Origins,In Depth | Our Solar System – NASA Solar System Exploration,solarsystem.nasa.gov,verified
FACT-2026-09-23-S07,23,2026-09-23,"In the Maya creation story, the Hero Twins became the Sun and the Moon after defeating their opponents in a ball game.",7,September,Hero Twins and celestial bodies,Ancient Civilizations,"“The Twins rose into the heavens, and became the Sun and the Moon” after defeating their opponents.",high,https://maya.nmai.si.edu/the-maya/creation-story-maya,Maya creation,Creation Story of the Maya | Living Maya Time,maya.nmai.si.edu,verified
FACT-2026-09-23-S08,23,2026-09-23,Vomiting is among the symptoms of foodborne illness listed by the FDA.,8,September,Foodborne illness symptoms include vomiting,Food,The symptoms passage lists vomiting among possible symptoms.,high,https://www.fda.gov/food/buy-store-serve-safe-food/safe-food-handling,Food safety,Safe Food Handling | FDA,www.fda.gov,verified
FACT-2026-09-23-S09,23,2026-09-23,William Henry Fox Talbot announced a cameraless photographic process called photogenic drawing in 1839.,9,September,Photogenic drawing,Inventions,"Talbot announces a cameraless photographic process called photogenic drawing, which creates images of objects placed directly on light-sensitive paper.",high,https://www.loc.gov/collections/daguerreotypes/articles-and-essays/timeline-of-the-daguerreotype-era/,Photography,"Collection 
            
             Daguerreotypes",www.loc.gov,verified
FACT-2026-09-23-S10,23,2026-09-23,New Orleans is described as an enclave for French cultural heritage.,10,September,New Orleans is associated with French cultural heritage,Country Facts,The passage characterizes New Orleans as an enclave for French cultural heritage.,high,https://education.nationalgeographic.org/resource/geography-standard-4/,Cultural geography,Geography Standard 4,education.nationalgeographic.org,verified
FACT-2026-09-23-S11,23,2026-09-23,The Maya worldview plate places the “world” tree at the top of the four-sided temple.,11,September,World tree,Mythology & Legends,The passage identifies the world tree at the top of the depicted temple.,high,https://www.loc.gov/exhibits/exploring-the-early-americas/language-and-context.html,Maya cosmology,Language and Context - Exploring the Early Americas | Exhibitions - Library of Congress,www.loc.gov,verified
FACT-2026-09-23-S12,23,2026-09-23,Surface ocean currents carry heat from place to place.,12,September,Current transport of heat,Ocean & Marine,The transcript explicitly states that surface currents carry heat from place to place.,high,https://oceantoday.noaa.gov/adoptadrifter/welcome.html,Ocean observation,Adopt a Drifter | Ocean Today,oceantoday.noaa.gov,verified
FACT-2026-09-23-S13,23,2026-09-23,"Doctor visits, home repairs, and car repairs can create additional bills beyond regular expenses.",13,September,Unexpected expenses create additional bills,Money & Economics,The PDF lists doctor visits and home or car repairs as sources of additional bills.,high,https://files.consumerfinance.gov/f/documents/cfpb_adult-fin-ed_managing-cash-flow-and-bill-payments.pdf,Bill payments,Managing cash flow and bill payments,files.consumerfinance.gov,verified
FACT-2026-09-23-S14,23,2026-09-23,Humans inherit one chromosome of each pair from their mother and the other from their father.,14,September,Chromosome inheritance,Everyday Life,The DNA section states that one chromosome in each pair comes from the mother and the other from the father.,high,https://www.ninds.nih.gov/health-information/public-education/brain-basics/brain-basics-genes-and-brain,Genetics,Brain Basics: Genes and the Brain | National Institute of Neurological Disorders and Stroke,www.ninds.nih.gov,verified
FACT-2026-09-24-S01,24,2026-09-24,"The cerebellum modulates motor coordination, posture, and balance.",1,September,The cerebellum coordinates movement and balance,Human Body,The brain anatomy section identifies these as the cerebellum’s primary functions.,high,https://www.ncbi.nlm.nih.gov/books/NBK551718/,Brain anatomy,"Physiology, Brain - StatPearls - NCBI Bookshelf",www.ncbi.nlm.nih.gov,verified
FACT-2026-09-24-S02,24,2026-09-24,"A cell’s environment, including surrounding cells, hormones, and other signals, helps determine which proteins it makes.",2,September,Cell environment affects gene expression,Psychology,"The gene-regulation section states that a cell’s exposure to surrounding cells, hormones, and other signals helps determine protein production.",high,https://www.ninds.nih.gov/health-information/public-education/brain-basics/brain-basics-genes-and-brain,Gene expression,Brain Basics: Genes and the Brain | National Institute of Neurological Disorders and Stroke,www.ninds.nih.gov,verified
FACT-2026-09-24-S03,24,2026-09-24,The Anubis statue described in the exhibition had been placed in a tomb to protect the deceased in the afterlife.,3,September,Anubis statues could be placed in tombs,Animals,The text explicitly describes the statue’s placement and protective purpose.,high,https://www.si.edu/stories/eons-viral-kitten-videos-ancient-egyptians-adored-cats,Ancient Egyptian dogs,"Eons before Viral Kitten Videos, Ancient Egyptians Adored Cats | Smithsonian Institution",www.si.edu,verified
FACT-2026-09-24-S04,24,2026-09-24,"GIS, remote sensing, GPS, digital globes, and geospatial visualizations can analyze and represent geospatial data.",4,September,Geospatial technologies,Geography,The passage lists these technologies and their analytical and representational functions.,high,https://education.nationalgeographic.org/resource/geography-standard-1/,Geospatial technology,Geography Standard 1,education.nationalgeographic.org,verified
FACT-2026-09-24-S05,24,2026-09-24,Twelve American astronauts landed on the Moon during NASA's Apollo program from 1969 to 1972.,5,September,Twelve American astronauts landed on the Moon,Technology,The source states the number of Apollo astronauts who landed on the Moon and the program years.,high,https://science.nasa.gov/solar-system/moons/facts/,Space exploration,Moons: Facts,science.nasa.gov,verified
FACT-2026-09-24-S06,24,2026-09-24,"Some small, irregular moons formed from smaller leftover pieces of early solar-system material.",6,September,Some small moons are leftover formation material,Mystery & Unexplained,"NASA identifies smaller leftover pieces as the source of small, irregular moons.",high,https://science.nasa.gov/solar-system/solar-system-facts/,Unexplained Planetary Origins,Solar System: Facts - NASA Science,science.nasa.gov,verified
FACT-2026-09-24-S07,24,2026-09-24,Maize is described as sacred to the K’iche’ Maya because it connects them with their ancestors and feeds both spirit and body.,7,September,Sacred maize,Ancient Civilizations,“Maize is sacred to us because it connects us with our ancestors. It feeds our spirit as well as our bodies.”,high,https://maya.nmai.si.edu/the-maya/creation-story-maya,Maya cultural practice,Creation Story of the Maya | Living Maya Time,maya.nmai.si.edu,verified
FACT-2026-09-24-S08,24,2026-09-24,Foodborne illness can occur as early as 20 minutes after consuming contaminated food.,8,September,Some foodborne illnesses begin within minutes,Food,The source states that sickness can occur within 20 minutes.,high,https://www.fda.gov/food/buy-store-serve-safe-food/safe-food-handling,Food safety,Safe Food Handling | FDA,www.fda.gov,verified
FACT-2026-09-24-S09,24,2026-09-24,"William Henry Fox Talbot patented the calotype, or paper negative process, in 1841.",9,September,Calotype patent,Inventions,"In 1841, William Henry Fox Talbot patents the calotype, or paper negative process.",high,https://www.loc.gov/collections/daguerreotypes/articles-and-essays/timeline-of-the-daguerreotype-era/,Photography,"Collection 
            
             Daguerreotypes",www.loc.gov,verified
FACT-2026-09-24-S10,24,2026-09-24,"New York is described as a center for United States finance, fashion, and art.",10,September,"New York is associated with finance, fashion, and art",Country Facts,"The passage identifies New York as a center for US finance, fashion, and art.",high,https://education.nationalgeographic.org/resource/geography-standard-4/,Economic geography,Geography Standard 4,education.nationalgeographic.org,verified
FACT-2026-09-24-S11,24,2026-09-24,The Maya worldview plate shows deities performing sacrifices and presenting offerings around the sides of the temple.,11,September,Deities on the worldview plate,Mythology & Legends,The Library of Congress description directly reports these depicted actions.,high,https://www.loc.gov/exhibits/exploring-the-early-americas/language-and-context.html,Maya ritual mythology,Language and Context - Exploring the Early Americas | Exhibitions - Library of Congress,www.loc.gov,verified
FACT-2026-09-24-S12,24,2026-09-24,Information about the location and speed of warm and cold currents helps provide more accurate weather forecasts.,12,September,Drifter data and weather forecasts,Ocean & Marine,The transcript says understanding where and how fast currents flow helps provide more accurate weather forecasts.,high,https://oceantoday.noaa.gov/adoptadrifter/welcome.html,Ocean data applications,Adopt a Drifter | Ocean Today,oceantoday.noaa.gov,verified
FACT-2026-09-24-S13,24,2026-09-24,"Consumers pay bills using methods including cash, checks, money orders, telephone payments, online payments, ATMs, cell phones, and automatic payments.",13,September,Consumers use many bill-payment methods,Money & Economics,The PDF enumerates these bill-payment methods.,high,https://files.consumerfinance.gov/f/documents/cfpb_adult-fin-ed_managing-cash-flow-and-bill-payments.pdf,Payment methods,Managing cash flow and bill payments,files.consumerfinance.gov,verified
FACT-2026-09-25-S01,25,2026-09-25,"The brainstem contains the midbrain, pons, and medulla.",1,September,The brainstem contains three structures,Human Body,"The source explicitly lists the midbrain, pons, and medulla as brainstem components.",high,https://www.ncbi.nlm.nih.gov/books/NBK551718/,Brain anatomy,"Physiology, Brain - StatPearls - NCBI Bookshelf",www.ncbi.nlm.nih.gov,verified
FACT-2026-09-25-S02,25,2026-09-25,Most genetic variations are harmless or have no effect.,2,September,Most genetic variations are harmless,Psychology,The genetic-variation section states that most variations are harmless or have no effect at all.,high,https://www.ninds.nih.gov/health-information/public-education/brain-basics/brain-basics-genes-and-brain,Genetic variation,Brain Basics: Genes and the Brain | National Institute of Neurological Disorders and Stroke,www.ninds.nih.gov,verified
FACT-2026-09-25-S03,25,2026-09-25,"Every year, thousands of species undertake migrations.",3,September,Thousands of species migrate annually,Animals,The source opens by stating that thousands of species depart on an epic journey every year.,high,https://sos.noaa.gov/education/phenomenon-based-learning/from-pole-to-shining-pole/,Animal migration,From Pole to Shining Pole: Animal Migrations and Changing Climate - Science On a Sphere,sos.noaa.gov,verified
FACT-2026-09-25-S04,25,2026-09-25,Geospatial data link physical and human attributes to points or places on Earth’s surface.,4,September,Geospatial data definition,Geography,The standard defines geospatial data as linking attributes to Earth-surface points or places.,high,https://education.nationalgeographic.org/resource/geography-standard-1/,Geospatial data,Geography Standard 1,education.nationalgeographic.org,verified
FACT-2026-09-25-S05,25,2026-09-25,More than 300 robotic spacecraft have left Earth's orbit.,5,September,More than 300 robotic spacecraft left Earth's orbit,Technology,The source states that more than 300 robotic spacecraft have left Earth's orbit.,high,https://science.nasa.gov/solar-system/,Space exploration,Solar System Exploration,science.nasa.gov,verified
FACT-2026-09-25-S06,25,2026-09-25,"Sheet lightning, balls of light, streamers, and steady glows have been reported in association with earthquakes.",6,September,Earthquake lights are reported near earthquakes,Mystery & Unexplained,USGS lists these reported luminous phenomena as earthquake lights.,high,https://www.usgs.gov/faqs/how-does-earthquake-affect-groundwater-levels-and-water-quality-wells,Unexplained Earth Phenomena,How does an earthquake affect groundwater levels and water quality in wells? | U.S. Geological Survey,www.usgs.gov,verified
FACT-2026-09-25-S07,25,2026-09-25,"Feline representations appear in Egypt during the Naqada III Period, circa 3300–3100 B.C.",7,September,Early Egyptian feline representations,Ancient Civilizations,"“Feline representations appear during the Naqada III Period, circa 3300–3100 B.C.”",high,https://www.si.edu/stories/eons-viral-kitten-videos-ancient-egyptians-adored-cats,Ancient Egypt,"Eons before Viral Kitten Videos, Ancient Egyptians Adored Cats | Smithsonian Institution",www.si.edu,verified
FACT-2026-09-25-S08,25,2026-09-25,Pregnant women are among the groups identified as having higher risk of foodborne illness.,8,September,Pregnant women are at higher risk,Food,The source lists pregnant women among people at higher risk.,high,https://www.fda.gov/food/buy-store-serve-safe-food/safe-food-handling,Food safety,Safe Food Handling | FDA,www.fda.gov,verified
FACT-2026-09-25-S09,25,2026-09-25,The first American daguerreotypes were made in New York City in September 1839.,9,September,First American daguerreotypes,Inventions,"In September, the first American daguerreotypes are made in New York City.",high,https://www.loc.gov/collections/daguerreotypes/articles-and-essays/timeline-of-the-daguerreotype-era/,Photography,"Collection 
            
             Daguerreotypes",www.loc.gov,verified
FACT-2026-09-25-S10,25,2026-09-25,Hong Kong is described as a port and financial center in China.,10,September,Hong Kong is a port and financial center in China,Country Facts,The passage characterizes Hong Kong as a port and financial center in China.,high,https://education.nationalgeographic.org/resource/geography-standard-4/,Cultural geography,Geography Standard 4,education.nationalgeographic.org,verified
FACT-2026-09-25-S11,25,2026-09-25,The center of the Maya worldview plate contains an image of the “Waterlily Jaguar.”,11,September,Waterlily Jaguar,Mythology & Legends,The passage states that the Waterlily Jaguar sits in the center of the plate.,high,https://www.loc.gov/exhibits/exploring-the-early-americas/language-and-context.html,Maya mythology,Language and Context - Exploring the Early Americas | Exhibitions - Library of Congress,www.loc.gov,verified
FACT-2026-09-25-S12,25,2026-09-25,Information about warm and cold current flow helps track oil spills.,12,September,Current tracking and oil spills,Ocean & Marine,The transcript lists tracking oil spills among the uses of current-flow information.,high,https://oceantoday.noaa.gov/adoptadrifter/welcome.html,Ocean data applications,Adopt a Drifter | Ocean Today,oceantoday.noaa.gov,verified
FACT-2026-09-25-S13,25,2026-09-25,"New bill-payment methods have not replaced older methods, so choices and complexity are growing.",13,September,Payment choices and complexity are growing,Money & Economics,The bill-management passage says newer ways are not replacing older ones and that choices and complexity are growing.,high,https://files.consumerfinance.gov/f/documents/cfpb_adult-fin-ed_managing-cash-flow-and-bill-payments.pdf,Bill-payment complexity,Managing cash flow and bill payments,files.consumerfinance.gov,verified
FACT-2026-09-26-S01,26,2026-09-26,The brain and spinal cord comprise the central nervous system.,1,September,The CNS consists of brain and spinal cord,Human Body,The organ-systems section defines the CNS as the brain and spinal cord.,high,https://www.ncbi.nlm.nih.gov/books/NBK551718/,Nervous system,"Physiology, Brain - StatPearls - NCBI Bookshelf",www.ncbi.nlm.nih.gov,verified
FACT-2026-09-26-S02,26,2026-09-26,Some genetic variations have harmful effects that lead to disease.,2,September,Some genetic variations can cause disease,Psychology,The genetic-variation section states that some variations have harmful effects leading to disease.,high,https://www.ninds.nih.gov/health-information/public-education/brain-basics/brain-basics-genes-and-brain,Genetic variation,Brain Basics: Genes and the Brain | National Institute of Neurological Disorders and Stroke,www.ninds.nih.gov,verified
FACT-2026-09-26-S03,26,2026-09-26,Migrating species include animals as small as zooplankton and as large as blue whales.,3,September,Zooplankton and blue whales both migrate,Animals,The passage explicitly gives zooplankton and blue whales as examples spanning migration size.,high,https://sos.noaa.gov/education/phenomenon-based-learning/from-pole-to-shining-pole/,Animal migration,From Pole to Shining Pole: Animal Migrations and Changing Climate - Science On a Sphere,sos.noaa.gov,verified
FACT-2026-09-26-S04,26,2026-09-26,"Globes, graphs, diagrams, aerial photographs, and satellite images help visualize spatial patterns on Earth.",4,September,Geographic representations,Geography,The passage identifies these representations as tools for visualizing spatial patterns.,high,https://education.nationalgeographic.org/resource/geography-standard-1/,Map geography,Geography Standard 1,education.nationalgeographic.org,verified
FACT-2026-09-26-S05,26,2026-09-26,Voyager 1 went interstellar in 2012.,5,September,Voyager 1 entered interstellar space in 2012,Technology,The source states that Voyager 1 went interstellar in 2012.,high,https://science.nasa.gov/solar-system/solar-system-facts/,Space exploration,Solar System: Facts - NASA Science,science.nasa.gov,verified
FACT-2026-09-26-S06,26,2026-09-26,Geophysicists differ over whether individual reports of unusual lighting constitute solid evidence for earthquake lights.,6,September,Scientists disagree about earthquake-light evidence,Mystery & Unexplained,USGS states that some geophysicists doubt that reported events provide solid evidence for earthquake lights.,high,https://www.usgs.gov/faqs/how-does-earthquake-affect-groundwater-levels-and-water-quality-wells,Unexplained Earth Phenomena,How does an earthquake affect groundwater levels and water quality in wells? | U.S. Geological Survey,www.usgs.gov,verified
FACT-2026-09-26-S07,26,2026-09-26,"Egyptians associated cats with gods and kings, and feline motifs appeared on many objects of daily Egyptian life.",7,September,Egyptian reverence for cats,Ancient Civilizations,"“Egyptians associated cats with gods and kings, and feline motifs appear on many of the objects of daily Egyptian life.”",high,https://www.si.edu/stories/eons-viral-kitten-videos-ancient-egyptians-adored-cats,Ancient Egypt,"Eons before Viral Kitten Videos, Ancient Egyptians Adored Cats | Smithsonian Institution",www.si.edu,verified
FACT-2026-09-26-S08,26,2026-09-26,Mathew Brady opened a daguerreotype studio in New York City in 1844.,8,September,Daguerreotype studio,Inventions,"In 1844, Mathew Brady opens a daguerreotype studio in New York City.",high,https://www.loc.gov/collections/daguerreotypes/articles-and-essays/timeline-of-the-daguerreotype-era/,Photography,"Collection 
            
             Daguerreotypes",www.loc.gov,verified
FACT-2026-09-26-S09,26,2026-09-26,The Waterlily Jaguar may function as the day sun whose light illuminates the Earth.,9,September,Waterlily Jaguar as possible sun,Mythology & Legends,The source cautiously says the figure may function as the day sun illuminating Earth.,medium,https://www.loc.gov/exhibits/exploring-the-early-americas/language-and-context.html,Maya mythology,Language and Context - Exploring the Early Americas | Exhibitions - Library of Congress,www.loc.gov,verified
FACT-2026-09-26-S10,26,2026-09-26,"Information about ocean currents helps identify where drifting plants, animals, and migrating species travel.",10,September,Current tracking and marine movement,Ocean & Marine,"The transcript says current-flow information helps researchers learn where drifting plants, animals, and migrating species travel.",high,https://oceantoday.noaa.gov/adoptadrifter/welcome.html,Ocean data applications,Adopt a Drifter | Ocean Today,oceantoday.noaa.gov,verified
FACT-2026-09-26-S11,26,2026-09-26,Consumers may use a shortcut of paying the smallest bills first even when those bills are not the most important.,11,September,Some consumers pay the smallest bills first,Money & Economics,The section on shortcuts directly describes paying smallest bills first despite their lower importance.,high,https://files.consumerfinance.gov/f/documents/cfpb_adult-fin-ed_managing-cash-flow-and-bill-payments.pdf,Bill-payment behavior,Managing cash flow and bill payments,files.consumerfinance.gov,verified
FACT-2026-09-27-S01,27,2026-09-27,"The autonomic nervous system controls unconscious activities such as breathing, digestion, sweating, and trembling.",1,September,The autonomic nervous system controls involuntary activity,Human Body,The source lists these unconscious functions under autonomic nervous system control.,high,https://www.ncbi.nlm.nih.gov/books/NBK551718/,Nervous system,"Physiology, Brain - StatPearls - NCBI Bookshelf",www.ncbi.nlm.nih.gov,verified
FACT-2026-09-27-S02,27,2026-09-27,Most single-nucleotide polymorphisms have no effect on gene expression.,2,September,Most SNPs do not affect gene expression,Psychology,The SNP section states that most SNPs have no effect upon gene expression.,high,https://www.ninds.nih.gov/health-information/public-education/brain-basics/brain-basics-genes-and-brain,Genetic variation,Brain Basics: Genes and the Brain | National Institute of Neurological Disorders and Stroke,www.ninds.nih.gov,verified
FACT-2026-09-27-S03,27,2026-09-27,"Animals migrate to follow changing seasons, find warmer weather, and search for food.",3,September,Animals migrate to follow seasonal changes,Animals,The source lists these three purposes for animals’ epic seasonal journeys.,high,https://sos.noaa.gov/education/phenomenon-based-learning/from-pole-to-shining-pole/,Animal migration,From Pole to Shining Pole: Animal Migrations and Changing Climate - Science On a Sphere,sos.noaa.gov,verified
FACT-2026-09-27-S04,27,2026-09-27,"Nearly 7,000 languages are spoken across the world today.",4,September,Global language count,Geography,The passage attributes this estimate to Ethnologue.com.,high,https://education.nationalgeographic.org/resource/language-diversity-index-map/,Linguistic geography,Language Diversity Index,education.nationalgeographic.org,verified
FACT-2026-09-27-S05,27,2026-09-27,The solar system formed about 4.6 billion years ago from a dense cloud of interstellar gas and dust.,5,September,The solar system formed from gas and dust,Technology,The formation section gives the approximate age and describes the originating gas-and-dust cloud.,high,https://science.nasa.gov/solar-system/solar-system-facts/,Solar-system formation,Solar System: Facts - NASA Science,science.nasa.gov,verified
FACT-2026-09-27-S06,27,2026-09-27,Hydrogeologic responses to earthquakes have occurred both near epicenters and thousands of miles away.,6,September,Earthquake-linked groundwater changes can be distant,Mystery & Unexplained,The USGS-related passage states that earthquake hydrogeologic responses occur close to and thousands of miles from epicenters.,high,https://www.usgs.gov/faqs/how-does-earthquake-affect-groundwater-levels-and-water-quality-wells,Unexplained Earth Phenomena,How does an earthquake affect groundwater levels and water quality in wells? | U.S. Geological Survey,www.usgs.gov,verified
FACT-2026-09-27-S07,27,2026-09-27,Bastet was portrayed with the head of a cat and a female body and was associated with aggressiveness and protection.,7,September,Bastet’s feline form,Ancient Civilizations,"“Bastet, a divinity portrayed with the head of a cat and a female body was associated with aggressiveness and protection.”",high,https://www.si.edu/stories/eons-viral-kitten-videos-ancient-egyptians-adored-cats,Ancient Egypt,"Eons before Viral Kitten Videos, Ancient Egyptians Adored Cats | Smithsonian Institution",www.si.edu,verified
FACT-2026-09-27-S08,27,2026-09-27,Elias Howe patented the sewing machine in 1846.,8,September,Sewing machine patent,Inventions,"In 1846, sewing machine is patented by Elias Howe.",high,https://www.loc.gov/collections/daguerreotypes/articles-and-essays/timeline-of-the-daguerreotype-era/,Mechanical technology,"Collection 
            
             Daguerreotypes",www.loc.gov,verified
FACT-2026-09-27-S09,27,2026-09-27,A Maya vessel depicts a ruler addressing Itzam.,9,September,Itzam and the ruler,Mythology & Legends,The source states that the seated ruler is addressing Itzam.,high,https://www.loc.gov/exhibits/exploring-the-early-americas/language-and-context.html,Maya scribal mythology,Language and Context - Exploring the Early Americas | Exhibitions - Library of Congress,www.loc.gov,verified
FACT-2026-09-27-S10,27,2026-09-27,"Oil spills can harm sea creatures, damage beaches, and make seafood unsafe to eat.",10,September,Oil spill impacts,Ocean & Marine,"The source states that accidental ocean oil spills can harm sea creatures, ruin a day at the beach, and make seafood unsafe.",high,https://www.noaa.gov/ocean-and-coasts-education,Marine pollution,Ocean and Coasts Education | National Oceanic and Atmospheric Administration,www.noaa.gov,verified
FACT-2026-09-27-S11,27,2026-09-27,A partial mortgage payment counts as a missed payment.,11,September,Partial mortgage payments count as missed payments,Money & Economics,The shortcuts section explicitly states that a partial mortgage payment counts as a missed payment.,high,https://files.consumerfinance.gov/f/documents/cfpb_adult-fin-ed_managing-cash-flow-and-bill-payments.pdf,Mortgage payments,Managing cash flow and bill payments,files.consumerfinance.gov,verified
FACT-2026-09-28-S01,28,2026-09-28,Glucose is the brain’s principal source of energy.,1,September,The brain uses glucose as its principal energy source,Human Body,The mechanism section identifies glucose as the brain’s principal energy source.,high,https://www.ncbi.nlm.nih.gov/books/NBK551718/,Brain physiology,"Physiology, Brain - StatPearls - NCBI Bookshelf",www.ncbi.nlm.nih.gov,verified
FACT-2026-09-28-S02,28,2026-09-28,"For most people, a complex interplay between genes and environment influences the risk of common neurological diseases.",2,September,Complex disease risk reflects gene-environment interplay,Psychology,The neurological-disease section states that gene-environment interplay influences risk for common neurological disorders.,high,https://www.ninds.nih.gov/health-information/public-education/brain-basics/brain-basics-genes-and-brain,Genetics and disease,Brain Basics: Genes and the Brain | National Institute of Neurological Disorders and Stroke,www.ninds.nih.gov,verified
FACT-2026-09-28-S03,28,2026-09-28,Animals have been migrating for millions of years.,3,September,Animals have migrated for millions of years,Animals,The passage directly states that animals have migrated for millions of years.,high,https://sos.noaa.gov/education/phenomenon-based-learning/from-pole-to-shining-pole/,Animal migration,From Pole to Shining Pole: Animal Migrations and Changing Climate - Science On a Sphere,sos.noaa.gov,verified
FACT-2026-09-28-S04,28,2026-09-28,Only 359 languages are described as truly global and spoken by millions of people.,4,September,Global languages,Geography,The passage states that 359 languages are truly global and spoken by millions.,high,https://education.nationalgeographic.org/resource/language-diversity-index-map/,Linguistic geography,Language Diversity Index,education.nationalgeographic.org,verified
FACT-2026-09-28-S05,28,2026-09-28,The asteroid belt consists of pieces of the early solar system that did not come together to form a planet.,5,September,The asteroid belt consists of leftover early material,Technology,The formation section describes the asteroid belt as material that never formed a planet.,high,https://science.nasa.gov/solar-system/solar-system-facts/,Solar-system structure,Solar System: Facts - NASA Science,science.nasa.gov,verified
FACT-2026-09-28-S06,28,2026-09-28,Earthquakes have been associated with the formation of new springs.,6,September,Earthquakes can create new springs,Mystery & Unexplained,The USGS passage lists new springs among observed hydrogeologic responses to earthquakes.,high,https://www.usgs.gov/faqs/how-does-earthquake-affect-groundwater-levels-and-water-quality-wells,Unexplained Earth Phenomena,How does an earthquake affect groundwater levels and water quality in wells? | U.S. Geological Survey,www.usgs.gov,verified
FACT-2026-09-28-S07,28,2026-09-28,Cats chased mice out of Egyptian houses and over time became companions and pets.,7,September,Cats as household companions,Ancient Civilizations,"“They chased mice out of the house. Over time, they became companions and pets.”",high,https://www.si.edu/stories/eons-viral-kitten-videos-ancient-egyptians-adored-cats,Ancient Egypt,"Eons before Viral Kitten Videos, Ancient Egyptians Adored Cats | Smithsonian Institution",www.si.edu,verified
FACT-2026-09-28-S08,28,2026-09-28,Samuel F. B. Morse sent the first successful telegraph message between Baltimore and Washington in 1844.,8,September,Successful telegraph message,Inventions,Samuel F. B. Morse sends the first successful telegraph message between Baltimore and Washington.,high,https://www.loc.gov/collections/daguerreotypes/articles-and-essays/timeline-of-the-daguerreotype-era/,Communication,"Collection 
            
             Daguerreotypes",www.loc.gov,verified
FACT-2026-09-28-S09,28,2026-09-28,Billions of pounds of trash and other pollutants enter the ocean each year.,9,September,Ocean pollution quantity,Ocean & Marine,The marine debris passage states that billions of pounds of trash and other pollutants enter the ocean each year.,high,https://www.noaa.gov/ocean-and-coasts-education,Marine pollution,Ocean and Coasts Education | National Oceanic and Atmospheric Administration,www.noaa.gov,verified
FACT-2026-09-28-S10,28,2026-09-28,Automatic payments can be an efficient way to manage bills in the long run.,10,September,Automatic payments can efficiently manage bills,Money & Economics,The need-for-control section directly describes automatic payments as potentially efficient in the long run.,high,https://files.consumerfinance.gov/f/documents/cfpb_adult-fin-ed_managing-cash-flow-and-bill-payments.pdf,Automatic payments,Managing cash flow and bill payments,files.consumerfinance.gov,verified
FACT-2026-09-29-S01,29,2026-09-29,Neurons communicate through neurotransmitters released into the synaptic space.,1,September,Neurons communicate across synapses,Human Body,The source describes neurotransmitter release into the 20- to 50-nanometer synaptic space.,high,https://www.ncbi.nlm.nih.gov/books/NBK551718/,Brain physiology,"Physiology, Brain - StatPearls - NCBI Bookshelf",www.ncbi.nlm.nih.gov,verified
FACT-2026-09-29-S02,29,2026-09-29,"The cerebellum’s primary function is to modulate motor coordination, posture, and balance.",2,September,The cerebellum modulates motor coordination,Psychology,"The introduction identifies motor coordination, posture, and balance as the cerebellum’s primary functions.",high,https://www.ncbi.nlm.nih.gov/books/NBK551718/,Brain anatomy,"Physiology, Brain - StatPearls - NCBI Bookshelf",www.ncbi.nlm.nih.gov,verified
FACT-2026-09-29-S03,29,2026-09-29,Rapidly changing climate and the fracturing and reduction of cold-weather habitat are causing many animals to change their summering grounds.,3,September,Many animals are changing summering grounds,Animals,The source links climate and habitat changes with animals’ altered summering grounds.,high,https://sos.noaa.gov/education/phenomenon-based-learning/from-pole-to-shining-pole/,Animal migration,From Pole to Shining Pole: Animal Migrations and Changing Climate - Science On a Sphere,sos.noaa.gov,verified
FACT-2026-09-29-S04,29,2026-09-29,Ninety-four percent of the world’s population speaks 6 percent of its languages.,4,September,Language distribution imbalance,Geography,The passage gives this population-to-language distribution statistic.,high,https://education.nationalgeographic.org/resource/language-diversity-index-map/,Linguistic geography,Language Diversity Index,education.nationalgeographic.org,verified
FACT-2026-09-29-S05,29,2026-09-29,"During solar-system formation, the Sun eventually amassed more than 99 percent of the available matter.",5,September,The Sun contains more than 99 percent of available matter,Technology,The formation section states that the Sun amassed more than 99 percent of available matter.,high,https://science.nasa.gov/solar-system/solar-system-facts/,Solar-system structure,Solar System: Facts - NASA Science,science.nasa.gov,verified
FACT-2026-09-29-S06,29,2026-09-29,The conditions for earthquake-triggered eruption include enough eruptible magma and significant pressure in the magma storage region.,6,September,Primed eruptions require eruptible magma and pressure,Mystery & Unexplained,USGS lists these two conditions as necessary for a volcano to be poised for eruption.,high,https://www.usgs.gov/faqs/can-earthquakes-trigger-volcanic-eruptions,Unexplained Volcanic Triggers,Can earthquakes trigger volcanic eruptions? | U.S. Geological Survey,www.usgs.gov,verified
FACT-2026-09-29-S07,29,2026-09-29,"During Egypt’s Late Period, from 664–332 B.C., people produced many cat mummies.",7,September,Late Period cat mummies,Ancient Civilizations,"“During the Late Period (664-332 B.C.) of ancient Egypt, people were producing many of them.”",high,https://www.si.edu/stories/eons-viral-kitten-videos-ancient-egyptians-adored-cats,Ancient Egypt,"Eons before Viral Kitten Videos, Ancient Egyptians Adored Cats | Smithsonian Institution",www.si.edu,verified
FACT-2026-09-29-S08,29,2026-09-29,William and Frederick Langenheim acquired the American rights to Talbot’s calotype process in 1849.,8,September,American calotype rights,Inventions,"In 1849, William and Frederick Langenheim acquire the American rights to Talbot's calotype process.",high,https://www.loc.gov/collections/daguerreotypes/articles-and-essays/timeline-of-the-daguerreotype-era/,Photography,"Collection 
            
             Daguerreotypes",www.loc.gov,verified
FACT-2026-09-29-S09,29,2026-09-29,Some marine debris ends up on beaches after being washed in by waves and tides.,9,September,Debris on beaches,Ocean & Marine,"The source states that some debris ends up on beaches, washed in with waves and tides.",high,https://www.noaa.gov/ocean-and-coasts-education,Marine debris,Ocean and Coasts Education | National Oceanic and Atmospheric Administration,www.noaa.gov,verified
FACT-2026-09-29-S10,29,2026-09-29,"Late bill payments can result in late fees, penalties, and higher interest rates.",10,September,Late payments can produce fees and higher interest,Money & Economics,"The opening sentence directly identifies late fees, penalties, and higher interest rates as consequences of paying bills late.",high,https://files.consumerfinance.gov/f/documents/cfpb_adult-fin-ed_managing-cash-flow-and-bill-payments.pdf,Bill-payment consequences,Managing cash flow and bill payments,files.consumerfinance.gov,verified
FACT-2026-09-30-S01,30,2026-09-30,Oligodendrocytes in the central nervous system produce myelin.,1,September,Oligodendrocytes produce myelin,Human Body,The mechanism section states that CNS oligodendrocytes produce myelin.,high,https://www.ncbi.nlm.nih.gov/books/NBK551718/,Brain physiology,"Physiology, Brain - StatPearls - NCBI Bookshelf",www.ncbi.nlm.nih.gov,verified
FACT-2026-09-30-S02,30,2026-09-30,"The hypothalamus controls hunger, thirst, and sleep.",2,September,The hypothalamus controls basic drives,Psychology,"The cerebrum-function section directly states that the hypothalamus controls hunger, thirst, and sleep.",high,https://www.ncbi.nlm.nih.gov/books/NBK551718/,Brain anatomy,"Physiology, Brain - StatPearls - NCBI Bookshelf",www.ncbi.nlm.nih.gov,verified
FACT-2026-09-30-S03,30,2026-09-30,Many animals use magnetic fields to navigate their long journeys.,3,September,Many animals use magnetic fields for navigation,Animals,The dataset description states that many animals use magnetic fields to navigate long journeys.,high,https://sos.noaa.gov/education/phenomenon-based-learning/from-pole-to-shining-pole/,Animal navigation,From Pole to Shining Pole: Animal Migrations and Changing Climate - Science On a Sphere,sos.noaa.gov,verified
FACT-2026-09-30-S04,30,2026-09-30,The Linguistic Diversity Index ranges from 0 to 1.,4,September,Language diversity index scale,Geography,The passage states the index scale explicitly.,high,https://education.nationalgeographic.org/resource/language-diversity-index-map/,Linguistic geography,Language Diversity Index,education.nationalgeographic.org,verified
FACT-2026-09-30-S05,30,2026-09-30,"The four giant planets have rings, and at least one asteroid has rings as well.",5,September,The four giant planets have rings,Technology,The source states that the four giant planets and at least one asteroid have rings.,high,https://science.nasa.gov/solar-system/solar-system-facts/,Planetary rings,Solar System: Facts - NASA Science,science.nasa.gov,verified
FACT-2026-09-30-S06,30,2026-09-30,"Large tectonic earthquakes can cause dissolved gases to come out of magma, potentially increasing pressure and contributing to an eruption.",6,September,Earthquake shaking can release dissolved magma gases,Mystery & Unexplained,"USGS compares the process to shaking a soda bottle and describes gas release, pressure increase, and possible eruption.",high,https://www.usgs.gov/faqs/can-earthquakes-trigger-volcanic-eruptions,Unexplained Volcanic Triggers,Can earthquakes trigger volcanic eruptions? | U.S. Geological Survey,www.usgs.gov,verified
FACT-2026-09-30-S07,30,2026-09-30,"Egyptian animal mummies usually contained real cat bones, but empty mummies were also produced.",7,September,Empty animal mummies,Ancient Civilizations,“Mummies usually contained real cat bones but empty mummies were also produced.”,high,https://www.si.edu/stories/eons-viral-kitten-videos-ancient-egyptians-adored-cats,Ancient Egypt,"Eons before Viral Kitten Videos, Ancient Egyptians Adored Cats | Smithsonian Institution",www.si.edu,verified
FACT-2026-09-30-S08,30,2026-09-30,James Ambrose Cutting patented the ambrotype process in 1854.,8,September,Ambrotype process,Inventions,James Ambrose Cutting patents the ambrotype process.,high,https://www.loc.gov/collections/daguerreotypes/articles-and-essays/timeline-of-the-daguerreotype-era/,Photography,"Collection 
            
             Daguerreotypes",www.loc.gov,verified
FACT-2026-09-30-S09,30,2026-09-30,Some marine debris sinks.,9,September,Debris sinking,Ocean & Marine,The source lists sinking as one destination of marine debris.,high,https://www.noaa.gov/ocean-and-coasts-education,Marine debris,Ocean and Coasts Education | National Oceanic and Atmospheric Administration,www.noaa.gov,verified
FACT-2026-09-30-S10,30,2026-09-30,More than a quarter of consumers admit that they pay bills late.,10,September,More than a quarter of consumers report paying bills late,Money & Economics,The making-a-difference section gives this reported proportion.,high,https://files.consumerfinance.gov/f/documents/cfpb_adult-fin-ed_managing-cash-flow-and-bill-payments.pdf,Financial fragility,Managing cash flow and bill payments,files.consumerfinance.gov,verified